{"type":"FeatureCollection","features":[{"type":"Feature","properties":{"name":"北京市","adcode":"110000","region_code":"110000","population":21893095,"elderly_65plus":2912060,"aging_rate":0.133,"youth_rate":0.1184,"source_year":"2020","source_name":"第七次全国人口普查（省市分年龄性别）","license":"普查数据，来源标注 required"},"geometry":{"type":"Polygon","coordinates":[[[117.38335014519316,40.226472314945454],[117.37086222491178,40.21712997496843],[117.3865934800051,40.20243012535008],[117.37316919010607,40.200509134788774],[117.37717715460201,40.18653485010333],[117.4009936854103,40.18604546512614],[117.34493796021877,40.171714750335525],[117.34798488489457,40.13771869526164],[117.2332282154099,40.11150478052127],[117.20492051976623,40.09478343480771],[117.19792282477863,40.068527775336634],[117.17927172011389,40.083599625022714],[117.17430497039811,40.068626695365765],[117.13268681024817,40.06264671997019],[117.07908386003214,40.07370536031419],[117.01553935515722,40.02838394036661],[116.95587349496589,40.05022945492544],[116.86498580025454,40.03921931052281],[116.8445214150313,40.05388454973223],[116.80925449020265,40.02971960537553],[116.77343652467596,40.03333950971063],[116.75112771986846,39.961268590073416],[116.77756894994718,39.942579400019326],[116.78003711502095,39.88515021491054],[116.79809499988437,39.876908514716206],[116.80625067992503,39.88852696504745],[116.84110257482405,39.85391419988048],[116.89652532028731,39.83000512523637],[116.89835947500978,39.85007193996813],[116.91354230463367,39.84582643034554],[116.93963277483272,39.78488970039939],[116.89571796021573,39.762289835407614],[116.90952787041499,39.73031018986342],[116.87670627507464,39.71753112486158],[116.90065224980151,39.676610905169184],[116.84396778968176,39.666501160200426],[116.84537794463654,39.651382704947935],[116.81792587028269,39.63400827516182],[116.83255725990966,39.62111222544888],[116.78399647026094,39.60935338555038],[116.77896932477461,39.59228170533646],[116.71941419001291,39.62296105980511],[116.69464878990982,39.61986520031877],[116.72077281471365,39.59489673509631],[116.69922779512672,39.58681277958618],[116.66418578534581,39.6038220450514],[116.61476827003969,39.60065500962105],[116.60194289534843,39.623849179895785],[116.56016502999216,39.61873732007132],[116.55773412473013,39.60260221002403],[116.51987218455372,39.595601370107204],[116.50241371042443,39.54957795465896],[116.46714624510321,39.55189106042417],[116.47167603042453,39.534972970026615],[116.4306497347975,39.52501448473072],[116.43767124023566,39.508515900188684],[116.39648289037314,39.52553165965844],[116.41709605044241,39.495270300184245],[116.40573705991744,39.48060153473307],[116.43800795000698,39.480885609883046],[116.44990279977446,39.45810521498373],[116.42863772025464,39.44207842467961],[116.32784179975931,39.45467055030571],[116.29932036044636,39.488225290065145],[116.25293497956568,39.498931120075156],[116.2400446648295,39.55625157984656],[116.19799827989675,39.58757929514843],[116.13045536492325,39.56718456511567],[116.09510566469476,39.57865402026687],[116.02920220032138,39.57037210508861],[116.01021435980488,39.58695286967924],[115.9891571603747,39.57593374464665],[115.97210337037427,39.593152290445914],[115.97216999035288,39.57175221459306],[115.9516174499854,39.55988529507039],[115.90444721456731,39.59971788457278],[115.90696491969538,39.572009945003],[115.88454084518389,39.56761815975034],[115.88161665998098,39.549778855110105],[115.84951707994935,39.553958685445025],[115.8131225896359,39.529776180026715],[115.82264485517601,39.50598617022564],[115.74598221480744,39.51291256965942],[115.73233935008102,39.545178935259685],[115.68625625472248,39.56541953498362],[115.68193499520396,39.59987792522611],[115.66125312962834,39.61448861965414],[115.65096044007237,39.59870203017459],[115.57511725475752,39.58840203002973],[115.53958767483141,39.61771023044281],[115.50887966526443,39.590480244567686],[115.51622060539671,39.63884907032838],[115.47181922517711,39.6510364299873],[115.49261111471128,39.68855759455738],[115.48624514040102,39.737242299992204],[115.43392091461862,39.75040273959479],[115.41832555967687,39.77297884539746],[115.47704185000146,39.79748833531846],[115.50060729459108,39.78236687003505],[115.5459139701536,39.79358550516696],[115.56323007530784,39.81275730470588],[115.50711403978119,39.840656500397245],[115.52245800543267,39.871057205325826],[115.50275954491713,39.88299523514206],[115.51428853968446,39.90102958025096],[115.47458034530678,39.934355929982246],[115.41970131466405,39.94904032025465],[115.44827674477597,40.028602720239405],[115.55778750508932,40.09710943505246],[115.58462287474595,40.09536330507251],[115.59223994002127,40.11813590554766],[115.72982567031852,40.12872180017098],[115.77141372476365,40.176621995508754],[115.8003715304219,40.152079020230644],[115.84584816975735,40.14694449479265],[115.84200198520352,40.1828758297558],[115.86588409457534,40.18619694962956],[115.89250268535068,40.23344721481715],[115.96181469539192,40.2624129201202],[115.91232269014006,40.352810610221525],[115.85321804467708,40.361273430324616],[115.85434647530963,40.37454103044428],[115.76454054540989,40.44130946995614],[115.77574591464236,40.49170294483508],[115.72954182989156,40.50266350511674],[115.74664875543579,40.53495153538512],[115.78436726993357,40.55960644478165],[115.81383013485288,40.55820858535799],[115.82155530043678,40.58605515002523],[115.879936690426,40.59475778964031],[115.90178683019815,40.616094435409934],[115.96073459972206,40.60501525005378],[115.97731206020353,40.57746488519632],[116.02206202484263,40.605816504628024],[116.02486568470363,40.59601674517671],[116.1153246051465,40.62756812007274],[116.10490437463727,40.645658099941386],[116.12847834479987,40.6654939903554],[116.15832919973286,40.66182665037968],[116.17293207995158,40.70750350038628],[116.24150188040755,40.79027902965356],[116.30245828482202,40.75043354027571],[116.31137572480986,40.77060313492677],[116.45542270539363,40.768117024780906],[116.45306272966127,40.7942692649147],[116.32818600537996,40.90291822019975],[116.32809765508273,40.91977434011375],[116.36400374517677,40.94185642043749],[116.39256626462145,40.904145499815],[116.46794782523205,40.89434815504336],[116.44922990993246,40.978055429614415],[116.5101983904434,40.973551089711066],[116.55737288505065,40.9920916254282],[116.59588798484265,40.97424680974251],[116.61697738000214,41.01921078514965],[116.60802166486803,41.04149949460606],[116.62553131491836,41.05896424960048],[116.68377944966198,41.042570560183265],[116.69269657488712,41.01914545030235],[116.67165787541069,40.96962002534394],[116.71452504009858,40.92445326001001],[116.70728705525346,40.908709405414754],[116.77421403984613,40.874530570329625],[116.79879428482843,40.83890069531088],[116.81460484483773,40.846755210384686],[116.8694474502397,40.82006259461309],[116.8905449051233,40.79539045510546],[116.88643355456497,40.778971424591646],[116.91910172466487,40.771499750013504],[116.91776585011394,40.74870875480525],[116.9628005302203,40.706161550015565],[117.02170226524743,40.692198350373644],[117.10241901972199,40.70557136542624],[117.19952291475079,40.69305228003873],[117.2849481498373,40.65866709011419],[117.40256439543055,40.68567035510284],[117.50823920997163,40.65928417522457],[117.49387493967674,40.6347554047382],[117.4553201851785,40.651506589957194],[117.44219115979422,40.64988823025766],[117.44035419469037,40.62666395967403],[117.41443292024314,40.63382323495438],[117.41500912037463,40.56778909998701],[117.38092106015881,40.559218499734015],[117.33985541469565,40.5804214747713],[117.30478051041234,40.575831485234914],[117.24310196028728,40.5468119402189],[117.25695527536573,40.51182911032521],[117.21226875969558,40.51295829009308],[117.201562230013,40.49849683995723],[117.25558526974442,40.43903890482164],[117.22871841032645,40.41595467486843],[117.2175962400745,40.37007141516375],[117.2684369747866,40.33130924462597],[117.2892398198619,40.27691887500612],[117.32534432468094,40.288314459844514],[117.34434302541035,40.228493935147014],[117.38335014519316,40.226472314945454]]]}},{"type":"Feature","properties":{"name":"天津市","adcode":"120000","region_code":"120000","population":13866009,"elderly_65plus":2045692,"aging_rate":0.1475,"youth_rate":0.1347,"source_year":"2020","source_name":"第七次全国人口普查（省市分年龄性别）","license":"普查数据，来源标注 required"},"geometry":{"type":"Polygon","coordinates":[[[117.55803915028662,40.22790371998076],[117.57812130475452,40.170403519906586],[117.64393072522284,40.127025255211436],[117.64318683030808,40.09004702485038],[117.66195899990794,40.098728204842814],[117.6685755649105,40.08097863545572],[117.6904138399268,40.093723164692335],[117.74828165497445,40.07858543516977],[117.76964909982621,40.05792602026969],[117.74169873001244,40.046431599938444],[117.7367646103985,40.01650360475759],[117.7760417902964,40.02226055997693],[117.7901063947943,39.99720838046244],[117.77549955486063,39.965071380539825],[117.74977989042964,39.96384628537783],[117.69916805476203,39.98487783974059],[117.66969264519946,39.96731031022267],[117.62560346462828,39.96767546555037],[117.58553634542602,39.99564692536535],[117.53130157021133,39.99625820984858],[117.5411156252859,39.97573176510895],[117.5043953348769,39.939062940202575],[117.51915622507977,39.92841487005029],[117.49750485976153,39.90362246510472],[117.55530489020862,39.80152590999279],[117.5331336501979,39.75998248980011],[117.59017988509368,39.74477306542468],[117.57220772540632,39.72192968021062],[117.63816741989058,39.70104032035454],[117.662826989574,39.665529860015056],[117.65789847543431,39.63649319460529],[117.61338795529002,39.60511150469222],[117.61499380002397,39.5912063895633],[117.63084458490971,39.60272051493985],[117.6471597599151,39.574278379643545],[117.67105408028169,39.589420489763825],[117.69998043035264,39.575085749607695],[117.67910657480866,39.56419525460734],[117.70982055497473,39.52885143504574],[117.73895009966748,39.546920510173436],[117.73958806523706,39.5908629096956],[117.76135798997927,39.59779357011723],[117.84524299037173,39.58827288018932],[117.86029172028668,39.59899146978057],[117.92394951545782,39.57713004981201],[117.89883216477267,39.53342257479204],[117.89275235024081,39.47114283057721],[117.86454045038158,39.45392797019974],[117.86571149538929,39.410471665035345],[117.8410193900329,39.40716648024892],[117.85971058467578,39.377371654878004],[117.80614080505416,39.37412847025274],[117.79658386974984,39.3598662352386],[117.83401613004048,39.35167877045893],[117.84582092979213,39.36864575519752],[117.85675935506026,39.361374140204475],[117.84087433028617,39.32770777029742],[117.96128686040038,39.31540281528777],[117.98885017009934,39.28770933052124],[118.02064348960539,39.2902768050306],[118.02782210480632,39.26694392512212],[118.05835537520045,39.2548396250487],[118.05846323988669,39.23006826513836],[117.94341121955222,39.21218188458636],[117.95496116042932,39.18109925972311],[117.93477317464237,39.17684910959878],[117.92217484009689,39.20944852472968],[117.8681253450087,39.191524319591736],[117.87963639470388,39.17221779531508],[117.8764832196249,39.16375844029983],[117.87107373996116,39.18247238958918],[117.87434444474036,39.16446201501003],[117.85287319474219,39.18050121505905],[117.86466878993281,39.1610100500738],[117.84690052004305,39.18105971023749],[117.82645264457392,39.17138753490684],[117.83451423034751,39.16420638002046],[117.78587708465977,39.134840954846254],[117.84168844516569,39.10264106533293],[117.81834327961872,39.073131805288654],[117.72432750541009,39.08981497028469],[117.80483974955484,39.058473165304406],[117.82904137995581,38.97372804521319],[117.79365072460132,38.984534434716466],[117.7627766354334,39.05031824968751],[117.78662904469468,38.97362892463519],[117.71413392024431,38.98844064991613],[117.87849863540373,38.94563502043991],[117.87381704542042,38.929114835081634],[117.73670568501939,38.963851569994006],[117.70649338985811,38.9855161949165],[117.72385551512002,38.96192639488726],[117.77005793972216,38.94439283456171],[117.76400152465067,38.92891560467149],[117.77854805964535,38.92489900038862],[117.78469621995464,38.93943440537356],[117.82069498968212,38.929136614862955],[117.81443322521318,38.914752174573266],[117.85684799493913,38.91878474991631],[117.82995835029772,38.87961648960936],[117.84528058473131,38.87319446505256],[117.83761833032179,38.861938710403194],[117.73515718465637,38.89609228982738],[117.68367587993794,38.89776867018804],[117.7509089595809,38.87359631002175],[117.7465891146959,38.856495855099695],[117.69047642464739,38.87072320001573],[117.68466596516225,38.857104545038794],[117.73884938998742,38.84349392010836],[117.72947489475064,38.82764313971916],[117.63848024456775,38.85610506999302],[117.61862839478465,38.84135134019226],[117.58326219019796,38.779357030002984],[117.59734856998057,38.76985490028346],[117.58381604487465,38.76092710999819],[117.60902495463802,38.75784420974253],[117.60883986966428,38.71454384971895],[117.62480045997336,38.71440244481704],[117.62511164968294,38.7448818997799],[117.64217672977236,38.75813692018278],[117.68769711483003,38.757973290335144],[117.68759425037445,38.723696715131325],[117.70664998970528,38.72346868483197],[117.70724211503159,38.7525763103485],[117.7199255047583,38.75230820985604],[117.71957099470569,38.7013596599204],[117.64999300027682,38.70148600027875],[117.64972685041391,38.664782154872626],[117.57868632541363,38.67392282457877],[117.60215427539958,38.6170145699665],[117.53858379000997,38.61774775485503],[117.520544770225,38.599906489692785],[117.5159142248616,38.613529539656554],[117.47255478477553,38.61650768957827],[117.36268576963266,38.563885764816234],[117.3624336303078,38.58156710533768],[117.34414702986157,38.560899705357144],[117.30201912498273,38.55482367517254],[117.28905069963014,38.571348334657955],[117.24700525538833,38.55549352980262],[117.23323772034462,38.57799901544229],[117.25504192544452,38.58602104993156],[117.23162761462277,38.58454410502645],[117.2497786152909,38.6133258099382],[117.21415248504923,38.64301243517582],[117.19399628490066,38.62111810991291],[117.14479248988152,38.61685376488941],[117.09185533025936,38.586008859621245],[117.0467830800751,38.6406660302132],[117.06219152981532,38.67940221034377],[117.03275619494252,38.68778887495665],[117.03927883025392,38.70492493044122],[117.00838865491255,38.68917645962597],[116.8715828652571,38.68009479983522],[116.86193847538038,38.74558362458464],[116.77813645003721,38.73734690483582],[116.73873096476223,38.751773329975265],[116.74627957544214,38.77922240508997],[116.73154836016874,38.783700365179754],[116.73255478517524,38.80626074004118],[116.74527046955654,38.83045991978952],[116.73887756504769,38.85061023027794],[116.71715251018031,38.851509375157605],[116.70242538502362,38.929809055043904],[116.74857170002394,39.00253218011608],[116.75042156500331,39.04935828455723],[116.78134397024814,39.060937535239134],[116.79135114034295,39.059830670349186],[116.7790153295939,39.0546416046264],[116.77897484031666,39.047287074838664],[116.86583036527918,39.05383868990367],[116.86434684543065,39.069169254757355],[116.92026902039902,39.11879769975411],[116.90586031460191,39.14896535976362],[116.85764049481304,39.15340014520058],[116.84995281027409,39.21476732035558],[116.86981548519657,39.21567244482753],[116.86999569494537,39.22976336978377],[116.88679635456822,39.22306509957474],[116.86569367462346,39.268359774583985],[116.88366524975152,39.32227616011676],[116.86488278021625,39.35652713971575],[116.82313850993432,39.3383082753067],[116.8171903453582,39.35684781007842],[116.8307790502131,39.36356324474798],[116.81218795461052,39.372453044972076],[116.83167808537542,39.37308134462842],[116.83223726044127,39.40940341973209],[116.86993842971481,39.43350645475914],[116.78999428460861,39.44571640538783],[116.77951921973624,39.466072964595696],[116.81460136985743,39.47948927031365],[116.80799977496974,39.5091531948641],[116.81904727541155,39.516246485087265],[116.81608350475005,39.53333505007254],[116.79984279990538,39.528041889621534],[116.78150115015796,39.547545930200556],[116.8056550049746,39.57581112478363],[116.79384603956316,39.60281467485743],[116.83255725990966,39.62111222544888],[116.81792587028269,39.63400827516182],[116.84537794463654,39.651382704947935],[116.84396778968176,39.666501160200426],[116.90065224980151,39.676610905169184],[116.91409607027754,39.70573850462836],[116.94499971026846,39.705755984750965],[116.93807137999022,39.68584024982772],[116.97082078495134,39.63514036963238],[117.00949513489263,39.65283520987708],[117.13443868509728,39.61513602540731],[117.16633796542487,39.63516077524963],[117.15229149485663,39.66258477456773],[117.16277689024139,39.71628516003216],[117.14721372473366,39.73495350470051],[117.19956745997035,39.76262356482573],[117.17187430975162,39.794070065281346],[117.15104377994658,39.79536903974946],[117.14992804504334,39.816056544973605],[117.18611566970242,39.831905590570614],[117.25092712508683,39.82882503035091],[117.2418337597203,39.85959941977745],[117.22184121999635,39.8516946901579],[117.1472101553245,39.87926938977057],[117.13978936978367,39.931811475419295],[117.19170452994013,39.991445069734255],[117.17666042973508,40.06028273506024],[117.21636942990528,40.06415750006863],[117.20492051976623,40.09478343480771],[117.2332282154099,40.11150478052127],[117.34798488489457,40.13771869526164],[117.34493796021877,40.171714750335525],[117.40026783988901,40.18468810487218],[117.37717715460201,40.18653485010333],[117.37316919010607,40.200509134788774],[117.3865934800051,40.20243012535008],[117.37086222491178,40.21712997496843],[117.40921154547652,40.24741198557473],[117.55803915028662,40.22790371998076]]]}},{"type":"Feature","properties":{"name":"河北省","adcode":"130000","region_code":"130000","population":74610235,"elderly_65plus":10387937,"aging_rate":0.1392,"youth_rate":0.2022,"source_year":"2020","source_name":"第七次全国人口普查（省市分年龄性别）","license":"普查数据，来源标注 required"},"geometry":{"type":"MultiPolygon","coordinates":[[[[118.2692,38.9839],[118.2656,38.9818],[118.2647,38.9834],[118.2692,38.9839]]],[[[118.2002,39.0092],[118.1936,39.0088],[118.1951,39.0113],[118.2002,39.0092]]],[[[118.7301,39.029],[118.7257,39.0297],[118.7273,39.0314],[118.7301,39.029]]],[[[118.2247,39.0373],[118.2292,39.032],[118.2226,39.0349],[118.2247,39.0373]]],[[[118.7131,39.0479],[118.7098,39.0447],[118.7106,39.0492],[118.7131,39.0479]]],[[[118.8429,39.1072],[118.8366,39.1057],[118.833,39.1057],[118.8429,39.1072]]],[[[118.8652,39.1276],[118.8558,39.108],[118.8449,39.1087],[118.8521,39.1333],[118.8652,39.1276]]],[[[118.8247,39.1251],[118.8111,39.1361],[118.8382,39.1516],[118.8374,39.1391],[118.8247,39.1251]]],[[[117.1877,40.0698],[117.2021,40.0812],[117.2166,40.0645],[117.1767,40.0603],[117.1917,39.9914],[117.1359,39.9177],[117.1524,39.9078],[117.142,39.8955],[117.1682,39.8734],[117.1602,39.8666],[117.2418,39.8596],[117.2509,39.8288],[117.1861,39.8319],[117.1499,39.8161],[117.151,39.7954],[117.1719,39.7941],[117.1996,39.7626],[117.1472,39.735],[117.1628,39.7163],[117.1523,39.6626],[117.1663,39.6352],[117.1344,39.6151],[117.0095,39.6528],[116.9703,39.6353],[116.9381,39.6858],[116.945,39.7058],[116.8866,39.689],[116.8767,39.7175],[116.9095,39.7303],[116.8957,39.7623],[116.9152,39.7795],[116.9386,39.776],[116.9135,39.8458],[116.8984,39.8501],[116.8965,39.83],[116.8411,39.8539],[116.8063,39.8885],[116.7981,39.8769],[116.78,39.8852],[116.7776,39.9426],[116.7511,39.9613],[116.7703,39.992],[116.7694,40.0255],[116.8147,40.0314],[116.8442,40.0539],[116.865,40.0392],[116.9559,40.0502],[117.0155,40.0284],[117.0791,40.0737],[117.1327,40.0626],[117.1743,40.0686],[117.1793,40.0836],[117.1877,40.0698]]],[[[117.7998,42.6137],[117.7874,42.5874],[117.851,42.5392],[117.8697,42.4916],[117.9218,42.4724],[118.0246,42.3825],[118.0032,42.3426],[118.0217,42.3132],[118.0524,42.3066],[118.0538,42.2805],[117.9639,42.2408],[118.0356,42.191],[118.1114,42.1647],[118.0854,42.1076],[118.1571,42.0787],[118.1526,42.0556],[118.1329,42.0655],[118.1382,42.0477],[118.1095,42.0366],[118.1895,42.0305],[118.2185,42.0549],[118.2134,42.0782],[118.2364,42.0903],[118.2898,42.056],[118.2777,42.0264],[118.2304,42.0134],[118.2855,42.0054],[118.3071,41.9862],[118.2969,41.9373],[118.2611,41.9192],[118.3286,41.8754],[118.3395,41.8428],[118.3181,41.8283],[118.3016,41.7769],[118.2738,41.7597],[118.2451,41.77],[118.2211,41.8121],[118.1791,41.8147],[118.1418,41.7965],[118.1287,41.7288],[118.1499,41.7193],[118.1552,41.6776],[118.2134,41.6401],[118.2071,41.6215],[118.2288,41.5778],[118.3139,41.5593],[118.3016,41.5442],[118.3174,41.508],[118.2648,41.4649],[118.3328,41.4467],[118.3542,41.4197],[118.3463,41.3919],[118.3615,41.3828],[118.3425,41.3697],[118.3557,41.3248],[118.3958,41.3087],[118.4128,41.3167],[118.4101,41.3335],[118.5243,41.3567],[118.6651,41.3536],[118.6918,41.331],[118.7404,41.3219],[118.7772,41.358],[118.8419,41.3812],[118.8339,41.3615],[118.8593,41.3129],[118.8922,41.2977],[118.9466,41.3127],[119.042,41.2924],[119.1947,41.2866],[119.2329,41.3108],[119.2362,41.2656],[119.2028,41.2423],[119.2075,41.226],[119.1628,41.213],[119.1918,41.1901],[119.1306,41.1405],[119.0738,41.1335],[119.067,41.0736],[119.0399,41.0766],[119.0253,41.0607],[118.9586,41.0776],[118.9322,41.0514],[118.9458,41.0161],[119.0158,41.0049],[119.0152,40.988],[118.9662,40.9575],[118.8961,40.9594],[118.8797,40.872],[118.85,40.8389],[118.843,40.7995],[118.9038,40.7759],[118.8897,40.7523],[118.9433,40.7464],[118.9544,40.719],[119.0427,40.6797],[119.0483,40.6635],[119.0721,40.6763],[119.0992,40.6623],[119.1563,40.6941],[119.1745,40.6852],[119.1763,40.6617],[119.1381,40.6321],[119.1513,40.6024],[119.2357,40.5999],[119.2146,40.5696],[119.2544,40.5366],[119.3378,40.5299],[119.3757,40.5475],[119.3866,40.5247],[119.4326,40.5421],[119.477,40.5304],[119.4975,40.5526],[119.5273,40.5526],[119.564,40.5331],[119.5416,40.5094],[119.595,40.4492],[119.5821,40.4357],[119.5889,40.3917],[119.573,40.3763],[119.5975,40.3627],[119.5858,40.3421],[119.646,40.2712],[119.6174,40.2253],[119.6641,40.2381],[119.7087,40.1951],[119.7374,40.2059],[119.7568,40.1412],[119.7282,40.1044],[119.7616,40.0831],[119.7529,40.0668],[119.765,40.0475],[119.7893,40.0385],[119.8111,40.0516],[119.8488,40.0318],[119.836,40.005],[119.8657,39.9566],[119.8379,39.957],[119.835,39.9842],[119.8124,39.9814],[119.7814,39.9542],[119.6919,39.9365],[119.6908,39.9251],[119.6703,39.9363],[119.5814,39.9099],[119.5825,39.8994],[119.561,39.9058],[119.5329,39.8878],[119.5135,39.8398],[119.5304,39.8311],[119.5308,39.8097],[119.4542,39.8075],[119.3608,39.7436],[119.2569,39.5112],[119.2565,39.4908],[119.2926,39.4633],[119.3037,39.4236],[119.2582,39.3656],[119.2053,39.3525],[119.2017,39.3651],[119.1939,39.3744],[119.1252,39.2831],[119.0834,39.252],[119.0961,39.2342],[119.0285,39.1978],[119.0319,39.1773],[118.9828,39.1802],[118.9222,39.1266],[118.8906,39.1189],[118.8983,39.1413],[118.9811,39.1896],[118.8708,39.1546],[118.8569,39.1722],[118.8705,39.1799],[118.8598,39.1861],[118.8536,39.1653],[118.7924,39.1364],[118.6992,39.1396],[118.6347,39.1595],[118.5748,39.1434],[118.5356,39.1514],[118.576,39.1106],[118.5355,39.1156],[118.5383,39.0893],[118.5031,39.1028],[118.5056,39.0768],[118.471,39.0843],[118.4806,39.0505],[118.5244,39.044],[118.5678,38.9909],[118.6293,39.0485],[118.616,39.0673],[118.6335,39.0744],[118.6474,39.0451],[118.5959,38.9742],[118.5029,38.918],[118.4815,38.9369],[118.4904,38.9447],[118.4689,38.9714],[118.4613,39.0213],[118.449,39.0164],[118.4543,38.949],[118.4184,38.9597],[118.4184,39.0092],[118.4742,39.0542],[118.4183,39.0265],[118.4039,38.9666],[118.3721,38.9816],[118.3676,39.0376],[118.3457,39.0211],[118.3043,39.0426],[118.257,39.0405],[118.2114,39.0691],[118.1305,39.1873],[118.066,39.2178],[118.0231,39.2021],[118.0308,39.2293],[118.0592,39.2368],[118.0207,39.2902],[117.9889,39.2877],[117.9613,39.3154],[117.8409,39.3277],[117.8568,39.3614],[117.8458,39.3686],[117.834,39.3517],[117.7981,39.3575],[117.7999,39.3723],[117.8597,39.3774],[117.841,39.4072],[117.8657,39.4105],[117.8645,39.4539],[117.8928,39.4711],[117.8988,39.5334],[117.9239,39.5771],[117.8603,39.599],[117.8452,39.5883],[117.7614,39.5978],[117.7431,39.589],[117.7404,39.5912],[117.7396,39.5909],[117.739,39.5469],[117.7098,39.5289],[117.6791,39.5642],[117.7,39.5751],[117.6711,39.5894],[117.6472,39.5743],[117.6308,39.6027],[117.615,39.5912],[117.6134,39.6051],[117.6579,39.6365],[117.6628,39.6655],[117.6382,39.701],[117.5722,39.7219],[117.5902,39.7448],[117.5331,39.76],[117.5553,39.8015],[117.4975,39.9036],[117.5192,39.9284],[117.5044,39.9391],[117.5273,39.9521],[117.5412,39.9763],[117.5289,39.9947],[117.5405,39.9978],[117.5855,39.9956],[117.6256,39.9677],[117.6697,39.9673],[117.6985,39.9849],[117.7755,39.9651],[117.7856,40.0143],[117.7368,40.0165],[117.7417,40.0464],[117.7696,40.0579],[117.7012,40.0929],[117.6715,40.0809],[117.662,40.0987],[117.6432,40.09],[117.6439,40.127],[117.5702,40.1774],[117.558,40.2279],[117.4965,40.2275],[117.433,40.2518],[117.3985,40.2286],[117.3443,40.2285],[117.3253,40.2883],[117.2892,40.2769],[117.2684,40.3313],[117.2176,40.3701],[117.2287,40.416],[117.2556,40.439],[117.2015,40.4983],[117.2123,40.513],[117.257,40.5118],[117.2431,40.5468],[117.3048,40.5758],[117.3399,40.5804],[117.3809,40.5592],[117.415,40.5678],[117.4144,40.6338],[117.4404,40.6267],[117.4422,40.6499],[117.4553,40.6515],[117.4939,40.6348],[117.508,40.6595],[117.4026,40.6857],[117.2849,40.6587],[117.1995,40.6931],[117.1024,40.7056],[117.0217,40.6922],[116.9628,40.7062],[116.9178,40.7487],[116.9191,40.7715],[116.8864,40.779],[116.8905,40.7954],[116.8694,40.8201],[116.8146,40.8468],[116.7988,40.8389],[116.7742,40.8745],[116.7073,40.9087],[116.7145,40.9245],[116.6717,40.9696],[116.6889,41.0315],[116.6414,41.0578],[116.6115,41.0502],[116.617,41.0192],[116.5959,40.9742],[116.5574,40.9921],[116.5102,40.9736],[116.4492,40.9781],[116.4679,40.8943],[116.3926,40.9041],[116.364,40.9419],[116.3373,40.931],[116.3282,40.9029],[116.4311,40.8187],[116.4589,40.7707],[116.3114,40.7706],[116.3025,40.7504],[116.2415,40.7903],[116.1729,40.7075],[116.1583,40.6618],[116.1285,40.6655],[116.1049,40.6457],[116.1153,40.6276],[116.0249,40.596],[116.0221,40.6058],[115.9773,40.5775],[115.9607,40.605],[115.9018,40.6161],[115.8799,40.5948],[115.8216,40.5861],[115.8138,40.5582],[115.7844,40.5596],[115.7466,40.535],[115.7295,40.5027],[115.7757,40.4917],[115.7645,40.4413],[115.8543,40.3745],[115.8532,40.3613],[115.9123,40.3528],[115.9618,40.2624],[115.8925,40.2334],[115.8659,40.1862],[115.842,40.1829],[115.8458,40.1469],[115.8004,40.1521],[115.7714,40.1766],[115.7298,40.1287],[115.5922,40.1181],[115.5846,40.0954],[115.5578,40.0971],[115.4478,40.0281],[115.4197,39.949],[115.4746,39.9344],[115.5143,39.901],[115.5028,39.883],[115.5225,39.8711],[115.5071,39.8407],[115.5632,39.8128],[115.5459,39.7936],[115.5006,39.7824],[115.477,39.7975],[115.4184,39.7732],[115.4339,39.7504],[115.4862,39.7372],[115.4926,39.6886],[115.4718,39.651],[115.5162,39.6388],[115.5081,39.5909],[115.5396,39.6177],[115.5751,39.5884],[115.651,39.5987],[115.6613,39.6145],[115.6819,39.5999],[115.6863,39.5654],[115.7323,39.5452],[115.746,39.5129],[115.8226,39.506],[115.8131,39.5298],[115.8495,39.554],[115.8816,39.5498],[115.8845,39.5676],[115.907,39.572],[115.9044,39.5997],[115.9516,39.5599],[115.9722,39.5718],[115.9721,39.5932],[115.9892,39.5759],[116.0102,39.587],[116.0292,39.5704],[116.0951,39.5787],[116.1305,39.5672],[116.198,39.5876],[116.24,39.5563],[116.2529,39.4989],[116.2993,39.4882],[116.3278,39.4547],[116.4286,39.4421],[116.4499,39.4581],[116.438,39.4809],[116.4057,39.4806],[116.4171,39.4953],[116.3965,39.5255],[116.4377,39.5085],[116.4306,39.525],[116.4717,39.535],[116.4671,39.5519],[116.5024,39.5496],[116.5199,39.5956],[116.5577,39.6026],[116.5602,39.6187],[116.6019,39.6238],[116.6148,39.6007],[116.6642,39.6038],[116.6992,39.5868],[116.7208,39.5949],[116.6948,39.6199],[116.7479,39.6171],[116.7733,39.5919],[116.8064,39.6148],[116.7919,39.5932],[116.8057,39.5758],[116.781,39.5505],[116.7998,39.528],[116.817,39.5317],[116.8146,39.4795],[116.7795,39.4661],[116.79,39.4457],[116.8699,39.4335],[116.8322,39.4094],[116.8317,39.3731],[116.8122,39.3725],[116.8308,39.3636],[116.8172,39.3568],[116.8231,39.3383],[116.8649,39.3565],[116.8796,39.3382],[116.8657,39.2684],[116.8868,39.2231],[116.87,39.2298],[116.8698,39.2157],[116.85,39.2148],[116.8576,39.1534],[116.9059,39.149],[116.9203,39.1188],[116.8643,39.0692],[116.8658,39.0538],[116.779,39.0473],[116.7914,39.0598],[116.7813,39.0609],[116.7504,39.0494],[116.7486,39.0025],[116.7024,38.9298],[116.7172,38.8515],[116.7389,38.8506],[116.7453,38.8305],[116.7326,38.8063],[116.7315,38.7837],[116.7463,38.7792],[116.7387,38.7518],[116.7781,38.7373],[116.8619,38.7456],[116.8716,38.6801],[117.0084,38.6892],[117.0393,38.7049],[117.0328,38.6878],[117.0622,38.6794],[117.0468,38.6407],[117.0919,38.586],[117.2235,38.6421],[117.2265,38.6201],[117.2522,38.6056],[117.2316,38.5845],[117.255,38.586],[117.2332,38.578],[117.247,38.5555],[117.2891,38.5713],[117.302,38.5548],[117.3441,38.5609],[117.3624,38.5816],[117.3627,38.5639],[117.4726,38.6165],[117.5159,38.6135],[117.5202,38.5999],[117.5386,38.6177],[117.5867,38.6129],[117.6292,38.4863],[117.7615,38.3276],[117.7812,38.3498],[117.8488,38.3565],[117.8249,38.3328],[117.8338,38.3247],[118.0038,38.4094],[118.0153,38.3935],[117.8635,38.3281],[117.878,38.3146],[117.9004,38.321],[117.8001,38.2268],[117.7828,38.1801],[117.7602,38.1634],[117.7662,38.1352],[117.7368,38.1228],[117.7027,38.0771],[117.558,38.0626],[117.5062,37.9423],[117.4284,37.8509],[117.3977,37.8428],[117.3358,37.8623],[117.2611,37.8381],[117.087,37.8486],[117.0192,37.8317],[116.7889,37.8462],[116.7414,37.7588],[116.7175,37.766],[116.7189,37.7437],[116.6742,37.7271],[116.6524,37.68],[116.6322,37.6793],[116.6365,37.6675],[116.5969,37.623],[116.4499,37.5126],[116.432,37.4754],[116.3644,37.5253],[116.373,37.5625],[116.3376,37.5651],[116.3296,37.5805],[116.3139,37.5794],[116.329,37.5737],[116.2936,37.5687],[116.2856,37.5223],[116.2707,37.5216],[116.2873,37.4965],[116.2657,37.4786],[116.273,37.4646],[116.2359,37.491],[116.2187,37.479],[116.2379,37.4552],[116.2219,37.4257],[116.2628,37.4294],[116.2568,37.4199],[116.2799,37.4031],[116.2308,37.361],[116.1606,37.3841],[115.9706,37.3369],[115.9656,37.2423],[115.9033,37.2027],[115.9064,37.1761],[115.8741,37.1505],[115.88,37.1234],[115.8595,37.0705],[115.7707,36.9918],[115.791,36.9687],[115.7557,36.937],[115.7593,36.9087],[115.7051,36.8817],[115.6776,36.812],[115.5734,36.7748],[115.473,36.7593],[115.4393,36.693],[115.3804,36.6561],[115.3598,36.6218],[115.3481,36.6283],[115.3253,36.5494],[115.2778,36.4911],[115.2863,36.4595],[115.3118,36.4498],[115.2906,36.4123],[115.3387,36.3965],[115.3382,36.352],[115.362,36.3474],[115.3478,36.3126],[115.4132,36.326],[115.4136,36.2883],[115.4618,36.2677],[115.481,36.1483],[115.4494,36.1759],[115.4429,36.1465],[115.4201,36.1377],[115.4051,36.137],[115.3983,36.1585],[115.3599,36.0981],[115.3148,36.0856],[115.2911,36.1008],[115.2978,36.1302],[115.2679,36.1393],[115.2449,36.1894],[115.1959,36.2127],[115.165,36.1898],[115.1192,36.2104],[115.0955,36.1941],[115.0987,36.1734],[115.0534,36.1792],[115.0389,36.1563],[115.0427,36.1132],[115.0027,36.0712],[114.9121,36.0488],[114.9234,36.0965],[114.9012,36.1173],[114.9069,36.1406],[114.7659,36.1245],[114.7286,36.1558],[114.715,36.1407],[114.6495,36.1404],[114.5765,36.1171],[114.5859,36.1308],[114.5624,36.1525],[114.4736,36.1783],[114.4519,36.207],[114.4051,36.2045],[114.4021,36.2284],[114.357,36.2271],[114.3391,36.2557],[114.2364,36.2513],[114.205,36.2729],[114.197,36.2456],[114.1723,36.2423],[114.1681,36.266],[114.125,36.2816],[114.0561,36.2736],[114.0315,36.3039],[114.0532,36.326],[114.0203,36.3245],[114.0182,36.3549],[114.0039,36.3425],[113.9721,36.3588],[113.9965,36.3345],[113.9872,36.3147],[113.9449,36.359],[113.9517,36.3363],[113.9284,36.336],[113.91,36.3149],[113.8761,36.3541],[113.8456,36.3498],[113.8537,36.33],[113.8085,36.3319],[113.7483,36.3662],[113.7327,36.3593],[113.7395,36.3704],[113.705,36.4225],[113.6533,36.4299],[113.6213,36.4589],[113.5798,36.4574],[113.5773,36.4825],[113.5475,36.4982],[113.5563,36.5308],[113.5383,36.538],[113.5797,36.541],[113.583,36.5626],[113.5303,36.5928],[113.5443,36.6226],[113.4726,36.6397],[113.4725,36.6635],[113.5098,36.698],[113.4557,36.7169],[113.4779,36.7403],[113.5116,36.7292],[113.5383,36.7413],[113.5335,36.7548],[113.5916,36.7521],[113.6662,36.7929],[113.67,36.8518],[113.6921,36.8865],[113.7228,36.8828],[113.7413,36.8493],[113.7912,36.8803],[113.7527,36.9526],[113.7904,36.9956],[113.7606,37.0157],[113.7859,37.0511],[113.7524,37.0751],[113.7676,37.1027],[113.7662,37.1522],[113.8271,37.176],[113.8762,37.2492],[113.8936,37.3156],[113.9182,37.3473],[113.9479,37.3455],[113.9474,37.3792],[113.9691,37.4089],[114.005,37.4177],[114.0227,37.4395],[114.0268,37.4797],[114.122,37.6008],[114.1022,37.6167],[114.1325,37.646],[114.1327,37.6753],[114.0951,37.716],[114.035,37.7268],[114.025,37.7129],[113.9859,37.7134],[113.9937,37.7425],[114.0372,37.7522],[114.0374,37.7864],[114.008,37.8117],[113.9659,37.8176],[113.957,37.8492],[113.9684,37.878],[113.8911,37.985],[113.8583,37.9982],[113.871,38.0557],[113.8053,38.1097],[113.8273,38.1663],[113.746,38.1713],[113.7098,38.206],[113.6785,38.2048],[113.6476,38.2315],[113.579,38.2357],[113.5383,38.2573],[113.5338,38.288],[113.5564,38.3399],[113.517,38.3762],[113.5271,38.4189],[113.5559,38.424],[113.5616,38.4495],[113.5851,38.4599],[113.5485,38.4903],[113.5483,38.5553],[113.6036,38.5939],[113.5946,38.617],[113.615,38.6505],[113.6943,38.6518],[113.7128,38.6676],[113.7065,38.7134],[113.7474,38.6986],[113.7921,38.7626],[113.8242,38.7581],[113.8217,38.7916],[113.8496,38.8183],[113.7662,38.8896],[113.7707,38.9913],[113.8061,38.9926],[113.8811,39.0668],[113.9163,39.0622],[113.9405,39.092],[113.9799,39.0903],[114,39.1194],[114.0393,39.1318],[114.0583,39.0931],[114.0917,39.0844],[114.1157,39.0486],[114.3399,39.0745],[114.3632,39.1068],[114.3533,39.1398],[114.3733,39.1475],[114.3768,39.1726],[114.4371,39.1728],[114.4415,39.1907],[114.4589,39.1868],[114.4673,39.2189],[114.4098,39.2415],[114.4305,39.26],[114.4198,39.2846],[114.4282,39.3152],[114.4727,39.3447],[114.469,39.4068],[114.4916,39.4309],[114.4958,39.4756],[114.5263,39.4849],[114.5629,39.573],[114.5092,39.5639],[114.495,39.6031],[114.4292,39.606],[114.3981,39.6428],[114.4106,39.7756],[114.3838,39.8179],[114.401,39.8323],[114.3887,39.8658],[114.2792,39.8572],[114.2706,39.8733],[114.2194,39.8502],[114.1929,39.8776],[114.2227,39.8966],[114.2096,39.9165],[114.1435,39.8943],[114.0649,39.9219],[114.0425,39.914],[114.0183,39.9884],[113.9033,40.0081],[113.9666,40.0519],[113.9733,40.1112],[114.0136,40.101],[114.0351,40.0563],[114.0842,40.0737],[114.0944,40.1074],[114.0626,40.1857],[114.1037,40.1923],[114.1405,40.1749],[114.2248,40.1933],[114.2225,40.2117],[114.2538,40.2353],[114.2769,40.2235],[114.3516,40.248],[114.3806,40.238],[114.4492,40.2544],[114.4893,40.2771],[114.5258,40.338],[114.5056,40.3567],[114.4709,40.3434],[114.4456,40.3693],[114.391,40.3487],[114.2974,40.3677],[114.2798,40.4236],[114.2919,40.4457],[114.2608,40.4729],[114.2905,40.5362],[114.2669,40.5528],[114.2769,40.5942],[114.2045,40.6225],[114.209,40.6369],[114.1551,40.713],[114.0981,40.7571],[114.0976,40.7959],[114.0733,40.7889],[114.038,40.8295],[114.0683,40.852],[114.0465,40.8629],[114.0354,40.9026],[114.048,40.9281],[113.977,40.9416],[113.9688,40.9937],[113.9569,40.9891],[113.8182,41.0938],[113.8331,41.1077],[113.8775,41.1042],[113.8751,41.1282],[113.9128,41.1715],[113.9913,41.18],[114.0043,41.2218],[113.9849,41.2679],[113.9596,41.2388],[113.9497,41.2846],[113.8955,41.3065],[113.9204,41.3249],[113.9375,41.3926],[113.8645,41.4115],[113.8714,41.4293],[113.9107,41.4502],[113.9253,41.4848],[113.9471,41.4818],[114.0347,41.5298],[114.0997,41.536],[114.2243,41.5116],[114.2202,41.6169],[114.2477,41.6283],[114.2085,41.6825],[114.2126,41.6982],[114.2309,41.6966],[114.2,41.7363],[114.2095,41.7518],[114.1938,41.7875],[114.2759,41.8517],[114.2952,41.8934],[114.3242,41.9122],[114.319,41.9271],[114.3433,41.9283],[114.3459,41.9518],[114.4153,41.94],[114.5041,41.9711],[114.4594,42.0358],[114.4732,42.0622],[114.4958,42.0651],[114.513,42.1191],[114.5923,42.1294],[114.6414,42.103],[114.6837,42.1201],[114.7484,42.1137],[114.7829,42.129],[114.7876,42.1473],[114.8221,42.1456],[114.855,42.1001],[114.8545,42.0529],[114.8827,42.0278],[114.8689,42.0194],[114.8957,42.0134],[114.9092,41.9571],[114.927,41.9416],[114.9098,41.9349],[114.9195,41.8991],[114.9053,41.8833],[114.9138,41.854],[114.9332,41.8448],[114.9161,41.8233],[114.86,41.8027],[114.888,41.7838],[114.8992,41.67],[114.8978,41.6357],[114.8597,41.5985],[114.963,41.6125],[115.0478,41.5958],[115.0922,41.6217],[115.1415,41.6144],[115.145,41.6008],[115.1918,41.6022],[115.1976,41.5693],[115.2331,41.5745],[115.2544,41.5822],[115.2567,41.6135],[115.2754,41.6195],[115.3043,41.5906],[115.3708,41.6003],[115.3388,41.6335],[115.3557,41.6659],[115.3084,41.701],[115.5279,41.7703],[115.7219,41.8727],[115.726,41.8926],[115.7639,41.8858],[115.8236,41.9329],[115.9155,41.9487],[115.9956,41.8271],[116.0101,41.7749],[116.0919,41.7742],[116.1231,41.806],[116.0994,41.8309],[116.1054,41.8518],[116.1316,41.8687],[116.1929,41.8621],[116.2231,41.936],[116.2958,41.9682],[116.3277,42.0074],[116.3751,42.0079],[116.4141,41.9878],[116.3863,41.942],[116.4289,41.938],[116.4905,41.9807],[116.5403,41.9316],[116.582,41.9236],[116.7184,41.9504],[116.7606,41.9939],[116.7831,41.9714],[116.8768,42.0155],[116.8858,42.1034],[116.7769,42.2057],[116.8517,42.1869],[116.9162,42.1922],[116.8787,42.3514],[116.8883,42.3859],[116.9658,42.426],[116.993,42.4252],[117.007,42.453],[117.0714,42.4586],[117.089,42.4819],[117.1558,42.4638],[117.2696,42.4796],[117.3262,42.4587],[117.3844,42.4594],[117.4063,42.4692],[117.4103,42.4928],[117.4064,42.5156],[117.3847,42.5162],[117.3894,42.5341],[117.4266,42.5541],[117.4296,42.5819],[117.4666,42.6002],[117.5232,42.5882],[117.542,42.6044],[117.581,42.6028],[117.6802,42.5811],[117.7998,42.6137]]]]}},{"type":"Feature","properties":{"name":"山西省","adcode":"140000","region_code":"140000","population":34915616,"elderly_65plus":4504674,"aging_rate":0.129,"youth_rate":0.1635,"source_year":"2020","source_name":"第七次全国人口普查（省市分年龄性别）","license":"普查数据，来源标注 required"},"geometry":{"type":"Polygon","coordinates":[[[114.13713984982428,40.73444770509758],[114.20837150504099,40.63795499023064],[114.20448705973013,40.62247568020854],[114.22698527974694,40.60620036495493],[114.25480334040185,40.611088424890966],[114.28101549966561,40.584890220407374],[114.26686943547611,40.55276582538261],[114.29052659472666,40.536154945194596],[114.26075115514175,40.47294149515392],[114.29189790526414,40.445706320190595],[114.27980024488545,40.42362720493162],[114.29741574963725,40.367717689719655],[114.39098550507708,40.34867547978962],[114.44556008013365,40.3693487901146],[114.47087281033203,40.34340600478333],[114.50594270539159,40.356692565309686],[114.52530102971878,40.335402409993264],[114.48671426025498,40.27435926057149],[114.44918634987016,40.254427489836814],[114.38057383971102,40.238008085205024],[114.35163912504561,40.24797751974677],[114.27692819967672,40.223544560333266],[114.25379807012484,40.23528475009118],[114.22250008011463,40.21167759044852],[114.22476871980064,40.193283369931635],[114.1405392152127,40.17492955505497],[114.10367289468843,40.192313874685624],[114.06262309977626,40.18569774495501],[114.0944185102062,40.107380575053526],[114.08418791973679,40.07374376496284],[114.03511309469366,40.05627835526195],[114.01360855539053,40.10103659995917],[113.97329738986275,40.1111612053254],[113.96661158965321,40.051897225176845],[113.9032853403462,40.00814549541832],[114.01834891517035,39.98840102019096],[114.04251408975347,39.913969495296044],[114.06485453990513,39.92192718509159],[114.14354074031303,39.89427430471545],[114.20964572027378,39.9164796200385],[114.22273511523349,39.896622084741466],[114.19294421989991,39.87755347521278],[114.21935387028498,39.85017660036988],[114.27060395031208,39.873316984891005],[114.27922708985841,39.85719095529839],[114.38868207961434,39.865815270258565],[114.40103782023925,39.83225921029435],[114.38379669965798,39.81794682548565],[114.41056297979776,39.775581205508274],[114.39811249019931,39.64277548520056],[114.42920387535867,39.606007585581665],[114.49504723534164,39.6030545249464],[114.50918681991584,39.56389405007042],[114.56293978963959,39.57297582497438],[114.5262966053042,39.4848682000075],[114.49577321036543,39.47561681476424],[114.49160745981646,39.4308608705328],[114.46896092540646,39.40683958477905],[114.47272749477816,39.34474585993354],[114.42824524482228,39.31515623557186],[114.419775800313,39.28460419992393],[114.43051393037365,39.25999517483751],[114.4097524496159,39.24152962998846],[114.46726643000181,39.21890053972817],[114.45891112474862,39.18681679046256],[114.44152022477863,39.190672235335455],[114.43713204490803,39.17277305023612],[114.37682536020225,39.1726382499553],[114.37333711481608,39.14745705549876],[114.35334430979208,39.13980038048322],[114.36320404503067,39.10679570026139],[114.33989972489246,39.07454420045457],[114.11572700539705,39.04857819013142],[114.0916755446907,39.08442302470286],[114.05828402468808,39.093060855574095],[114.03927372989881,39.131837440445565],[113.99999999980025,39.119350030079886],[113.97989361040186,39.09025391498625],[113.9405487502247,39.09198418002592],[113.91633727044871,39.06216335975131],[113.88105035009369,39.066784740123694],[113.8061319897995,38.99264583034085],[113.77067321979337,38.9913472452792],[113.76622965517447,38.88962875975949],[113.849636594853,38.81827491005913],[113.82173869508472,38.791604535421015],[113.82422262977059,38.75805006006226],[113.79211651526498,38.762565725128184],[113.74737841987826,38.69861500547819],[113.70647917507392,38.71339989049261],[113.71281203544709,38.6675580005014],[113.69434874969511,38.65180443053009],[113.61495639981808,38.65050141540803],[113.59459144004302,38.61696636000954],[113.60361991033062,38.59390151494301],[113.54831827027203,38.55525416984409],[113.54847749524026,38.49026559028482],[113.5850586704214,38.45992185021328],[113.56161091471199,38.4494892953947],[113.55594974988117,38.42397617016417],[113.52708588470591,38.41890742024128],[113.51698305012769,38.37616409040049],[113.55642868473603,38.33986142536452],[113.53383162023317,38.28799750498092],[113.53826143961385,38.257293980332975],[113.57898282459769,38.235742339937076],[113.64762131976818,38.23146893514331],[113.67849910964628,38.20481743547634],[113.70977591972303,38.206001870489956],[113.74598488529432,38.17127481048419],[113.82733353041817,38.16626921994862],[113.8053439651519,38.1096728547185],[113.87102153961246,38.0557051952386],[113.85827443471749,37.99817585533151],[113.89108746041802,37.98504651518459],[113.96841712974685,37.87803622988815],[113.95695916973,37.84915774983034],[113.96586220977326,37.81756333517984],[114.0079787948855,37.811658290397816],[114.03744631469567,37.78644395052794],[114.03719471496413,37.75223025052571],[113.99369501031651,37.742522034864066],[113.98591802040039,37.713443159774044],[114.02495778017749,37.71290845975767],[114.03496275502721,37.7267839755001],[114.0950714054211,37.71600679507759],[114.13273327522052,37.67546944555852],[114.1324918549152,37.645963084928496],[114.10216177014968,37.61670411520282],[114.12203732965907,37.60082558533253],[114.0268321148103,37.479692889815055],[114.02265819481988,37.439535805133346],[114.00495809533993,37.41772267516137],[113.96905752978125,37.40893729522003],[113.94742666540833,37.379248329946506],[113.94793224537693,37.345512950562295],[113.91816051459614,37.34729578007625],[113.89358324007458,37.315600210581295],[113.87618119480635,37.24920864546266],[113.82706005467787,37.17595136985989],[113.76615804036135,37.15215564037055],[113.76762943465076,37.10265129012498],[113.7523549551172,37.07505217481804],[113.78591656030108,37.051068085024156],[113.76063823546622,37.0157172201736],[113.7903642348216,36.99559153492146],[113.75272974038523,36.9526271499231],[113.79121716983661,36.880322144851164],[113.741297894882,36.849335070257325],[113.722793570367,36.88280547968918],[113.69210403467355,36.88651078544444],[113.66999828958944,36.85177301990899],[113.6661973247468,36.79293966483374],[113.5916476046533,36.75213953521143],[113.53351104519868,36.75476333515985],[113.53826126514537,36.74129006008826],[113.51157451475217,36.729200454937086],[113.47793449498101,36.740342850042566],[113.45489968457287,36.71419760033905],[113.5098221947386,36.69795096986144],[113.47253357506452,36.66353463011916],[113.47259250044362,36.639708365049046],[113.54425024005661,36.6226413397261],[113.530297100231,36.59275024462812],[113.58304420972252,36.56262022034696],[113.57966070028112,36.54098742512963],[113.53936225476434,36.54128233980816],[113.55632596956787,36.5308405849251],[113.5500423102045,36.492478080299236],[113.57730290000893,36.48251288965821],[113.58049255518733,36.45706137518238],[113.62127921476406,36.45888664999893],[113.65331673977573,36.429928415364145],[113.70503774529573,36.42254746529335],[113.73955258508374,36.37030779556835],[113.71970434517948,36.33783400043882],[113.73411982467019,36.32007762048585],[113.70078547996604,36.29787146969261],[113.70729904471523,36.26301019486465],[113.68545488543464,36.21570860986452],[113.69700013005206,36.200174614766695],[113.67932148479872,36.196820465492124],[113.69329394026317,36.18367810046402],[113.64613647521821,36.171423529972],[113.70681291528388,36.133015575408535],[113.66518368537879,36.121212065284624],[113.68170101988619,36.06099351054212],[113.65289171478082,36.04000248053012],[113.6990305051537,36.02099259493235],[113.69630106004593,35.99143271474804],[113.62593572535354,35.98635277995686],[113.65051515465075,35.93560351978664],[113.62943378504121,35.86427206500383],[113.65477210994493,35.85431053999946],[113.65622892532474,35.835634845172024],[113.577526299699,35.820482700416335],[113.60048836034957,35.79957999012447],[113.57423761027758,35.79009933981274],[113.60063440485396,35.7702940749117],[113.5826666797235,35.75102784026268],[113.60023950984555,35.716863319686524],[113.58676632020956,35.693466380169355],[113.61904683034697,35.673800115383074],[113.61936178012206,35.63314494478345],[113.57029016026274,35.63272053492477],[113.54505468992204,35.65461677034773],[113.5506085251634,35.62118281043843],[113.53706797540679,35.597167759684396],[113.49709621491843,35.57305486538979],[113.5005869253464,35.51484398955853],[113.47662359460332,35.52218501512641],[113.40747579986828,35.5037095453593],[113.39848855000662,35.51483041968817],[113.34215187480925,35.46774047484308],[113.30331299030229,35.482260204644774],[113.28550358991879,35.46706044977998],[113.30100273538801,35.46638208036876],[113.31895530514328,35.45558325955983],[113.29839708465784,35.4616939397236],[113.29652729519853,35.42447737463118],[113.23502252017317,35.45441675522915],[113.18486853025854,35.44881259482543],[113.18194276494671,35.412460309695575],[113.15910168019843,35.415378810283926],[113.17083837968755,35.39681504507831],[113.140259779865,35.36999873025724],[113.12868347985875,35.33413885542387],[112.99048970983233,35.363476684901116],[112.97998203464329,35.28648524519798],[112.93037975542143,35.28467099966696],[112.92046647005157,35.25003904476614],[112.87763012513028,35.23967753459061],[112.81790228006628,35.2570202803617],[112.79783271520773,35.23680092981908],[112.77833068461348,35.244936674587905],[112.75570769535386,35.20506279990832],[112.7213332847034,35.21120191033992],[112.70579890019917,35.18735390955533],[112.70192094979211,35.21729864471672],[112.62294490508339,35.273058500149716],[112.6096098099448,35.25274723979334],[112.6299183948181,35.23112216975238],[112.55931592508989,35.21097031512801],[112.39887781006291,35.242730609729904],[112.35899649978865,35.219993609817266],[112.28129871006752,35.21849797969804],[112.29221572517565,35.25258082474534],[112.2198137246238,35.237703945380815],[112.14410971029497,35.26934027023731],[112.05173954974055,35.279963859944246],[112.07536813033505,35.22370815520725],[112.03411399956144,35.19745882516469],[112.06035621956391,35.151007534769974],[112.04588868011854,35.04559837456537],[112.01405764484446,35.06883520508069],[111.94579999457414,35.08307049460768],[111.81153954531385,35.06968412012611],[111.79512841534415,35.02964218463916],[111.6603036900633,34.987741390053145],[111.67550055540636,34.95097731525095],[111.61622126519927,34.917952275277344],[111.56486838456834,34.84473772016969],[111.53479490516082,34.854146059593006],[111.47277533481389,34.82676752010502],[111.43423188029709,34.839378064745915],[111.3886446252493,34.8160098954404],[111.33533095455999,34.832499445393125],[111.28409381038108,34.807261189852056],[111.25028441499381,34.82227425984928],[111.21994842527965,34.789742450353856],[111.14841446025918,34.81497219021446],[111.11737280041444,34.7611748353504],[111.05202948956935,34.752128750041834],[110.96375997494295,34.70121803998063],[110.94432958973886,34.725505755286406],[110.91604985491693,34.730787919726765],[110.89385494025333,34.661937475034506],[110.82697743995698,34.617941144967915],[110.7919008953101,34.64860625507464],[110.74775299980115,34.65442796507858],[110.70421301002244,34.60654095020476],[110.68786391978415,34.61245045472475],[110.66905854541562,34.59194144514163],[110.60713562970562,34.612911959819144],[110.53266995485461,34.58378391519557],[110.46654406026022,34.619734924627096],[110.40584887472585,34.5920564603374],[110.25838586971219,34.627108650443915],[110.2337410399171,34.662424719625164],[110.25340826967596,34.75983325460106],[110.23347729484135,34.93336925958374],[110.33485866499547,35.05235887965864],[110.37000890458734,35.13939452533714],[110.35362844959332,35.186178744753306],[110.36426435461635,35.252908495430745],[110.40307244543709,35.29276929486713],[110.41628728503025,35.34873345468526],[110.47975964539137,35.43088933037836],[110.5292115498732,35.46496930478963],[110.56734137470477,35.54795450020009],[110.60822651004548,35.58889487459885],[110.60909229457377,35.64453726957936],[110.57238137510046,35.70179727962079],[110.54602794493377,35.8754052501522],[110.50593201505052,35.88003798986142],[110.51113184475889,35.92341984015354],[110.49727251501463,35.94942336479647],[110.51129772021369,35.97221591043598],[110.48666189982686,35.99233238483174],[110.48704751023445,36.033746885410494],[110.4443135648192,36.13433342484774],[110.44695032489761,36.21849146031269],[110.47148620542413,36.25954564481572],[110.45430611013893,36.3348721300448],[110.48631504480352,36.418343650039446],[110.46731123502553,36.451446410323626],[110.49750817516224,36.483776535158995],[110.49641446465586,36.533485265332786],[110.48239390535451,36.55538451528321],[110.4917258698531,36.58201764989468],[110.38666091976569,36.68001164981786],[110.39833588978956,36.69669088027996],[110.4292379101015,36.680015599640285],[110.44703137539773,36.73032608957743],[110.41066012986118,36.72277290494566],[110.42530333478112,36.750134654990404],[110.37679220479646,36.769466264956236],[110.41242691457052,36.79416924041817],[110.41734005030315,36.81837937031173],[110.40076441544545,36.827197900163014],[110.41854434504558,36.85573861464542],[110.36922853496895,36.8803494446712],[110.40331261478542,36.892485310049096],[110.41994467041025,36.95738355540681],[110.3707165451325,37.01311541494448],[110.39116578487312,37.0221856452514],[110.44309270996064,37.00927212530837],[110.41301316012931,37.03490430459004],[110.45367685989925,37.043726920061374],[110.52351226457938,37.105346704886585],[110.53206802961591,37.142738084694884],[110.62744460488466,37.232092035119365],[110.65192898483485,37.278197475033494],[110.68376902502052,37.284257419944026],[110.67237721014021,37.315186185194364],[110.69476179542056,37.34623100975335],[110.63038663533501,37.36363147041607],[110.63719168025193,37.431492054714624],[110.74246835503061,37.45190727040426],[110.76519364037426,37.53704161977498],[110.79053590970454,37.56114623041424],[110.75745271956742,37.63564380511758],[110.79100298519967,37.66036719968656],[110.69649904459527,37.71387058955611],[110.74917026479596,37.73764533516413],[110.75130377504922,37.75347613981205],[110.66874468022286,37.79099191024852],[110.58699194991863,37.92277829488245],[110.5123019949412,37.96091045974998],[110.52213039510173,37.99435539498552],[110.49568047037747,38.038159844801044],[110.49591473477727,38.097161294857926],[110.51578195037678,38.12214705494267],[110.5004140645575,38.18456715994654],[110.51609591989086,38.207095660136645],[110.5618287347084,38.21865806471794],[110.57847928489116,38.303762159995756],[110.65131557975025,38.306888660283505],[110.74059346461678,38.36588521982708],[110.78207074506889,38.45002913503663],[110.83906817465657,38.4387789354995],[110.87199132503969,38.45770014974215],[110.86404633996665,38.508820544832304],[110.90153725044382,38.52046222555134],[110.91510704975059,38.578292074819444],[110.89073047513136,38.58842975542893],[110.87346743537393,38.622697400364814],[110.90985738501035,38.670735920426466],[110.91022995974492,38.704201590431126],[110.9588769503111,38.75416464528223],[110.95041590007378,38.775842195261134],[110.97504406992795,38.789671090148715],[111.0015552501747,38.83897645459973],[110.98913131036176,38.8656510902257],[111.01003775463874,38.885972770127296],[111.00607402959287,38.92718236467442],[110.97534728534902,38.97504484514354],[111.02367416493081,39.015529130165305],[111.0816763953494,39.02563449543567],[111.13074906471763,39.061982284854594],[111.16772412496846,39.134322955240236],[111.15698975497327,39.15336953497609],[111.21274780007099,39.23893982980934],[111.21093517511832,39.2678394951966],[111.24190680475527,39.30029541000522],[111.19172650967073,39.30682136021767],[111.17258491026547,39.326855970226916],[111.18541907493045,39.34814259480498],[111.15291181962482,39.334671999713066],[111.14954712040333,39.36685748478516],[111.10739205959595,39.37345734038399],[111.1682012198105,39.42313895509875],[111.34803363474452,39.42744457001095],[111.36649648522467,39.4789010399511],[111.42442941028912,39.5065802551747],[111.41593364532156,39.53940830494935],[111.43463223958622,39.596190620300945],[111.4225673999656,39.61576936486438],[111.45669282521379,39.6115821403036],[111.43203332028156,39.640304435101655],[111.48627848536387,39.65901916500252],[111.60928309543857,39.63098933469007],[111.63490448015767,39.643856929853484],[111.77524818475598,39.58633394995189],[111.82898823481924,39.62071331047093],[111.87210600009189,39.60185838525632],[111.89404149541872,39.61652726492139],[111.92569945976231,39.60904185050106],[111.93122287543542,39.644938520196604],[111.91797490032144,39.6649474455682],[111.96389538026767,39.71174381482524],[111.96628489962848,39.79511687524365],[112.02587114463768,39.848544034979284],[112.13542323509432,40.02602510047808],[112.16904754011193,40.050509240309225],[112.17748347498241,40.08424626994946],[112.22406471471493,40.13149403052512],[112.22649492030439,40.1689135348318],[112.29287456041266,40.21031030527644],[112.2834396397277,40.22223878519185],[112.30354342468934,40.2551476399517],[112.352903320432,40.255387650119985],[112.40679321463517,40.29389057039356],[112.45659218008507,40.29859301025925],[112.52355114546901,40.26116745981045],[112.61855215036155,40.238010320020294],[112.73975934481803,40.16219462518188],[112.84762955016367,40.203040919702744],[112.88992090502586,40.32630042012835],[113.25097368468789,40.41380384007522],[113.30933064998953,40.31860163975392],[113.36193748502694,40.31185994488061],[113.52933620520173,40.33261336501482],[113.6625854747399,40.420218970429175],[113.67513836474382,40.443861475226925],[113.75079869000763,40.46840038017348],[113.78745817005858,40.518037464957104],[113.86341324542502,40.44831156982315],[113.94903593476067,40.52002909007052],[114.011025135002,40.51812954474275],[114.06875085536774,40.54156740521165],[114.07157089997713,40.578786630498655],[114.03422080984251,40.6092307546956],[114.06113615530933,40.642126865162766],[114.0541794703064,40.718705735481365],[114.08809934021247,40.74030681520742],[114.13713984982428,40.73444770509758]]]}},{"type":"Feature","properties":{"name":"内蒙古自治区","adcode":"150000","region_code":"150000","population":24049155,"elderly_65plus":3138918,"aging_rate":0.1305,"youth_rate":0.1404,"source_year":"2020","source_name":"第七次全国人口普查（省市分年龄性别）","license":"普查数据，来源标注 required"},"geometry":{"type":"Polygon","coordinates":[[[121.498125779681,53.32606635997456],[121.54441675962585,53.29149840982382],[121.56732738984726,53.29569381012129],[121.60779974536206,53.25861990988096],[121.67355248515912,53.237946755138694],[121.67058527459085,53.198832740138926],[121.64580280535529,53.19125677028376],[121.65190526031961,53.17367702977117],[121.71180819529206,53.1449442102072],[121.74468677977109,53.14708355975853],[121.7776186652693,53.11744165510834],[121.76697748482309,53.08843214472773],[121.81343323045928,53.0621972299183],[121.77873063021445,53.016482975309145],[121.70310691545183,52.99635252994534],[121.65545144542796,52.91072023045433],[121.60131679983056,52.8907198504408],[121.59580367509955,52.870048120224624],[121.61470176507441,52.85118228533423],[121.58069861974559,52.81976489053733],[121.50087161043655,52.77328236039267],[121.47144501967193,52.77170691004591],[121.445832409638,52.730698445277085],[121.37351568460122,52.68446878470672],[121.30130364514719,52.67297650476195],[121.18473239468437,52.58987207004003],[121.2246212502705,52.57271735542167],[121.26918315497869,52.5858229552652],[121.31649364506575,52.572047190525495],[121.34570939517255,52.533357310191775],[121.40339645548215,52.52075753043573],[121.41344100499839,52.49792188478722],[121.48988595996911,52.48238550019073],[121.52044628017177,52.45252313483485],[121.5503543050072,52.46055071993982],[121.58142224034418,52.44061596975126],[121.63797457027022,52.44330310985072],[121.67507790981779,52.41841631026455],[121.6545328904806,52.386881275150756],[121.70845188044996,52.34772258003312],[121.71339045980199,52.31361734996079],[121.83309195532956,52.27944157526855],[121.93085209464846,52.287175199875605],[121.94467452520928,52.31538815553898],[122.03797701023086,52.38819322054076],[122.03238187991985,52.409040539789146],[122.08190411498299,52.41891449510791],[122.07879629001684,52.442802844875416],[122.10313381967012,52.449758635053],[122.13042934993462,52.47861584524509],[122.13265590494609,52.507611095076015],[122.15153814976588,52.515121425213636],[122.1998950100467,52.46660246033531],[122.30550133042209,52.47412718502164],[122.33868149985142,52.410297854962096],[122.36152912986552,52.4101980401075],[122.40110536042414,52.37400014519062],[122.43577705546681,52.39041336518471],[122.47453495962077,52.34806434039706],[122.46751180482602,52.29521150031053],[122.5907091998697,52.26557069013529],[122.65390833989807,52.28228322968738],[122.69643652492573,52.25311059487808],[122.75608711462871,52.262768915253275],[122.78369191005368,52.250498295460034],[122.75558219026595,52.22509453498486],[122.76880623531952,52.17681510003689],[122.73030493022839,52.14810791474849],[122.62274758463343,52.127121029711816],[122.6422291547517,52.09820988537797],[122.61868035481461,52.06494312022886],[122.64744983524179,52.05908742484485],[122.66615441539398,51.97587800056931],[122.71654019477421,51.96851318523534],[122.71170582526372,51.94267241000375],[122.72680881487497,51.921422220559066],[122.6932816753091,51.88711936536646],[122.71491076531959,51.87750925494822],[122.72463130978713,51.83195111005574],[122.76584577506253,51.76940290472032],[122.74139006459984,51.74000445014531],[122.76514184961673,51.728846650552555],[122.77244047484805,51.689679609726284],[122.81197452540414,51.65559150004776],[122.8146928701799,51.63357242982386],[122.84767611506072,51.61216579521533],[122.82603150544969,51.578687065255906],[122.88103514525585,51.54815400530316],[122.88025177999566,51.53390847969263],[122.84834642474777,51.52649661003056],[122.87911970980679,51.50412276985003],[122.85225475964955,51.468983039735576],[122.86921415500933,51.44748993980892],[122.90143326033672,51.44484082484422],[122.89486663468756,51.41460591533075],[122.96097522992295,51.38738630493407],[122.94968949547388,51.360320564942185],[122.99532919988269,51.30945855496839],[123.06005567472971,51.318628209824055],[123.12305031971653,51.295426159689555],[123.14088617545667,51.302097614813135],[123.27556544978574,51.24476074511233],[123.33351087003064,51.27240255033746],[123.44387619043391,51.27063277538235],[123.45193807478233,51.28811345557159],[123.52370640043011,51.28315122045251],[123.57505914976002,51.29163601548976],[123.578722354653,51.310894850517],[123.64981867539166,51.317824695253535],[123.65372658491401,51.34615718520598],[123.71141279986091,51.39819217552855],[123.78699712971388,51.35995359478261],[123.83224945474865,51.3637395697254],[123.92074455531701,51.30025056021526],[123.97087273468901,51.321492750190316],[124.06298468459556,51.31772609987968],[124.08458759983796,51.340465359788595],[124.20615352486539,51.34829973004855],[124.29331668991335,51.28847181472253],[124.33032361494293,51.28970350551242],[124.33733425477214,51.27067966513448],[124.39683395981945,51.27178606057828],[124.42225726975721,51.30595118999548],[124.42488030528193,51.35260240507699],[124.47008416045571,51.360800655425976],[124.4890527500844,51.38109955010418],[124.55404714016345,51.37351932016054],[124.62278018016127,51.32369091000754],[124.7426335801756,51.35450744975907],[124.74993898000002,51.37761889499603],[124.78081548025023,51.39431804544148],[124.86654839499249,51.3799141051519],[124.9043699502131,51.43257266020015],[124.93685070969252,51.442428535548515],[124.91223970969486,51.47859002500968],[124.91661740976576,51.49859655009078],[125.05324971030598,51.53306075984625],[125.06958899973256,51.553388424736056],[125.05341369988241,51.59700797483822],[125.0604661950589,51.62330106499223],[125.11439624039429,51.661050314720285],[125.12709782520449,51.63098931520477],[125.2649651647107,51.63641989476241],[125.30829859460448,51.60716266522485],[125.35929283459666,51.61640451495646],[125.37254378017133,51.58398226986594],[125.57051558012995,51.44965272479345],[125.56148443525854,51.43501920017599],[125.6165719098658,51.39780841052976],[125.61718215023609,51.379325805541555],[125.68613915469825,51.33801659489001],[125.70012690493274,51.303782120548476],[125.75676056504813,51.25996667472231],[125.74957874016684,51.22603214047098],[125.8333834104161,51.21892039975671],[125.87084462527935,51.16122454497685],[125.85741589542727,51.14606861497464],[125.86807361980175,51.13792040470298],[125.9070018897255,51.1372223752125],[125.9381340096769,51.107137979833965],[125.96597516492204,51.124035220349185],[125.98693219516474,51.11801259550492],[125.9693569602556,51.090293485456016],[125.98352265484675,51.08439167553547],[125.96818742970618,51.083870625429086],[126.05222387503181,51.041094339931874],[126.03139472478676,51.035438280552285],[126.04418801526481,51.02865030476778],[126.02581736507943,51.008526439743434],[126.03399858496675,50.980100145105666],[126.06553607522972,50.97854487554565],[126.03509740542097,50.92408728969673],[126.01370439464222,50.92640450986028],[126.02027290527042,50.90022597534852],[125.98786686506378,50.90434101492593],[125.98929626461097,50.87024924500673],[125.95367639994595,50.8995915297254],[125.93417627501515,50.869716160172686],[125.94434095507108,50.85745382493411],[125.88688073975436,50.856040304716316],[125.91545009044933,50.83323749511436],[125.8744165498839,50.81892055523946],[125.88314718539436,50.80473382010979],[125.8625151998167,50.7929409004023],[125.8284688402648,50.79183502476661],[125.8329824548764,50.75525393052453],[125.79376261035623,50.77251632007216],[125.75315578461186,50.75161663509971],[125.78627331985786,50.73923564510898],[125.77326415521668,50.72396895999958],[125.81797275014242,50.70239266019314],[125.7798110452436,50.67639285514622],[125.79685495529202,50.66143925012136],[125.78513706962008,50.64312018504853],[125.80741364002756,50.62244051471805],[125.81651244988973,50.5482632902187],[125.7608556351795,50.52935282017654],[125.75039862959318,50.506452444924435],[125.72969689529555,50.52140282048384],[125.67810497486471,50.49375419480032],[125.69271800483216,50.481914430306745],[125.65889256464015,50.47741081975357],[125.62727038522019,50.44312013508625],[125.55715138023209,50.44043700056716],[125.5717693195985,50.40066381038662],[125.52706290013282,50.41917199029518],[125.50540672973682,50.40753041030024],[125.53034215027003,50.37923349033338],[125.51304097476122,50.36828085487758],[125.53935131481137,50.357698185223114],[125.50966923474743,50.34493712554797],[125.52225266033201,50.32676205002866],[125.49510286520513,50.3197464954045],[125.51398167461468,50.31078700041979],[125.45617491004407,50.294463995017395],[125.45957392469688,50.26692594997269],[125.4344764796059,50.257720070424966],[125.45649104512574,50.2275557001355],[125.42834138015064,50.22938646980981],[125.44083302002787,50.21002512555913],[125.41053725968686,50.19443180488395],[125.38094668024519,50.19737930051434],[125.37663189494606,50.17111409024312],[125.32686414496436,50.16343966980497],[125.37029202975339,50.1367422255733],[125.32090844047218,50.13395329480875],[125.31824280046499,50.1171943448432],[125.29629465527421,50.13828306551113],[125.24971618995028,50.10087185475237],[125.28159337483442,50.09028323518322],[125.27042306027613,50.070994865520674],[125.33091323006158,50.055661785263226],[125.24448799022866,50.04394971550704],[125.28566153994814,50.028754514809066],[125.28758836980751,50.005651409884706],[125.23721857048065,49.98915891015565],[125.22451295490896,49.95669403989808],[125.17678623969323,49.955470024821864],[125.21922315972108,49.921908024835545],[125.20618225980354,49.90416938490927],[125.23795844542599,49.86981893039939],[125.21529643997883,49.86322604004977],[125.22859034976489,49.83875940552218],[125.17055615474283,49.826188150462826],[125.21993827003519,49.78973550548926],[125.19603182500873,49.73415588048954],[125.21826444015187,49.72408760056237],[125.21381026533152,49.67080601498566],[125.18420812960153,49.62922376476496],[125.16152243511237,49.665588679973666],[125.13003282475518,49.67218105501172],[125.12011161545877,49.65937537007733],[125.13734307462323,49.61877815538759],[125.16588687018293,49.62846852490253],[125.19695072979243,49.592524784691136],[125.22667524526639,49.59164886030669],[125.22791869469211,49.57296575056898],[125.20871733983347,49.56454425970986],[125.22602396523382,49.55805650550337],[125.22812898496477,49.53640665554275],[125.20256680531384,49.53662280489857],[125.23676683022506,49.49625317534384],[125.22058461009169,49.48626921045576],[125.26380922471606,49.45073306008271],[125.24868458032915,49.43356253538275],[125.24837427015655,49.39393383477869],[125.26853459459596,49.38282681990188],[125.26984723965847,49.359699325363636],[125.2464860347028,49.3561056704404],[125.25721896038681,49.335868925210775],[125.24270120010033,49.325918960092],[125.25654955002176,49.314948710514614],[125.20627121984103,49.27696078970871],[125.22999585522462,49.25432140490898],[125.2055480048366,49.246035215253016],[125.22108697498402,49.22829532526907],[125.21220344033657,49.18739362981222],[125.17931796974858,49.18398732975152],[125.1082351253508,49.12415163978642],[125.02963983021402,49.15151843502781],[125.03036434024216,49.175593435488736],[124.97455540520787,49.16110136973248],[124.89869098510098,49.181220159882514],[124.85521718002894,49.1655287798294],[124.83823620993326,49.12603767010245],[124.80181077484747,49.11326591029359],[124.82286443994201,49.073663235170216],[124.81518029963115,49.042447380242436],[124.75700942024866,48.97775533054414],[124.745217094993,48.92379568042634],[124.7057832495974,48.91055127472163],[124.70024512461282,48.85971359500644],[124.64712246003353,48.83139681980742],[124.64220097499503,48.77532641048549],[124.60661996463966,48.74653978538282],[124.61767675507826,48.70131045511346],[124.59670659023698,48.63215022545262],[124.52024680004979,48.55848754536396],[124.51806707543528,48.544308315076705],[124.54290185463697,48.53067828997115],[124.52659521509713,48.51231274523707],[124.53280794043417,48.475177895243746],[124.55006912489023,48.46576931030546],[124.50062895476253,48.44556779511771],[124.51982823038861,48.417987970268655],[124.508058030254,48.37734649544444],[124.53546134966166,48.3641831204547],[124.53393066486831,48.33330206513824],[124.57655608459572,48.29604481021988],[124.54857329961817,48.270933435529685],[124.57245469043164,48.25224649557936],[124.54563212532241,48.20538848049404],[124.51254099507094,48.18504439038634],[124.52109238490573,48.17014503516532],[124.50517747026413,48.16662936495328],[124.52203296514926,48.15809944013711],[124.519443524699,48.142708215112066],[124.49512847989547,48.11888852498549],[124.47239447472532,48.122986429779985],[124.45918311011246,48.09607223004946],[124.41095916963002,48.08652244525467],[124.43125317469435,48.11015803516523],[124.42311184513562,48.123044880317025],[124.46604449485767,48.132135474872314],[124.45595536504811,48.15351227537127],[124.47140530501088,48.1651379751375],[124.41643244540114,48.18018407003888],[124.40244627977211,48.21340730530295],[124.42158515513086,48.22131775011411],[124.41530288522006,48.244014734692314],[124.39554392011587,48.246394269779785],[124.39518874996088,48.2633273302921],[124.36953814536912,48.273609870099506],[124.31031000500275,48.345541380430404],[124.32066927047049,48.39088687972577],[124.30199603528888,48.41013147039109],[124.32625880519981,48.43035484000393],[124.29727264481676,48.453459085268605],[124.30837963990848,48.47876137973395],[124.29539405009541,48.517399035537096],[124.25223957539617,48.53452656005277],[124.0748451002213,48.43557221548542],[123.74190525002734,48.19666321483555],[123.56876151493202,48.0406367654744],[123.293320774834,47.951860900160455],[123.23745525535583,47.85824297523317],[123.16086636029434,47.78157727986763],[122.84639043527045,47.67417482540793],[122.75598858040871,47.61115749502244],[122.56874065985369,47.53330584478897],[122.50156879976032,47.39975561982607],[122.41174881975235,47.348175635197435],[122.41347065994307,47.32890946529966],[122.50394641029868,47.24101370981492],[122.5470889752761,47.1735169498474],[122.59140022004419,47.152895525008546],[122.62034722484464,47.11548385469621],[122.74560424543961,47.07609889464834],[122.8462651696019,47.07022697999116],[122.83647245004363,47.04280635492938],[122.77205333469374,47.00089480535104],[122.76855171458999,46.97201554468171],[122.79628571021738,46.935384610011795],[122.88924428459609,46.95843574491374],[122.89344898028628,46.91632858019989],[122.87387058016316,46.88920190484407],[122.89407931510834,46.86069718033065],[122.9010057199381,46.805646864811024],[122.92002707998586,46.78147382026066],[122.99194715543695,46.75874137001824],[123.00044769490523,46.7260619053327],[123.14914440519021,46.740084120285985],[123.2176516901734,46.81996987960633],[123.21020216499801,46.84953293529679],[123.22882266033753,46.861780715008024],[123.30222155038427,46.86026478988822],[123.33392668956515,46.82453543456273],[123.36767053516712,46.83550003010237],[123.39977518467708,46.90401745494165],[123.39795358988636,46.933523540379156],[123.38365398983979,46.93630819037077],[123.35437420530536,46.968564399927175],[123.29712118029829,46.962426494587135],[123.29496572478843,46.99805596491092],[123.334765050167,46.9843241554355],[123.4118638302516,46.93246738466212],[123.52085033527487,46.95721856018844],[123.51707604522335,46.92307274011489],[123.47763691001546,46.857850024758875],[123.49639725532916,46.825826250381226],[123.56417497969164,46.827500250236426],[123.56994135530931,46.88816726001107],[123.5998960099929,46.88898557472453],[123.59254044958209,46.86208292498708],[123.61561928000583,46.84053969505095],[123.57404643039854,46.824208559777276],[123.62683280968645,46.81247298983669],[123.62502522003797,46.72655308535667],[123.5979141748993,46.68803509964022],[123.27083344470782,46.65965665523049],[123.27290629478978,46.61533135495813],[123.2219549047951,46.586464920419814],[123.17402632955157,46.61239098465626],[123.0795818997849,46.5894114897485],[123.07133707984246,46.62089486960258],[123.04236906508038,46.6173985402105],[123.0459816552293,46.5781224350024],[122.99668868973129,46.573504099734464],[123.00509809999733,46.43307852985032],[123.17204654041552,46.246139205360066],[123.12186464004117,46.2084507453057],[123.12117568021358,46.17267458476431],[123.09635622006351,46.1699897703117],[123.10566492539601,46.127992000030815],[123.06341451037144,46.12153775995972],[123.03933852515286,46.09803389015195],[122.78711503463126,46.07131862495464],[122.82120327021482,45.8962669754406],[122.79236735506947,45.84710028015388],[122.80315905504642,45.7811803204155],[122.74517999476097,45.73410759488962],[122.75507197519153,45.72025240472476],[122.7360880701084,45.7031229997267],[122.66568772031212,45.69875101484752],[122.65546959984226,45.73131610465458],[122.53616043985244,45.772076665006125],[122.49739368996688,45.80857215458133],[122.48993823016531,45.85625208526557],[122.43989548009245,45.914828250423454],[122.35600387507884,45.91535236991598],[122.36703583973224,45.85400211010932],[122.33168589039155,45.857991570154866],[122.29570445959325,45.81100120544136],[122.25295147013435,45.792878025300695],[122.19498539515996,45.85487811543271],[122.08538671532472,45.87985724481604],[122.0735962597596,45.92040658499593],[122.03349751499843,45.95717762504739],[122.00085186482181,45.96439644983633],[121.99750225982154,45.980537560160315],[121.9820899753721,45.96980319016512],[121.92234890487816,45.98662211501863],[121.912818409642,46.00586554555855],[121.86480982980981,45.997527540563624],[121.83792601007735,46.02243347502491],[121.80703241461435,46.024076665006135],[121.75303395964954,45.9917088001211],[121.80330369500962,45.959677115306704],[121.81122054029572,45.873744060040394],[121.75966015459255,45.83485877051589],[121.7481728649858,45.79293220495737],[121.71701459544727,45.79222628031863],[121.69106250033417,45.76107511992092],[121.65165443490434,45.76862529002517],[121.63896505479352,45.75296992512199],[121.68003289010585,45.710361355092516],[121.75084135044801,45.68876499500857],[121.80541018962856,45.685031035054294],[121.80953115483896,45.70143352973366],[121.85509289971765,45.71708340517506],[121.94334131984613,45.70918989999393],[121.99745155514518,45.62130345519034],[121.9902487400874,45.596987404944855],[121.96072706040559,45.594244784769046],[121.99660540461582,45.50587412968741],[122.15894562534038,45.44188622037285],[122.1740585596549,45.40732643516691],[122.14004479962784,45.36771250502812],[122.1412694046594,45.29342231488795],[122.23321753046469,45.274273215136816],[122.22429474040996,45.20483362996811],[122.18675604985185,45.17859381025619],[122.13723545515222,45.18087843539155],[122.10380554039341,45.13987715530652],[122.11342105034123,45.06643999011351],[122.09286477508931,45.01939619487854],[122.06856972041635,45.00449622002458],[122.0731374103633,44.91211731985845],[122.03898218517975,44.89743899551331],[122.06747642989342,44.87488734047844],[122.09388920002664,44.78026848989896],[122.16326278484973,44.76819523981851],[122.13676644521536,44.75164818001957],[122.10466286499923,44.765708945311644],[122.09288317971505,44.74270233044825],[122.14654205966838,44.74177981488663],[122.15551479986823,44.726219220540656],[122.11144703485286,44.70005796020678],[122.09706814517881,44.67185778480899],[122.12573394996184,44.575432455243686],[122.19991340477986,44.55116425522624],[122.22242647530163,44.47818249052955],[122.28043842469356,44.47579215008773],[122.2859850698552,44.308229425047955],[122.265755854649,44.25362087000718],[122.31370095493514,44.23078397969698],[122.47696418494922,44.23479688057165],[122.66997057518199,44.283835655391215],[122.7548734354607,44.367704635260736],[122.85818133510065,44.40003550473483],[123.03407688504024,44.497011675348574],[123.11852461461933,44.50745697985576],[123.13135160988895,44.48714024532609],[123.11957337970773,44.47487361042886],[123.130773534671,44.45971690970765],[123.11825979035711,44.455788465065666],[123.13593995006875,44.42615211552777],[123.12991238974507,44.40384842516477],[123.10819031972756,44.40028373470665],[123.11715004044208,44.36209494042919],[123.19079064037578,44.342963630167446],[123.27091378474347,44.25048675515967],[123.2938330502551,44.1929785097505],[123.38399525018076,44.1604874251546],[123.34056475016314,44.08549963539991],[123.32208442045965,44.081616389784585],[123.31468471502762,44.04981325507771],[123.39296643005673,43.97603567490654],[123.37503193037935,43.97243836513849],[123.37569763014153,43.95058149484015],[123.41433119492876,43.926007885055924],[123.46084406010539,43.85700962509418],[123.45572385547166,43.82017964977109],[123.49127753542996,43.77803267027156],[123.47438224014832,43.7380181497179],[123.51365923028936,43.70517982518885],[123.53166778014395,43.63150216509291],[123.50387984048234,43.62255724542058],[123.50640631489955,43.59010847032971],[123.45237686030396,43.586199260387616],[123.41737287475837,43.60976025513173],[123.4270766603596,43.57304933475905],[123.4545745398832,43.56601642501806],[123.4467583152441,43.54334834015384],[123.35073332518289,43.56516833015439],[123.2983697001016,43.548246979714406],[123.32365453962541,43.51652103022144],[123.30986501525831,43.48951538472727],[123.36950779524864,43.473938490169246],[123.41346408030313,43.40743951991794],[123.43630708960052,43.417958790066166],[123.43553565474679,43.435027130197966],[123.48050381020278,43.442929300346975],[123.51472462024515,43.39916119033671],[123.53929638012391,43.412978849993976],[123.60138056046458,43.364623059906364],[123.69853870979364,43.368125094597474],[123.70902504496996,43.33167766029584],[123.69669678492869,43.32396991457995],[123.7148746447491,43.31341835966964],[123.68986350489695,43.29192142503376],[123.69961797538929,43.271786310389984],[123.65882654490918,43.26234826995676],[123.67101933467461,43.22213783479327],[123.64043089986615,43.20703572471899],[123.66446238483127,43.18153671974386],[123.64221136955916,43.171534930292864],[123.62547192498937,43.08687815510285],[123.59696706018178,43.06131670480215],[123.60541696512087,43.04621156491186],[123.57533389983962,43.034241504841646],[123.58212767535201,43.01458501478663],[123.52070231495998,43.00463932504488],[123.50874818997704,43.02476707514046],[123.46562669521586,43.04022193529414],[123.25281039958031,42.99084591021062],[123.17800891517936,42.923104784658165],[123.18163166496947,42.886304520237445],[123.16467064003803,42.84969919466215],[123.21593999973129,42.82299202965851],[123.18126201033363,42.823016775403914],[123.05441942022014,42.767020384782995],[122.97642407541082,42.77576290033761],[122.94050693534689,42.75160100018604],[122.92342622504032,42.77002327505414],[122.88191115957238,42.76799814479858],[122.84832810016178,42.70500169037575],[122.72580187006031,42.784682919581144],[122.61983697020003,42.77112013498629],[122.57537510517705,42.78790938491022],[122.55851273497478,42.82379966042606],[122.41421039009754,42.84023566474417],[122.34440154509525,42.82347363010399],[122.36672033507546,42.7734859653051],[122.45198713030186,42.771077640220994],[122.45503902463133,42.75292697499992],[122.39405661991714,42.70960713476154],[122.38933432032263,42.68140790455118],[122.33227379519951,42.66788359475214],[122.19949971484004,42.73035110032305],[122.20429988493186,42.70961960476103],[122.19872424023151,42.681932200310825],[122.19071336542959,42.676745079821615],[122.19188370536881,42.688750860064204],[122.13756438039195,42.6854392649102],[122.05143604543719,42.72011306976242],[122.01863588543779,42.700316549868944],[121.98504346498396,42.70311207985867],[121.98071639044917,42.689423044837724],[121.9556766800348,42.69704021533374],[121.95599792956091,42.68287367537988],[121.93142030969955,42.68607911455956],[121.9360925701161,42.663085475114656],[121.89691512503305,42.63371956970241],[121.91398715508319,42.62706952473883],[121.896451889643,42.62134037475852],[121.91244290491625,42.5866650797297],[121.89201928506202,42.592685985070204],[121.90111761018966,42.570157590100735],[121.88049129034084,42.553044050042956],[121.86456558473401,42.55903649004205],[121.86611126482308,42.528105814631715],[121.82302688508275,42.53612506481994],[121.8111763745901,42.50189287025978],[121.79829702528752,42.498015089824605],[121.79708139009415,42.511772195430524],[121.74598805470498,42.48723132006944],[121.6964876300002,42.43744748031702],[121.65128387015454,42.44097201964303],[121.63273581970236,42.478445065087726],[121.59844819003206,42.49377592042242],[121.60147786481173,42.51438646975981],[121.56350298957136,42.48447470464396],[121.49900648486141,42.48024196539444],[121.47310558455513,42.494066955425694],[121.43457846532397,42.472742294921034],[121.40995362476008,42.483797675222604],[121.37993560024779,42.471632855272105],[121.37927179535711,42.44967519525409],[121.34397230967443,42.45778352508967],[121.30566487503404,42.43809544544848],[121.27904996968039,42.38553585539546],[121.21313222497224,42.369679310351955],[121.14264606456425,42.29873556499439],[121.08148011001913,42.276085319981576],[121.06346835498061,42.25041560029979],[121.0424867696488,42.257617040294235],[121.01642371977891,42.2409765796055],[121.00534587531195,42.258595089891514],[120.94862413469616,42.27498362979071],[120.88230855509585,42.26959079477939],[120.88267761977636,42.24024463488206],[120.8242769051551,42.25052195502428],[120.82123780997699,42.223917315431834],[120.79740421003635,42.233466510271285],[120.78744648017096,42.21689410487909],[120.73246063974682,42.22117627986148],[120.72011757506607,42.19863253526336],[120.64784386460269,42.165345850130905],[120.60818152485751,42.15398192052925],[120.57948268527775,42.16313356556168],[120.55370632039046,42.13920205013454],[120.51048491994311,42.13074483550582],[120.46263816501937,42.10227593998269],[120.49332628967659,42.08906039532104],[120.477556600257,42.08310808037368],[120.48192579543922,42.06343588006189],[120.4448574602037,42.05461402991358],[120.4503064299978,42.01274860476434],[120.41021275471496,41.99562702476743],[120.4156274549432,41.98334873555575],[120.36458879473719,41.991199434806106],[120.30455746985137,41.94997830015848],[120.30080470507312,41.92384263003339],[120.29036916540474,41.934453829780466],[120.27497345006475,41.92341293485913],[120.28462743480839,41.91636550016773],[120.26647424519035,41.923403179912896],[120.25469448526235,41.90194568054875],[120.29078930977892,41.8875035550451],[120.24586760970249,41.881576725085836],[120.18296621541856,41.84440409007675],[120.17949165501591,41.82174375556991],[120.12286210480238,41.77042725521369],[120.13151586536492,41.72564066478492],[120.07877158514066,41.69277008517133],[120.02974078460954,41.70560810972654],[120.01895240043302,41.7343378949779],[120.04601984014357,41.77322501552209],[120.02606656032356,41.7789354497113],[120.04296532968624,41.825326615031315],[120.0201179200061,41.81532944000173],[120.00713854001162,41.83062469027726],[119.98716012503985,41.89713170046764],[119.94990385487904,41.91962912998042],[119.9505810551716,41.97415574509159],[119.89435878542963,42.01824146507158],[119.87175212965712,42.07194501974692],[119.83587325484689,42.09918938038567],[119.82619690486331,42.139790845271364],[119.8560373096742,42.17776931510184],[119.84010807512766,42.20909498984196],[119.73632395029017,42.212588815521485],[119.61169486962262,42.24942409054938],[119.60248384505348,42.275200070526864],[119.56717574026823,42.27859080512161],[119.56515652485382,42.295928914887554],[119.5328395903748,42.29253517026194],[119.56604447497261,42.35750498546673],[119.49592444026075,42.38682651473192],[119.4813813802466,42.34843037995813],[119.42705966037511,42.31511177518831],[119.34233281990373,42.29950665001195],[119.27691180043928,42.262239665328366],[119.23165719022722,42.19875017018427],[119.30141795027828,42.14554312041872],[119.30388671519984,42.11985314980308],[119.34195905536615,42.11681430013988],[119.37727289512804,42.08787786507145],[119.36747459527646,42.019655579741254],[119.31904968509491,41.968963859994176],[119.32867051992866,41.867041525146306],[119.28342723487901,41.78269297010456],[119.31122559498533,41.7619078200899],[119.29403414036335,41.7406836003679],[119.31277132993296,41.72717630484266],[119.29332468498626,41.70775578520136],[119.30659450013616,41.6378803454017],[119.40941366500874,41.58778616040303],[119.41332439030839,41.56637097504051],[119.35512935513566,41.563649840567734],[119.376188534873,41.520139344954885],[119.39832789031993,41.507933124713986],[119.39982082517099,41.479764170180374],[119.36509999476903,41.44892619508789],[119.36874457470242,41.418868995208015],[119.30547842528915,41.39856733961108],[119.3241150796473,41.38545390037723],[119.31388480034332,41.3625175351562],[119.32515253486167,41.335618290251944],[119.31449341473933,41.32908998021844],[119.30815411971696,41.346360960090294],[119.28950868527761,41.32297972003812],[119.24314183043123,41.32293978474331],[119.1946956746657,41.286648890034314],[119.04196499958516,41.2923694002277],[118.94662946038136,41.31267015020734],[118.93111278982349,41.300455130100204],[118.86640066995506,41.302650074841154],[118.83391386523272,41.36147752496788],[118.84192325975073,41.38118838533575],[118.77715306526181,41.35799811991734],[118.740415964725,41.32188036988322],[118.69179655007076,41.3309707548965],[118.66509061983629,41.3535532899524],[118.5242706252892,41.356727310417114],[118.41009029982752,41.33345450522131],[118.41275743001142,41.316744980196745],[118.3959479696232,41.308710230193014],[118.36391616969559,41.315376950385996],[118.34247914519642,41.36974142492687],[118.36145470007443,41.382763959788974],[118.3463291149967,41.39194778526212],[118.35416596019093,41.41972253007077],[118.33275007965256,41.446709055078884],[118.26482782974063,41.464948819732285],[118.31735766482439,41.507972815393146],[118.30158599509764,41.544173929883016],[118.31386276985097,41.559262149928315],[118.22877434525992,41.57782884962177],[118.20712687490538,41.62154915526935],[118.21339352539098,41.640059474665065],[118.15515497472234,41.67760081462592],[118.14988399964693,41.719345289953196],[118.1286820651253,41.72876802032795],[118.14182409020964,41.796484994586876],[118.17911564976748,41.814710534663504],[118.22109930518889,41.81214658459726],[118.2450541247481,41.76995948544197],[118.27379277012028,41.75968098988585],[118.30161181463359,41.776920519566374],[118.31810487014366,41.828265034703634],[118.33949156498375,41.84278924492776],[118.32864787969595,41.87543329970708],[118.261094449849,41.91917987455162],[118.29688980462083,41.93733010000415],[118.30710742956433,41.98618173040256],[118.2854576353617,42.00544257541458],[118.23035477964947,42.013403804941674],[118.27768206007909,42.02644660512675],[118.28980046961601,42.05598620469965],[118.23642219522822,42.09026561996245],[118.21340916460133,42.07821140043586],[118.21845990470092,42.054878159899204],[118.18952490495042,42.03046608993816],[118.10953582971479,42.03659963536495],[118.13818487473225,42.0476734697549],[118.13290154477056,42.065477615399686],[118.1525715246562,42.055607685446375],[118.15714477960796,42.0787019005723],[118.08544721531678,42.10758642047699],[118.11142563988142,42.16466841511533],[118.03555635983821,42.190950074886075],[117.96389573520003,42.24078093479238],[118.05380600983949,42.2804767347136],[118.05236227959563,42.30655553980637],[118.02171829995962,42.31319736046987],[118.00321734520435,42.3425827496942],[118.02455571497433,42.3825165255173],[117.92175986502582,42.472354894862576],[117.86972006512894,42.49158228509441],[117.85097720533383,42.53924817016696],[117.78744243022402,42.587421854734885],[117.7975951897663,42.61514551984993],[117.68023994002124,42.58108767055961],[117.58104834980156,42.60277488015663],[117.54197686464067,42.604361984817785],[117.52315862996682,42.588164080507966],[117.46655516998521,42.600218235283364],[117.42963153476762,42.58192575506962],[117.42661606028298,42.55406279486215],[117.38939113958952,42.534102475149155],[117.3846630204821,42.516187124736064],[117.40641931959601,42.515569790513496],[117.4102765397306,42.492830745542506],[117.40634627036411,42.46923714497831],[117.38442015046962,42.45939854470714],[117.32618657035403,42.45868968018465],[117.26959269984332,42.47964798476676],[117.15584809501365,42.463835885118044],[117.08896636520569,42.48194857556638],[117.07144840002366,42.458612389750044],[117.00698843476846,42.452985999904],[116.9930041649103,42.42521798022568],[116.96578251485118,42.425957519723795],[116.888332279711,42.385885674584244],[116.87870738533763,42.35139774520985],[116.91616151534174,42.19217611973221],[116.85168494500431,42.18694706475526],[116.77685021986179,42.205667490062694],[116.88582870023436,42.10341187006179],[116.87680470497321,42.01547266473176],[116.78312317009829,41.97144706532987],[116.76060886031075,41.9939434902999],[116.71837942017419,41.950369579892254],[116.58204475476168,41.92358334019906],[116.5403317350216,41.93156041488129],[116.4904694599976,41.98069386043335],[116.42889139022554,41.938012414741195],[116.38632067985554,41.94196880041983],[116.41413036962092,41.98775738039882],[116.37506263013631,42.00788844989211],[116.32768142995405,42.0073628546121],[116.29583681491715,41.9681630847586],[116.2231222396997,41.936049200110574],[116.19294126522732,41.86212814479808],[116.13159669992785,41.868700574671834],[116.10536227524892,41.851790884841535],[116.09939230031443,41.83086085044795],[116.12305971543356,41.80599806006245],[116.0919091800647,41.774184299865624],[116.0101358795672,41.77490897536899],[115.99563193016945,41.82713415971375],[115.9154620399413,41.94868286542197],[115.8235636700274,41.93286459012876],[115.76392862960267,41.885785779789956],[115.72602939004435,41.89263819020039],[115.72187511484469,41.87266893482354],[115.52793844520318,41.770314199640666],[115.3083987046366,41.70097868042183],[115.35570673957443,41.66592267988784],[115.3388013745838,41.63347744542784],[115.37081532476748,41.60026020504449],[115.30429466017051,41.59061383486062],[115.27536049499088,41.619479540048815],[115.2567472248046,41.613530014798414],[115.25439611009244,41.582245609946995],[115.23306012532464,41.57448953466434],[115.1975669850284,41.56930642515147],[115.19178499987788,41.602243954794744],[115.14496232994759,41.60082154028191],[115.14150102015606,41.614391934939874],[115.09221771967213,41.62169075532415],[115.04777903467482,41.59575291536481],[114.96304424959249,41.61251615509656],[114.85965907480647,41.59854681488366],[114.89784263502963,41.63571457466793],[114.89919766514015,41.66998304967808],[114.88802793963771,41.78378722020409],[114.86002800998472,41.80266033960305],[114.91608813465973,41.823254600419546],[114.93320607959697,41.844827480104186],[114.91376083039802,41.8539574397841],[114.90533003515304,41.88332525535628],[114.91947879461077,41.89909838018616],[114.90982019994237,41.934907070105226],[114.92696259025138,41.94163288474988],[114.90924546030976,41.9570734897498],[114.89570868500789,42.013432034660696],[114.8689053545985,42.0193858748583],[114.88269873525849,42.02783321043438],[114.85453342477774,42.052914215019086],[114.85499285963283,42.10007220976473],[114.82210530531563,42.145570285340455],[114.78757644959353,42.147272360231284],[114.78287966466485,42.1289597199152],[114.74836546969073,42.11369392513461],[114.68369126523976,42.120101240379995],[114.64142238983152,42.102971730161244],[114.59225394985992,42.12939627511804],[114.51302312541702,42.11906589497511],[114.49581153497445,42.0650923197548],[114.47323039027037,42.062170114858986],[114.45936949030977,42.03582686052124],[114.50410020496054,41.97113536480532],[114.41531317006684,41.93997166516027],[114.34594310519026,41.95184486554814],[114.34325186508158,41.928326434817166],[114.3190161350866,41.92708174522642],[114.32424090479401,41.91215125008017],[114.29524085977789,41.89338562035016],[114.27590810047855,41.8516877397974],[114.193774195223,41.78749018502407],[114.20953015019631,41.75183175473177],[114.19999163480611,41.73631221983311],[114.23088441998004,41.696591854930205],[114.21259636533,41.698162980437246],[114.20850304977603,41.6824758802577],[114.24773582025193,41.62830178499945],[114.22020900504162,41.616903110090504],[114.22434940010476,41.511623259805674],[114.09967766009595,41.53603690987552],[114.0346652152275,41.52981117044919],[113.94711692990245,41.48184013551389],[113.92534390969377,41.4847665852098],[113.91302926988499,41.45278301052758],[113.8770128653515,41.43553317551567],[113.86448290985845,41.41168736008365],[113.93747834514954,41.392609060359916],[113.92039917987836,41.32488372510386],[113.89251953544829,41.31376961547545],[113.9085019900748,41.29291735535173],[113.94970461487617,41.284596340348855],[113.95961868535414,41.238770960111765],[113.98485665041414,41.26789585980612],[114.00434038969729,41.22184548987752],[113.99125621979874,41.179985494834796],[113.91278340513009,41.17147975009044],[113.87507340990999,41.128221710363675],[113.87753100525174,41.104220205198374],[113.83306417507163,41.107749404811216],[113.81809441462565,41.09398620539912],[113.956936170468,40.98907358517789],[113.96880748497756,40.99374325554686],[113.97638883008051,40.941989195445046],[114.05031225510652,40.9246449100346],[114.03535488462035,40.90264662494184],[114.04651144045067,40.8628694147917],[114.0683111651282,40.85203978051152],[114.03801347034539,40.82951003476035],[114.07329233007704,40.788918074809374],[114.0975584247816,40.79594001551936],[114.0981467747539,40.75708372013764],[114.12667970020811,40.74495334512085],[114.0541794703064,40.718705735481365],[114.06113615530933,40.642126865162766],[114.03422080984251,40.6092307546956],[114.07157089997713,40.578786630498655],[114.06875085536774,40.54156740521165],[114.011025135002,40.51812954474275],[113.94903593476067,40.52002909007052],[113.86341324542502,40.44831156982315],[113.78745817005858,40.518037464957104],[113.75079869000763,40.46840038017348],[113.67513836474382,40.443861475226925],[113.6625854747399,40.420218970429175],[113.52933620520173,40.33261336501482],[113.36193748502694,40.31185994488061],[113.30933064998953,40.31860163975392],[113.25097368468789,40.41380384007522],[112.96814713458264,40.35056432498368],[112.88992090502586,40.32630042012835],[112.84608874529943,40.201600640157494],[112.73975934481803,40.16219462518188],[112.61855215036155,40.238010320020294],[112.52355114546901,40.26116745981045],[112.45659218008507,40.29859301025925],[112.40679321463517,40.29389057039356],[112.352903320432,40.255387650119985],[112.30354342468934,40.2551476399517],[112.2834396397277,40.22223878519185],[112.29287456041266,40.21031030527644],[112.22649492030439,40.1689135348318],[112.22406471471493,40.13149403052512],[112.17748347498241,40.08424626994946],[112.16904754011193,40.050509240309225],[112.13542323509432,40.02602510047808],[112.02587114463768,39.848544034979284],[111.96628489962848,39.79511687524365],[111.96389538026767,39.71174381482524],[111.91797490032144,39.6649474455682],[111.93122287543542,39.644938520196604],[111.92569945976231,39.60904185050106],[111.89404149541872,39.61652726492139],[111.87210600009189,39.60185838525632],[111.82898823481924,39.62071331047093],[111.77524818475598,39.58633394995189],[111.63490448015767,39.643856929853484],[111.60928309543857,39.63098933469007],[111.48627848536387,39.65901916500252],[111.43203332028156,39.640304435101655],[111.45669282521379,39.6115821403036],[111.4225673999656,39.61576936486438],[111.43463223958622,39.596190620300945],[111.41593364532156,39.53940830494935],[111.42442941028912,39.5065802551747],[111.36649648522467,39.4789010399511],[111.35069400022797,39.429473405473345],[111.28146948972523,39.41597762486754],[111.1682012198105,39.42313895509875],[111.13704991012531,39.40725996027902],[111.10700678463547,39.356632409857866],[111.07949010028796,39.38024038518569],[111.09207957471267,39.40230845497126],[111.05676182020193,39.40038606056828],[111.04809062538214,39.43417861974757],[111.14203480995855,39.53064126488255],[111.15012802488849,39.56194816987221],[111.13043607006864,39.58497588013279],[111.08463627014783,39.550322845123276],[111.03832358506548,39.55075918988473],[111.03280379995545,39.56792908056269],[111.01868705006734,39.569761549955615],[111.02847548525551,39.55709944538313],[110.95391185984454,39.517685660265045],[110.87802491981427,39.506847264789485],[110.73952246019343,39.35794282010511],[110.72056038975023,39.29839095977502],[110.68221351534152,39.26759696512789],[110.59456588460796,39.278260845361785],[110.55231056468085,39.35284077997807],[110.51722422461836,39.382087970383566],[110.49239819492084,39.35821798477224],[110.42384578465527,39.37793748492703],[110.41016765031685,39.34781730012833],[110.42293173531141,39.33831335467761],[110.38005326974269,39.3091212954115],[110.26341475538669,39.40045861517302],[110.26942464043486,39.42515760034303],[110.13047727001009,39.45171028520156],[110.1222259848414,39.40923343977147],[110.17159980029061,39.36753018037359],[110.20983683959855,39.28150562988094],[109.99209075998067,39.207829264808765],[109.95647025499835,39.21149639524248],[109.90083677499723,39.27043319033953],[109.87763843546549,39.26370743055355],[109.86538741459759,39.241741289928655],[109.9549251846496,39.19101973517269],[109.89140323027493,39.14523661048122],[109.91528645480611,39.10226531509227],[109.87980794468098,39.10271962021437],[109.85130866016658,39.12302414554796],[109.72126181977723,39.01870898992797],[109.69803554460475,39.01845106976111],[109.68635298520218,38.98862449022812],[109.66744452964139,38.99773062506836],[109.65721564518594,38.9817241603418],[109.68106624501127,38.961176864820516],[109.6807578701796,38.93648877493706],[109.6216959497084,38.85711479011553],[109.547242600066,38.80355175540922],[109.50373246957787,38.82995983018208],[109.39985417493028,38.7300003196591],[109.32937412001968,38.68836500494109],[109.32161025480946,38.66454268519681],[109.3577901399031,38.62371336537956],[109.3189697103839,38.59492734462128],[109.26441393025874,38.61658935971121],[109.11849149988285,38.47027472959513],[109.0464337948838,38.43199889982941],[109.05848809534939,38.398329195236215],[109.00863439536113,38.360685390118704],[108.9711085048537,38.293505109673106],[108.93868476508987,38.1790273847061],[109.06206833508566,38.09376882457167],[109.04195849498859,38.05490776458174],[109.06290790977226,38.02182063541403],[108.97785825495458,37.961530265309534],[108.96731207978871,37.929464120272996],[108.93227943015165,37.920407830357135],[108.87077066033777,38.028878889848954],[108.8304146797937,38.05103003001193],[108.79219810006231,38.05148473533234],[108.82165305004827,38.01348280039099],[108.82410651030727,37.98269990967316],[108.79126699507583,37.919409584684615],[108.79709708496256,37.78341984524974],[108.77724529003814,37.75416927968854],[108.78841882956539,37.70161095498162],[108.760952279724,37.677485954912925],[108.7124907446522,37.683852434642176],[108.63119529982328,37.65312629024618],[108.52905459969008,37.69080362478752],[108.33000350985418,37.63155727494831],[108.29731249967216,37.63780370058038],[108.27872543033442,37.66119603017273],[108.23521425033744,37.665283135008735],[108.14339902544475,37.62092314518708],[108.01806277997338,37.65055317968557],[108.02006474009573,37.696865889948924],[108.00291470464998,37.732987270546175],[107.98780297003111,37.73478137486063],[107.97751852006371,37.78658524481324],[107.73758726993663,37.844272980513665],[107.68680281479811,37.87447118509715],[107.6874837400826,37.88777516549152],[107.64296179495096,37.86421042057452],[107.55494455544692,37.893071835097146],[107.4892497652645,37.9440181448216],[107.41518515477111,37.93954557526814],[107.406207579816,37.947958290542715],[107.43545502023306,37.995275695516966],[107.35348439498893,38.05050952489472],[107.32978447027716,38.0873746547166],[107.23974784988343,38.110428385061994],[107.1850376049016,38.1542475855577],[107.13425593046685,38.15910238496713],[107.11903858486284,38.14156428486393],[107.02778390020688,38.116148700102485],[106.94372502039346,38.13015723546812],[106.767389190259,38.17272142485393],[106.72381976477038,38.20292548492324],[106.54984993043001,38.26247930037948],[106.48461227014019,38.30446852979884],[106.47906666459494,38.31976616507649],[106.5961770748122,38.39040393049703],[106.64514443536746,38.47287046979642],[106.65919256518481,38.600717965062074],[106.69986382015924,38.714080054950614],[106.95372680984445,38.944341955416974],[106.9662809553019,39.052731680222905],[106.85999775029597,39.091429745286575],[106.82877847524651,39.18665625518207],[106.78634139513935,39.24404380977404],[106.80185133966768,39.276441519560535],[106.79444836519997,39.347520710012816],[106.74578847026174,39.38778331035155],[106.66940044507453,39.35373809024071],[106.59828659025402,39.37461144486235],[106.50377606031697,39.26942845515913],[106.42845174964862,39.286718665234275],[106.27706922036828,39.27345617056585],[106.283306695048,39.14288845543791],[106.21205587977511,39.13177217034945],[106.14539941485117,39.15496197531496],[106.10803739520969,39.120153604905],[106.0846645548254,39.06748034504193],[106.07139421537079,39.02868634479904],[106.08377410998725,39.00477217549553],[105.96587110476776,38.89801203033096],[105.97993044463436,38.8741036454669],[105.99962496971665,38.87459785530683],[105.98894053997401,38.85472933029439],[105.93230823513699,38.80149586024578],[105.89290548020381,38.78706414979075],[105.90493144483037,38.738029039708465],[105.88148568471661,38.71363377537847],[105.88856132484534,38.689374494837125],[105.84866349492444,38.64008026489239],[105.87111519481044,38.590269080353835],[105.85185816472256,38.57288238021772],[105.85885785980247,38.525369254887266],[105.83114147020274,38.47167674478601],[105.846041155475,38.44454140536163],[105.82224338992057,38.43224196499472],[105.83111726045325,38.38453462477315],[105.81726555965793,38.36058825524384],[105.8622977747226,38.29508205019653],[105.82978855979428,38.22815584531605],[105.77703722528776,38.21047046054338],[105.76104822989197,38.121360374781545],[105.7778019449039,38.07860943487759],[105.84063093476988,38.00430552557958],[105.79537430468048,37.9540857700423],[105.80259743002745,37.86124240511293],[105.76922548017183,37.81977714499931],[105.76822141498639,37.79438947969078],[105.73874113019906,37.79877654530139],[105.66021088482455,37.76891378514313],[105.61862147959766,37.77807352497325],[105.6123090698078,37.71845509053003],[105.59691773956212,37.70655196520107],[105.44547111470024,37.69982864527583],[105.36616788044341,37.71483286054814],[105.17023061495098,37.66342704492223],[105.02144336541903,37.57926172494871],[104.86395443494928,37.56635921000958],[104.80192462492158,37.53860385008767],[104.43011029505413,37.514637820479095],[104.41656904472569,37.51109744049455],[104.40463467964679,37.46432300030625],[104.18092740967228,37.40664667970054],[103.86723977009939,37.606605375237905],[103.8376629349965,37.647270125416014],[103.67168570033488,37.78498818555636],[103.39749591000827,37.86143672972133],[103.34779759488316,38.05689760544021],[103.36074399044287,38.08649935985761],[103.55009604489663,38.15951593011613],[103.4639280453431,38.35110964549381],[103.4118416551683,38.40452035483054],[103.85941945984024,38.646256074858],[104.03206320515284,38.89186229530873],[104.16922289961718,38.939123964799194],[104.19403119468393,38.98760597473597],[104.18757468022739,39.045492430031686],[104.20006181000457,39.085202770191756],[104.17423453539556,39.154339075188204],[104.04430106983858,39.29664040513063],[104.08739779996853,39.41929232987718],[103.94298956531622,39.4586865151706],[103.84781604527433,39.46069023976281],[103.35795228526979,39.33367755547488],[103.13566504480605,39.197023975176364],[103.01005465000213,39.098543440227616],[102.60227480463857,39.17279073540419],[102.45407012513624,39.254968874713825],[102.35098418537194,39.2311762200066],[102.28184875541581,39.19175770535389],[101.82853124991732,39.09283998028093],[102.07145386010762,38.89054478491397],[101.93726674966081,38.812149900097836],[101.85466501977493,38.717740489931714],[101.77332851999529,38.65882390979567],[101.66817429960429,38.69019695002925],[101.60371745499663,38.64813682525431],[101.55779436971443,38.7129500954706],[101.39452840036546,38.77237201006028],[101.30702856961284,38.786430965017075],[101.30363977485581,38.80075221534253],[101.34085843536855,38.824134660486266],[101.33217877972697,38.8465245148945],[101.23782872481587,38.85879600523151],[101.23428946538655,38.90623469997149],[101.19649219545852,38.94813794521008],[101.22660951501717,39.021162210067985],[101.12543692967063,38.976811110044764],[100.9615425248677,38.94372101491297],[100.95782874480079,39.00570508002545],[100.9000707702499,39.030078130201616],[100.88045310482698,38.995719910045864],[100.82875839548365,39.02761571988964],[100.82675881047078,39.07283242008015],[100.86648451015208,39.1096549750971],[100.83882130465952,39.199637365472086],[100.8297544899778,39.40407667050198],[100.6072143097926,39.387473164754795],[100.49681460471032,39.399838900444934],[100.49777723003518,39.4802753605195],[100.32359847958622,39.508266504695484],[100.29806326520759,39.57181306002474],[100.31081399976631,39.608055425517534],[100.26235961970076,39.67670440498438],[100.11442760025363,39.70472787529127],[100.03491737983325,39.75542189550413],[99.90372031014425,39.787385194970796],[99.81355964985801,39.86456996553153],[99.67773030540934,39.88833245517873],[99.46040535492324,39.875229664817255],[99.44086068027622,39.88346534045314],[99.4562190152954,39.89632476527572],[99.51995954000085,39.885511575099144],[99.69365457030221,39.96032374974129],[99.74966306040199,40.00598626005791],[99.87190519017247,40.025236510156844],[99.92631651039869,40.063246780014936],[99.95494898001147,40.15121262506267],[99.98824283543854,40.18737563527742],[100.16794693959963,40.27659496528548],[100.16803003965464,40.540227894701616],[100.24101813467922,40.61762886048359],[100.23571317961961,40.71571918049585],[100.10622278485368,40.87414370536777],[100.05537212522347,40.90664501975192],[99.67163408544474,40.93179891528774],[99.56456907460318,40.84574631494053],[99.173246194956,40.85706069999134],[99.1716191846777,40.74610983999719],[99.12407811021666,40.71395925041912],[99.10054338466955,40.67517039969425],[99.04025317464436,40.69262435023364],[98.98392756470543,40.78180184018282],[98.7900087502037,40.70451188491563],[98.78812052464258,40.678542449974145],[98.8061175847588,40.65819095035215],[98.801812149711,40.606134959960514],[98.69671511541031,40.67918560013538],[98.66783509481382,40.77191331045094],[98.56946218982824,40.74595843013748],[98.62735002468395,40.67705720522588],[98.34340005047198,40.56728529977681],[98.33231865548163,40.91781326047362],[98.24964407961062,40.937949394948646],[97.97152747511296,41.09666136473027],[97.61575689046816,41.46333043485174],[97.61433078513767,41.47647326033274],[97.84645337032686,41.6550906498137],[97.17172008991025,42.794532425031434],[98.19446257458821,42.65197860053206],[99.50531852043343,42.5674851053534],[99.96819667004036,42.64837217523575],[100.267503394666,42.63591651993153],[100.32077227462082,42.689599204939384],[100.84825881539206,42.672515169839244],[101.56679444031124,42.52741771545527],[101.80147927494863,42.505943055227874],[102.07468083535235,42.22864257019853],[102.44694750981978,42.147383975090406],[102.54433884975816,42.16230319543615],[102.70978872017338,42.15428639500118],[103.41761606982584,41.8801890900545],[103.85824024539107,41.799747510139525],[104.07380537012182,41.80378297500437],[104.52523124522583,41.87465996548508],[104.5180450001767,41.65894945994967],[104.6826702048661,41.64403536484025],[104.91835353518758,41.651302715248164],[105.0042882452064,41.578484355568605],[105.22436508518058,41.74940351056364],[105.28451227961807,41.7469050752091],[105.71612872506068,41.93819252466534],[106.78146566041198,42.29343632962298],[107.04656140998117,42.320018874671405],[107.26716614030516,42.36669806496377],[107.28629211039265,42.41381801029297],[107.46120838046244,42.462090989907324],[107.49528530976932,42.4597615947219],[107.56798689967576,42.41466144037321],[107.93162834547184,42.405706735177716],[108.01932324547147,42.43417557044626],[108.2415080900264,42.45905876554963],[108.29207164019408,42.437108235356845],[108.5244822404631,42.443103605347176],[108.6975702949332,42.41129274996047],[108.79012257000068,42.413664594945146],[108.83833045039006,42.393700915365],[109.01803309045482,42.457441299776235],[109.28491958986723,42.43340817534704],[109.47890443978815,42.455877685406904],[109.5351658147506,42.47047132509164],[109.67685251023522,42.55785993488814],[109.90137845015539,42.63485929042395],[110.10256187483071,42.63945164967396],[110.13301897984212,42.673228100196695],[110.43333126972237,42.77982084015969],[110.46316919510235,42.836697069913896],[110.62366768521554,42.933580839684055],[110.68251747540126,43.01743955019515],[110.68129958021154,43.037077280392225],[111.01217033499302,43.32885883516718],[111.17553222962874,43.393425510379075],[111.33604057001634,43.43118647017951],[111.45065740481544,43.492173140378156],[111.55846040022737,43.48796695541074],[111.78491219514177,43.67110861017426],[111.88418624959581,43.67315978029967],[111.94213508006993,43.692672475054735],[111.96101938523651,43.7464125547956],[111.95177784487169,43.82128828992268],[111.86383296481955,43.93725132528846],[111.77520040467499,44.00405272495334],[111.65633116515119,44.05861387043382],[111.55639380043363,44.16402399471161],[111.51320658501595,44.28216423479165],[111.42406179981225,44.319513855480125],[111.40827235498523,44.35604649514971],[111.46918655511547,44.4841804748491],[111.50797176988135,44.507082785442265],[111.52546081016834,44.550032055534984],[111.56282547021931,44.575083820462],[111.55341947532861,44.64461563020723],[111.61730800506047,44.77804390530201],[111.76502493994906,44.97455169530457],[111.88364107517555,45.04611398537219],[111.9962507454756,45.0900073997218],[112.06375517486151,45.09374355042456],[112.10614082004292,45.07170917553805],[112.42484947981973,45.07249626039413],[112.53501852498505,45.00042833010343],[112.59533786045392,44.93047217974737],[112.70401035009763,44.87929687025439],[112.84773918471569,44.840498810471786],[113.0002031496557,44.8282564851487],[113.11840287539246,44.796984415398526],[113.49686804522412,44.77559306027155],[113.6226463551452,44.74441022485206],[113.79101701492334,44.849136255533836],[113.8543463695894,44.86121202011867],[113.90254645015864,44.91199920469961],[114.05843273478297,44.92935432514207],[114.10661682001034,44.954695585433],[114.14980403992456,44.99127979492664],[114.17169507996402,45.03553777015202],[114.34075578505156,45.11804558023937],[114.45378018490771,45.21072559051362],[114.51481335994868,45.28746320556252],[114.5440807302416,45.385021105339774],[114.73723116488645,45.43730235521957],[114.96857657035252,45.375265315541924],[115.16583944463468,45.39464716973117],[115.35785638996049,45.39120770537136],[115.68975116498439,45.458630929573815],[115.93117562515499,45.63398411007864],[116.02029833470044,45.65842117489734],[116.02708795984154,45.68082835474485],[116.1707877049887,45.689221685132736],[116.21679902005883,45.74438530983423],[116.28195576474684,45.77678746496957],[116.28021876018772,45.83793961042471],[116.23489002515464,45.87543396980192],[116.26314612489386,45.965347849823445],[116.40436713523513,46.12973886475686],[116.42905404520809,46.13509265030564],[116.5610225551469,46.25234636479297],[116.57937649502924,46.29014428043422],[116.66860627965616,46.323337759829826],[116.74576030509411,46.32735309966586],[116.80584169523809,46.35352716994299],[116.82844657484964,46.38148583959986],[117.08519041500574,46.35578765997258],[117.36045300480237,46.359566999717345],[117.38839323476009,46.47178638493375],[117.43681526531236,46.526603214866554],[117.40861865482714,46.57871341009587],[117.58719720528688,46.601318289707365],[117.62848085001133,46.583026185410176],[117.66565992956214,46.52948831463408],[117.71116711976686,46.51550898025528],[117.76173066993454,46.533652369960976],[117.83846828498338,46.53424723462223],[117.86107316459493,46.54614454043826],[117.85393477966636,46.56993915027164],[117.91847765971625,46.61187714981065],[118.04994288025978,46.63091283965588],[118.11835238465494,46.67671745994289],[118.19062851519391,46.68326098021015],[118.30662724015508,46.73670962474944],[118.40109183991649,46.72552615490815],[118.43678375466664,46.70220744022123],[118.58246625491381,46.691529605207165],[118.6455219701628,46.72029133977355],[118.66812684977435,46.69506905529272],[118.77758205986424,46.683171750376005],[118.79233471497514,46.69411727039579],[118.78091330520488,46.713390904666596],[118.8373065297726,46.768594399911706],[118.89726894500586,46.77144975460254],[118.91297339040966,46.7638354799235],[118.91797025482344,46.722670804713914],[119.00029960973927,46.74408594960693],[119.10927892018606,46.64057939961964],[119.15258510961519,46.65533205473059],[119.2337247352084,46.648193675198],[119.30677418468099,46.60560131994504],[119.35079421458136,46.614881219992355],[119.36370279005178,46.599325494575965],[119.42475414488797,46.635101879947854],[119.55002648543405,46.631085350308695],[119.57483283976376,46.61679487478369],[119.64164810517593,46.622695940065626],[119.6742811450589,46.60345141505081],[119.67028492031284,46.581174344620365],[119.76886598957378,46.61698523518049],[119.80027487498558,46.654485539975724],[119.79494488010221,46.67751871991305],[119.90408578972745,46.66608605512738],[119.92759925979806,46.70962735971494],[119.90277500536229,46.764616950312075],[119.93081057964457,46.79757899547434],[119.9185027701867,46.82347771492465],[119.9313518600004,46.845130810538535],[119.9116023350798,46.85012768034824],[119.92085222025378,46.90256180508328],[119.85306759539333,46.915800804963226],[119.84581024005058,46.9418261552529],[119.86792416536798,46.95540241978591],[119.83635188033509,46.96160542525024],[119.78852471534344,47.011336160035796],[119.78290918481105,47.042911609783005],[119.79947023536317,47.05147767025835],[119.7148675849711,47.17738861039612],[119.62336244002461,47.24518876025314],[119.5587773853681,47.246785095555765],[119.55175369008077,47.30127425480305],[119.47447543499334,47.327774564944264],[119.4305976850352,47.376536149823494],[119.36206621008762,47.403165045030846],[119.34679303996688,47.429169045415165],[119.31632143968272,47.422248800042155],[119.35603387975982,47.47503362530159],[119.14229879984975,47.53840462037698],[119.12392104502032,47.659370964698326],[118.76545165966638,47.76826055518052],[118.55608174507654,47.9909618300245],[118.43503038514427,47.99153243547357],[118.4159144254105,48.01403362505181],[118.28941607509182,48.00288302992794],[118.22925098504504,48.02851610493434],[118.23012928543824,48.04118780527307],[118.16999919520674,48.048552365199555],[118.13304568541014,48.03264416039974],[118.11534292033957,48.04555253981789],[118.0395789949747,48.01102565001378],[117.94928141020898,48.00969617503853],[117.88787886471789,48.026826130421625],[117.80441481988805,48.01438146033615],[117.51961651519014,47.7647134455691],[117.48535227508751,47.75570123502405],[117.37678936513714,47.639137390478254],[117.08590025978924,47.82057129023292],[116.87281952480134,47.89115205482352],[116.78495099539214,47.897402354734936],[116.66473565962303,47.88865362036836],[116.4405904351006,47.8342829351094],[116.25891858462501,47.87425788009716],[116.10701322008413,47.815067160521096],[115.9607721203372,47.685923539839564],[115.93162372495499,47.680034375286255],[115.57359423038952,47.919778005250805],[115.53692210497127,48.100174234853114],[115.52484594018802,48.10449137547664],[115.54421411029307,48.128371445186076],[115.53073692496912,48.14885520990009],[115.8113150152758,48.25735510975056],[115.79067823990886,48.52038532522266],[116.07075310017547,48.821626665138524],[116.03910637016293,48.870107649848194],[116.71540910964279,49.85053282522978],[117.05376785989893,49.69435123472175],[117.27305513019019,49.6315449554354],[117.47522989014738,49.62942169025888],[117.80238380536844,49.516972764781315],[117.85964393501968,49.57172966029566],[117.85931968535522,49.59026527492256],[117.93963432506416,49.59528541469018],[117.9816417702516,49.621446610272926],[118.05030250475681,49.61003303539633],[118.07761955489855,49.61852455016793],[118.11365318504647,49.67007255490455],[118.16469764498038,49.65945625510216],[118.17103385982489,49.68181419526894],[118.20387459004041,49.68873786975695],[118.22745704530644,49.73648261997698],[118.28244971967888,49.74387169002654],[118.30494117499529,49.77264976527448],[118.3803134599982,49.7784800952802],[118.37726004491515,49.79872418976959],[118.39547834994596,49.804912445453056],[118.37849619004714,49.82604830048871],[118.47640325520615,49.82836577516042],[118.47094155460911,49.84109704479283],[118.49110228014615,49.83981497488122],[118.48100884977862,49.87133213507002],[118.51689984025552,49.88016557028487],[118.52517462470928,49.90034972046328],[118.55782931037447,49.900780225027404],[118.54365771533139,49.90769351054712],[118.56114480498877,49.91077859525603],[118.56603059503595,49.92965674546247],[118.60857768471249,49.92433868997864],[118.61488266969945,49.94775079476341],[118.64262876480575,49.93600557509728],[118.64492938977958,49.94956725532461],[118.82808452987717,49.95937461494657],[118.92173165489203,49.98829548544836],[119.04782616014927,49.978259994802954],[119.11374705518256,50.001068964760975],[119.13732977035272,50.030299149885934],[119.15798187016719,50.026146399936465],[119.18735402047173,50.0654749302239],[119.18064796033514,50.08656218499692],[119.22620860983955,50.073295369985374],[119.24792404016239,50.09852276531342],[119.28517580471964,50.108355005579085],[119.2871500549312,50.136370310041855],[119.31011518047126,50.14255224978655],[119.30667946988171,50.16125781019986],[119.33676114481102,50.16366208024084],[119.32558725544754,50.181557575421834],[119.3526144954626,50.19414747972246],[119.31090116006055,50.21728355019576],[119.33987941989938,50.25506015550184],[119.31694515999118,50.281252740121886],[119.34375129988268,50.28422165040888],[119.34343658033401,50.302947719861436],[119.37842000018293,50.320956679806955],[119.3508013803795,50.32646380516053],[119.36410613958674,50.33927737535066],[119.34841555993023,50.358117570569505],[119.29449494488586,50.344369129931465],[119.26901327524251,50.36452371489759],[119.24441481539145,50.34201838034403],[119.20875183542887,50.363093165117505],[119.17842108516504,50.34654663052265],[119.18675814047583,50.36225019549016],[119.14787696984638,50.36153649980969],[119.16793802981624,50.377977169810606],[119.11824309973929,50.38917870523312],[119.15780248959334,50.42168157544438],[119.20716360481651,50.40942668479374],[119.215635775171,50.44023026531454],[119.23448891972794,50.44057088983476],[119.23289019492665,50.45984211482181],[119.25723785004675,50.469372049780304],[119.25059781004097,50.49202382543922],[119.22657021464374,50.50158478520973],[119.25466614512652,50.50947054992599],[119.27503481010842,50.55129496509062],[119.26142546491337,50.567096219814744],[119.28820586530856,50.57324411482409],[119.27602611481336,50.604662815436654],[119.32571879029001,50.623388780567836],[119.32718717005196,50.639956215407096],[119.35155394026219,50.630170284830854],[119.3859853202664,50.661926935379824],[119.37417303545726,50.679812375241],[119.42628573979516,50.68330599047914],[119.49230066524353,50.748103250065014],[119.4878195952981,50.77369687001459],[119.51625555045337,50.78899487491361],[119.48876144988105,50.82932961976621],[119.48338635489642,50.877665385549165],[119.56300677464299,50.9333532655408],[119.58975954966354,50.98257115473507],[119.62091382531287,50.993527855126445],[119.62384979523188,51.00828296538657],[119.67990458512861,51.02024429483839],[119.67388917464575,51.03312208021987],[119.71876148485467,51.04919554533819],[119.71080434994087,51.07290933040133],[119.75621088982075,51.09063227535927],[119.74408118030226,51.114610989905316],[119.76521479962332,51.12386503534316],[119.77587059495204,51.153353844804144],[119.75252627027123,51.162492009898415],[119.78088581992472,51.16731201993383],[119.75286274531948,51.21307885970168],[119.7729731699759,51.22472314485731],[119.8149235648707,51.21390303529688],[119.78937134521152,51.24490387041732],[119.82026142972131,51.259986789858544],[119.80460911981504,51.28061008978386],[119.87068606970638,51.294687315367355],[119.87800039530202,51.33709801026504],[119.93947275966025,51.36041389028884],[119.9024970402063,51.38855028037119],[119.96380156499026,51.399108330185356],[119.9680546747835,51.43546723522479],[119.9957817402352,51.45382187028315],[119.97512212028971,51.48132059516939],[119.97804844048324,51.503563180196636],[120.04462092041922,51.551857890129554],[120.02751804991817,51.58411541989079],[120.05281522993903,51.633374659912704],[120.09492609985966,51.649668209820106],[120.0799490998711,51.677287129997126],[120.16701041489875,51.67907404513113],[120.26386858007095,51.748810390387234],[120.28707858470898,51.749897230073145],[120.30767700488991,51.783445490217275],[120.35477555984426,51.78780568048779],[120.39866575012434,51.8130400653468],[120.39277030020924,51.83174321557698],[120.4675831097727,51.84996070042604],[120.47164094527352,51.88346131538742],[120.53449511975407,51.87798782557775],[120.54838893040483,51.91131155468457],[120.6511110251538,51.925841970230806],[120.65573336959937,51.95671111042947],[120.71222361033142,52.00836262983154],[120.67992629546222,52.03911178518081],[120.72043149511751,52.07867255009819],[120.74568232497938,52.07786403979367],[120.73510480484288,52.09170201513592],[120.76197121459995,52.11181136510248],[120.75358346990129,52.13982311004855],[120.77914183013138,52.157583955135465],[120.7377760997872,52.206468675189285],[120.75181935527905,52.25488118551834],[120.70950183464197,52.26004504054623],[120.69292135963315,52.28623928531482],[120.63149846967872,52.311657020355256],[120.61312582479707,52.353030019919515],[120.6432275447155,52.36363010044886],[120.64146503987979,52.388161514942],[120.68262716011543,52.42858035000319],[120.6763553798969,52.46616479536908],[120.69959840494255,52.49034023031743],[120.68051230989522,52.51144215483163],[120.72121026484194,52.52895181477447],[120.72190284983674,52.54432650036773],[120.67935845003251,52.54702339991002],[120.4556394645897,52.6437059805466],[120.39075310017552,52.615045300100576],[120.27941836996183,52.621654319791105],[120.18860113533424,52.57772213476875],[120.06175593538819,52.58632022549807],[120.04091631523579,52.59763970520828],[120.02657799038207,52.63612941983689],[120.06260514001531,52.703981695299035],[120.02497620968438,52.774230809704136],[120.08376891989974,52.78302014036723],[120.13842229535271,52.81266494982765],[120.18009881520823,52.80654333480709],[120.21415378037273,52.840904455276416],[120.2849280053232,52.86387603974748],[120.28922333468915,52.89192045976148],[120.33936447958718,52.90074036557547],[120.35298636492882,52.93747536529594],[120.4043560754726,52.9569190199968],[120.44063863976146,53.00486852516235],[120.52072872505073,53.04309480498131],[120.5536559997247,53.07972942507297],[120.63505282962444,53.10309080539639],[120.65098343473778,53.13404245029892],[120.68760199473638,53.14511354985052],[120.6846225048248,53.17490388490643],[120.83178319463877,53.23786847544983],[120.81295365458755,53.2663107753221],[120.87572440975373,53.28194275515409],[120.87572775523176,53.29305099490756],[121.03577078999001,53.286934030281316],[121.08839329031821,53.30524965005134],[121.12188541028354,53.27508245499138],[121.22033156504972,53.27893730001642],[121.29509123007631,53.29661826012466],[121.33008685462471,53.32357092026183],[121.498125779681,53.32606635997456]]]}},{"type":"Feature","properties":{"name":"辽宁省","adcode":"210000","region_code":"210000","population":42591407,"elderly_65plus":7417481,"aging_rate":0.1742,"youth_rate":0.1112,"source_year":"2020","source_name":"第七次全国人口普查（省市分年龄性别）","license":"普查数据，来源标注 required"},"geometry":{"type":"MultiPolygon","coordinates":[[[[121.0318,38.8722],[121.0389,38.868],[121.0214,38.8694],[121.0318,38.8722]]],[[[121.8269,38.8945],[121.8374,38.8727],[121.8256,38.8633],[121.8187,38.8807],[121.8269,38.8945]]],[[[121.8361,38.9171],[121.8258,38.9144],[121.8254,38.9166],[121.8361,38.9171]]],[[[120.9831,38.9539],[120.9743,38.9502],[120.9719,38.955],[120.9831,38.9539]]],[[[122.6999,39.0423],[122.7445,39.0337],[122.7586,39.0131],[122.7071,39.0235],[122.7158,39.0291],[122.6999,39.0423]]],[[[122.8342,39.0503],[122.8187,39.0407],[122.8118,39.0441],[122.8231,39.0582],[122.8342,39.0503]]],[[[122.8455,39.0691],[122.8743,39.0618],[122.8578,39.0513],[122.8455,39.0691]]],[[[122.7755,39.0777],[122.7855,39.0781],[122.7945,39.0719],[122.7755,39.0777]]],[[[122.8034,39.0808],[122.811,39.0671],[122.7963,39.0786],[122.8034,39.0808]]],[[[121.1641,39.0954],[121.1713,39.0861],[121.1534,39.0872],[121.1641,39.0954]]],[[[123.1687,39.1005],[123.1972,39.0559],[123.1507,39.0281],[123.1483,39.0699],[123.166,39.055],[123.167,39.0708],[123.1381,39.0757],[123.1382,39.0871],[123.1701,39.0826],[123.1687,39.1005]]],[[[121.2275,39.1085],[121.2219,39.1038],[121.2186,39.1068],[121.2275,39.1085]]],[[[122.3975,39.177],[122.4138,39.1734],[122.4208,39.1708],[122.3975,39.177]]],[[[121.5649,39.1855],[121.5698,39.1926],[121.5766,39.1853],[121.5649,39.1855]]],[[[121.4416,39.2028],[121.4583,39.199],[121.476,39.1872],[121.4416,39.2028]]],[[[122.3085,39.2047],[122.3046,39.1968],[122.2949,39.2004],[122.3085,39.2047]]],[[[121.4931,39.2067],[121.4882,39.193],[121.4808,39.199],[121.4931,39.2067]]],[[[122.3992,39.2126],[122.3781,39.1979],[122.3938,39.1612],[122.3612,39.1736],[122.3589,39.1544],[122.3362,39.1433],[122.3147,39.1594],[122.3106,39.1835],[122.3323,39.1852],[122.3397,39.2021],[122.3992,39.2126]]],[[[122.6003,39.2236],[122.5928,39.2061],[122.5835,39.2099],[122.6003,39.2236]]],[[[122.7658,39.2273],[122.8008,39.229],[122.8067,39.2263],[122.7658,39.2273]]],[[[122.5433,39.2325],[122.5236,39.2226],[122.4873,39.23],[122.4906,39.2354],[122.5433,39.2325]]],[[[122.4216,39.2312],[122.4437,39.2261],[122.4127,39.2245],[122.4216,39.2312]]],[[[122.7361,39.2457],[122.7479,39.2297],[122.6944,39.2057],[122.7001,39.2312],[122.6238,39.2312],[122.7361,39.2457]]],[[[122.9953,39.2614],[122.9995,39.2485],[122.9828,39.2557],[122.9953,39.2614]]],[[[122.4135,39.2667],[122.4296,39.2685],[122.4567,39.2557],[122.4135,39.2667]]],[[[122.2783,39.2784],[122.2987,39.2724],[122.2884,39.2658],[122.2783,39.2784]]],[[[122.5444,39.2979],[122.5403,39.2863],[122.6368,39.2869],[122.6878,39.2665],[122.6602,39.2549],[122.5866,39.2706],[122.576,39.2532],[122.5703,39.2704],[122.4928,39.2981],[122.5444,39.2979]]],[[[122.3417,39.3425],[122.3337,39.3321],[122.3251,39.337],[122.3417,39.3425]]],[[[123.0492,39.4557],[123.0828,39.4489],[123.0981,39.4389],[123.063,39.4312],[123.0492,39.4557]]],[[[123.0517,39.501],[123.0636,39.4869],[123.0562,39.4876],[123.0517,39.501]]],[[[123.0982,39.5045],[123.107,39.5078],[123.1056,39.5031],[123.0982,39.5045]]],[[[122.9763,39.5499],[123.0035,39.5518],[123.0318,39.5325],[122.9796,39.4938],[122.9648,39.5174],[122.9395,39.5205],[122.9763,39.5499]]],[[[123.0267,39.6464],[123.0382,39.6472],[123.0411,39.6452],[123.0267,39.6464]]],[[[123.7061,39.7457],[123.7436,39.7608],[123.7558,39.7492],[123.7061,39.7457]]],[[[123.8098,39.7933],[123.8235,39.7844],[123.8038,39.7888],[123.8098,39.7933]]],[[[124.4874,40.1555],[124.4806,40.133],[124.4782,40.133],[124.4781,40.1377],[124.4874,40.1555]]],[[[120.617,40.3975],[120.6097,40.3961],[120.6145,40.4055],[120.617,40.3975]]],[[[120.8254,40.5074],[120.8223,40.4885],[120.7706,40.479],[120.7956,40.5087],[120.8254,40.5074]]],[[[121.1073,40.8672],[121.0975,40.8549],[121.0893,40.8586],[121.0925,40.8673],[121.1073,40.8672]]],[[[121.4938,40.8775],[121.5064,40.8537],[121.4713,40.8591],[121.4938,40.8775]]],[[[123.7993,43.4805],[123.8653,43.4484],[123.8464,43.4037],[123.8869,43.3872],[123.8899,43.3592],[123.9582,43.3385],[124.0266,43.2783],[124.0949,43.2918],[124.0921,43.2785],[124.111,43.2746],[124.1084,43.2447],[124.1729,43.2397],[124.2107,43.254],[124.223,43.2326],[124.2774,43.2274],[124.2677,43.1763],[124.2779,43.1636],[124.4197,43.0737],[124.3273,42.9949],[124.3648,42.9702],[124.4159,42.9735],[124.4354,42.9573],[124.4257,42.9283],[124.3744,42.91],[124.3603,42.8893],[124.4333,42.8756],[124.449,42.8212],[124.466,42.8244],[124.4692,42.853],[124.5079,42.8708],[124.5332,42.8649],[124.5377,42.8836],[124.6331,42.9528],[124.6295,42.9708],[124.654,42.971],[124.685,43.0522],[124.7435,43.0675],[124.7927,43.1203],[124.8522,43.1167],[124.8854,43.1306],[124.8853,43.0723],[124.8342,43.0264],[124.8657,42.9835],[124.8439,42.8657],[124.8666,42.7872],[124.8948,42.7861],[124.9225,42.8178],[124.9682,42.8015],[124.9873,42.769],[124.9736,42.7508],[124.9906,42.7429],[124.9622,42.7204],[124.9832,42.6931],[124.9601,42.6739],[125.0086,42.6636],[125.0046,42.6302],[125.0238,42.6144],[125.0909,42.6199],[125.0753,42.5863],[125.0851,42.5695],[125.0607,42.5332],[125.0847,42.5113],[125.0605,42.5004],[125.1297,42.4691],[125.1435,42.4566],[125.1347,42.4419],[125.1808,42.4245],[125.1911,42.4056],[125.1795,42.3791],[125.1976,42.367],[125.1614,42.3534],[125.1686,42.3063],[125.2153,42.2982],[125.2568,42.3108],[125.293,42.2872],[125.2697,42.2648],[125.2833,42.2448],[125.2745,42.2286],[125.3066,42.2174],[125.2742,42.1722],[125.3106,42.1985],[125.2998,42.1438],[125.3513,42.1438],[125.349,42.1762],[125.3625,42.1803],[125.4123,42.1522],[125.4517,42.1579],[125.4844,42.1336],[125.4424,42.0968],[125.4059,42.0983],[125.4116,42.0628],[125.3572,42.015],[125.3608,42.0002],[125.2867,41.9615],[125.3454,41.9261],[125.3012,41.9225],[125.2903,41.8841],[125.2878,41.8255],[125.3278,41.7344],[125.3089,41.6771],[125.3191,41.6679],[125.4056,41.6889],[125.4442,41.6716],[125.4642,41.637],[125.4442,41.5954],[125.471,41.5456],[125.5013,41.5316],[125.4877,41.5065],[125.5364,41.4658],[125.5284,41.4267],[125.5426,41.3988],[125.5739,41.3935],[125.5767,41.3662],[125.632,41.3404],[125.6148,41.3153],[125.641,41.2626],[125.6698,41.2756],[125.6908,41.2438],[125.7437,41.2434],[125.7524,41.2305],[125.7313,41.1776],[125.7856,41.1648],[125.7078,41.1031],[125.7336,41.0847],[125.7206,41.0534],[125.6781,41.0197],[125.6761,40.9787],[125.644,40.9684],[125.6296,40.94],[125.5837,40.9294],[125.571,40.9016],[125.5807,40.8897],[125.6495,40.9151],[125.6854,40.8942],[125.7057,40.8568],[125.6421,40.8025],[125.6836,40.7866],[125.6852,40.7636],[125.5997,40.7527],[125.559,40.7676],[125.5389,40.7167],[125.4774,40.7154],[125.4516,40.6656],[125.4154,40.6678],[125.4131,40.6224],[125.3675,40.6476],[125.3228,40.6333],[125.2824,40.6514],[125.2629,40.6113],[125.1622,40.5897],[125.0251,40.5297],[125.0124,40.5035],[125.0627,40.4884],[125.0413,40.4553],[124.9857,40.4673],[124.9305,40.4518],[124.897,40.4792],[124.8538,40.4213],[124.7454,40.3675],[124.7247,40.317],[124.7196,40.3143],[124.7138,40.3169],[124.674,40.2991],[124.616,40.285],[124.5915,40.2665],[124.5836,40.2358],[124.5762,40.229],[124.5148,40.2072],[124.5199,40.1977],[124.5243,40.1709],[124.5222,40.1661],[124.4917,40.1594],[124.5233,40.1698],[124.5165,40.2021],[124.5129,40.2066],[124.4847,40.1728],[124.4614,40.1732],[124.4508,40.156],[124.4376,40.1427],[124.4048,40.1321],[124.4003,40.1211],[124.4565,40.1298],[124.4649,40.1386],[124.4703,40.1515],[124.4685,40.1588],[124.4696,40.1603],[124.4699,40.1619],[124.4706,40.1627],[124.4704,40.1493],[124.46,40.1282],[124.425,40.118],[124.435,40.1126],[124.4011,40.1162],[124.366,40.0862],[124.3766,40.0676],[124.379,40.0273],[124.3664,39.9502],[124.3629,39.9602],[124.3336,39.9343],[124.3546,39.9383],[124.3111,39.9148],[124.3729,39.8375],[124.3595,39.8556],[124.3605,39.8788],[124.3478,39.8852],[124.3449,39.8882],[124.3399,39.8984],[124.3613,39.8785],[124.3609,39.8555],[124.3784,39.8423],[124.3867,39.8769],[124.3834,39.8509],[124.4178,39.8262],[124.4095,39.8066],[124.2686,39.8194],[124.2833,39.927],[124.2664,39.9326],[124.225,39.9166],[124.2108,39.8416],[124.1403,39.821],[124.1543,39.7939],[124.1325,39.7989],[124.1513,39.7699],[124.123,39.7753],[124.1477,39.7569],[124.1409,39.7464],[124.0985,39.7782],[124.1238,39.8294],[124.004,39.8013],[123.8313,39.8307],[123.8393,39.8417],[123.692,39.8135],[123.6286,39.8329],[123.6354,39.8011],[123.6069,39.7768],[123.5665,39.7847],[123.5436,39.7559],[123.5391,39.7879],[123.5151,39.7853],[123.4951,39.7613],[123.4572,39.7581],[123.4686,39.747],[123.387,39.7254],[123.3898,39.7533],[123.4083,39.748],[123.4157,39.7573],[123.391,39.7551],[123.4086,39.7993],[123.3868,39.7826],[123.383,39.7503],[123.3655,39.7481],[123.3072,39.7527],[123.2827,39.7922],[123.2683,39.7893],[123.2909,39.7615],[123.2651,39.7554],[123.2676,39.7377],[123.2351,39.7444],[123.2696,39.7252],[123.2617,39.7124],[123.2756,39.6938],[123.2154,39.7002],[123.2057,39.6891],[123.2169,39.6747],[123.1579,39.6736],[123.1314,39.6462],[123.0976,39.6798],[123.0802,39.6586],[123.0057,39.6624],[123.0026,39.6787],[122.9762,39.662],[122.9976,39.651],[122.9614,39.6273],[122.9656,39.6036],[122.942,39.6009],[122.937,39.6137],[122.8388,39.6031],[122.8387,39.5767],[122.815,39.5679],[122.7972,39.5854],[122.7851,39.5764],[122.8033,39.5647],[122.7157,39.5327],[122.6997,39.5432],[122.6814,39.5152],[122.6364,39.5361],[122.6461,39.5284],[122.6321,39.4939],[122.6171,39.4955],[122.6217,39.4817],[122.6042,39.4911],[122.572,39.465],[122.58,39.4791],[122.5639,39.4844],[122.5672,39.4305],[122.5532,39.442],[122.5258,39.4201],[122.4981,39.4217],[122.4929,39.4023],[122.4518,39.4033],[122.4507,39.4176],[122.3873,39.4139],[122.3909,39.3929],[122.3624,39.3916],[122.3625,39.3687],[122.3359,39.384],[122.3429,39.3585],[122.3192,39.3461],[122.3007,39.3599],[122.3081,39.3317],[122.2901,39.3475],[122.2636,39.3194],[122.2372,39.3265],[122.2604,39.3144],[122.2422,39.2743],[122.1543,39.2453],[122.1116,39.2174],[122.1059,39.1787],[122.0853,39.1801],[122.1627,39.1519],[122.1132,39.1466],[122.0784,39.1262],[122.0806,39.1135],[122.0331,39.1239],[122.0588,39.0613],[122.0014,39.076],[121.9788,39.0662],[121.9624,39.0312],[121.9058,39.0593],[121.8977,39.0467],[121.9161,39.017],[121.8376,39.0433],[121.8929,38.9958],[121.8964,38.9673],[121.862,38.944],[121.8292,38.9543],[121.8295,38.9725],[121.8082,38.9698],[121.7903,39.0205],[121.7239,39.0367],[121.7172,39.0293],[121.7478,39.014],[121.7288,39.0024],[121.6956,39.0194],[121.6369,39.0042],[121.6648,38.9798],[121.6106,38.9504],[121.6067,38.9332],[121.6422,38.9423],[121.6427,38.9303],[121.7142,38.9173],[121.693,38.8645],[121.6793,38.876],[121.6537,38.8608],[121.5644,38.8767],[121.5125,38.8256],[121.4155,38.8126],[121.3458,38.8248],[121.3085,38.7931],[121.2291,38.8036],[121.2179,38.7748],[121.2505,38.7913],[121.1979,38.7236],[121.1461,38.7242],[121.1096,38.7758],[121.1444,38.7944],[121.1275,38.7939],[121.1355,38.8171],[121.1122,38.8199],[121.1061,38.8519],[121.1258,38.8711],[121.121,38.8893],[121.0878,38.8957],[121.096,38.9294],[121.1406,38.9535],[121.222,38.9332],[121.2754,38.9684],[121.3372,38.9742],[121.3361,39.0023],[121.3149,39.0099],[121.3733,39.0603],[121.4059,39.0258],[121.4574,39.0284],[121.4581,39.0169],[121.5064,39.0313],[121.6127,39.0941],[121.5666,39.1249],[121.5937,39.1214],[121.5734,39.1402],[121.6194,39.1195],[121.5866,39.1518],[121.6361,39.1113],[121.5872,39.0641],[121.652,39.0938],[121.6599,39.0856],[121.6867,39.1101],[121.6842,39.1315],[121.6338,39.1682],[121.5978,39.1679],[121.5839,39.1963],[121.6093,39.2126],[121.5862,39.2245],[121.6309,39.2232],[121.6383,39.2404],[121.5926,39.2545],[121.5914,39.2726],[121.6724,39.2743],[121.6878,39.2833],[121.6719,39.3107],[121.728,39.3039],[121.7078,39.3401],[121.7374,39.3824],[121.8485,39.3681],[121.9243,39.4005],[121.7572,39.3828],[121.7065,39.4105],[121.7127,39.3739],[121.6841,39.3485],[121.5473,39.3148],[121.5444,39.3289],[121.5593,39.3333],[121.5417,39.3643],[121.5545,39.3341],[121.5202,39.3306],[121.5197,39.2973],[121.4809,39.2834],[121.4846,39.2988],[121.4656,39.301],[121.4723,39.3265],[121.4358,39.3326],[121.4729,39.4028],[121.4394,39.429],[121.4345,39.3859],[121.3992,39.3619],[121.3165,39.3792],[121.3402,39.4171],[121.3631,39.4244],[121.3649,39.4465],[121.3265,39.4296],[121.3354,39.4199],[121.3062,39.3949],[121.2912,39.4062],[121.2754,39.3792],[121.2447,39.3889],[121.2716,39.4265],[121.2455,39.4539],[121.359,39.5076],[121.4016,39.4848],[121.4781,39.5297],[121.4055,39.5016],[121.3575,39.5217],[121.2979,39.4888],[121.2724,39.5144],[121.2637,39.485],[121.2241,39.4849],[121.2296,39.5551],[121.2551,39.5778],[121.2832,39.5783],[121.2994,39.602],[121.3166,39.5937],[121.4444,39.6172],[121.4594,39.6359],[121.4437,39.6478],[121.485,39.6594],[121.5149,39.6461],[121.5344,39.5906],[121.5574,39.599],[121.5366,39.6029],[121.5201,39.6458],[121.4916,39.6627],[121.51,39.669],[121.501,39.7084],[121.455,39.7424],[121.4903,39.7679],[121.473,39.8098],[121.4949,39.8129],[121.5355,39.8659],[121.6089,39.8664],[121.6948,39.9336],[121.7378,39.9125],[121.7795,39.9357],[121.8121,39.9691],[121.7918,39.9641],[121.788,39.9783],[121.8228,40.0034],[121.7627,39.9913],[121.8311,40.0259],[121.8225,40.0337],[121.8817,40.0367],[121.9569,40.1185],[122.0026,40.131],[122.0041,40.1771],[121.9553,40.201],[122.0199,40.2008],[122.0233,40.1892],[122.1003,40.2364],[122.0469,40.2377],[122.095,40.2467],[122.1005,40.2834],[122.0723,40.3177],[122.0374,40.3044],[122.0389,40.3162],[122.0759,40.3301],[122.106,40.3087],[122.1377,40.334],[122.111,40.3635],[122.1333,40.3641],[122.1606,40.3363],[122.1507,40.3523],[122.1738,40.3496],[122.1938,40.3623],[122.1856,40.3778],[122.2055,40.378],[122.2,40.4188],[122.2276,40.4201],[122.2528,40.4453],[122.2179,40.4612],[122.2199,40.4849],[122.2406,40.4855],[122.2295,40.5041],[122.2482,40.5166],[122.1303,40.6156],[122.1643,40.6617],[122.1585,40.6793],[122.0542,40.6582],[122.048,40.6765],[121.9757,40.7043],[122.0016,40.7349],[121.9871,40.7421],[121.9695,40.7216],[121.9566,40.7548],[121.9623,40.6828],[121.9404,40.7527],[121.9527,40.8012],[121.8691,40.8156],[121.8503,40.8346],[121.8213,40.954],[121.8487,40.9794],[121.7994,40.9592],[121.7628,40.8833],[121.7366,40.886],[121.7354,40.8993],[121.7099,40.8853],[121.7514,40.8765],[121.7252,40.8467],[121.6869,40.8471],[121.6843,40.8723],[121.6783,40.8309],[121.6682,40.8472],[121.6676,40.8313],[121.645,40.8306],[121.6431,40.8528],[121.6308,40.8337],[121.631,40.8493],[121.6073,40.8615],[121.5579,40.8409],[121.5548,40.872],[121.5318,40.8328],[121.5075,40.8425],[121.5227,40.8652],[121.502,40.8878],[121.434,40.8838],[121.4253,40.9029],[121.4293,40.8334],[121.3021,40.8481],[121.2559,40.9144],[121.243,40.9061],[121.2516,40.8895],[121.234,40.8889],[121.2334,40.8519],[121.1951,40.8595],[121.2217,40.8879],[121.1847,40.8881],[121.1736,40.9047],[121.1602,40.8984],[121.1758,40.8946],[121.1669,40.8767],[121.0772,40.8665],[121.0859,40.8396],[121.059,40.824],[121.0725,40.8076],[121.0543,40.8086],[121.0597,40.7985],[121.034,40.8078],[121.0337,40.7934],[121.0069,40.7851],[121.0079,40.8227],[120.9749,40.8212],[120.9595,40.8028],[120.9765,40.7867],[120.9539,40.7722],[120.9689,40.7703],[120.9691,40.7432],[120.9304,40.7469],[120.985,40.735],[121.0122,40.7439],[121.0094,40.7275],[121.0355,40.7249],[121.0315,40.7116],[120.9931,40.7175],[120.94,40.6927],[120.8283,40.6771],[120.825,40.6433],[120.7597,40.5658],[120.6972,40.5415],[120.6903,40.531],[120.7118,40.5145],[120.6712,40.5122],[120.6575,40.4818],[120.625,40.4861],[120.5941,40.4692],[120.6152,40.452],[120.5944,40.4544],[120.6099,40.4153],[120.599,40.4032],[120.579,40.4138],[120.5689,40.393],[120.595,40.377],[120.4978,40.325],[120.5156,40.2635],[120.484,40.2619],[120.5162,40.2571],[120.4969,40.2331],[120.4435,40.1961],[120.3143,40.1861],[120.2182,40.1321],[119.9431,40.0552],[119.9048,40.019],[119.9138,39.9997],[119.848,39.9898],[119.836,40.005],[119.8488,40.0318],[119.8111,40.0516],[119.7893,40.0385],[119.765,40.0475],[119.7529,40.0668],[119.7616,40.0831],[119.7282,40.1044],[119.7568,40.1412],[119.7374,40.2059],[119.7087,40.1951],[119.6641,40.2381],[119.6174,40.2253],[119.646,40.2712],[119.5858,40.3421],[119.5975,40.3627],[119.573,40.3763],[119.5889,40.3917],[119.5821,40.4357],[119.595,40.4492],[119.5416,40.5094],[119.5639,40.5332],[119.5273,40.5526],[119.4975,40.5526],[119.477,40.5304],[119.4326,40.5421],[119.3866,40.5247],[119.3757,40.5475],[119.3378,40.5299],[119.2544,40.5366],[119.2146,40.5696],[119.2357,40.5999],[119.1513,40.6024],[119.1381,40.6321],[119.1763,40.6617],[119.1745,40.6852],[119.1563,40.6941],[119.0992,40.6623],[119.0721,40.6763],[119.0483,40.6635],[119.0427,40.6797],[118.9544,40.719],[118.9433,40.7464],[118.8897,40.7523],[118.9038,40.7759],[118.843,40.7995],[118.85,40.8389],[118.8797,40.872],[118.8961,40.9594],[118.9662,40.9575],[119.0152,40.988],[119.0158,41.0049],[118.9458,41.0161],[118.9322,41.0514],[118.9586,41.0776],[119.0253,41.0607],[119.0399,41.0766],[119.067,41.0736],[119.0738,41.1335],[119.1306,41.1405],[119.1918,41.1901],[119.1628,41.213],[119.2075,41.226],[119.2028,41.2423],[119.2362,41.2656],[119.2368,41.3177],[119.2895,41.323],[119.3076,41.3463],[119.3145,41.3291],[119.3252,41.3356],[119.3139,41.3625],[119.3241,41.3855],[119.3055,41.3986],[119.3687,41.4189],[119.3651,41.4489],[119.3997,41.4794],[119.3983,41.5079],[119.3762,41.5201],[119.3551,41.5636],[119.4078,41.5598],[119.4132,41.5801],[119.3066,41.6379],[119.2933,41.7078],[119.3128,41.7272],[119.294,41.7407],[119.3112,41.7619],[119.2834,41.7829],[119.3287,41.867],[119.319,41.969],[119.3675,42.0197],[119.3773,42.0879],[119.342,42.1168],[119.3039,42.1199],[119.3014,42.1455],[119.2317,42.1988],[119.2769,42.2622],[119.3423,42.2995],[119.4271,42.3151],[119.4814,42.3484],[119.4959,42.3868],[119.566,42.3575],[119.5328,42.2925],[119.5652,42.2959],[119.5672,42.2786],[119.6025,42.2752],[119.6117,42.2494],[119.7363,42.2126],[119.8401,42.2091],[119.856,42.1778],[119.8262,42.1398],[119.8359,42.0992],[119.8718,42.0719],[119.8944,42.0182],[119.9506,41.9742],[119.9499,41.9196],[119.9872,41.8971],[120.0071,41.8306],[120.0201,41.8153],[120.043,41.8253],[120.0261,41.7789],[120.046,41.7732],[120.019,41.7372],[120.0297,41.7056],[120.0946,41.6961],[120.1332,41.7282],[120.1229,41.7704],[120.1795,41.8217],[120.183,41.8444],[120.2459,41.8816],[120.2908,41.8875],[120.2547,41.9019],[120.2665,41.9234],[120.2754,41.9142],[120.2846,41.9164],[120.275,41.9234],[120.2904,41.9345],[120.3008,41.9238],[120.3046,41.95],[120.3646,41.9912],[120.4156,41.9833],[120.4102,41.9956],[120.4503,42.0127],[120.4449,42.0546],[120.4861,42.0666],[120.4776,42.0831],[120.4931,42.0899],[120.4626,42.1023],[120.4858,42.1175],[120.5537,42.1392],[120.5791,42.163],[120.6082,42.154],[120.6478,42.1653],[120.7201,42.1986],[120.7325,42.2212],[120.7874,42.2169],[120.7974,42.2335],[120.8212,42.2239],[120.8243,42.2505],[120.8827,42.2402],[120.8823,42.2696],[120.9486,42.275],[121.0053,42.2586],[121.0164,42.241],[121.0425,42.2576],[121.0635,42.2504],[121.0815,42.2761],[121.1426,42.2987],[121.2131,42.3697],[121.279,42.3855],[121.3057,42.4381],[121.344,42.4578],[121.3793,42.4497],[121.3799,42.4716],[121.41,42.4838],[121.4346,42.4727],[121.4731,42.4941],[121.499,42.4802],[121.5635,42.4845],[121.6015,42.5144],[121.5984,42.4938],[121.6327,42.4784],[121.6513,42.441],[121.6965,42.4374],[121.746,42.4872],[121.7971,42.5118],[121.7983,42.498],[121.8112,42.5019],[121.823,42.5361],[121.8661,42.5281],[121.8646,42.559],[121.8805,42.553],[121.9011,42.5702],[121.892,42.5927],[121.9124,42.5867],[121.8965,42.6213],[121.914,42.6271],[121.8969,42.6337],[121.9361,42.6631],[121.9314,42.6861],[121.956,42.6829],[121.9557,42.697],[121.9807,42.6894],[121.985,42.7031],[122.0186,42.7003],[122.0514,42.7201],[122.1376,42.6854],[122.1919,42.6888],[122.1907,42.6767],[122.1995,42.7304],[122.3323,42.6679],[122.3893,42.6814],[122.3941,42.7096],[122.455,42.7529],[122.452,42.7711],[122.3667,42.7735],[122.3444,42.8235],[122.4142,42.8402],[122.5585,42.8238],[122.5754,42.7879],[122.6198,42.7711],[122.7258,42.7847],[122.8483,42.705],[122.8819,42.768],[122.9234,42.77],[122.9405,42.7516],[122.9764,42.7758],[123.0544,42.767],[123.1813,42.823],[123.2159,42.823],[123.1647,42.8497],[123.1816,42.8863],[123.178,42.9231],[123.2528,42.9908],[123.4656,43.0402],[123.5087,43.0248],[123.5207,43.0046],[123.5821,43.0146],[123.5753,43.0342],[123.6054,43.0462],[123.597,43.0613],[123.6255,43.0869],[123.6422,43.1715],[123.6645,43.1815],[123.6404,43.207],[123.671,43.2221],[123.6588,43.2623],[123.6996,43.2718],[123.6899,43.2919],[123.7149,43.3134],[123.6967,43.324],[123.709,43.3317],[123.6912,43.3769],[123.7035,43.4139],[123.7362,43.4331],[123.7531,43.4762],[123.7993,43.4805]],[[124.7247,40.325],[124.724,40.318],[124.7274,40.3264],[124.7247,40.325]],[[124.6863,40.307],[124.6726,40.302],[124.6721,40.3016],[124.6863,40.307]],[[124.6689,40.3025],[124.641,40.3006],[124.6252,40.2914],[124.6438,40.2932],[124.6689,40.3025]],[[124.5826,40.2647],[124.5807,40.2529],[124.5851,40.2638],[124.5826,40.2647]],[[124.5807,40.2518],[124.5486,40.2379],[124.5504,40.2221],[124.5813,40.2357],[124.5807,40.2518]],[[124.5444,40.2208],[124.5219,40.2295],[124.5027,40.2021],[124.5444,40.2208]],[[124.5634,40.2494],[124.5726,40.2563],[124.5581,40.2478],[124.5634,40.2494]],[[124.456,40.1726],[124.4597,40.1736],[124.4595,40.1739],[124.456,40.1726]],[[124.4496,40.158],[124.4507,40.1562],[124.4529,40.1597],[124.4496,40.158]],[[124.4417,40.1524],[124.4358,40.1502],[124.436,40.1466],[124.4417,40.1524]],[[124.3574,40.0792],[124.3425,40.0483],[124.3654,40.0416],[124.3574,40.0792]],[[124.3682,40.0681],[124.3761,40.0658],[124.3722,40.0736],[124.3682,40.0681]],[[124.3452,39.9878],[124.2833,39.9613],[124.2941,39.9438],[124.2822,39.9305],[124.3398,39.9609],[124.3452,39.9878]],[[124.3246,39.9452],[124.3251,39.939],[124.3305,39.943],[124.3246,39.9452]],[[124.2971,39.9219],[124.3021,39.9136],[124.3113,39.9275],[124.2971,39.9219]],[[124.3372,39.8484],[124.3492,39.8436],[124.3374,39.851],[124.3372,39.8484]]]]}},{"type":"Feature","properties":{"name":"吉林省","adcode":"220000","region_code":"220000","population":24073453,"elderly_65plus":3757224,"aging_rate":0.1561,"youth_rate":0.1171,"source_year":"2020","source_name":"第七次全国人口普查（省市分年龄性别）","license":"普查数据，来源标注 required"},"geometry":{"type":"Polygon","coordinates":[[[123.90309340503677,46.297443084630686],[123.89018853027665,46.26461670040044],[123.90048585493844,46.25636486484677],[123.91269834974923,46.254204390220536],[123.92969876498603,46.28539572962927],[123.96281523003904,46.27570122503158],[123.94603889977543,46.250310404901256],[123.97662580034046,46.22288334519027],[123.95075622521983,46.20095889533678],[123.97010555003123,46.18180919483859],[123.96657089962753,46.160947140198516],[124.00274689964976,46.16171604525937],[123.98366527513235,46.137737370283446],[124.0107226703152,46.11744281033748],[123.98544958043385,46.097255224749006],[124.01054124468283,46.085989010084916],[123.99659510518006,46.06005121958816],[124.03121082462008,46.03379719958127],[124.02949682471876,46.01514590515944],[123.98268053008258,46.01595206013957],[124.01551235970771,45.98802642977603],[123.97249964963919,45.977965775200516],[123.95970906971797,45.939825314986365],[123.99794653530444,45.901348924713204],[124.05225960010068,45.88767832039832],[124.06239380033367,45.862966814866695],[124.06262345480866,45.838039224730494],[124.0263602052595,45.831605789575576],[124.05887568036837,45.79573446457397],[123.99427564480538,45.767830724608416],[124.01378350480513,45.74552113019604],[124.05139327957625,45.74877569034595],[124.09092668531832,45.720054200441155],[124.09511592525996,45.698852214658075],[124.13092703525467,45.686556750193915],[124.11519295539063,45.66509020544879],[124.14456865531929,45.65835957493448],[124.13052880016403,45.63054625460603],[124.14416674020299,45.617972469753795],[124.17495171464998,45.61216916527485],[124.22695485008649,45.63100690984106],[124.21961055997951,45.59633281540715],[124.26635979486866,45.58796232959793],[124.25408848529537,45.55855226477536],[124.27590852026208,45.53958453040178],[124.35479060470266,45.54079006980595],[124.36279278036261,45.51414535012782],[124.34478504529363,45.48901992982604],[124.39376119042663,45.437727620333476],[124.468607554595,45.45594134511714],[124.5012558352887,45.422538425308176],[124.54469918032294,45.40912626456543],[124.57823065462105,45.427168824981266],[124.5732782499914,45.45095306023563],[124.63927325455711,45.433550809922],[124.6856760148363,45.45019691025925],[124.72878703969025,45.442218324716066],[124.76199129476254,45.46765598513571],[124.77487031041665,45.46346749972548],[124.77470574977065,45.43552464015016],[124.82688618025304,45.4538661253215],[124.87546623967523,45.43527778973839],[124.88693625960093,45.44723242014027],[124.87585027986654,45.490295844777506],[124.91461893001963,45.53987433962925],[124.94635711029252,45.494363119562365],[125.02610115534412,45.48766531969886],[125.04395972526117,45.42585515469176],[125.08527722496399,45.419358675262686],[125.05931864034301,45.39340488492769],[125.06804972011855,45.37822865992479],[125.13723826493413,45.40951580501053],[125.18020835972811,45.39624636038138],[125.25151308036459,45.41749441033892],[125.2985861053645,45.399345354904256],[125.31248436046508,45.419939315347165],[125.35448507512615,45.388675444716114],[125.42529934508889,45.45353180055224],[125.41474314518018,45.48590758037051],[125.47326978467288,45.485716030170636],[125.49062839988085,45.46526925996852],[125.58176984999875,45.48967895032342],[125.62583189532575,45.52114033006234],[125.69917707965851,45.50085487485268],[125.67966900472084,45.488989070489254],[125.70271686519129,45.48255499501704],[125.68974342971569,45.46232726009515],[125.70725081976957,45.458264730133294],[125.68911125038403,45.44903755014286],[125.71131866022802,45.40165104036333],[125.68831990004344,45.35135322996774],[125.71852900530939,45.336015295169716],[125.70831017977116,45.32308384544325],[125.72565820995862,45.321481410039155],[125.75019452036088,45.28062429037885],[125.78063922462059,45.286966090013095],[125.77093236963321,45.27089617541833],[125.80810558020858,45.267199495060765],[125.81362473039712,45.236237915347544],[125.8594335154445,45.22959905974898],[125.90771490461918,45.19461811483421],[125.98229353521867,45.19331775990679],[125.9649627351422,45.173998805200824],[125.99421975963435,45.17724383523483],[125.98972870991213,45.16065677988655],[126.04053984523773,45.1695845647759],[126.10445685020363,45.13985023050378],[126.11239477020251,45.149428200051545],[126.16162192511183,45.13072958510236],[126.19671106476392,45.15118545554452],[126.22946519476307,45.13771529482506],[126.25624603043002,45.148980680314196],[126.25815588018975,45.166583595456586],[126.28577458542884,45.16290136540579],[126.27414874986493,45.17038206557993],[126.28673197490093,45.18982111485258],[126.29835091536256,45.175579340314414],[126.3326804948091,45.19070823040056],[126.350070210372,45.18292641472232],[126.41279883499828,45.23036266510496],[126.43124346971047,45.22068443553843],[126.56317411998987,45.250107105258735],[126.64041125987194,45.221559859899685],[126.65630182536916,45.19379955550505],[126.7570471796837,45.17448242012773],[126.7872275597042,45.132660155242036],[126.82002612970234,45.14553202038661],[126.83106106481648,45.13009592998321],[126.95523150473025,45.135944205061094],[126.95005980491612,45.11986869038793],[126.97417810503566,45.105464300437234],[126.96262976495177,45.07188210977159],[127.04348867975898,45.00414695032157],[127.03157098990937,44.990051615090124],[127.05131409007322,44.98842468035474],[127.08681856992109,44.94518423046793],[127.06619132017352,44.90432365471298],[127.00498445007236,44.88832944504804],[126.97822624044886,44.82294305487818],[126.99145397542077,44.762865950003686],[127.03401843999916,44.71459054491777],[127.02351547995556,44.67377337494139],[127.03593169998817,44.61056899995947],[127.02096437040939,44.598687325260016],[127.0428552746514,44.56441519990159],[127.08275044527693,44.59140160529989],[127.08827855990774,44.61354948542055],[127.13121635015466,44.605496440508375],[127.16541002495273,44.64067983540616],[127.20413895474906,44.64604086499406],[127.22442058963861,44.63877611002954],[127.2087481996698,44.622107614774734],[127.25594197484236,44.61078549555424],[127.2708511200832,44.638605319779856],[127.39438811981609,44.6323040355029],[127.55191447017683,44.57143932506483],[127.56477787000279,44.548950430118396],[127.53078199029665,44.52072759540238],[127.47914619014477,44.526495054703105],[127.45918217961412,44.514317004825955],[127.469007274766,44.49653961041486],[127.45771069988905,44.4789890798823],[127.50180432490981,44.43629795029034],[127.47722806032675,44.399531625384384],[127.61603766990265,44.28018707527349],[127.61779851458994,44.25310857480099],[127.58453253544826,44.22587033494807],[127.61990124015017,44.18627045491769],[127.63552019959764,44.19167353500569],[127.67515258472406,44.16471709501798],[127.71350506460715,44.20014670001035],[127.72267679509821,44.096967290108466],[127.77751849488277,44.06957365010396],[127.80189266471473,44.08439453048328],[127.83934470469444,44.08012755494269],[127.85840123003277,44.06017717004039],[127.90677428980166,44.06268807539442],[128.09557360024166,44.13279032511355],[128.05378869499236,44.16701607513181],[128.08592248523462,44.17919183983156],[128.08407865470633,44.212418034764596],[128.09856235047232,44.212575919743074],[128.0858038700526,44.24561934006056],[128.0571420546621,44.25822485479324],[128.09508557503943,44.29115350003411],[128.0583910250259,44.30515756486989],[128.05781095960833,44.339309830384536],[128.0438633047478,44.34817609535065],[128.06619625005703,44.372578535371304],[128.09021007503497,44.35194985480206],[128.1406899747626,44.355214509841915],[128.16143184490375,44.341920699880404],[128.21686793001118,44.44114872973017],[128.24790087002918,44.44461890503851],[128.36636426979544,44.51204423994977],[128.45546026497948,44.43216461040862],[128.45041907028406,44.40822250996098],[128.47522730509627,44.3735077697678],[128.468850934623,44.34368813479972],[128.43995643044502,44.337402614739005],[128.46887525498914,44.3084998952541],[128.44723113011264,44.25614119486045],[128.46400489011364,44.23832985014258],[128.4436195454058,44.20167540989223],[128.45907220491847,44.194405415477604],[128.46542074047488,44.158623670146255],[128.5685633851923,44.0454551953012],[128.5797812397126,43.98625099488754],[128.63414702546493,43.94541360545361],[128.63034467027035,43.88910642981807],[128.6908677048807,43.90081689518365],[128.75255208980718,43.859516934958776],[128.71259771501275,43.81591153478951],[128.7610807348882,43.756268560545664],[128.72108495530665,43.7382370105297],[128.77886037040992,43.71185315539884],[128.82860735504562,43.58494656503211],[128.87592196043033,43.53879746033459],[128.93834243505535,43.55334080993049],[129.0066929304345,43.52048674546705],[129.21803185488636,43.5850763300088],[129.22536494483643,43.632532830425816],[129.20737728983022,43.69291681006274],[129.2253995498495,43.70680746049601],[129.20980470482345,43.72298362009809],[129.20434023521386,43.78001790030589],[129.24802756002407,43.81704891997185],[129.28356628965275,43.794448869719645],[129.30249605464928,43.80983014554488],[129.35021415975586,43.79612216540562],[129.3996801098492,43.81680482508267],[129.40569083486434,43.84014958503536],[129.43228942471728,43.8423974602747],[129.46125031505017,43.87205946027598],[129.7287811598228,43.87698137519038],[129.7326079648858,43.893329895258546],[129.77902974043025,43.899345175339704],[129.7705063653765,43.925819739689416],[129.78712010001277,43.938026295377256],[129.7754161646244,43.960616495355055],[129.8039526199176,43.96507172058347],[129.8614110248991,44.010329054842146],[129.87364501530544,43.997899104859926],[129.93180125012782,44.02571122998944],[129.99300766966826,43.9965290353868],[129.98181559511363,43.9799910047812],[130.01834813046196,43.941185615523864],[130.00239859461954,43.890654004778526],[130.0141279097753,43.859372135116075],[130.072232760034,43.8347235101819],[130.10217690524007,43.84814587553177],[130.10975328968277,43.87165760001835],[130.13671797015843,43.87647289041166],[130.1467177945906,43.91290038044832],[130.18242492047386,43.93842700540205],[130.2490226947416,43.945360264864405],[130.2652661847867,43.978972400256225],[130.29925087512788,44.00000000029996],[130.3117720550365,44.03701101994278],[130.3458413652869,44.0479008800217],[130.3589333296095,44.04016515999433],[130.35647267027753,43.989692464735526],[130.32922256476968,43.956406554818784],[130.37604416540614,43.90359967548477],[130.35878017506514,43.88649262493482],[130.3789936997996,43.85135016987448],[130.35537787968553,43.84031403506475],[130.37236001530255,43.82307694974156],[130.37253580038703,43.778865599867686],[130.41641341544687,43.74098938025577],[130.3868478596412,43.699653510101484],[130.40596190022154,43.649394730282665],[130.48166075513984,43.65282815479554],[130.4988989052605,43.63400823479236],[130.58229535524663,43.61138123005969],[130.61709849519957,43.62177958995625],[130.62029691966723,43.583147855289326],[130.6600202154607,43.58127967471734],[130.66491130970928,43.56350478042134],[130.7210291546719,43.55745253011031],[130.767521359723,43.521240800023065],[130.78551870492436,43.52503610543204],[130.85432514039303,43.435724000462244],[130.900462800318,43.43203004505068],[130.9376427800904,43.47405813507504],[130.99392899522718,43.50563881527927],[131.01945737026153,43.506008245084615],[131.13471566989233,43.422993405321506],[131.19349380029882,43.439476605161246],[131.22835179979586,43.47316706970457],[131.28498983960947,43.46670176977091],[131.2988841403909,43.47695694051055],[131.29105722011468,43.494579340364396],[131.30818377516118,43.49352190491214],[131.29120510013547,43.43669552997477],[131.3038028699067,43.394702970365984],[131.2654096750167,43.36730783029219],[131.2464130400299,43.26552586972309],[131.19162275538588,43.21573470049617],[131.21317684463577,43.18327856985019],[131.20582023471616,43.13594884056664],[131.1604282854372,43.09815554024607],[131.16282786011766,43.06896071556474],[131.11203686510942,43.06316174491866],[131.08824107986197,43.02216901019182],[131.11443643529344,42.96697879523526],[131.14523098032555,42.960979860332316],[131.13663250468653,42.93538439497394],[131.09843927495263,42.912388474848285],[131.0260521051207,42.92558613469237],[131.01085480000916,42.903590034952344],[131.0274344404471,42.861254189729266],[130.97059838970415,42.857016415175565],[130.93047426517523,42.872599210185456],[130.8858428752486,42.85178151550468],[130.82726186004686,42.87995026049617],[130.79984095529596,42.87596176542331],[130.76718515537084,42.834331850234776],[130.7146214796976,42.82930874989893],[130.67261907521026,42.84608749034555],[130.59119282488905,42.810151600316146],[130.55753989984657,42.81214584515476],[130.39924650961882,42.728138175436584],[130.456082560362,42.683516890292424],[130.52662906527917,42.697476620349846],[130.58870001479386,42.663325135446655],[130.6275878404067,42.58854085507659],[130.61091954030462,42.54936849476036],[130.56366957459124,42.55215926014182],[130.56792933037434,42.499693485565956],[130.5970777302532,42.48684439485311],[130.5971543596861,42.4423026502472],[130.63998465486804,42.42281486041753],[130.6363699845873,42.41700965027525],[130.56338076541022,42.440641515193875],[130.56605496516465,42.48445588992752],[130.54882908989066,42.492738090190926],[130.50840708471935,42.58259587499981],[130.5170204603263,42.61152511998853],[130.47626120039422,42.6125393151375],[130.46457456526412,42.59365803978682],[130.48006407989362,42.56211185038177],[130.43651693510867,42.54654422513619],[130.41299055527008,42.57289973543459],[130.4305793447611,42.6063278902202],[130.37618914511313,42.60008979051156],[130.30615267990254,42.659661270451465],[130.28454426530573,42.70099919016059],[130.24982399967791,42.70765908989523],[130.2319974753034,42.73646240551585],[130.2419622297732,42.76677232478306],[130.22431143022857,42.7905497404783],[130.24168041012285,42.85236852548735],[130.26689809007496,42.87580884470259],[130.26112884022393,42.90405582981282],[130.10766082538692,42.91228378476893],[130.10204582995118,42.92647622519769],[130.13342072009027,42.935609880191976],[130.1150402097379,42.953733625106736],[130.14628264502812,42.97205272525309],[130.12398502508893,42.98627466524374],[130.01966041039964,42.96395640496422],[129.95504734455938,42.977904129971705],[129.95485264043703,43.00789517482252],[129.89608710503603,43.00340794991706],[129.87797385520935,42.98246057029917],[129.9164028898815,42.97530408021913],[129.85164339013056,42.961535219574785],[129.86929072998328,42.91912277999239],[129.84381133022873,42.92097228524284],[129.83736147974855,42.86571910515261],[129.8125509102963,42.849725169780925],[129.80143658033398,42.814830809794216],[129.808718929635,42.79062561537984],[129.7607097454586,42.726402920058774],[129.77319958489295,42.691992094959346],[129.80379918028802,42.67894116490288],[129.77420591996724,42.67201762531323],[129.78407750467318,42.64246624552095],[129.7648519850311,42.655263984945066],[129.74732340964772,42.647195879985986],[129.76658627004053,42.6325217653673],[129.75443263495822,42.61545427509486],[129.77915805030398,42.60506689502125],[129.73667107041376,42.576112004965125],[129.74450905504898,42.467284609796934],[129.7051456400593,42.427353254948855],[129.64639406483445,42.424966904798794],[129.60989415958795,42.46193721483064],[129.5842777301333,42.447024060412105],[129.60842969547423,42.442756510204845],[129.59600789964497,42.41292445020332],[129.57388289467997,42.41076622478147],[129.5580696798719,42.38846733050303],[129.56982174967402,42.380160424963776],[129.54569338973818,42.36022998972243],[129.44677131014794,42.44138748484471],[129.4193974696176,42.43260811507258],[129.3959391046062,42.451450484852046],[129.38185162045602,42.42286858501723],[129.3554393152723,42.42904012050525],[129.36844038961237,42.451156500072614],[129.35141393000902,42.454382625457924],[129.33545844964783,42.43950171982857],[129.35571646024664,42.4226800250633],[129.33991975968922,42.4166336850966],[129.35087311010614,42.40699721015329],[129.33303407975905,42.414216964841216],[129.3311456554477,42.43164507516025],[129.30874813521848,42.42373695509656],[129.3009921399754,42.402894985015735],[129.31961857983367,42.38444738523873],[129.24289375494288,42.37962969995067],[129.22388687487944,42.35170068004254],[129.25658876505963,42.33031622001772],[129.25022034998926,42.32005547977661],[129.19286622499635,42.314713205550106],[129.23632280535332,42.308116515564905],[129.20114257966645,42.28566261503772],[129.22541752999518,42.28184438501046],[129.21759435989202,42.26559500980204],[129.17638605047603,42.259630140318905],[129.17590442484936,42.2370444054751],[129.20184093471153,42.242417405039305],[129.19672149989742,42.224079345385576],[129.22116853010368,42.20431360478915],[129.18878572028484,42.20307534535107],[129.1892903901395,42.18948995539728],[129.15837183489248,42.18362515527684],[129.16592358510547,42.16387398999274],[129.12682134043257,42.16007558012399],[129.11345885464254,42.1386459048847],[129.06811115470623,42.15674476016261],[129.07137937016182,42.138088815346634],[129.03977801544318,42.13304223551086],[129.03459001541705,42.10560006988737],[129.003358505091,42.089142669798434],[128.96226430975014,42.093725140103174],[128.9456873699762,42.07829057045359],[128.95872038463824,42.05524303014181],[128.94696259514774,42.02522156032683],[128.9132423504542,42.009717949723665],[128.8116148052792,42.0414692699909],[128.77004900995405,42.03163867548466],[128.74494674539608,42.05129916482463],[128.67764007962614,42.0118310705476],[128.6306642749364,42.0371122048644],[128.60362911009543,42.03183364041024],[128.56401910459817,41.99722302552226],[128.48751427546358,42.000463420450615],[128.45671019491965,42.01804339478696],[128.28463769987002,42.02411251458108],[128.08984073516194,42.01870541542263],[128.02786586471802,41.997828594813825],[128.09950381025283,41.945954180241415],[128.1044725897383,41.79462082499123],[128.13496717039868,41.77825305043808],[128.1609559047913,41.71271268014624],[128.26362002474457,41.665465290091106],[128.28416854963893,41.62623274534508],[128.29768583033695,41.627693184992665],[128.28741436478117,41.609692874726534],[128.3109068896414,41.59962843490433],[128.31163417497726,41.57152861035712],[128.28583885957573,41.55165754026342],[128.29622418020176,41.53740790475115],[128.23081980988638,41.49165564479222],[128.22792012041725,41.45457627487531],[128.23983089537967,41.447872099717756],[128.21465516970034,41.43842385467718],[128.20197386999814,41.40893923965422],[128.16579602996296,41.40277081042461],[128.1093168302076,41.361080155025206],[128.08387052460512,41.37240384536136],[128.10251001542508,41.38354302988711],[128.09690128016996,41.39666216542662],[128.07497955975896,41.37676657981399],[128.06583216492254,41.39253448497868],[128.03078294527677,41.39238313987016],[128.03958411011877,41.415295834934966],[128.01734291004732,41.409219335304215],[127.99697884959437,41.42834377474554],[128.00925306487727,41.445013059605174],[127.97818787517042,41.41485312477204],[127.97574309966444,41.43078080529],[127.94211864985596,41.43731770474835],[127.93237679505307,41.45653458460356],[127.90537273956045,41.42688672014606],[127.8727838446988,41.444279339619925],[127.86499873030732,41.40130592992489],[127.84502041965686,41.42015483507765],[127.82749096473628,41.40461507532558],[127.79863211957672,41.42182046044593],[127.78735972477159,41.40453664455066],[127.77664490513837,41.42440664984707],[127.66809956524287,41.41210867537524],[127.65240411036143,41.426854334659936],[127.6499698650174,41.40349410996521],[127.61286811007528,41.430522305060435],[127.55685055031267,41.43145648482897],[127.5398896800649,41.474881384768196],[127.47597391526403,41.46827113480515],[127.46580801033144,41.48078560037527],[127.46154647479011,41.4612373347353],[127.41030866960944,41.455728759674685],[127.39297454473967,41.47879468482694],[127.35617191959852,41.47731590980152],[127.34763095470498,41.46033370044006],[127.28950691471255,41.48339200473731],[127.2535092052857,41.47800163027108],[127.2812761250932,41.49844345510144],[127.27758938494219,41.51043812511955],[127.24088078482043,41.49730691977868],[127.2277420701405,41.506928570297475],[127.23485147981216,41.5189342399234],[127.20934251484528,41.517435574592184],[127.20666357026766,41.53131705463852],[127.17390827025065,41.52445231991862],[127.15920518487155,41.53978005010936],[127.14039903528726,41.52406862956377],[127.1368811851188,41.53891304520096],[127.09772341000746,41.54318078966185],[127.14278312004501,41.584475440289395],[127.17840359984632,41.59291065480289],[127.12349310012667,41.59784653978613],[127.11765809544477,41.622565245289934],[127.08553429037522,41.62461948030494],[127.1029224204334,41.64162891034607],[127.03137255000331,41.67010862471335],[127.04309891538287,41.69126658958146],[127.07672347041205,41.698198785145905],[127.05022513967867,41.701307194671415],[127.04850369518942,41.740106564766336],[127.00160615490017,41.74378293483477],[127.00295931532037,41.7602884846259],[126.97238406996905,41.77454520499725],[126.93094741459174,41.7713492950341],[126.94712227017669,41.79867777016301],[126.92596529456284,41.81024494474849],[126.86202334959796,41.771570709920354],[126.83562278506349,41.71993557976333],[126.80428853978435,41.74649332960365],[126.79491123956211,41.692399720071194],[126.6972207104676,41.746914894906695],[126.6905726053418,41.73452172000151],[126.73522340533623,41.71551577523314],[126.68662198971322,41.678369645043176],[126.69618648022197,41.66375681022885],[126.6539687501579,41.650240079916045],[126.61055413036888,41.66273304989045],[126.61728710991247,41.6426887352971],[126.59506100046497,41.61460569479709],[126.56696796489996,41.609219264757485],[126.59372602523615,41.566186925186685],[126.58779834002155,41.548129089785846],[126.56970239494979,41.538641514694405],[126.55805876989643,41.48345052002577],[126.50627459959333,41.43406153031549],[126.53267271527363,41.35674805058221],[126.47474008518691,41.3459724349799],[126.50962637465761,41.362649179716016],[126.49039029517621,41.371877679911165],[126.43132798529848,41.3507696355104],[126.43222915545118,41.32976837481067],[126.40541937960086,41.32857568042334],[126.36228619005578,41.281343335126905],[126.35496792003357,41.24468881483699],[126.31702989991015,41.2284794702515],[126.30473103960594,41.189181100527435],[126.28332093541292,41.18697835506708],[126.28221678018042,41.16053033510701],[126.2358567502888,41.14559975002851],[126.16462577495963,41.0921891297246],[126.11783067464603,41.088899770308274],[126.10899972965387,41.07159989521915],[126.13046902002941,41.055406115200185],[126.11858331546773,41.03257316481984],[126.09573587970715,41.03344177501799],[126.1013319147363,41.00249877979502],[126.06404173024168,40.99633615029319],[126.07567440514981,40.97455510543392],[126.05145705010284,40.963373124869804],[126.03310989470594,40.92638580506093],[126.00141905474572,40.93221968469078],[125.97378038006059,40.9146541750502],[126.00980027486287,40.91376060506792],[126.02191918981885,40.89837842002822],[125.99402656547375,40.888110085012556],[125.96898003999695,40.90116399002636],[125.96036730470746,40.882206405401405],[125.93283080020149,40.87610229028866],[125.90499880994753,40.88955244468974],[125.9110482498769,40.909407219967534],[125.89698492511445,40.89576550547383],[125.86926209996625,40.904571989805675],[125.85851862973118,40.88310500978861],[125.81246632985733,40.86167888057605],[125.76917787505909,40.890117274692614],[125.7553751900133,40.86718910499343],[125.70572819806341,40.85680894170804],[125.68537693969404,40.89423024043339],[125.65098380965514,40.91490250484691],[125.57439844533212,40.890948120559415],[125.58369875459402,40.92941179531823],[125.6296079750282,40.940015449753275],[125.64395040978377,40.968392715151765],[125.67612774519932,40.97867455978326],[125.67810731040424,41.019689260451],[125.72061146015085,41.0534034554052],[125.7335685099788,41.08468928478271],[125.70775426474756,41.10305801041886],[125.7855350951686,41.165123215064455],[125.73134928983802,41.1775593397918],[125.75243691962828,41.23047966050791],[125.74369498503563,41.24337988487383],[125.69078066999214,41.24376845045373],[125.66978953026273,41.275567620049685],[125.64100925527305,41.26258465535756],[125.61480134530586,41.3152895353839],[125.63204412963296,41.34040213495069],[125.57671384526793,41.36615797011433],[125.57392280469378,41.393532414989124],[125.54262334519137,41.398770019820745],[125.52843602999883,41.426703230569615],[125.53644743989753,41.46580129969021],[125.4876710602714,41.50653593528534],[125.50127806992714,41.5315789848824],[125.47101092961077,41.545566590325905],[125.44416575464595,41.59540803974943],[125.46416634510092,41.6370244147451],[125.44417298969176,41.671621515520656],[125.40555509019543,41.68894220002261],[125.31911782462794,41.66785750472019],[125.30893875991592,41.67710746543719],[125.32781357993292,41.73436801507188],[125.28780346515782,41.82546195490528],[125.29031475542172,41.88407582054282],[125.30124066032829,41.922461530375415],[125.34538990032365,41.92606625505363],[125.28668899470142,41.961527499994304],[125.36076440964996,42.00017415531306],[125.3572272897078,42.014953139875615],[125.41162130517932,42.062760669969066],[125.40586026973574,42.09826931008075],[125.44239133019596,42.09680389538357],[125.48439631034148,42.13363699045482],[125.4517393997537,42.15792891009113],[125.41233842547808,42.15222551039909],[125.36248690544642,42.18034316490531],[125.34903401530767,42.17621801514946],[125.35132377467255,42.14377252528186],[125.299758875272,42.14380099511993],[125.31061802530166,42.19845768547384],[125.27419210008543,42.172177940359745],[125.3066163353758,42.21743981979188],[125.27446001531746,42.228639839856896],[125.28326158485436,42.24484763491051],[125.26974286524126,42.26480344002681],[125.29303871466516,42.287160649944155],[125.25675458015985,42.31083930479025],[125.21527986007754,42.29818362497434],[125.16859143464706,42.30632123493706],[125.16137516033541,42.35343324015196],[125.19762774032802,42.36695862014432],[125.17950864041154,42.379095529635094],[125.19106789466775,42.40560204959502],[125.18078734955668,42.424510444901216],[125.13472768513464,42.44185808478295],[125.14351153982591,42.45662554003678],[125.1297385198169,42.46905381458191],[125.06048570495147,42.50035104016854],[125.08472609523324,42.511344715286555],[125.06074818468119,42.533214409917264],[125.08508279513501,42.56949554967997],[125.0752577296605,42.586289254845326],[125.09089409998285,42.619906760089066],[125.02381057489822,42.6143975851806],[125.00460673521286,42.63018303521909],[125.00858661028394,42.663552434597364],[124.96012724977277,42.67386136501017],[124.98324484996988,42.69309680957019],[124.96217003461948,42.720405190247504],[124.99058368478939,42.74288976035422],[124.9735920451368,42.75082327457454],[124.98732491491307,42.76897477526586],[124.96820487495518,42.8015085102096],[124.92251294961306,42.81775268463883],[124.8947754754081,42.78614722001828],[124.86658478965649,42.787229279807605],[124.84391005970167,42.86567051478244],[124.86567734043706,42.98351340481986],[124.83416351493429,43.02641107541092],[124.88529601040261,43.07231131971179],[124.88543068028173,43.1306358797421],[124.85224072982601,43.11671776491295],[124.79269850033563,43.12030436555415],[124.74352926536335,43.06752923498624],[124.68495255971288,43.05219081005799],[124.65457958987633,42.971640320444465],[124.62949137542671,42.970803020143364],[124.63305238046303,42.95276437987229],[124.53774734986052,42.88364262500721],[124.53318651004963,42.864937509758306],[124.50785340481082,42.87081645531515],[124.46902444522209,42.85281556498643],[124.46647645542419,42.82510594548313],[124.45189832005144,42.82057966032312],[124.43334853031058,42.875593945404376],[124.36030721970258,42.8893217304136],[124.37440568997079,42.91000993531037],[124.42569726022055,42.928285865300495],[124.43541676507175,42.957277185094085],[124.41589888032922,42.97350794973215],[124.36477294991175,42.97016360486657],[124.32734246488303,42.99487277036212],[124.41969595470471,43.073679395387785],[124.27790136485623,43.16356117500834],[124.26774447472792,43.17629318478282],[124.27740168983621,43.227411899939284],[124.22295419528007,43.23260630493718],[124.21065654456402,43.25396787541729],[124.17287314487987,43.23972761533736],[124.10835442511666,43.24472571991612],[124.11099056016644,43.27458915456589],[124.0921271147746,43.278480754883105],[124.09489419021486,43.29175958483711],[124.02661800491705,43.278258365131535],[123.95823297467211,43.338487674866485],[123.8899493897527,43.35923798514506],[123.88686685462176,43.387210015130165],[123.84644038521571,43.40374784968367],[123.86526240513604,43.44837477537561],[123.78655624517467,43.48847394012034],[123.74427729016497,43.46924182035377],[123.73618146540241,43.43313525518795],[123.70368911006449,43.414253805369015],[123.69853870979364,43.368125094597474],[123.60138056046458,43.36462305990648],[123.53929638012391,43.41297884999392],[123.51472462024515,43.39916119033677],[123.48050381020278,43.442929300346975],[123.43553565474679,43.43502713019802],[123.43630708960052,43.417958790066166],[123.41346408030313,43.40743951991806],[123.36950779524864,43.4739384901693],[123.30986501525842,43.489515384727326],[123.32365453962541,43.51652103022144],[123.2983697001016,43.54824697971435],[123.35073332518289,43.565168330154506],[123.44675831524421,43.5433483401539],[123.45457453988331,43.56601642501818],[123.42707666035972,43.57304933475916],[123.41737287475848,43.60976025513173],[123.45237686030396,43.58619926038773],[123.50640631489966,43.59010847032977],[123.50387984048245,43.622557245420694],[123.53226246044426,43.64061473548179],[123.51365923028936,43.705179825188964],[123.47438224014832,43.7380181497179],[123.49127753542996,43.778032670271614],[123.45572385547177,43.82017964977115],[123.46084406010539,43.85700962509418],[123.41433119492888,43.92600788505587],[123.37569763014164,43.950581494840264],[123.37503193037946,43.9724383651386],[123.39296643005684,43.97603567490654],[123.31468471502762,44.04981325507771],[123.32208442045965,44.08161638978464],[123.34056475016325,44.08549963539997],[123.38399525018087,44.16048742515454],[123.29383305025522,44.1929785097505],[123.27091378474347,44.250486755159784],[123.1907906403759,44.342963630167446],[123.1171500404422,44.3620949404293],[123.10819031972767,44.40028373470676],[123.12991238974507,44.40384842516477],[123.13593995006875,44.42615211552777],[123.11825979035723,44.45578846506561],[123.1307735346711,44.459716909707765],[123.11957337970773,44.474873610428915],[123.13135160988895,44.48714024532609],[123.11852461461933,44.50745697985582],[123.03407688504035,44.49701167534863],[122.85818133510065,44.40003550473489],[122.75487343546081,44.36770463526079],[122.66997057518199,44.28383565539133],[122.47696418494922,44.23479688057165],[122.31370095493526,44.230783979697094],[122.26575585464911,44.253620870007296],[122.28598506985531,44.30822942504801],[122.28043842469367,44.47579215008784],[122.22242647530163,44.47818249052966],[122.19991340477986,44.551164255226354],[122.12573394996195,44.57543245524374],[122.09706814517881,44.67185778480899],[122.11144703485297,44.700057960206834],[122.15551479986823,44.72621922054071],[122.14654205966849,44.74177981488674],[122.09288317971505,44.74270233044831],[122.10466286499934,44.765708945311644],[122.13676644521547,44.75164818001963],[122.16326278484985,44.768195239818624],[122.09388920002675,44.780268489899015],[122.06747642989342,44.874887340478494],[122.03898218517975,44.897438995513255],[122.07313741036342,44.912117319858396],[122.06856972041646,45.004496220024635],[122.09286477508931,45.019396194878595],[122.11342105034134,45.066439990113565],[122.10380554039341,45.13987715530658],[122.13723545515234,45.18087843539166],[122.18675604985185,45.17859381025619],[122.22429474040996,45.20483362996811],[122.23321753046469,45.27427321513693],[122.14126940465951,45.29342231488795],[122.14004479962796,45.36771250502818],[122.1740585596549,45.40732643516702],[122.1589456253405,45.44188622037291],[121.99660540461593,45.505874129687356],[121.96072706040559,45.59424478476916],[121.9902487400874,45.59698740494491],[121.99745155514529,45.62130345519046],[121.94334131984624,45.70918989999393],[121.85509289971765,45.717083405175174],[121.80953115483908,45.70143352973372],[121.80541018962856,45.685031035054294],[121.75084135044813,45.68876499500868],[121.68003289010585,45.71036135509257],[121.63896373009209,45.750693460435],[121.65165443490446,45.76862529002523],[121.69106250033417,45.76107511992103],[121.71701459544727,45.79222628031869],[121.7481728649858,45.792932204957424],[121.75966015459267,45.83485877051601],[121.81122054029584,45.87374406004051],[121.80330369500962,45.95967711530676],[121.75303395964966,45.991708800121216],[121.80703241461435,46.024076665006135],[121.83792601007735,46.02243347502491],[121.86480982980981,45.997527540563624],[121.91281840964211,46.00586554555866],[121.92234890487816,45.98662211501858],[121.9820899753721,45.96980319016524],[121.99750225982166,45.98053756016043],[122.00085186482193,45.96439644983633],[122.03349751499854,45.95717762504739],[122.0735962597596,45.92040658499599],[122.08538671532472,45.87985724481615],[122.19498539515996,45.85487811543271],[122.25295147013446,45.79287802530075],[122.29570445959337,45.81100120544136],[122.33168589039155,45.857991570154866],[122.36703583973224,45.85400211010932],[122.35600387507884,45.91535236991609],[122.43989548009256,45.91482825042357],[122.48993823016542,45.85625208526557],[122.49739368996688,45.808572154581384],[122.53616043985255,45.77207666500624],[122.65546959984238,45.73131610465458],[122.66568772031212,45.69875101484763],[122.7360880701084,45.703122999726816],[122.75507197519153,45.720252404724874],[122.74517999476109,45.73410759488962],[122.80315905504654,45.7811803204155],[122.79236735506947,45.84710028015394],[122.82120327021494,45.8962669754406],[122.78711503463137,46.071318624954756],[123.03933852515297,46.09803389015195],[123.06341451037144,46.12153775995972],[123.10566492539613,46.127992000030815],[123.09635622006351,46.169989770311815],[123.12117568021358,46.172674584764366],[123.12186464004128,46.20845074530581],[123.21679431520568,46.26863948482446],[123.31403855483563,46.252634545348144],[123.36680296458519,46.22093853968198],[123.38749150043247,46.24261186014934],[123.44626275462258,46.23039349456428],[123.49278842524564,46.25768285997617],[123.56339579537985,46.22189216998771],[123.5986094947325,46.250110205022],[123.74983811044058,46.25822491015157],[123.84332723536374,46.30063178023266],[123.90309340503677,46.297443084630686]],[[130.22642729038728,42.788429925101184],[130.25240267524327,42.78619515028606],[130.24025770962578,42.803391530494935],[130.22642729038728,42.788429925101184]],[[130.2387238448299,42.752441385161944],[130.2407089003957,42.752168250264674],[130.240232700379,42.755932430137705],[130.2387238448299,42.752441385161944]],[[130.24196963479096,42.72311736027808],[130.24295048487727,42.723532530502155],[130.24207736997494,42.723832060501366],[130.24196963479096,42.72311736027808]],[[130.54662854507148,42.508330794830556],[130.5470207502076,42.523205080550326],[130.5351077647117,42.53284178482079],[130.540692700308,42.52321584543512],[130.54662854507148,42.508330794830556]],[[130.5659954750114,42.47006015055575],[130.5806406152726,42.474248715106285],[130.58048350461036,42.481407350069276],[130.5700405599241,42.483801535112946],[130.5659954750114,42.47006015055575]]]}},{"type":"Feature","properties":{"name":"黑龙江省","adcode":"230000","region_code":"230000","population":31850088,"elderly_65plus":4972868,"aging_rate":0.1561,"youth_rate":0.1032,"source_year":"2020","source_name":"第七次全国人口普查（省市分年龄性别）","license":"普查数据，来源标注 required"},"geometry":{"type":"Polygon","coordinates":[[[123.26636181044921,53.56090105044319],[123.45225893490203,53.53299936992505],[123.46724310518516,53.50196988510214],[123.49155992974704,53.494845894722346],[123.50330939511252,53.50611841543258],[123.48164975513214,53.53815896486441],[123.53256842509279,53.5537929852581],[123.5531384401869,53.5366996502687],[123.52244395462492,53.50311615019024],[123.54337697476763,53.49596939976806],[123.56824338492436,53.50885544542251],[123.58127828996112,53.546360094842555],[123.60055060042998,53.550101549746785],[123.65779151966296,53.5352983149653],[123.70039721006322,53.49190894004562],[123.85777586476445,53.48749552519837],[123.97033994033609,53.43513894540604],[124.012764420042,53.39604094013731],[124.06204595965335,53.39856406997592],[124.11709039540551,53.34631273964129],[124.2383388804351,53.37778092994603],[124.31419628043409,53.33093787957955],[124.36213986536256,53.26053759543373],[124.40972009990276,53.24405189008269],[124.43256414971574,53.21758292491211],[124.7077617500048,53.19302544536805],[124.72152898017839,53.18257340493875],[124.70947900455246,53.15376458007137],[124.75492670010715,53.14018924004142],[124.82474668501152,53.14505343466834],[124.86380385026757,53.09661807526402],[124.90032930974996,53.11202971489945],[124.87767301499775,53.15937331532632],[124.8926636199302,53.16912910512417],[124.97213410470522,53.19516156995053],[125.13934315516258,53.2024736202614],[125.48755903532128,53.097964440406656],[125.50646598002106,53.04888732479026],[125.60720579990777,53.0819032600275],[125.6795130451909,53.00310299500728],[125.74337505031838,52.98319365965972],[125.72370164491508,52.968509010382604],[125.72643877472979,52.93960121962067],[125.6553742252404,52.91422708011572],[125.6643463548005,52.86248482541441],[125.76687820966174,52.896445305106795],[125.82950325487138,52.89577967549167],[125.96229196540196,52.758861090167215],[125.9847242453277,52.75927829555695],[126.02718151971146,52.79749645000123],[126.10635814471266,52.76916168026736],[126.10417290545524,52.75610961526661],[126.0383982096098,52.74304621521071],[126.06134831017641,52.67947081502615],[125.98290061986779,52.67226873471441],[125.96156587526502,52.64719508478538],[125.96661557035236,52.61532195494431],[126.0258681201177,52.57354279996031],[126.06695265494113,52.603689475189185],[126.16790798026909,52.55569731517903],[126.20336584465804,52.5269207597853],[126.18751142021597,52.46697529497396],[126.2634132404288,52.47290929972445],[126.34151178963748,52.396350690232225],[126.34930497004837,52.376183045311336],[126.31260644503152,52.339835950169004],[126.31533289539686,52.313585510363055],[126.43118728546494,52.29358381554073],[126.42550642997787,52.279388910070224],[126.31032941467083,52.24033300026781],[126.29783743035318,52.205298044768995],[126.49507473960762,52.15834514491257],[126.55679336981825,52.128717960365634],[126.51424456963127,52.0369525498204],[126.47253981016422,52.04037956486508],[126.44024901987643,52.0223108503655],[126.43947791507378,52.002142219787686],[126.46239607531868,51.98527869035934],[126.45817472508361,51.946532690531285],[126.5435063803153,51.87793568558345],[126.61557093005445,51.77888462522532],[126.65838454011453,51.757767510262454],[126.66056520541997,51.733337550087924],[126.71085292542227,51.72988676506219],[126.72461666532695,51.713994605067],[126.71507427475808,51.68097758524743],[126.73135664519305,51.63400172030322],[126.66924243019412,51.59585876536977],[126.70738537973159,51.56932453999559],[126.8383202646686,51.529297695132584],[126.77933899539835,51.43568405547484],[126.80926025016049,51.417050879694386],[126.89552445468985,51.408033935118056],[126.9170635252616,51.383810505150734],[126.9213175802422,51.36051827010215],[126.90563826459424,51.34257751474058],[126.81769764013404,51.33459556483348],[126.80719025542601,51.31091736054782],[126.82049384011873,51.26964896472799],[126.8987031849041,51.24518484470485],[126.91216124974198,51.27035381018027],[126.86862603536326,51.316194055311485],[126.97483990983403,51.326745850340785],[126.96805400518826,51.29041363987761],[126.89433106512661,51.20658960542602],[126.91785003994744,51.05929450024104],[126.98795467017192,51.01904086974042],[127.04019995976034,50.964901779693434],[127.12678033534428,50.92012632017361],[127.22178754016295,50.78716791476751],[127.29897801962,50.74540666528543],[127.27988474528479,50.70431934975824],[127.28767082015224,50.667914660233464],[127.3650120601585,50.579718510500925],[127.35355409474573,50.542781659745856],[127.3142853747703,50.526401835176614],[127.28639809509605,50.4733636448164],[127.30067486045652,50.45266233499882],[127.36103752526162,50.43228723536765],[127.36325468505572,50.40412133043509],[127.32955348530515,50.36297977499669],[127.32899044495309,50.33273750003565],[127.3839559948733,50.28395855014702],[127.60310435498207,50.22851711047633],[127.58668607000618,50.14951900539785],[127.51556095027775,50.08120498472232],[127.48862458046005,50.01444916989334],[127.49174557959486,49.984765124810735],[127.5389540847633,49.93279769515755],[127.52048946531659,49.853989945079945],[127.53801641022926,49.80636962505821],[127.57436046476369,49.784509685373735],[127.66059213002279,49.77327862970503],[127.68000853526576,49.680711649822854],[127.77903573031472,49.62413997997612],[127.8135557798754,49.58612807515061],[127.89841535488483,49.574477010006035],[127.95575792538796,49.59662139536118],[128.04614809535838,49.55802069000288],[128.18244957039144,49.53630215971697],[128.26297052986615,49.564284620039246],[128.3357069945822,49.54185545536501],[128.36328860458548,49.56142926984501],[128.36709574507267,49.58351066488535],[128.39660105979112,49.58998279966653],[128.5401781850752,49.6034271597357],[128.71131480513418,49.561832864894825],[128.7310991554018,49.59168909957236],[128.7511950703962,49.594449354554115],[128.79673122506608,49.57989388479501],[128.80453585474595,49.56314248014138],[128.7488076797307,49.51207724496891],[128.74628664980912,49.48147937986954],[128.78645194979765,49.469677250204995],[128.87135112015812,49.4889032950511],[128.942163880159,49.45901726493486],[128.99660595000466,49.4571136996376],[129.01982948494287,49.441123720383416],[129.05257086974996,49.37202416977965],[129.10149258971126,49.35127526963805],[129.13366289962323,49.3529884853304],[129.17135356481526,49.38515879524226],[129.22389206486696,49.40000663459858],[129.31075675032378,49.35532891519733],[129.347243320423,49.35260776993272],[129.3727511450494,49.3632677552028],[129.37294150005027,49.42208802963893],[129.40168539026865,49.437316579896276],[129.51095023996163,49.42075553474018],[129.53795621011102,49.389758185392],[129.56267700474007,49.285874785293174],[129.59671845489288,49.27463078478297],[129.66459036525316,49.29466241983488],[129.71587507997106,49.28771123958211],[129.744682529775,49.26187584499428],[129.7561299002747,49.193469419877886],[129.849767079687,49.173080274635026],[129.84654941962003,49.11542309519973],[129.9208796098062,49.09463983016411],[129.91221773016423,49.04266759992987],[130.01177918995768,49.01358216518486],[130.0506718404331,48.972172670232624],[130.12734824492566,48.940290850242604],[130.23149413015005,48.863559394650395],[130.4315131099421,48.90600221962677],[130.46602874023426,48.899368160112545],[130.51116225043756,48.85340861991193],[130.61647929038702,48.88204696029902],[130.67562208509116,48.874799680061244],[130.68028975986454,48.846638369765],[130.61237177543717,48.78754567988926],[130.52215656497356,48.61654973538202],[130.60319498536035,48.58488691020278],[130.62258588043414,48.489188519734455],[130.7229589397034,48.51631912512755],[130.75513873476484,48.50083652988201],[130.7644919853169,48.48191989498724],[130.72985322974284,48.43323416972123],[130.7671884846609,48.357571220235684],[130.81164976602395,48.33944619648486],[130.83793330987442,48.29861674086993],[130.80969588096025,48.2633911003191],[130.77013617544424,48.24482499237956],[130.7578388898529,48.1869568104085],[130.66593606559707,48.126035000215154],[130.65851394546223,48.102853019351414],[130.6860153404357,48.04596179699939],[130.73251322920225,48.03006378961226],[130.76246785151022,47.99581677242617],[130.88354387624895,47.924966098806465],[130.95372705775753,47.82564203755004],[130.95871714757834,47.73084442153288],[130.9902295962189,47.70291467856964],[131.10709475052238,47.68724489033946],[131.17501105591555,47.70021516020154],[131.2289019042995,47.73062580353803],[131.3514194136751,47.72829796867637],[131.44759546375974,47.744570821586194],[131.53582770238665,47.73362118447017],[131.5600366496717,47.68025434496212],[131.61063332007177,47.656545792154645],[131.70180543527272,47.70798354990097],[131.81460627985598,47.672201100400514],[131.89573273487792,47.68319155504628],[131.96447847959826,47.665744710050376],[132.00224405471943,47.71135536545779],[132.0598270104083,47.699077345143394],[132.2523638897818,47.70705352500022],[132.31243962498877,47.75620448484915],[132.53907613525553,47.71458565020765],[132.59979124976644,47.73696058036654],[132.60510159985904,47.75205679988147],[132.58662405535597,47.77349520034329],[132.59430019529782,47.803581725316405],[132.62021060503548,47.83979927042003],[132.68197892998364,47.870849130283204],[132.65173790508027,47.930681794928944],[132.66096987485992,47.950833449903826],[132.70885237963364,47.964643110091515],[132.75899487980996,47.93233506001508],[132.8109861001285,47.93239454477248],[132.86793538001382,48.00000000039978],[132.9919550953514,48.03192094539537],[133.04422733492368,48.10958568503139],[133.09324003030326,48.12578318554563],[133.19837213996232,48.1295288852499],[133.30696545958835,48.09750352986407],[133.3949665652549,48.124984590266706],[133.4499406551372,48.11067165507285],[133.5366625354477,48.11498474514991],[133.58551586016893,48.19242571547443],[133.69265135987246,48.18288308028997],[133.73913115967537,48.25441683037246],[133.9978749697541,48.304034100393494],[134.03254732489916,48.33944616500855],[134.12893557541656,48.335168189860156],[134.19704168002954,48.382479599953626],[134.36009944463376,48.38046530023348],[134.5058163997071,48.422788400264494],[134.571854794763,48.40572894993113],[134.6780150354656,48.41104201507699],[134.77084580988628,48.36840135004235],[134.82596121024176,48.383089305227315],[134.89673679496718,48.44563515523828],[135.02735285495032,48.43729426971481],[135.0569428552286,48.46235897049013],[135.0750267601769,48.45483987016394],[135.08851148002088,48.43167456992552],[135.07312319038294,48.39383049028493],[134.85636187470084,48.33127010543109],[134.7836583098832,48.287601910100136],[134.68034812506596,48.258756304759686],[134.66701380963968,48.23615258527366],[134.66620574989554,48.1471455249461],[134.54530402995704,48.03300644509142],[134.54409719013324,47.98493025512721],[134.59312259023545,47.94735513483164],[134.60059799969804,47.904040645559405],[134.66602678031177,47.88464092543842],[134.6633243103687,47.82512764512478],[134.76218367483682,47.76197240999875],[134.76994892500295,47.71481020552659],[134.6784550053942,47.632429125204],[134.67230446997542,47.58742269010514],[134.57380754488236,47.519614730535466],[134.56095839031752,47.47691034043993],[134.48831055019184,47.44341960003459],[134.3126790852716,47.432771689961555],[134.2609692052647,47.39580360035592],[134.25315577032256,47.36381306492109],[134.17622024956495,47.32750507499924],[134.14988135514045,47.25336666523947],[134.21837702987614,47.19013355961613],[134.22094546036476,47.112014260349895],[134.2044320199218,47.09758672544706],[134.13570167968885,47.09086105469396],[134.0975771050994,47.006409844738585],[134.0546766196303,46.97760244979327],[134.06956578463337,46.94144059970398],[134.0153788902237,46.82929120512506],[134.04487818488042,46.77545271527066],[134.01819897530254,46.736615984640025],[134.02749065017338,46.69544564010425],[134.00759953509055,46.642483789595246],[133.91396248967726,46.59269073988577],[133.84176290493417,46.472452355391965],[133.84837878465328,46.4443886997787],[133.89525416474794,46.443103789808106],[133.94094985015556,46.39760844997005],[133.92514019486418,46.37286210470245],[133.87201027455455,46.360491804952915],[133.86215228490005,46.34452040479289],[133.88687694481519,46.32688690011042],[133.91569507496774,46.33154180990664],[133.89990108496715,46.30046161501156],[133.90962000525906,46.259819189603945],[133.85439846961378,46.248483450151184],[133.87344079465697,46.23287496510761],[133.8425105347335,46.20028213481271],[133.80309807971264,46.22838608005361],[133.77494515019862,46.181885370113775],[133.68969294467377,46.15763971520073],[133.69132457027274,46.117443570264584],[133.7369929999271,46.076271345246425],[133.7376182598748,46.0594454146742],[133.6790518802402,45.99602580494701],[133.66956095967066,45.9422185503459],[133.60483747506953,45.93816958036189],[133.60965199474379,45.900368474825314],[133.58798636527865,45.88900773961552],[133.58699368011435,45.86818539004378],[133.52476963001448,45.89647268007019],[133.50423078991912,45.88742455509919],[133.50419990989803,45.864351289680314],[133.47850401994458,45.85662988955784],[133.48834529030296,45.835046110089934],[133.4601470502463,45.83410268529076],[133.4627097151813,45.79466684969543],[133.49891792981862,45.77888153005864],[133.46146884501127,45.7781736296094],[133.4577339497621,45.755007709738095],[133.48005716980265,45.737852329621376],[133.44773899965514,45.73014344986035],[133.42108094033324,45.69541299041725],[133.44253515986975,45.704156005095626],[133.47749218012007,45.688733595179315],[133.48147410024956,45.65807874993442],[133.4395428896927,45.64650080506817],[133.4687015103665,45.61855370518941],[133.42995986955236,45.62816777981925],[133.42266552959063,45.61089572525759],[133.40517918007515,45.61666316027669],[133.41169335006816,45.570965939726364],[133.365184959918,45.57543822509405],[133.24627184516953,45.51586044000737],[133.19358337956942,45.51374797478928],[133.18606002455056,45.47973474985889],[133.15244422532078,45.44491472963114],[133.16417804518073,45.44158588997692],[133.13384322008858,45.42707573975366],[133.14110525010722,45.375668625506705],[133.1112584052513,45.35049784519947],[133.12390740040632,45.33482971981579],[133.09912679996194,45.3192989649753],[133.11375953047798,45.30891066039874],[133.09012349540308,45.291525220212804],[133.1026961552035,45.277446160012346],[133.08989412961046,45.269570965028095],[133.10464923987058,45.26469703973663],[133.08633812480468,45.25286521985407],[133.1018867051074,45.2516401147995],[133.08769622520072,45.24164052509019],[133.10332110488514,45.23920177504192],[133.13020528524578,45.18999872016485],[133.12210220025645,45.15184887552522],[133.1314710801263,45.15150769972064],[133.13374462471472,45.14907041556728],[133.1250467146342,45.14609799972294],[133.1194769254198,45.13428634533864],[133.1350107352573,45.14168566046493],[133.13295025984667,45.125765800451404],[133.10081537962617,45.123071704995255],[133.09577964021832,45.102998425037356],[133.03335516990524,45.069830095182795],[133.03753585459606,45.056400205205364],[132.94929343474428,45.015522275232854],[132.86308278034608,45.061069399833],[132.00031223002543,45.25222781006545],[131.98219439545505,45.27273595000412],[131.9274667953564,45.28665579512892],[131.9141500400923,45.33600968969546],[131.87179098516594,45.34199436494805],[131.82315996476063,45.31391517984173],[131.780240859728,45.243289910501005],[131.7827024147847,45.21311329054595],[131.7176697549553,45.22727365485537],[131.67019203503446,45.211754959923496],[131.64156711523026,45.158359854723585],[131.68030177011065,45.14853624974819],[131.6787138749454,45.11680375498935],[131.53733164044297,45.01865497994345],[131.47698425961596,44.99808214997131],[131.4887776199912,44.96692128498938],[131.34768860044858,44.987275425020925],[131.2674217597065,44.921018470426134],[131.2034101046927,44.91556304529837],[131.13438480031834,44.94384373520029],[131.0803115496384,44.927365964567684],[131.0879853099741,44.8885212650444],[130.95927113985124,44.85493855007405],[130.9552511001582,44.818522150476895],[130.99491671523424,44.81362046041596],[131.00672786959558,44.77925077480347],[131.0518226549916,44.78012108472035],[131.08289671471164,44.74269399553151],[131.08032689477045,44.713997694737884],[131.09805368972604,44.70973865031851],[131.29911851540726,44.04707832050815],[131.25902393001047,44.02997174030361],[131.23579519968882,43.9848685102736],[131.23714719458746,43.95683778513575],[131.25921136491263,43.93542829517975],[131.2056235547833,43.82761599538196],[131.2172682248488,43.80385825505448],[131.20397380964368,43.78406873008788],[131.22514887512057,43.73972870521561],[131.20861050996712,43.7291073548206],[131.22078592033404,43.7161428954783],[131.21093913533286,43.68634157970018],[131.23350016490076,43.66328567479411],[131.2093611003346,43.60987146529595],[131.23889586964867,43.60000622980374],[131.22880477482056,43.58156871052762],[131.2090117748736,43.59036635542304],[131.1968824853385,43.57981545521915],[131.2042495399844,43.55953565044996],[131.18739820985957,43.5576520797797],[131.19429533546145,43.5292209449907],[131.21783142977677,43.51537862502357],[131.26455664017692,43.49313110002032],[131.29690727495085,43.49957052555936],[131.28498983960947,43.46670176977091],[131.22835179979575,43.47316706970457],[131.1934938002987,43.439476605161246],[131.13471566989233,43.42299340532145],[131.01945737026153,43.5060082450845],[130.99392899522707,43.505638815279156],[130.9376427800903,43.47405813507493],[130.900462800318,43.43203004505057],[130.85432514039303,43.4357240004623],[130.78551870492436,43.52503610543198],[130.767521359723,43.52124080002295],[130.72102915467178,43.557452530110254],[130.66491130970928,43.56350478042134],[130.6600202154607,43.58127967471728],[130.62029691966723,43.583147855289326],[130.61709849519946,43.62177958995619],[130.58229535524652,43.61138123005975],[130.49889890526038,43.63400823479225],[130.48166075513984,43.65282815479554],[130.40596190022154,43.64939473028261],[130.38684785964108,43.699653510101484],[130.41641341544687,43.74098938025577],[130.3725358003869,43.77886559986757],[130.37236001530255,43.823076949741505],[130.35537787968542,43.840314035064694],[130.37899369979948,43.85135016987448],[130.35878017506514,43.88649262493476],[130.37604416540603,43.90359967548471],[130.32922256476957,43.95640655481873],[130.3602388502428,44.01169907035586],[130.35870816005365,44.04101479989316],[130.34009771014132,44.04873615055294],[130.31177205503639,44.03701101994267],[130.29925087512788,44.00000000029985],[130.2652661847867,43.97897240025611],[130.2490226947416,43.945360264864405],[130.18242492047375,43.93842700540205],[130.1467177945906,43.912900380448264],[130.13671797015832,43.876472890411605],[130.10975328968266,43.871657600018295],[130.10217690524007,43.84814587553177],[130.0722327600339,43.8347235101819],[130.0141279097753,43.85937213511602],[130.00239859461954,43.890654004778526],[130.01834813046196,43.94118561552381],[129.98181559511363,43.979991004781084],[129.99300766966826,43.99652903538674],[129.9318012501277,44.02571122998933],[129.87364501530533,43.99789910485987],[129.86141102489898,44.01032905484203],[129.80395261991748,43.96507172058347],[129.7754161646244,43.960616495355055],[129.78712010001266,43.938026295377256],[129.7705063653765,43.9258197396893],[129.77902974043025,43.89934517533965],[129.7326079648857,43.89332989525849],[129.7287811598227,43.87698137519038],[129.46125031505005,43.87205946027592],[129.43228942471728,43.84239746027464],[129.40569083486423,43.84014958503536],[129.3996801098492,43.81680482508267],[129.35021415975575,43.79612216540568],[129.30249605464928,43.80983014554482],[129.28356628965264,43.79444886971959],[129.24753764984268,43.81685911535595],[129.20434023521375,43.78001790030589],[129.20980470482334,43.722983620098034],[129.22539954984939,43.70680746049595],[129.2073772898301,43.6929168100628],[129.22536494483643,43.632532830425816],[129.2206057847293,43.587603755009354],[129.00508040463706,43.52053240044995],[128.93873852975935,43.55328440984766],[128.88839213528888,43.538445940527765],[128.8481146952371,43.55478401497038],[128.77933368000538,43.71122140504389],[128.76166650470554,43.72991345494205],[128.72266342018077,43.734818115463725],[128.76108073488808,43.756268560545664],[128.71259771501263,43.815911534789564],[128.75445295983627,43.85574610999504],[128.6908677048807,43.900816895183596],[128.63034467027035,43.88910642981796],[128.63414702546493,43.94541360545361],[128.57978123971247,43.98625099488754],[128.5685633851922,44.04545519530109],[128.46542074047488,44.15862367014631],[128.45907220491836,44.194405415477604],[128.4436195454058,44.20167540989229],[128.46400489011364,44.23832985014252],[128.44723113011264,44.256141194860334],[128.46887525498914,44.30849989525399],[128.43995643044502,44.33740261473895],[128.468850934623,44.343688134799606],[128.47522730509615,44.3735077697678],[128.45041907028394,44.40822250996092],[128.45546026497937,44.432164610408506],[128.36636426979533,44.51204423994977],[128.24790087002918,44.44461890503851],[128.21686793001106,44.44114872973017],[128.16143184490375,44.34192069988046],[128.1406899747626,44.3552145098418],[128.09021007503497,44.351949854802],[128.06619625005692,44.37257853537119],[128.0438633047478,44.348176095350595],[128.05781095960822,44.33930983038442],[128.0583910250258,44.30515756486977],[128.09508557503932,44.291153500034056],[128.0571420546621,44.25822485479324],[128.0858038700526,44.24561934006056],[128.0985623504722,44.21257591974296],[128.08407865470622,44.21241803476454],[128.08592248523462,44.17919183983162],[128.05378869499236,44.16701607513181],[128.09557360024155,44.13279032511349],[127.90677428980166,44.06268807539442],[127.85840123003277,44.06017717004039],[127.83934470469444,44.08012755494275],[127.80189266471473,44.08439453048322],[127.77751849488266,44.069573650103905],[127.7226767950981,44.09696729010841],[127.71350506460715,44.20014670001024],[127.67515258472406,44.16471709501798],[127.63552019959764,44.19167353500569],[127.61990124015017,44.18627045491763],[127.58453253544826,44.22587033494807],[127.61779851458982,44.25310857480093],[127.61603766990265,44.280187075273375],[127.47722806032675,44.39953162538427],[127.5018043249097,44.436297950290225],[127.45771069988893,44.47898907988218],[127.469007274766,44.49653961041474],[127.459182179614,44.514317004825955],[127.47914619014466,44.52649505470305],[127.53078199029665,44.52072759540226],[127.56477787000279,44.54895043011828],[127.55191447017671,44.57143932506483],[127.39438811981597,44.6323040355029],[127.2708511200832,44.63860531977974],[127.25594197484236,44.61078549555424],[127.20874819966969,44.62210761477468],[127.22442058963861,44.63877611002948],[127.20413895474906,44.64604086499395],[127.16541002495273,44.640679835406104],[127.13121635015455,44.605496440508375],[127.08827855990762,44.61354948542049],[127.08275044527693,44.59140160529989],[127.04285527465129,44.56441519990159],[127.02096437040939,44.5986873252599],[127.03593169998805,44.61056899995941],[127.02351547995545,44.673773374941334],[127.03401843999904,44.71459054491777],[126.99145397542065,44.76286595000363],[126.97822624044875,44.822943054878124],[127.00498445007236,44.88832944504793],[127.0661913201734,44.904323654712925],[127.08681856992109,44.94518423046793],[127.05131409007322,44.98842468035474],[127.03157098990937,44.99005161509001],[127.04348867975887,45.00414695032157],[126.96262976495177,45.07188210977159],[126.97417810503555,45.10546430043718],[126.95005980491612,45.11986869038782],[126.95332090043928,45.13701431016233],[126.83219055035363,45.13002071518389],[126.82002612970223,45.1455320203865],[126.7872275597042,45.132660155242036],[126.7570471796837,45.17448242012762],[126.65630182536904,45.19379955550511],[126.64041125987183,45.221559859899685],[126.56317411998975,45.250107105258735],[126.43124346971047,45.22068443553832],[126.41279883499828,45.23036266510496],[126.350070210372,45.18292641472232],[126.3326804948091,45.19070823040056],[126.29835091536256,45.17557934031436],[126.28673197490082,45.189821114852634],[126.27414874986493,45.17038206557993],[126.28577458542884,45.16290136540573],[126.25815588018975,45.16658359545664],[126.25624603043002,45.148980680314196],[126.22946519476295,45.13771529482506],[126.19671106476392,45.15118545554441],[126.16162192511183,45.1307295851023],[126.11239477020251,45.14942820005143],[126.10445685020352,45.13985023050378],[126.04053984523773,45.1695845647759],[125.98972870991213,45.16065677988655],[125.99421975963423,45.17724383523483],[125.9649627351422,45.17399880520077],[125.98229353521856,45.19331775990673],[125.90771490461918,45.19461811483421],[125.8594335154445,45.229599059748864],[125.81362473039701,45.236237915347544],[125.80810558020846,45.26719949506071],[125.77093236963321,45.270896175418216],[125.78063922462059,45.286966090013095],[125.75019452036088,45.28062429037874],[125.72565820995851,45.3214814100391],[125.70831017977105,45.32308384544319],[125.71852900530939,45.33601529516977],[125.68831990004344,45.35135322996763],[125.71131866022802,45.40165104036328],[125.68911125038392,45.44903755014286],[125.70725081976957,45.45826473013324],[125.68974342971558,45.46232726009504],[125.70271686519129,45.48255499501704],[125.67966900472084,45.488989070489254],[125.69917707965851,45.50085487485262],[125.62583189532575,45.521140330062224],[125.58176984999864,45.489678950323366],[125.49062839988085,45.46526925996841],[125.47326978467288,45.48571603017069],[125.41474314518007,45.485907580370565],[125.42529934508877,45.453531800552184],[125.35448507512615,45.38867544471606],[125.31248436046496,45.419939315347165],[125.2985861053645,45.399345354904256],[125.25151308036448,45.417494410338804],[125.18020835972811,45.39624636038127],[125.13723826493401,45.40951580501047],[125.06804972011855,45.37822865992479],[125.05931864034301,45.39340488492758],[125.08527722496399,45.419358675262686],[125.04395972526117,45.4258551546917],[125.02610115534412,45.487665319698806],[124.94635711029252,45.494363119562365],[124.91461893001963,45.53987433962914],[124.87585027986654,45.49029584477745],[124.88693625960082,45.44723242014015],[124.87546623967523,45.43527778973828],[124.82688618025304,45.4538661253215],[124.77470574977065,45.43552464015005],[124.77487031041653,45.46346749972537],[124.76199129476254,45.46765598513565],[124.72878703969025,45.44221832471595],[124.6856760148363,45.45019691025925],[124.63927325455711,45.433550809922],[124.57327824999129,45.45095306023558],[124.57823065462105,45.42716882498132],[124.54469918032294,45.40912626456549],[124.50125583528859,45.42253842530812],[124.468607554595,45.455941345117026],[124.39376119042663,45.437727620333476],[124.34478504529363,45.48901992982593],[124.36279278036261,45.514145350127876],[124.35479060470266,45.54079006980595],[124.27590852026208,45.53958453040178],[124.25408848529537,45.558552264775244],[124.26635979486866,45.58796232959787],[124.2196105599794,45.59633281540715],[124.22695485008637,45.63100690984106],[124.17495171464998,45.61216916527479],[124.14416674020299,45.61797246975374],[124.13052880016403,45.63054625460603],[124.14456865531929,45.65835957493448],[124.11519295539063,45.66509020544868],[124.13092703525456,45.686556750193915],[124.09511592525985,45.69885221465802],[124.09092668531832,45.72005420044104],[124.05139327957625,45.748775690345894],[124.01378350480502,45.74552113019604],[123.99427564480527,45.7678307246083],[124.05786814020257,45.79440468472848],[124.02636020525938,45.831605789575576],[124.0602610203299,45.836469199993644],[124.06407647504932,45.8501923498971],[124.05225960010057,45.88767832039821],[123.99672971480459,45.90205008024708],[123.9569669549611,45.94936056493816],[123.97249964963919,45.9779657752004],[124.01486730478234,45.98593266506049],[123.98268053008246,46.01595206013951],[124.03295864532527,46.019837099902304],[124.02429416484392,46.04689164513337],[123.99659510518006,46.06005121958816],[124.01140504530667,46.084643699846936],[123.98544958043385,46.09725522474889],[124.01072267031509,46.11744281033748],[123.98328922541748,46.139971104582855],[124.00400395042209,46.15909097996479],[123.96657089962741,46.1609471401984],[123.97010555003112,46.181809194838536],[123.95075622521972,46.20095889533678],[123.97662580034046,46.22288334519027],[123.94858771964766,46.2423866447279],[123.963028704811,46.27462959018351],[123.95381779535501,46.288660989912785],[123.92851309520324,46.284693834852646],[123.91269834974912,46.25420439022048],[123.89018853027653,46.26461670040044],[123.90316827989227,46.297500925427414],[123.84332723536363,46.30063178023255],[123.77231274483734,46.26216368530589],[123.5986094947325,46.250110205022],[123.56339579537973,46.22189216998771],[123.49278842524564,46.25768285997606],[123.44626275462247,46.23039349456417],[123.38749150043247,46.24261186014928],[123.36680296458519,46.220938539681924],[123.34151351963328,46.24387995459625],[123.28050660479607,46.24829016965566],[123.24167360455328,46.27149371536274],[123.15906001530755,46.23941064508523],[123.17204654041552,46.246139205360066],[123.1354017346024,46.2963178097192],[123.00509809999733,46.43307852985032],[122.99668868973129,46.573504099734464],[123.0459816552293,46.5781224350024],[123.04236906508038,46.6173985402105],[123.07133707984246,46.62089486960258],[123.0795818997849,46.5894114897485],[123.17402632955157,46.61239098465626],[123.2219549047951,46.586464920419814],[123.27290629478978,46.61533135495813],[123.27083344470782,46.65965665523049],[123.5979141748993,46.68803509964022],[123.62527805993454,46.72770458539833],[123.62683280968645,46.81247298983669],[123.57404643039854,46.824208559777276],[123.61561928000583,46.84053969505095],[123.59254044958209,46.86208292498708],[123.60185177014318,46.886495485078626],[123.56994135530931,46.88816726001107],[123.56417497969164,46.827500250236426],[123.49639725532916,46.825826250381226],[123.47763691001546,46.857850024758875],[123.51707604522335,46.92307274011489],[123.52085033527487,46.95721856018844],[123.4118638302516,46.93246738466212],[123.334765050167,46.9843241554355],[123.29496572478843,46.99805596491092],[123.29712118029829,46.962426494587135],[123.35437420530536,46.968564399927175],[123.39795358988636,46.933523540379156],[123.39977518467708,46.90401745494165],[123.36767053516712,46.83550003010237],[123.33392668956515,46.82453543456273],[123.30222155038427,46.86026478988822],[123.22882266033753,46.861780715008024],[123.21020216499801,46.84953293529679],[123.2176516901734,46.81996987960633],[123.14914440519021,46.740084120285985],[123.00044769490523,46.7260619053327],[122.99194715543695,46.75874137001824],[122.92002707998586,46.78147382026066],[122.9010057199381,46.805646864811024],[122.89407931510834,46.86069718033065],[122.87387058016316,46.88920190484407],[122.89344898028628,46.91632858019989],[122.88924428459609,46.95843574491374],[122.79628571021738,46.935384610011795],[122.76855171458999,46.97201554468171],[122.77205333469374,47.00089480535104],[122.83647245004363,47.04280635492938],[122.8462651696019,47.07022697999116],[122.74560424543961,47.07609889464834],[122.62034722484464,47.11548385469621],[122.59140022004419,47.152895525008546],[122.5470889752761,47.1735169498474],[122.50394641029868,47.24101370981492],[122.41347065994307,47.32890946529966],[122.41174881975235,47.348175635197435],[122.50156879976032,47.39975561982607],[122.56874065985369,47.53330584478897],[122.75598858040871,47.61115749502244],[122.84639043527045,47.67417482540793],[123.16086636029434,47.78157727986763],[123.23745525535583,47.85824297523317],[123.293320774834,47.951860900160455],[123.56876151493202,48.0406367654744],[123.74190525002734,48.19666321483555],[124.0748451002213,48.43557221548542],[124.25223957539617,48.53452656005277],[124.29539405009541,48.517399035537096],[124.30837963990848,48.47876137973395],[124.29727264481676,48.453459085268605],[124.32625880519981,48.43035484000393],[124.30199603528888,48.41013147039109],[124.32066927047049,48.39088687972577],[124.31031000500275,48.345541380430404],[124.36953814536912,48.273609870099506],[124.39518874996088,48.2633273302921],[124.39554392011587,48.246394269779785],[124.41530288522006,48.244014734692314],[124.42158515513086,48.22131775011411],[124.40244627977211,48.21340730530295],[124.41643244540114,48.18018407003888],[124.47140530501088,48.1651379751375],[124.45595536504811,48.15351227537127],[124.46604449485767,48.132135474872314],[124.42311184513562,48.123044880317025],[124.43125317469435,48.11015803516523],[124.41095916963002,48.08652244525467],[124.45918311011246,48.09607223004946],[124.47239447472532,48.122986429779985],[124.49512847989547,48.11888852498549],[124.519443524699,48.142708215112066],[124.52203296514926,48.15809944013711],[124.50517747026413,48.16662936495328],[124.52109238490573,48.17014503516532],[124.51254099507094,48.18504439038634],[124.54563212532241,48.20538848049404],[124.57245469043164,48.25224649557936],[124.54857329961817,48.270933435529685],[124.57655608459572,48.29604481021988],[124.53393066486831,48.33330206513824],[124.53546134966166,48.3641831204547],[124.508058030254,48.37734649544444],[124.51982823038861,48.417987970268655],[124.50062895476253,48.44556779511771],[124.55006912489023,48.46576931030546],[124.53280794043417,48.475177895243746],[124.52659521509713,48.51231274523707],[124.54290185463697,48.53067828997115],[124.51806707543528,48.544308315076705],[124.52024680004979,48.55848754536396],[124.59670659023698,48.63215022545262],[124.61767675507826,48.70131045511346],[124.60661996463966,48.74653978538282],[124.64220097499503,48.77532641048549],[124.64712246003353,48.83139681980742],[124.70024512461282,48.85971359500644],[124.7057832495974,48.91055127472163],[124.745217094993,48.92379568042634],[124.75700942024866,48.97775533054414],[124.81518029963115,49.042447380242436],[124.82286443994201,49.073663235170216],[124.80181077484747,49.11326591029359],[124.83823620993326,49.12603767010245],[124.85521718002894,49.1655287798294],[124.89869098510098,49.181220159882514],[124.97455540520787,49.16110136973248],[125.03036434024216,49.175593435488736],[125.02963983021402,49.15151843502781],[125.1082351253508,49.12415163978642],[125.17931796974858,49.18398732975152],[125.21220344033657,49.18739362981222],[125.22108697498402,49.22829532526907],[125.2055480048366,49.246035215253016],[125.22999585522462,49.25432140490898],[125.20627121984103,49.27696078970871],[125.25654955002176,49.314948710514614],[125.24270120010033,49.325918960092],[125.25721896038681,49.335868925210775],[125.2464860347028,49.3561056704404],[125.26984723965847,49.359699325363636],[125.26853459459596,49.38282681990188],[125.24837427015655,49.39393383477869],[125.24868458032915,49.43356253538275],[125.26380922471606,49.45073306008271],[125.22058461009169,49.48626921045576],[125.23676683022506,49.49625317534384],[125.20256680531384,49.53662280489857],[125.22812898496477,49.53640665554275],[125.22602396523382,49.55805650550337],[125.20871733983347,49.56454425970986],[125.22791869469211,49.57296575056898],[125.22667524526639,49.59164886030669],[125.19695072979243,49.592524784691136],[125.16588687018293,49.62846852490253],[125.13734307462323,49.61877815538759],[125.12011161545877,49.65937537007733],[125.13003282475518,49.67218105501172],[125.16152243511237,49.665588679973666],[125.18420812960153,49.62922376476496],[125.21381026533152,49.67080601498566],[125.21826444015187,49.72408760056237],[125.19603182500873,49.73415588048954],[125.21993827003519,49.78973550548926],[125.17055615474283,49.826188150462826],[125.22859034976489,49.83875940552218],[125.21529643997883,49.86322604004977],[125.23795844542599,49.86981893039939],[125.20618225980354,49.90416938490927],[125.21922315972108,49.921908024835545],[125.17678623969323,49.955470024821864],[125.22451295490896,49.95669403989808],[125.23721857048065,49.98915891015565],[125.28758836980751,50.005651409884706],[125.28566153994814,50.028754514809066],[125.24448799022866,50.04394971550704],[125.33091323006158,50.055661785263226],[125.27042306027613,50.070994865520674],[125.28159337483442,50.09028323518322],[125.24971618995028,50.10087185475237],[125.29629465527421,50.13828306551113],[125.31824280046499,50.1171943448432],[125.32090844047218,50.13395329480875],[125.37029202975339,50.1367422255733],[125.32686414496436,50.16343966980497],[125.37663189494606,50.17111409024312],[125.38094668024519,50.19737930051434],[125.41053725968686,50.19443180488395],[125.44083302002787,50.21002512555913],[125.42834138015064,50.22938646980981],[125.45649104512574,50.2275557001355],[125.4344764796059,50.257720070424966],[125.45957392469688,50.26692594997269],[125.45617491004407,50.294463995017395],[125.51398167461468,50.31078700041979],[125.49510286520513,50.3197464954045],[125.52225266033201,50.32676205002866],[125.50966923474743,50.34493712554797],[125.53935131481137,50.357698185223114],[125.51304097476122,50.36828085487758],[125.53034215027003,50.37923349033338],[125.50540672973682,50.40753041030024],[125.52706290013282,50.41917199029518],[125.5717693195985,50.40066381038662],[125.55715138023209,50.44043700056716],[125.62727038522019,50.44312013508625],[125.65889256464015,50.47741081975357],[125.69271800483216,50.481914430306745],[125.67810497486471,50.49375419480032],[125.72969689529555,50.52140282048384],[125.75039862959318,50.506452444924435],[125.7608556351795,50.52935282017654],[125.81651244988973,50.5482632902187],[125.80741364002756,50.62244051471805],[125.78513706962008,50.64312018504853],[125.79685495529202,50.66143925012136],[125.7798110452436,50.67639285514622],[125.81797275014242,50.70239266019314],[125.77326415521668,50.72396895999958],[125.78627331985786,50.73923564510898],[125.75315578461186,50.75161663509971],[125.79376261035623,50.77251632007216],[125.8329824548764,50.75525393052453],[125.8284688402648,50.79183502476661],[125.8625151998167,50.7929409004023],[125.88314718539436,50.80473382010979],[125.8744165498839,50.81892055523946],[125.91545009044933,50.83323749511436],[125.88688073975436,50.856040304716316],[125.94434095507108,50.85745382493411],[125.93417627501515,50.869716160172686],[125.95367639994595,50.8995915297254],[125.98929626461097,50.87024924500673],[125.98786686506378,50.90434101492593],[126.02027290527042,50.90022597534852],[126.01370439464222,50.92640450986028],[126.03509740542097,50.92408728969673],[126.06558102964084,50.976790465507634],[126.03399858496675,50.980100145105666],[126.02581736507943,51.008526439743434],[126.04418801526481,51.02865030476778],[126.03139472478676,51.035438280552285],[126.05222387503181,51.041094339931874],[125.96818742970618,51.083870625429086],[125.98352265484675,51.08439167553547],[125.9693569602556,51.090293485456016],[125.98693219516474,51.11801259550492],[125.96597516492204,51.124035220349185],[125.9381340096769,51.107137979833965],[125.9070018897255,51.1372223752125],[125.86807361980175,51.13792040470298],[125.85741589542727,51.14606861497464],[125.87084462527935,51.16122454497685],[125.8333834104161,51.21892039975671],[125.74957874016684,51.22603214047098],[125.75676056504813,51.25996667472231],[125.70012690493274,51.303782120548476],[125.68613915469825,51.33801659489001],[125.61718215023609,51.379325805541555],[125.6165719098658,51.39780841052976],[125.56148443525854,51.43501920017599],[125.57051558012995,51.44965272479345],[125.37254378017133,51.58398226986594],[125.35929283459666,51.61640451495646],[125.30829859460448,51.60716266522485],[125.2649651647107,51.63641989476241],[125.12709782520449,51.63098931520477],[125.11439624039429,51.661050314720285],[125.0604661950589,51.62330106499223],[125.05341369988241,51.59700797483822],[125.06958899973256,51.553388424736056],[125.05324971030598,51.53306075984625],[124.91661740976576,51.49859655009078],[124.91223970969486,51.47859002500968],[124.93685070969252,51.442428535548515],[124.9043699502131,51.43257266020015],[124.86654839499249,51.3799141051519],[124.78081548025023,51.39431804544148],[124.74993898000002,51.37761889499603],[124.7426335801756,51.35450744975907],[124.62278018016127,51.32369091000754],[124.55404714016345,51.37351932016054],[124.4890527500844,51.38109955010418],[124.47008416045571,51.360800655425976],[124.42488030528193,51.35260240507699],[124.42225726975721,51.30595118999548],[124.39683395981945,51.27178606057828],[124.33733425477214,51.27067966513448],[124.33032361494293,51.28970350551242],[124.29331668991335,51.28847181472253],[124.20615352486539,51.34829973004855],[124.08458759983796,51.340465359788595],[124.06298468459556,51.31772609987968],[123.97087273468901,51.321492750190316],[123.92074455531701,51.30025056021526],[123.83224945474865,51.3637395697254],[123.78699712971388,51.35995359478261],[123.71141279986091,51.39819217552855],[123.65372658491401,51.34615718520598],[123.64981867539166,51.317824695253535],[123.578722354653,51.310894850517],[123.57505914976002,51.29163601548976],[123.52370640043011,51.28315122045251],[123.45193807478233,51.28811345557159],[123.44387619043391,51.27063277538235],[123.33351087003064,51.27240255033746],[123.27556544978574,51.24476074511233],[123.14088617545667,51.302097614813135],[123.12305031971653,51.295426159689555],[123.06005567472971,51.318628209824055],[122.99750930491052,51.30860695005077],[122.94968949547388,51.360320564942185],[122.96097522992295,51.38738630493407],[122.89486663468756,51.41460591533075],[122.90143326033672,51.44484082484422],[122.86921415500933,51.44748993980892],[122.85225475964955,51.468983039735576],[122.87911970980679,51.50412276985003],[122.84834642474777,51.52649661003056],[122.88025177999566,51.53390847969263],[122.88103514525585,51.54815400530316],[122.82603150544969,51.578687065255906],[122.84767611506072,51.61216579521533],[122.8146928701799,51.63357242982386],[122.81197452540414,51.65559150004776],[122.77244047484805,51.689679609726284],[122.76514184961673,51.728846650552555],[122.74139006459984,51.74000445014531],[122.76584577506253,51.76940290472032],[122.72463130978713,51.83195111005574],[122.71491076531959,51.87750925494822],[122.6932816753091,51.88711936536646],[122.72680881487497,51.921422220559066],[122.71170582526372,51.94267241000375],[122.71654019477421,51.96851318523534],[122.66615441539398,51.97587800056931],[122.64744983524179,52.05908742484485],[122.61868035481461,52.06494312022886],[122.6422291547517,52.09820988537797],[122.62274758463343,52.127121029711816],[122.73030493022839,52.14810791474849],[122.76880623531952,52.17681510003689],[122.75558219026595,52.22509453498486],[122.78369191005368,52.250498295460034],[122.75608711462871,52.262768915253275],[122.69643652492573,52.25311059487808],[122.65390833989807,52.28228322968738],[122.5907091998697,52.26557069013529],[122.46751180482602,52.29521150031053],[122.47453495962077,52.34806434039706],[122.43577705546681,52.39041336518471],[122.40110536042414,52.37400014519062],[122.36152912986552,52.4101980401075],[122.33868149985142,52.410297854962096],[122.30550133042209,52.47412718502164],[122.1998950100467,52.46660246033531],[122.15153814976588,52.515121425213636],[122.13265590494609,52.507611095076015],[122.13042934993462,52.47861584524509],[122.10313381967012,52.449758635053],[122.07879629001684,52.442802844875416],[122.08190411498299,52.41891449510791],[122.03238187991985,52.409040539789146],[122.03797701023086,52.38819322054076],[121.94467452520928,52.31538815553898],[121.93085209464846,52.287175199875605],[121.83309195532956,52.27944157526855],[121.71339045980199,52.31361734996079],[121.70845188044996,52.34772258003312],[121.6545328904806,52.386881275150756],[121.67507790981779,52.41841631026455],[121.63797457027022,52.44330310985072],[121.58142224034418,52.44061596975126],[121.5503543050072,52.46055071993982],[121.52044628017177,52.45252313483485],[121.48988595996911,52.48238550019073],[121.41344100499839,52.49792188478722],[121.40339645548215,52.52075753043573],[121.34570939517255,52.533357310191775],[121.31649364506575,52.572047190525495],[121.26918315497869,52.5858229552652],[121.2246212502705,52.57271735542167],[121.18435467492839,52.590441439820665],[121.30165132035222,52.673161235402745],[121.37351568460122,52.68446878470672],[121.445832409638,52.730698445277085],[121.47144501967193,52.77170691004591],[121.50087161043655,52.77328236039267],[121.58069861974559,52.81976489053733],[121.61470176507441,52.85118228533423],[121.59580367509955,52.870048120224624],[121.60131679983056,52.8907198504408],[121.65545144542796,52.91072023045433],[121.70310691545183,52.99635252994534],[121.77873063021445,53.016482975309145],[121.81343323045928,53.0621972299183],[121.76697748482309,53.08843214472773],[121.7776186652693,53.11744165510834],[121.74468677977109,53.14708355975853],[121.71180819529206,53.1449442102072],[121.65190526031961,53.17367702977117],[121.64580280535529,53.19125677028376],[121.67058527459085,53.198832740138926],[121.67355248515912,53.237946755138694],[121.60779974536206,53.25861990988096],[121.56671685539857,53.296009939806936],[121.54441675962585,53.29149840982382],[121.49310946023343,53.33377931006714],[121.86969310535255,53.42652724973283],[122.09593821537635,53.4216780396099],[122.1643502450678,53.47080566025306],[122.24812486986696,53.46253807487233],[122.34159301540535,53.501542930162145],[122.36897790500632,53.47007112997869],[122.43954832469547,53.44130137525832],[122.58504020014516,53.46312678996941],[122.85161012021092,53.45671267495004],[123.05669080014036,53.50615034496252],[123.14058077468303,53.49679938498366],[123.26636181044921,53.56090105044319]]]}},{"type":"Feature","properties":{"name":"上海市","adcode":"310000","region_code":"310000","population":24870895,"elderly_65plus":4049012,"aging_rate":0.1628,"youth_rate":0.098,"source_year":"2020","source_name":"第七次全国人口普查（省市分年龄性别）","license":"普查数据，来源标注 required"},"geometry":{"type":"MultiPolygon","coordinates":[[[[121.8748,31.6352],[121.8754,31.6132],[121.909,31.5785],[121.9717,31.5383],[121.9879,31.4973],[121.9832,31.4762],[121.9533,31.5065],[121.9258,31.4626],[121.8872,31.4513],[121.8734,31.363],[121.9419,31.3364],[122.1129,31.3144],[122.0894,31.2636],[121.9809,31.2938],[121.8545,31.2988],[121.8363,31.2223],[121.7958,31.2315],[121.773,31.2165],[121.8769,31.1325],[121.8624,31.1124],[121.8804,31.1289],[121.9199,31.0956],[121.8907,31.0753],[121.9741,30.9205],[121.9725,30.885],[121.8876,30.8482],[121.6626,30.8459],[121.5251,30.8191],[121.4129,30.7616],[121.3463,30.7046],[121.2679,30.6917],[121.2642,30.7369],[121.2276,30.7582],[121.2144,30.7882],[121.1924,30.7757],[121.1225,30.7809],[121.1334,30.8287],[121.1158,30.8517],[121.0624,30.8509],[121.0336,30.8164],[121.0102,30.8383],[120.9857,30.8257],[121.0175,30.8772],[120.9862,30.898],[121.0007,30.9109],[120.9881,31.0101],[120.9502,31.0323],[120.9355,31.0115],[120.8972,31.0197],[120.8982,31.0879],[120.854,31.1106],[120.8756,31.1363],[121.0135,31.1364],[121.0362,31.1397],[121.0401,31.1563],[121.064,31.1517],[121.0577,31.27],[121.0778,31.2736],[121.0827,31.2941],[121.1,31.2757],[121.1102,31.2876],[121.1565,31.284],[121.1389,31.3118],[121.1253,31.3045],[121.1257,31.3461],[121.1024,31.3573],[121.1091,31.3762],[121.1442,31.389],[121.1539,31.4121],[121.1433,31.4234],[121.1598,31.4333],[121.1429,31.4453],[121.2363,31.4956],[121.2562,31.4799],[121.3012,31.5071],[121.32,31.5019],[121.3822,31.5471],[121.097,31.7651],[121.2187,31.8472],[121.3014,31.8725],[121.3704,31.8491],[121.4176,31.7801],[121.446,31.7634],[121.5998,31.7031],[121.8748,31.6352]]],[[[121.8853,31.2446],[121.9228,31.2288],[121.9146,31.2009],[121.8749,31.2323],[121.8853,31.2446]]],[[[121.9403,31.2296],[122.0355,31.2157],[122.0252,31.1668],[121.9904,31.1543],[121.9458,31.1775],[121.9403,31.2296]]]]}},{"type":"Feature","properties":{"name":"浙江省","adcode":"330000","region_code":"330000","population":64567588,"elderly_65plus":8566349,"aging_rate":0.1327,"youth_rate":0.1345,"source_year":"2020","source_name":"第七次全国人口普查（省市分年龄性别）","license":"普查数据，来源标注 required"},"geometry":{"type":"MultiPolygon","coordinates":[[[[120.4722,27.1627],[120.4841,27.1434],[120.4655,27.1644],[120.4722,27.1627]]],[[[120.5351,27.1737],[120.53,27.1593],[120.5231,27.1493],[120.5128,27.1633],[120.5228,27.1836],[120.5351,27.1737]]],[[[120.5627,27.2449],[120.5495,27.2475],[120.5626,27.2457],[120.5627,27.2449]]],[[[120.5989,27.3491],[120.5869,27.3364],[120.5822,27.3378],[120.5804,27.3466],[120.5989,27.3491]]],[[[121.0826,27.4347],[121.0799,27.428],[121.0708,27.435],[121.0826,27.4347]]],[[[121.1302,27.4739],[121.1221,27.4726],[121.122,27.476],[121.1302,27.4739]]],[[[121.1177,27.4693],[121.1058,27.4686],[121.1038,27.4767],[121.1177,27.4693]]],[[[121.0534,27.487],[121.0801,27.4748],[121.1057,27.4479],[121.0807,27.4638],[121.0884,27.4537],[121.0605,27.4653],[121.0658,27.4476],[121.0451,27.4615],[121.0513,27.4773],[121.0694,27.473],[121.0534,27.487]]],[[[121.0896,27.4964],[121.0849,27.4918],[121.0823,27.4952],[121.0896,27.4964]]],[[[121.2242,27.6193],[121.2132,27.6156],[121.2202,27.6208],[121.2242,27.6193]]],[[[121.2057,27.612],[121.2052,27.6214],[121.2123,27.6224],[121.2057,27.612]]],[[[121.1737,27.631],[121.1626,27.6308],[121.1707,27.6344],[121.1737,27.631]]],[[[121.2104,27.6269],[121.1914,27.6248],[121.216,27.6352],[121.2104,27.6269]]],[[[120.8197,27.6478],[120.8257,27.6479],[120.8195,27.6401],[120.8197,27.6478]]],[[[120.9648,27.6662],[120.9802,27.6559],[120.9666,27.6478],[120.9648,27.6662]]],[[[120.8374,27.6841],[120.8257,27.6878],[120.8281,27.6901],[120.8374,27.6841]]],[[[120.8161,27.6956],[120.812,27.6972],[120.8189,27.6968],[120.8161,27.6956]]],[[[120.9072,27.7028],[120.9061,27.6941],[120.8981,27.6986],[120.9072,27.7028]]],[[[120.8966,27.7115],[120.8841,27.7104],[120.8981,27.7139],[120.8966,27.7115]]],[[[121.1488,27.7601],[121.1415,27.7632],[121.1496,27.7649],[121.1488,27.7601]]],[[[121.1385,27.7652],[121.1282,27.757],[121.1269,27.7651],[121.1385,27.7652]]],[[[121.1437,27.7719],[121.1335,27.7794],[121.1457,27.7747],[121.1437,27.7719]]],[[[121.0915,27.7869],[121.0697,27.7816],[121.086,27.796],[121.0915,27.7869]]],[[[121.1522,27.8196],[121.1394,27.7951],[121.1276,27.7914],[121.1522,27.8196]]],[[[121.2202,27.8244],[121.2093,27.8232],[121.2204,27.8266],[121.2202,27.8244]]],[[[121.1277,27.8533],[121.1924,27.8525],[121.1677,27.8457],[121.1728,27.8167],[121.1562,27.8251],[121.0884,27.8206],[121.1277,27.8533]]],[[[121.1682,27.8685],[121.144,27.8604],[121.1732,27.8754],[121.1682,27.8685]]],[[[121.0382,27.8777],[121.0639,27.8636],[121.0848,27.8686],[121.0625,27.8445],[121.0444,27.8538],[121.0233,27.8399],[121.0222,27.867],[121.0382,27.8777]]],[[[121.1436,27.8822],[121.1455,27.8776],[121.1398,27.879],[121.1436,27.8822]]],[[[121.1462,27.9],[121.1377,27.8776],[121.1025,27.8697],[121.1075,27.8908],[121.1462,27.9]]],[[[121.1191,27.9238],[121.1093,27.9084],[121.104,27.9122],[121.1191,27.9238]]],[[[121.0391,27.966],[121.1183,27.985],[121.1338,27.9564],[121.0922,27.9418],[121.0711,27.9565],[121.0399,27.9491],[121.0391,27.966]]],[[[121.169,27.9836],[121.1903,27.9967],[121.2347,27.9939],[121.1817,27.9672],[121.169,27.9836]]],[[[121.0729,28.0104],[121.0838,28.0024],[121.038,27.9851],[121.0382,27.991],[121.0729,28.0104]]],[[[121.1461,28.0221],[121.1555,28.0205],[121.1418,28.0164],[121.1461,28.0221]]],[[[121.2562,28.0532],[121.2467,28.0458],[121.2503,28.0527],[121.2562,28.0532]]],[[[121.4133,28.0597],[121.4007,28.0533],[121.4007,28.0542],[121.4133,28.0597]]],[[[121.2899,28.0667],[121.2785,28.0606],[121.2766,28.0639],[121.2899,28.0667]]],[[[121.4089,28.0866],[121.397,28.0952],[121.4057,28.1042],[121.4089,28.0866]]],[[[121.5214,28.1046],[121.5116,28.0929],[121.4979,28.0772],[121.5214,28.1046]]],[[[121.3689,28.1122],[121.3513,28.0925],[121.3392,28.095],[121.3689,28.1122]]],[[[121.3994,28.1325],[121.3853,28.1223],[121.3819,28.1234],[121.3994,28.1325]]],[[[121.1578,28.1664],[121.1431,28.1657],[121.151,28.1783],[121.1578,28.1664]]],[[[121.6399,28.2356],[121.6345,28.2245],[121.6283,28.2253],[121.6399,28.2356]]],[[[121.1676,28.2136],[121.1508,28.2294],[121.1787,28.2387],[121.1676,28.2136]]],[[[121.1676,28.2557],[121.1606,28.2462],[121.1617,28.2548],[121.1676,28.2557]]],[[[121.1325,28.2654],[121.1339,28.2556],[121.1323,28.2557],[121.1325,28.2654]]],[[[121.1613,28.2636],[121.15,28.2621],[121.1491,28.2703],[121.1613,28.2636]]],[[[121.6855,28.2843],[121.6734,28.2879],[121.6831,28.2926],[121.6855,28.2843]]],[[[121.6602,28.2931],[121.6545,28.2964],[121.6601,28.2992],[121.6602,28.2931]]],[[[121.6474,28.2964],[121.647,28.3049],[121.651,28.3028],[121.6474,28.2964]]],[[[121.1926,28.322],[121.1696,28.3386],[121.1859,28.3535],[121.2024,28.3336],[121.1926,28.322]]],[[[121.203,28.3614],[121.2034,28.3406],[121.1929,28.3607],[121.203,28.3614]]],[[[121.6528,28.36],[121.6386,28.3529],[121.6548,28.3682],[121.6528,28.36]]],[[[121.6822,28.3775],[121.6794,28.3712],[121.6739,28.3749],[121.6822,28.3775]]],[[[121.728,28.3832],[121.7197,28.3806],[121.725,28.3858],[121.728,28.3832]]],[[[121.6914,28.384],[121.682,28.3784],[121.6864,28.3879],[121.6914,28.384]]],[[[121.9104,28.3919],[121.9097,28.3992],[121.9166,28.3987],[121.9104,28.3919]]],[[[121.6642,28.409],[121.657,28.4109],[121.6685,28.4175],[121.6642,28.409]]],[[[121.6761,28.4177],[121.6849,28.4072],[121.6676,28.4114],[121.6761,28.4177]]],[[[121.6699,28.4232],[121.6515,28.4205],[121.6494,28.4222],[121.6699,28.4232]]],[[[121.6351,28.4314],[121.6657,28.4335],[121.6694,28.4301],[121.6351,28.4314]]],[[[121.9141,28.4666],[121.8905,28.4363],[121.8719,28.4335],[121.9141,28.4666]]],[[[121.8931,28.5027],[121.913,28.4993],[121.8727,28.4784],[121.8869,28.5006],[121.8678,28.5031],[121.8932,28.516],[121.8931,28.5027]]],[[[121.8165,28.6029],[121.8051,28.6013],[121.8165,28.6048],[121.8165,28.6029]]],[[[121.8116,28.614],[121.8114,28.6075],[121.8016,28.6027],[121.8116,28.614]]],[[[121.804,28.7026],[121.7839,28.6818],[121.7432,28.6937],[121.7579,28.6914],[121.7614,28.7076],[121.787,28.6923],[121.804,28.7026]]],[[[121.9372,28.7242],[121.9177,28.7089],[121.9097,28.7177],[121.9372,28.7242]]],[[[121.875,28.7502],[121.8587,28.7402],[121.8685,28.7312],[121.8436,28.7317],[121.8506,28.7524],[121.875,28.7502]]],[[[121.8903,28.7654],[121.8936,28.7544],[121.8764,28.7538],[121.8903,28.7654]]],[[[121.8201,28.7613],[121.8173,28.7694],[121.8251,28.7711],[121.8201,28.7613]]],[[[121.8719,28.8031],[121.8605,28.8029],[121.8584,28.786],[121.8334,28.7742],[121.8527,28.7974],[121.8468,28.8104],[121.8719,28.8031]]],[[[122.2379,28.8666],[122.2286,28.8566],[122.2264,28.8617],[122.2379,28.8666]]],[[[122.2624,28.8895],[122.2548,28.8834],[122.2564,28.8912],[122.2624,28.8895]]],[[[121.7005,28.901],[121.6873,28.8853],[121.6563,28.896],[121.6803,28.9061],[121.7005,28.901]]],[[[121.9489,29.0467],[121.927,29.0436],[121.9488,29.0481],[121.9489,29.0467]]],[[[121.6753,29.0628],[121.6575,29.0626],[121.6543,29.067],[121.6753,29.0628]]],[[[121.6921,29.0929],[121.7055,29.0859],[121.7032,29.0815],[121.6921,29.0929]]],[[[121.7879,29.0994],[121.8383,29.0865],[121.8242,29.0862],[121.8371,29.076],[121.8286,29.0543],[121.7867,29.0783],[121.7879,29.0994]]],[[[121.6902,29.1086],[121.6838,29.0987],[121.6785,29.1121],[121.6902,29.1086]]],[[[121.7853,29.1496],[121.8676,29.1435],[121.8639,29.1297],[121.8867,29.1152],[121.8707,29.0898],[121.7832,29.1138],[121.7853,29.1496]]],[[[121.8659,29.169],[121.8618,29.1613],[121.8541,29.1631],[121.8659,29.169]]],[[[121.8916,29.1642],[121.8894,29.1688],[121.9022,29.169],[121.8916,29.1642]]],[[[121.9786,29.1503],[121.9824,29.109],[121.9582,29.0965],[121.9799,29.0895],[121.9587,29.0804],[121.9477,29.0517],[121.899,29.074],[121.9078,29.087],[121.8914,29.1189],[121.8673,29.1311],[121.9374,29.1849],[121.9786,29.1503]]],[[[121.9687,29.1924],[121.9733,29.1657],[121.9485,29.1888],[121.9687,29.1924]]],[[[121.5946,29.1926],[121.5875,29.1936],[121.5959,29.1984],[121.5946,29.1926]]],[[[122.0525,29.1908],[122.0403,29.1802],[122.0688,29.1794],[122.0614,29.1684],[122.0118,29.155],[122.0115,29.1736],[122.0352,29.1799],[122.0318,29.2085],[122.0525,29.1908]]],[[[121.9488,29.1991],[121.9583,29.2147],[121.9624,29.1986],[121.9488,29.1991]]],[[[121.9911,29.2298],[121.9902,29.2222],[121.9798,29.2301],[121.9911,29.2298]]],[[[122.0091,29.2362],[122.0004,29.2278],[121.9974,29.2334],[122.0091,29.2362]]],[[[121.7917,29.2782],[121.7871,29.2978],[121.7953,29.3162],[121.7994,29.2949],[121.7917,29.2782]]],[[[121.9737,29.346],[121.9675,29.3432],[121.9807,29.3507],[121.9737,29.346]]],[[[122.2248,29.3821],[122.2235,29.3766],[122.2184,29.3786],[122.2248,29.3821]]],[[[122.1812,29.4032],[122.1698,29.4028],[122.1763,29.4086],[122.1812,29.4032]]],[[[122.0143,29.4116],[122.0018,29.4075],[121.9981,29.4126],[122.0021,29.4149],[122.0143,29.4116]]],[[[122.2082,29.4417],[122.2218,29.4322],[122.1767,29.4114],[122.176,29.4269],[122.2082,29.4417]]],[[[122.1896,29.4672],[122.1795,29.4583],[122.1805,29.4633],[122.1896,29.4672]]],[[[121.9832,29.4775],[121.9785,29.4737],[121.9748,29.4782],[121.9832,29.4775]]],[[[121.5687,29.4892],[121.5726,29.4861],[121.5645,29.4853],[121.5687,29.4892]]],[[[121.5859,29.4942],[121.5765,29.4939],[121.5869,29.4978],[121.5859,29.4942]]],[[[121.6107,29.5099],[121.5901,29.4966],[121.5884,29.4986],[121.6006,29.5099],[121.6107,29.5099]]],[[[121.9932,29.5075],[121.9772,29.4991],[121.9729,29.5017],[121.9826,29.5112],[121.9932,29.5075]]],[[[121.5614,29.5327],[121.5849,29.5204],[121.556,29.5263],[121.5614,29.5327]]],[[[121.5856,29.5382],[121.5776,29.5339],[121.5808,29.5399],[121.5856,29.5382]]],[[[121.6108,29.5393],[121.6215,29.5362],[121.6115,29.5353],[121.6108,29.5393]]],[[[121.6634,29.5366],[121.6559,29.537],[121.6573,29.5415],[121.6634,29.5366]]],[[[121.6822,29.5565],[121.6911,29.5446],[121.6648,29.5466],[121.6822,29.5565]]],[[[121.7477,29.6009],[121.7403,29.6027],[121.7509,29.6048],[121.7477,29.6009]]],[[[122.1524,29.6119],[122.1421,29.6126],[122.1557,29.6205],[122.1524,29.6119]]],[[[122.0222,29.6084],[122.0186,29.621],[122.026,29.627],[122.0313,29.6174],[122.0222,29.6084]]],[[[122.005,29.6278],[121.9968,29.6251],[122.0016,29.632],[122.005,29.6278]]],[[[122.2262,29.6354],[122.2113,29.6405],[122.2267,29.6369],[122.2262,29.6354]]],[[[122.239,29.6634],[122.2402,29.6575],[122.2257,29.6648],[122.239,29.6634]]],[[[122.2376,29.6781],[122.2307,29.6756],[122.2293,29.6824],[122.2376,29.6781]]],[[[122.2224,29.6936],[122.2146,29.6868],[122.2095,29.6901],[122.2224,29.6936]]],[[[122.2035,29.7163],[122.2772,29.6908],[122.2756,29.6784],[122.2035,29.7163]]],[[[122.2156,29.7261],[122.2053,29.7222],[122.1938,29.7286],[122.2156,29.7261]]],[[[122.2285,29.7422],[122.2278,29.7357],[122.2215,29.7405],[122.2285,29.7422]]],[[[122.0393,29.7467],[122.0165,29.7159],[122.0081,29.7441],[122.0318,29.7618],[122.0393,29.7467]]],[[[122.1975,29.7616],[122.1898,29.7672],[122.1956,29.767],[122.1975,29.7616]]],[[[122.2515,29.7517],[122.3032,29.7457],[122.3075,29.7349],[122.2551,29.7352],[122.2141,29.7755],[122.2537,29.7773],[122.2515,29.7517]]],[[[122.1247,29.7914],[122.1347,29.7557],[122.206,29.6931],[122.1811,29.6553],[122.1762,29.6746],[122.1372,29.664],[122.1373,29.6791],[122.1084,29.678],[122.0481,29.7163],[122.0692,29.7762],[122.1247,29.7914]]],[[[122.1725,29.7986],[122.1904,29.7982],[122.196,29.7925],[122.179,29.7907],[122.1725,29.7986]]],[[[122.175,29.8046],[122.1593,29.8031],[122.1576,29.8055],[122.175,29.8046]]],[[[122.2339,29.8019],[122.223,29.8032],[122.2196,29.8058],[122.225,29.8109],[122.2339,29.8019]]],[[[122.1948,29.8183],[122.1865,29.8118],[122.182,29.8178],[122.1948,29.8183]]],[[[122.3196,29.842],[122.3236,29.8278],[122.3155,29.8413],[122.3196,29.842]]],[[[122.3716,29.8439],[122.3653,29.8306],[122.3556,29.8395],[122.3716,29.8439]]],[[[122.2601,29.8466],[122.3142,29.8309],[122.2903,29.8132],[122.3084,29.8086],[122.3021,29.797],[122.3214,29.7772],[122.2794,29.7846],[122.2197,29.8343],[122.2601,29.8466]]],[[[122.2735,29.8703],[122.2557,29.8646],[122.2505,29.8764],[122.2735,29.8703]]],[[[122.2977,29.8855],[122.3444,29.8789],[122.3024,29.8528],[122.2798,29.8644],[122.2977,29.8855]]],[[[122.0096,29.8928],[122.0197,29.8841],[122.0118,29.8784],[122.0096,29.8928]]],[[[122.3058,29.8975],[122.3001,29.893],[122.2967,29.8958],[122.3058,29.8975]]],[[[121.9956,29.9001],[121.9922,29.8926],[121.9875,29.8958],[121.9956,29.9001]]],[[[122.0027,29.9012],[122.0101,29.8958],[122.0036,29.8961],[122.0027,29.9012]]],[[[122.016,29.9147],[122.0055,29.9061],[122.0021,29.9152],[122.016,29.9147]]],[[[122.3035,29.9257],[122.2886,29.9275],[122.2842,29.9377],[122.3073,29.9435],[122.3035,29.9257]]],[[[122.0581,29.9476],[122.0511,29.9435],[122.0542,29.9483],[122.0581,29.9476]]],[[[122.4552,29.933],[122.447,29.9409],[122.4556,29.9503],[122.4581,29.9451],[122.4552,29.933]]],[[[121.9977,29.9203],[121.9436,29.8938],[121.9223,29.9308],[121.9667,29.9517],[121.9977,29.9203]]],[[[122.3514,29.9505],[122.4211,29.9455],[122.427,29.9203],[122.4012,29.919],[122.4296,29.9094],[122.4318,29.8908],[122.3907,29.8582],[122.4117,29.8321],[122.3822,29.8382],[122.3664,29.8644],[122.3713,29.8932],[122.3253,29.9266],[122.3514,29.9505]]],[[[122.0853,29.9581],[122.0789,29.939],[122.0758,29.9523],[122.0853,29.9581]]],[[[122.4545,29.9533],[122.4413,29.9571],[122.4459,29.9598],[122.4545,29.9533]]],[[[122.0729,29.9653],[122.0678,29.9604],[122.0697,29.9656],[122.0729,29.9653]]],[[[122.0375,29.9338],[122.0261,29.9544],[122.0457,29.9657],[122.0535,29.9561],[122.0375,29.9338]]],[[[122.1653,29.9568],[122.1357,29.9474],[122.1289,29.9583],[122.1572,29.9682],[122.1653,29.9568]]],[[[122.1328,29.9638],[122.1256,29.9703],[122.1409,29.9666],[122.1328,29.9638]]],[[[122.4492,29.9729],[122.4405,29.97],[122.4479,29.9755],[122.4492,29.9729]]],[[[122.2092,29.9727],[122.2728,29.9358],[122.1867,29.9783],[122.2092,29.9727]]],[[[122.1234,29.9759],[122.1047,29.9665],[122.112,29.9823],[122.1234,29.9759]]],[[[122.0897,29.9844],[122.0875,29.9765],[122.0821,29.98],[122.0897,29.9844]]],[[[122.1405,29.9881],[122.136,29.9813],[122.1295,29.986],[122.1405,29.9881]]],[[[122.1631,29.9906],[122.1904,29.9607],[122.1378,29.9742],[122.1631,29.9906]]],[[[122.0496,29.9896],[122.0389,29.9837],[122.0444,29.9912],[122.0496,29.9896]]],[[[122.0891,29.9869],[122.0694,29.9749],[122.0661,29.9973],[122.0719,30.0023],[122.0891,29.9869]]],[[[122.103,30.0021],[122.0987,29.9975],[122.0969,30.0025],[122.103,30.0021]]],[[[122.3997,30.0267],[122.3965,30.0113],[122.4134,30.0035],[122.3926,30.0032],[122.3886,29.98],[122.3734,29.9774],[122.3775,30.025],[122.3997,30.0267]]],[[[122.4309,30.0327],[122.4236,30.0273],[122.4224,30.0428],[122.4309,30.0327]]],[[[121.9669,30.052],[121.9602,30.0613],[121.9656,30.0658],[121.9697,30.0637],[121.9669,30.052]]],[[[121.9877,30.0762],[121.9718,30.0756],[121.9826,30.0867],[121.9832,30.0813],[121.9877,30.0762]]],[[[121.9722,30.1017],[121.9699,30.0885],[121.9645,30.0975],[121.9722,30.1017]]],[[[121.8455,30.065],[121.8203,30.081],[121.8248,30.0984],[121.8374,30.1027],[121.8455,30.065]]],[[[121.8469,30.1021],[121.9191,30.0515],[121.9284,30.0086],[121.8683,29.9697],[121.8354,29.9942],[121.8467,30.0095],[121.8469,30.1021]]],[[[121.958,30.1039],[121.9405,30.0686],[121.9071,30.0963],[121.9385,30.116],[121.958,30.1039]]],[[[121.8664,30.1116],[121.8571,30.1104],[121.8601,30.119],[121.8664,30.1116]]],[[[122.1458,30.1288],[122.1539,30.1237],[122.1579,30.1203],[122.154,30.1189],[122.1453,30.1253],[122.1458,30.1288]]],[[[122.7828,30.1297],[122.7625,30.1268],[122.755,30.1425],[122.7683,30.141],[122.7828,30.1297]]],[[[122.7236,30.1751],[122.7119,30.1774],[122.717,30.1816],[122.7236,30.1751]]],[[[121.9488,30.1849],[122.0461,30.1472],[122.1002,30.1579],[122.1503,30.1123],[122.2902,30.1021],[122.2954,30.0781],[122.2607,30.0799],[122.2507,30.0668],[122.2872,30.0656],[122.3383,30.0196],[122.3151,29.9445],[122.278,29.9415],[122.1704,29.9928],[122.12,29.9899],[122.0981,30.0095],[122.0228,29.9955],[121.9765,30.0573],[121.989,30.0758],[121.9842,30.104],[121.9345,30.1675],[121.9488,30.1849]]],[[[122.055,30.194],[122.0567,30.1815],[122.0211,30.1646],[122.0137,30.1876],[122.055,30.194]]],[[[122.1419,30.1785],[122.2037,30.1926],[122.2075,30.1844],[122.1592,30.1406],[122.1419,30.1785]]],[[[122.587,30.1981],[122.5826,30.2042],[122.589,30.2076],[122.587,30.1981]]],[[[122.6865,30.1829],[122.6699,30.2048],[122.6694,30.2114],[122.6876,30.2025],[122.6865,30.1829]]],[[[122.7095,30.1903],[122.6985,30.2028],[122.7085,30.2117],[122.7073,30.2023],[122.7095,30.1903]]],[[[122.6465,30.2128],[122.6427,30.1896],[122.6353,30.2142],[122.6465,30.2128]]],[[[122.1361,30.217],[122.123,30.2187],[122.1454,30.2201],[122.1361,30.217]]],[[[122.3286,30.2314],[122.3246,30.2241],[122.3194,30.2273],[122.3286,30.2314]]],[[[122.1994,30.2222],[122.1865,30.2152],[122.1755,30.2295],[122.1875,30.2322],[122.1994,30.2222]]],[[[122.5141,30.2338],[122.5201,30.2241],[122.5123,30.233],[122.5141,30.2338]]],[[[122.4986,30.2184],[122.4817,30.2212],[122.4694,30.2282],[122.49,30.2318],[122.4986,30.2184]]],[[[122.2397,30.2206],[122.2245,30.2233],[122.222,30.2303],[122.2329,30.2345],[122.2397,30.2206]]],[[[122.2054,30.2378],[122.2132,30.2341],[122.2049,30.2321],[122.2054,30.2378]]],[[[122.2959,30.2722],[122.311,30.2529],[122.2527,30.2383],[122.2598,30.271],[122.2959,30.2722]]],[[[122.4027,30.2742],[122.4163,30.2485],[122.3942,30.2277],[122.3824,30.2459],[122.3794,30.2336],[122.2725,30.2386],[122.3151,30.2511],[122.3314,30.2712],[122.4027,30.2742]]],[[[122.3717,30.2844],[122.3593,30.2778],[122.3551,30.2794],[122.3717,30.2844]]],[[[122.1905,30.3281],[122.2183,30.3345],[122.2218,30.3123],[122.241,30.308],[122.2173,30.2927],[122.2332,30.2767],[122.2215,30.2342],[122.1378,30.2542],[122.0485,30.3031],[122.1487,30.3191],[122.1747,30.3439],[122.1905,30.3281]]],[[[121.9953,30.3096],[121.9841,30.293],[121.9532,30.2909],[121.9226,30.3135],[121.939,30.3353],[121.9786,30.344],[121.9953,30.3096]]],[[[122.4645,30.4419],[122.4825,30.4197],[122.4707,30.4059],[122.4464,30.4265],[122.4645,30.4419]]],[[[122.38,30.4722],[122.3673,30.461],[122.4157,30.4502],[122.414,30.4296],[122.4347,30.4144],[122.3637,30.4193],[122.3508,30.436],[122.3422,30.4165],[122.2802,30.4245],[122.277,30.4753],[122.349,30.4588],[122.38,30.4722]]],[[[122.2992,30.5013],[122.3203,30.4973],[122.3217,30.4962],[122.3101,30.4943],[122.2992,30.5013]]],[[[122.2732,30.5268],[122.2549,30.5143],[122.2542,30.5202],[122.2732,30.5268]]],[[[122.339,30.5293],[122.3362,30.5084],[122.3138,30.5196],[122.339,30.5293]]],[[[122.0684,30.575],[122.0521,30.5938],[122.0857,30.5951],[122.0792,30.5816],[122.0684,30.575]]],[[[122.3319,30.5997],[122.3332,30.5947],[122.3227,30.5928],[122.3319,30.5997]]],[[[122.3698,30.5899],[122.3561,30.5934],[122.3515,30.5991],[122.3559,30.6013],[122.3698,30.5899]]],[[[122.1087,30.6147],[122.1286,30.5988],[122.0982,30.6045],[122.1087,30.6147]]],[[[121.6237,30.6147],[121.6333,30.6118],[121.6142,30.6099],[121.6237,30.6147]]],[[[122.1423,30.62],[122.1448,30.6137],[122.1321,30.6169],[122.1423,30.62]]],[[[122.4276,30.62],[122.4216,30.6229],[122.4281,30.625],[122.4276,30.62]]],[[[122.104,30.624],[122.0895,30.6044],[122.0376,30.6429],[122.0686,30.6464],[122.104,30.624]]],[[[122.512,30.6512],[122.512,30.6447],[122.5088,30.6498],[122.512,30.6512]]],[[[122.2853,30.6528],[122.2903,30.6424],[122.2734,30.6401],[122.2853,30.6528]]],[[[122.0111,30.6606],[122.024,30.6607],[122.0426,30.6546],[122.0383,30.6492],[122.0111,30.6606]]],[[[122.5291,30.6741],[122.541,30.6621],[122.5201,30.6735],[122.5291,30.6741]]],[[[122.5558,30.677],[122.5839,30.6661],[122.5604,30.66],[122.5677,30.6475],[122.5434,30.6541],[122.5558,30.677]]],[[[122.4175,30.6861],[122.4307,30.6759],[122.4049,30.6738],[122.4175,30.6861]]],[[[122.793,30.7255],[122.7786,30.7167],[122.7853,30.6995],[122.7524,30.7091],[122.7762,30.7301],[122.793,30.7255]]],[[[122.8032,30.7207],[122.8282,30.7274],[122.8322,30.7032],[122.8032,30.7207]]],[[[122.4847,30.7119],[122.5252,30.7265],[122.5344,30.7062],[122.4234,30.6869],[122.4401,30.7181],[122.4286,30.7436],[122.4847,30.7119]]],[[[122.463,30.7458],[122.4484,30.7567],[122.4644,30.7546],[122.463,30.7458]]],[[[122.3888,30.7449],[122.3826,30.7616],[122.3894,30.7637],[122.3908,30.7577],[122.3888,30.7449]]],[[[122.7923,30.778],[122.7739,30.7862],[122.7717,30.7897],[122.7841,30.7925],[122.7923,30.778]]],[[[122.7677,30.7976],[122.7598,30.7906],[122.7592,30.7964],[122.7677,30.7976]]],[[[122.6126,30.8276],[122.6356,30.8185],[122.6051,30.8214],[122.6126,30.8276]]],[[[122.6504,30.822],[122.637,30.8191],[122.6412,30.8292],[122.6504,30.822]]],[[[122.6744,30.863],[122.7011,30.8505],[122.685,30.8408],[122.6624,30.8504],[122.6744,30.863]]],[[[121.6086,28.4704],[121.5959,28.4287],[121.6595,28.4034],[121.6173,28.3483],[121.6654,28.3472],[121.6465,28.3314],[121.6402,28.2892],[121.616,28.2788],[121.6249,28.2657],[121.5827,28.2502],[121.5922,28.2733],[121.5714,28.2704],[121.578,28.3017],[121.5134,28.3302],[121.4618,28.3283],[121.4621,28.304],[121.4477,28.307],[121.4033,28.2141],[121.3653,28.2236],[121.3815,28.2003],[121.3692,28.194],[121.3933,28.1883],[121.384,28.1631],[121.3589,28.1393],[121.3335,28.1511],[121.2761,28.0844],[121.2911,28.0713],[121.2318,28.0803],[121.2512,28.0677],[121.247,28.0548],[121.2187,28.0711],[121.2075,28.0616],[121.2237,28.0566],[121.1529,28.0407],[121.1434,28.0587],[121.1577,28.0734],[121.1292,28.1359],[121.1586,28.1376],[121.2034,28.1704],[121.209,28.1966],[121.1942,28.2176],[121.2434,28.2912],[121.2146,28.329],[121.238,28.3492],[121.215,28.3467],[121.2027,28.3909],[121.1788,28.3774],[121.171,28.3899],[121.1854,28.3606],[121.1471,28.3424],[121.1342,28.2973],[121.1186,28.2848],[121.0714,28.2902],[121.1137,28.2781],[121.1299,28.2412],[121.0918,28.1458],[121.0657,28.1596],[121.0637,28.1402],[121.0012,28.0897],[121.0135,28.0827],[121.006,28.0116],[120.957,27.9809],[120.9509,27.9535],[120.9713,27.9399],[120.9403,27.9034],[120.9188,27.9247],[120.8842,27.9165],[120.914,27.8829],[120.8313,27.768],[120.7818,27.7952],[120.7475,27.7231],[120.7211,27.7077],[120.691,27.7178],[120.6778,27.7033],[120.6916,27.6852],[120.66,27.6159],[120.6377,27.605],[120.6498,27.5927],[120.5918,27.5939],[120.6726,27.5117],[120.6422,27.508],[120.6307,27.4953],[120.6625,27.5014],[120.6882,27.4763],[120.6626,27.4455],[120.6483,27.4478],[120.6363,27.4087],[120.6507,27.3932],[120.6451,27.3645],[120.6156,27.3679],[120.6125,27.3924],[120.5943,27.381],[120.5418,27.4005],[120.556,27.371],[120.5321,27.3584],[120.5358,27.3381],[120.5094,27.34],[120.5539,27.3214],[120.5398,27.3004],[120.5634,27.2953],[120.5184,27.2793],[120.5321,27.2256],[120.5167,27.2269],[120.5193,27.196],[120.4965,27.1916],[120.4798,27.1665],[120.4627,27.1765],[120.4577,27.2209],[120.4308,27.2137],[120.4323,27.1677],[120.4027,27.2047],[120.4101,27.2347],[120.3911,27.2477],[120.4265,27.2602],[120.3455,27.3473],[120.3415,27.3992],[120.3133,27.4123],[120.2688,27.3909],[120.2445,27.4431],[120.2138,27.4215],[120.1306,27.4255],[120.1281,27.3966],[120.0938,27.3953],[120.0462,27.3404],[119.99,27.3832],[119.9519,27.3679],[119.9619,27.3627],[119.9321,27.3395],[119.9408,27.3178],[119.9014,27.3219],[119.8715,27.3041],[119.8412,27.3274],[119.8366,27.3023],[119.7659,27.3089],[119.7662,27.33],[119.7805,27.3297],[119.6808,27.4417],[119.7048,27.4654],[119.704,27.5178],[119.6825,27.5415],[119.6539,27.545],[119.6721,27.577],[119.6272,27.5857],[119.6201,27.6188],[119.6435,27.6438],[119.6384,27.667],[119.6154,27.6768],[119.5526,27.6657],[119.5379,27.6795],[119.5334,27.6614],[119.4966,27.6527],[119.4996,27.6145],[119.465,27.5278],[119.4347,27.5109],[119.4107,27.5387],[119.3408,27.5242],[119.3405,27.4915],[119.2752,27.4578],[119.2629,27.4244],[119.143,27.4285],[119.1168,27.4393],[119.1214,27.4839],[119.061,27.4702],[118.9859,27.5065],[118.9848,27.4815],[118.9575,27.4733],[118.9523,27.4523],[118.8989,27.4651],[118.8727,27.5198],[118.8548,27.5177],[118.8649,27.5439],[118.9067,27.5723],[118.8988,27.5945],[118.9127,27.6166],[118.87,27.6857],[118.8713,27.7077],[118.897,27.7109],[118.8355,27.7857],[118.8479,27.7988],[118.8218,27.8502],[118.833,27.8677],[118.814,27.9205],[118.7489,27.9444],[118.7242,27.9739],[118.729,28.0355],[118.7129,28.0354],[118.7123,28.068],[118.7675,28.1173],[118.7987,28.1211],[118.8061,28.1516],[118.7927,28.1693],[118.7562,28.1737],[118.8087,28.2339],[118.7292,28.2574],[118.7407,28.2681],[118.7169,28.3172],[118.6891,28.3079],[118.6715,28.2739],[118.646,28.2803],[118.617,28.2597],[118.61,28.2752],[118.5924,28.2594],[118.593,28.2753],[118.5676,28.2914],[118.5333,28.2748],[118.492,28.2793],[118.4869,28.2414],[118.4389,28.2547],[118.4281,28.2914],[118.4821,28.3318],[118.4644,28.3306],[118.4527,28.3826],[118.4252,28.4015],[118.4522,28.4192],[118.4579,28.4588],[118.4772,28.4742],[118.4093,28.501],[118.4406,28.5157],[118.4201,28.5259],[118.4232,28.5506],[118.4047,28.5713],[118.4205,28.5892],[118.4081,28.6114],[118.4289,28.6288],[118.4168,28.6495],[118.4279,28.6793],[118.3857,28.7034],[118.3955,28.7375],[118.3784,28.7903],[118.3592,28.8162],[118.2917,28.8361],[118.3,28.8436],[118.2656,28.921],[118.1948,28.9052],[118.19,28.9171],[118.2204,28.9499],[118.1625,28.9887],[118.1283,28.9865],[118.122,29.0188],[118.0946,28.9931],[118.1023,29.0143],[118.0915,29.0013],[118.0606,29.0524],[118.0703,29.078],[118.0319,29.0978],[118.0482,29.1187],[118.0229,29.1727],[118.0405,29.2181],[118.0794,29.223],[118.0676,29.2919],[118.1649,29.2844],[118.1741,29.3018],[118.1617,29.3167],[118.2039,29.3504],[118.203,29.3796],[118.1853,29.395],[118.2143,29.4244],[118.3099,29.4257],[118.3061,29.5003],[118.3409,29.4785],[118.3782,29.5127],[118.4249,29.5038],[118.4357,29.5179],[118.4543,29.5089],[118.4897,29.5212],[118.4945,29.5787],[118.5312,29.5937],[118.5688,29.6402],[118.6157,29.657],[118.6449,29.6479],[118.7405,29.742],[118.7329,29.8153],[118.7568,29.8224],[118.7498,29.8475],[118.7793,29.846],[118.8383,29.8954],[118.8469,29.9437],[118.8876,29.938],[118.8969,30.0271],[118.879,30.1016],[118.8617,30.1009],[118.8509,30.1222],[118.859,30.1364],[118.8879,30.1314],[118.894,30.1449],[118.884,30.1522],[118.8766,30.1346],[118.8415,30.1597],[118.9273,30.2079],[118.8769,30.2479],[118.8902,30.2602],[118.873,30.2854],[118.8758,30.3176],[118.9488,30.362],[118.9554,30.3488],[118.9823,30.3512],[118.9844,30.3336],[119.0264,30.3303],[119.0503,30.3054],[119.0858,30.3255],[119.1819,30.294],[119.219,30.3025],[119.223,30.2906],[119.2442,30.344],[119.2724,30.3431],[119.321,30.3744],[119.3492,30.3504],[119.3972,30.3719],[119.3625,30.3879],[119.3567,30.4201],[119.3296,30.4491],[119.3255,30.5358],[119.2754,30.5124],[119.2414,30.5282],[119.2325,30.5488],[119.2626,30.5765],[119.2351,30.6119],[119.3077,30.6232],[119.3332,30.6661],[119.3846,30.6913],[119.4057,30.6457],[119.426,30.6471],[119.4803,30.7036],[119.4773,30.7771],[119.522,30.7784],[119.5505,30.8282],[119.5737,30.8314],[119.5481,30.9029],[119.587,30.949],[119.5748,30.9654],[119.6273,31.0119],[119.6207,31.083],[119.6452,31.1053],[119.6147,31.1248],[119.6477,31.1332],[119.6333,31.1364],[119.6457,31.1562],[119.6755,31.1671],[119.6981,31.1535],[119.7104,31.1725],[119.7606,31.1826],[119.8027,31.1502],[119.8256,31.1742],[119.8728,31.1637],[119.9154,31.1736],[119.9896,31.0344],[120.1274,30.9459],[120.2512,30.9285],[120.3655,30.9503],[120.3493,30.9118],[120.361,30.8823],[120.4195,30.9028],[120.4135,30.9285],[120.4315,30.9259],[120.4321,30.8862],[120.4473,30.8702],[120.4357,30.8601],[120.4996,30.7603],[120.5848,30.8584],[120.6512,30.8494],[120.6804,30.887],[120.6948,30.8711],[120.7082,30.9226],[120.6787,30.9582],[120.6924,30.9719],[120.7415,30.9653],[120.766,30.9805],[120.769,31.0036],[120.8174,31.0083],[120.8614,30.9926],[120.8931,31.0198],[120.9355,31.0115],[120.9502,31.0323],[120.9881,31.0101],[121.0007,30.9109],[120.9862,30.898],[121.0175,30.8772],[120.9857,30.8257],[121.0102,30.8383],[121.035,30.8167],[121.0614,30.8504],[121.1097,30.8543],[121.1329,30.8326],[121.1225,30.7809],[121.1924,30.7757],[121.2144,30.7882],[121.2276,30.7582],[121.2653,30.7345],[121.2273,30.3672],[121.2658,30.3692],[121.271,30.4044],[121.3739,30.3583],[121.3623,30.3421],[121.3778,30.3432],[121.518,30.2195],[121.5984,30.099],[121.6124,30.1053],[121.6278,30.0834],[121.6277,30.0572],[121.6478,30.0713],[121.678,30.016],[121.6676,30.0087],[121.6914,29.9919],[121.9119,29.9232],[121.9292,29.8911],[122.0077,29.8919],[122.0096,29.8788],[122.0127,29.8769],[122.0215,29.8839],[122.0249,29.8938],[122.0583,29.8875],[122.1118,29.9071],[122.1383,29.8895],[122.0029,29.8224],[122.0239,29.8238],[122.0309,29.8092],[121.9933,29.765],[121.8891,29.7415],[121.8863,29.717],[121.7756,29.6521],[121.7011,29.5611],[121.604,29.541],[121.5687,29.548],[121.5258,29.5078],[121.5152,29.5071],[121.5176,29.5285],[121.4566,29.5142],[121.4589,29.4919],[121.4272,29.4666],[121.4459,29.4397],[121.4362,29.411],[121.4685,29.4217],[121.4754,29.4664],[121.503,29.4919],[121.5229,29.479],[121.5331,29.4619],[121.5128,29.4458],[121.5136,29.4199],[121.4876,29.4113],[121.4862,29.3974],[121.4882,29.3891],[121.5241,29.4124],[121.5653,29.4744],[121.7226,29.5408],[121.7512,29.5281],[121.7804,29.5365],[121.7617,29.511],[121.7634,29.4789],[121.8019,29.4757],[121.8428,29.5371],[121.7434,29.546],[121.7962,29.6048],[121.8789,29.6163],[121.9211,29.6431],[121.9561,29.6329],[121.9516,29.6187],[121.9907,29.5952],[121.9765,29.5773],[121.9917,29.5512],[121.9545,29.5094],[121.9562,29.4775],[121.9851,29.4476],[121.9623,29.4361],[121.966,29.42],[121.9255,29.3861],[121.9186,29.3604],[121.9453,29.337],[121.921,29.3149],[121.9249,29.2859],[121.9908,29.2795],[121.9587,29.2525],[121.9731,29.2225],[121.9615,29.2143],[121.9499,29.2277],[121.9365,29.1967],[121.8756,29.1683],[121.8606,29.1706],[121.8184,29.1575],[121.7894,29.1679],[121.8045,29.3048],[121.84,29.329],[121.8125,29.3388],[121.7925,29.32],[121.8038,29.3544],[121.7901,29.3643],[121.8074,29.3791],[121.7678,29.3576],[121.7881,29.3464],[121.7835,29.267],[121.7475,29.1503],[121.7051,29.1319],[121.685,29.1405],[121.6254,29.1901],[121.5996,29.2687],[121.5805,29.2589],[121.5405,29.2779],[121.5172,29.2703],[121.5393,29.2745],[121.582,29.2299],[121.534,29.2226],[121.5249,29.1882],[121.5935,29.1578],[121.5973,29.1416],[121.5094,29.1491],[121.4935,29.1703],[121.4741,29.1562],[121.437,29.1624],[121.508,29.1215],[121.6483,29.1049],[121.6285,29.0787],[121.6301,29.0421],[121.5897,29.0416],[121.576,29.0553],[121.5442,29.0531],[121.5296,29.0021],[121.5596,29.0142],[121.5473,29.024],[121.5566,29.0497],[121.5949,29.0353],[121.6311,29.0382],[121.6621,29.0537],[121.6792,29.0208],[121.7008,29.0153],[121.6776,29.0154],[121.6825,28.9902],[121.666,28.9767],[121.7115,28.9602],[121.7043,28.9451],[121.7279,28.9444],[121.7002,28.9152],[121.6518,28.8987],[121.5691,28.929],[121.5474,28.9551],[121.5138,28.9416],[121.5609,28.9253],[121.5497,28.9044],[121.6187,28.9007],[121.6442,28.8856],[121.6432,28.8605],[121.6766,28.8627],[121.6621,28.8392],[121.6814,28.8328],[121.6875,28.8056],[121.6596,28.7175],[121.5679,28.6919],[121.4923,28.696],[121.4817,28.6747],[121.5428,28.6524],[121.5986,28.5371],[121.6305,28.5188],[121.6108,28.4932],[121.581,28.4957],[121.5848,28.4846],[121.6219,28.4948],[121.6367,28.4869],[121.6297,28.4732],[121.6548,28.4642],[121.6086,28.4704]]]]}},{"type":"Feature","properties":{"name":"安徽省","adcode":"340000","region_code":"340000","population":61027171,"elderly_65plus":9159411,"aging_rate":0.1501,"youth_rate":0.1924,"source_year":"2020","source_name":"第七次全国人口普查（省市分年龄性别）","license":"普查数据，来源标注 required"},"geometry":{"type":"Polygon","coordinates":[[[116.42485382004782,34.65234017006287],[116.43285733030166,34.62516290964061],[116.49540642506656,34.59032884020388],[116.48703880539665,34.57021892456379],[116.52015871035621,34.55436922515969],[116.51518248538343,34.542528180031525],[116.59414670040996,34.513600179704554],[116.58949971993616,34.49637602483375],[116.56417149981496,34.49756418483929],[116.56769914539927,34.48661732482975],[116.75153391036179,34.46533158968117],[116.82838443979017,34.38589812999476],[116.86643015013135,34.39310330487365],[116.87697625515011,34.411915909791446],[116.96544035968486,34.39272573980111],[116.9538870652359,34.36561148498208],[116.97763761008764,34.355043655040674],[116.96962821017382,34.28877834034819],[116.99857391455453,34.256238179748266],[117.01449991963568,34.260018534827566],[117.0138972353692,34.243892275008534],[117.0439255652127,34.244751999904906],[117.04247897512471,34.20490942522986],[117.019967404672,34.16850560534948],[117.12380673529265,34.127081414575684],[117.13082037975676,34.11140009523825],[117.11383711009466,34.10498275974663],[117.15254781512965,34.10099511992888],[117.14359819020433,34.07987467027988],[117.22761779482539,34.065626210181506],[117.28638716043918,34.077482714655616],[117.30074813022213,34.06453117497381],[117.31385817991111,34.08512343030213],[117.35248330995682,34.08866928535929],[117.40855754499478,34.022440244821496],[117.4506996852424,34.026818040220405],[117.50837544467106,34.062285610092886],[117.54059880469117,34.04611862537433],[117.53756413957342,34.00907662498628],[117.56069779536699,33.997256900085915],[117.55875794512315,33.97972915477675],[117.6071500201574,33.9996713954186],[117.6011716347632,34.03519893028647],[117.61765001513618,34.03434742969017],[117.66471064478048,33.99611432491622],[117.65455002966019,33.972995159898744],[117.66527065981313,33.9339100446129],[117.70443059509591,33.88321383455087],[117.75297327509668,33.88744404490677],[117.73835677014893,33.764989140036846],[117.71731201463786,33.74204006020068],[117.73263637506875,33.726860030166335],[117.75405403536547,33.7181809249098],[117.82134933010752,33.73884314479534],[117.89634495025928,33.72414612534345],[117.89239770528991,33.73510594458372],[117.91032640973606,33.739951165314096],[117.92663129020195,33.727531160035085],[117.94736186036164,33.73131031002282],[117.95506388009403,33.761985200256845],[118.01675786528335,33.739886454596274],[118.05997677460857,33.76704148467684],[118.10555255970291,33.771645175384606],[118.13600265000241,33.748905724819394],[118.1804169750634,33.74612670458379],[118.15102118967627,33.72341686509628],[118.16297533984016,33.66525622539456],[118.10640531035688,33.61820074526821],[118.10133290019326,33.47682336530613],[118.04423452979972,33.49342454540647],[118.01901422472679,33.44661372494352],[118.01870362497243,33.3717108401832],[117.99065693956618,33.34871186506058],[117.96455005494113,33.3511821651249],[117.9860586798643,33.33532398511386],[117.97838793495532,33.29796182517816],[117.93931250986452,33.26600172999588],[117.93525279028415,33.231984494988524],[117.97394674994257,33.228668115441224],[117.98544799972547,33.180149200025596],[118.03053684959605,33.154937235265265],[118.03227504485744,33.13713858537744],[118.03678795979658,33.15345406525296],[118.06500946981123,33.14174696515039],[118.1453727700374,33.17072525466682],[118.1656961649461,33.21644803035235],[118.2072666996985,33.19915316988295],[118.21546315500063,33.116051065304475],[118.19770513018761,33.11191802040037],[118.21630074038694,33.10778445478883],[118.2193103396005,33.08945904499899],[118.20028871964871,33.0910974901571],[118.22281094526898,33.07385229025107],[118.20588230492444,33.06323018532487],[118.22680710976033,33.064602575048866],[118.25107190494452,32.979688650410935],[118.30477274007,32.9648982498544],[118.22293895027235,32.926700650314785],[118.23893676981618,32.85524390018588],[118.28093988476792,32.85902856031987],[118.30019712979379,32.81816844501776],[118.29608228986581,32.78480000521614],[118.31959389024587,32.77674771033861],[118.31981494990009,32.76266380459094],[118.35827498510253,32.77405032516242],[118.3647744898509,32.720690114557215],[118.41844274523658,32.71803592471821],[118.44636380524548,32.74548490540411],[118.45354363543049,32.727213769699745],[118.47861317995432,32.722468159677874],[118.57565918472369,32.72412124040295],[118.63236895985972,32.74787867496093],[118.6999270751744,32.72315487479767],[118.75461370485868,32.739181055361485],[118.73014733473178,32.772553780432645],[118.73356316490822,32.853567259921135],[118.80537193037037,32.855909814886104],[118.80247496494769,32.91704076511928],[118.84224369539027,32.92444225480625],[118.8434483147879,32.960085675413666],[118.88626673981821,32.96196211535937],[118.88708430000054,32.94258765000012],[118.92946093487433,32.93934755004943],[119.00375133005991,32.961693790036406],[119.02464222505876,32.929656155307384],[119.00977020473124,32.90880338976467],[119.03940908496133,32.91283154044328],[119.04799103016194,32.873552614961284],[119.09481161006784,32.833466535352386],[119.17951347007067,32.82780657471369],[119.20511557962038,32.72867825000128],[119.21461449965955,32.63017857028484],[119.20339092455163,32.61640198985998],[119.22325215965952,32.605635204701],[119.20614729985812,32.57052157021434],[119.18293883485944,32.6003183102419],[119.17134984002314,32.5955987949485],[119.14697478975484,32.55856197465545],[119.16185058543624,32.53839136466979],[119.14599922498428,32.53543475530978],[119.14716298998007,32.50590340521802],[119.08914851529175,32.47707808498569],[119.0796756648001,32.45256316495812],[119.05611597497239,32.46323672009862],[119.03490371983082,32.516059455379605],[118.97039439528521,32.50715580020005],[118.92926496540588,32.559734324579495],[118.88259577017868,32.55492444540687],[118.89757275038221,32.585979825308755],[118.8798725951442,32.59214838494006],[118.8397491846772,32.569436020156274],[118.81241318042396,32.58291746466932],[118.8197224599237,32.60405086995172],[118.78217784013532,32.58482893500741],[118.75638309490398,32.60676376483593],[118.72826850528736,32.592489405161984],[118.71461975989405,32.61218106500422],[118.69115924999949,32.60772190524176],[118.69396660517475,32.588972590112974],[118.64982297964684,32.60041333530722],[118.63038296989816,32.58193126991222],[118.59727920507135,32.600841105033],[118.5642818102574,32.58809268532923],[118.5593528797317,32.564784870425456],[118.60404563489817,32.53974850009325],[118.61059140526925,32.520400240079084],[118.58822173524493,32.504889860278865],[118.58861053464852,32.48238307511889],[118.68588541507995,32.47511541534419],[118.67323477956154,32.39504067968369],[118.69641275034826,32.38175381968307],[118.68756225499419,32.35439482516108],[118.7024622550291,32.33695001982761],[118.65275407524041,32.30498915032905],[118.66575820457751,32.28829741479393],[118.65447850997532,32.26632178542212],[118.67049109458844,32.253739580217484],[118.63858332016412,32.21183696000776],[118.50428605985383,32.19668770477381],[118.48992325005804,32.17547236046113],[118.49543832541849,32.122950274835375],[118.38963840528822,32.07869741495381],[118.37689613964517,32.033055550373376],[118.39608350465005,32.023307974983084],[118.38333480525716,32.014759775043615],[118.39052923503618,31.994557290386695],[118.3663284751791,31.98601052036929],[118.3771845504267,31.969044684964274],[118.36297133026278,31.967804965027142],[118.35377161466829,31.93520053977312],[118.37042434031116,31.912697424746398],[118.40467289983451,31.911944649925715],[118.4091583998403,31.888921505523115],[118.42958858474549,31.901564205423767],[118.47306992523693,31.88518286010094],[118.46148464460077,31.859774299944036],[118.49900152480063,31.842554045432905],[118.47732056459245,31.784886635310045],[118.54084036509084,31.76223249533342],[118.51490801009663,31.747173819816],[118.52384995481168,31.73904354022727],[118.54996531015104,31.732173715344743],[118.56552129996805,31.748750819694635],[118.63419400534917,31.76198862977151],[118.64736352990303,31.734504064710848],[118.68543254527583,31.722997050273705],[118.65965258489894,31.682668950511697],[118.64016662968629,31.680829085094274],[118.65179118011895,31.64347299018641],[118.70770566498447,31.645120424967672],[118.72174112964944,31.63013879526926],[118.74272926474384,31.67904510984397],[118.76898962497125,31.68414547993001],[118.79043781994949,31.671468020332895],[118.77722870993705,31.656013664698946],[118.79580586964528,31.623020545262023],[118.82890248486183,31.635751904826577],[118.86344098491361,31.61798248020733],[118.85500223966164,31.597096595331664],[118.87221416015541,31.592321359842913],[118.8624713053066,31.573312420332],[118.87895839021758,31.567649779713634],[118.86400450010763,31.55721107982754],[118.88247011960038,31.53131558984262],[118.87129025963782,31.43638142975925],[118.84750489483508,31.39942769962869],[118.80626704538793,31.37354916456235],[118.76422508961627,31.36506640019428],[118.76025520511371,31.391129315165813],[118.74952878512545,31.38743009961945],[118.7132553750356,31.297196855050856],[118.69786318503805,31.30458245012005],[118.69649111007675,31.301914034804895],[118.75748016527746,31.278837895152776],[118.78205224531496,31.236371200370627],[118.86491931477462,31.244530834730313],[118.87933293986339,31.23159452956395],[118.91362266495412,31.246459000082837],[118.98615487474774,31.23198406461296],[119.01436082019575,31.245144884628758],[119.09903948488443,31.23574472993539],[119.10128296963342,31.255221979710655],[119.18072230009409,31.303463894942865],[119.1955677499518,31.296131910259476],[119.19446133472286,31.26953958958046],[119.20930117011301,31.27703934459015],[119.23390154012407,31.256172875178095],[119.2979006154211,31.27148614516949],[119.34234221512122,31.25970404970218],[119.34866722531228,31.30464241511544],[119.37584343982292,31.267788984574054],[119.35670775525875,31.23846618007019],[119.35805012021694,31.199998290189],[119.40279684010216,31.196789869756742],[119.38072400480905,31.170721129876313],[119.42512784467431,31.18674654511699],[119.45512617043653,31.158493010244285],[119.52750972499382,31.161254304842373],[119.57238407486523,31.13567671980485],[119.5656761747158,31.1240480999399],[119.58534233967725,31.105216795418812],[119.60607603498113,31.105106050204085],[119.59728800473772,31.11657470046208],[119.61747496529745,31.133407890361923],[119.62078077960939,31.11374138545665],[119.64518810025072,31.10531218470959],[119.62071598975115,31.08303788509039],[119.63297871529551,31.028789070559185],[119.57483257536308,30.965441705170633],[119.58695364959135,30.94903741994102],[119.54806434998977,30.902895505323386],[119.57370840032252,30.831355389839416],[119.55051278034057,30.828204865062503],[119.52196860976358,30.778388489637166],[119.47728049509885,30.777085720030016],[119.48033317003978,30.703563454689743],[119.43729187502004,30.65157547013189],[119.40566851479014,30.6457070898104],[119.38463965479627,30.691304505398648],[119.33322714461713,30.666071535173273],[119.30767235019891,30.623215569742797],[119.23514850499953,30.61189877001226],[119.26263218512736,30.57654655527938],[119.2324699750094,30.54880059507144],[119.24141577961461,30.52824255534972],[119.27544127039835,30.512353384700987],[119.32550973478646,30.535768320551597],[119.32959041486583,30.449097619759414],[119.35674019470423,30.420096529731097],[119.3625256899087,30.387944485050014],[119.3971749396718,30.371861690364767],[119.34923378021483,30.350409854930888],[119.32097085462135,30.374409600122988],[119.27240075968734,30.34309807981259],[119.24421172958773,30.3439662898125],[119.22299759036662,30.290629615364537],[119.21903170964572,30.302500044941155],[119.18187105000902,30.294029479876656],[119.0857852001269,30.32552471549326],[119.05026701011445,30.30536184507315],[119.02640085021915,30.330312380511998],[118.98437284473107,30.333573900515148],[118.98234358029208,30.351167035530295],[118.9553597604446,30.34883237481432],[118.94880788547562,30.362045695452537],[118.8757793551332,30.317563899654317],[118.87299518537952,30.285375550241497],[118.89016719486017,30.260174364755187],[118.87690958980579,30.24787783009782],[118.92733744486725,30.207943115382534],[118.8415400748147,30.15973252983241],[118.8766363146143,30.13456535041064],[118.88395773496154,30.152224869781946],[118.89395182531655,30.144898190199342],[118.88786855469016,30.1314454601399],[118.85904331539678,30.136352865392496],[118.85086341481485,30.122201450236787],[118.86173796483524,30.100882745042725],[118.87902677016939,30.10157034959201],[118.89687520472694,30.027109499603796],[118.88760094972406,29.938043639802174],[118.84687612033679,29.943692205131185],[118.83827070013274,29.895427199805454],[118.77932250522952,29.846041704860852],[118.74981718511503,29.84753155503728],[118.7567942451584,29.822426034933642],[118.7328725746097,29.815292300399392],[118.74051514016162,29.741972444572696],[118.64487942974199,29.64794940474127],[118.6157348303982,29.656954374844588],[118.56880162479524,29.640241480060297],[118.5312266250088,29.593667044598476],[118.49445771005537,29.578749255074115],[118.48969841504993,29.521248209637236],[118.45427166990169,29.508898495369294],[118.43573578008227,29.517948605144056],[118.42487191041039,29.50378802499739],[118.37823972498336,29.512653764759477],[118.34093815956851,29.47846631506843],[118.32585346036899,29.49832542507835],[118.30228796541735,29.49751821519351],[118.30572300511267,29.423434899700908],[118.2433408595931,29.43340093030872],[118.21434142521662,29.42436321499042],[118.19502500480019,29.395190840085263],[118.14475676501274,29.4150186545873],[118.11844302012935,29.471888044997343],[118.13852480497587,29.493101564585572],[118.13202920508377,29.506425494640894],[118.09806434479378,29.53929072508697],[118.05120385477414,29.542197115404576],[118.02219697041392,29.57638253982242],[117.99577078959032,29.57753430516408],[117.97894401005806,29.560112964941425],[117.9541356898103,29.571854939853665],[117.93964923492433,29.552151724622433],[117.88895583974022,29.5460272002951],[117.85890638482181,29.56843732991888],[117.80690038504474,29.578441779564514],[117.78092186515198,29.561206935351834],[117.76918702456157,29.575047759746383],[117.72411386516285,29.549393055145458],[117.71171953013231,29.562651650353416],[117.68457937034168,29.556815154595768],[117.67776132482538,29.59448941975097],[117.64288210492532,29.617207309969444],[117.59262379455254,29.58562519534655],[117.53742941483574,29.59113495481438],[117.51819518975628,29.632207945040705],[117.52249642497009,29.662029840005175],[117.50424447989894,29.674319900443095],[117.46789359501349,29.666834534586144],[117.46891319508791,29.683349004752813],[117.44562626514005,29.693414049818614],[117.45455547995152,29.735977179803058],[117.40335577005283,29.801371449832573],[117.42067978024772,29.850886260092864],[117.3877437003116,29.849143165324847],[117.36388072491559,29.814987129852227],[117.33258435998027,29.85792324466206],[117.28439596520172,29.837662414688737],[117.28528412036587,29.82287751978174],[117.27014084472421,29.827684094845154],[117.23838898486383,29.853119065392605],[117.26145167515472,29.884479165281277],[117.25043100508685,29.911958144652715],[117.20148807461499,29.9332046396824],[117.13699686511325,29.914516275205983],[117.12025377469206,29.89435107464243],[117.12391158455205,29.86457562966166],[117.06687574042314,29.831237714648864],[117.13370534012938,29.78845529487603],[117.09908106993544,29.752301140285454],[117.10910227485022,29.70997324956585],[117.03220877041849,29.68235703005297],[116.99143225969112,29.686398405262253],[116.97010319970298,29.6505361148499],[116.92489615463387,29.649371580034426],[116.83229382959667,29.571856404849257],[116.77849113995421,29.570898500065766],[116.78202353485835,29.59383890504148],[116.75544328038313,29.605418404835575],[116.7192275752924,29.56619576522246],[116.70822082493123,29.5941616249591],[116.67509414987512,29.60115983975487],[116.67840193460165,29.620940465030515],[116.64569529510186,29.642757400034043],[116.68378703004748,29.67593076968933],[116.64414856460462,29.698654304952242],[116.66367567998873,29.701884435018712],[116.6789389800499,29.738787464969562],[116.70402896976123,29.74617878512288],[116.75763675473252,29.80829079498426],[116.78201924958876,29.794297790011058],[116.8228061303987,29.822171950375264],[116.81737007037248,29.837488924674176],[116.89278658493299,29.91320079458103],[116.89884316008386,29.951267450132775],[116.89277793525355,29.970531660407858],[116.86338565542371,29.98405315982552],[116.82838861983896,29.960359935063025],[116.82452013029979,30.01335647512127],[116.79602634963635,29.99867571541199],[116.76467538955762,30.04680250033516],[116.66886663968376,30.077526255232556],[116.5888137251734,30.05997102034638],[116.5650226047095,30.013764195361375],[116.56454232536805,29.955982979630846],[116.53470492519216,29.90323820477937],[116.46703497468445,29.90093436023261],[116.25800186519393,29.78373715554534],[116.20931289517398,29.83022114528967],[116.13286450029648,29.826706674773277],[116.12792940491818,29.90252330490665],[116.0695053196149,29.96614448507995],[116.08514720997584,30.108782155172378],[116.05475990494574,30.157181520111124],[116.06054078482941,30.21225762009317],[115.98292315527942,30.264058440444728],[115.98481109485624,30.289633469608987],[115.96861234968026,30.30225819026333],[115.89923084542727,30.311612600041485],[115.91129612031978,30.3427081904307],[115.87907068466438,30.383679569856326],[115.94055648489393,30.426821945076767],[115.88895516025252,30.454254755052943],[115.917553839638,30.519846775208578],[115.88156403525204,30.548413749894678],[115.87349445990151,30.584132754922734],[115.84306051962733,30.604331064926782],[115.81334000973368,30.59894695963453],[115.80898384033208,30.638178659917287],[115.7560205149349,30.68988390481843],[115.78145324527111,30.75847407042204],[115.8403545549188,30.75632306475768],[115.8639795948825,30.776566105241614],[115.85063332476818,30.797060255326585],[115.8597267899595,30.818764304728916],[115.84137408034962,30.832770255442995],[115.8642897854453,30.87142945990172],[115.92357394008536,30.88797506999356],[116.0034442553482,30.950845800093646],[116.06871811964561,30.95779933477155],[116.05356670963602,31.013921400252457],[116.00892680492814,31.01453339969669],[115.97657432474534,31.045031195433353],[115.93740296537464,31.041578654931016],[115.94005329532342,31.070422774591407],[115.89225577468437,31.09678450010466],[115.87430194497881,31.149954350313067],[115.76353416986615,31.10797187030562],[115.70767521543894,31.201839685353264],[115.6561733702049,31.219661275147757],[115.64013438959046,31.222129860204916],[115.63059511517247,31.18739859496924],[115.57931896020193,31.144737574679368],[115.53095115966835,31.19867542523076],[115.53761493008506,31.229574914850502],[115.51514655496965,31.265960500077085],[115.46959745995491,31.265064154786955],[115.45200185540136,31.28289430522807],[115.46031243467121,31.31451778506778],[115.44421869973326,31.31728529488049],[115.43763579995232,31.347492560133617],[115.40049362498087,31.339094139582926],[115.36630648016,31.350858039966624],[115.38726412014307,31.388442569868744],[115.3692830247918,31.40657773527431],[115.38355525487123,31.451978479922957],[115.36646843546998,31.49619650996101],[115.41345406525295,31.52727098516789],[115.43220893999069,31.588915229754093],[115.4816515149056,31.61176462513737],[115.47171614038768,31.64726576490318],[115.51846367465896,31.701682464873898],[115.57633558971577,31.713469215232124],[115.67396866472211,31.781260530149382],[115.72893177478159,31.762967760353888],[115.73545284976922,31.78494291038703],[115.76309097047192,31.79008694525635],[115.80962123033555,31.76518189033203],[115.84463975971721,31.788337160431638],[115.87491531498983,31.777318090257722],[115.90540284046881,31.79519549557574],[115.89064515994619,31.878598294775543],[115.91741395459042,31.92054488014213],[115.90367132986808,31.952447010421224],[115.9293789298938,32.00000000000006],[115.91445827512939,32.03086852506243],[115.93856635535303,32.077214895151315],[115.92137000032528,32.10759347046235],[115.93386995983087,32.16423821472188],[115.90741696032455,32.23125363055067],[115.91821507516568,32.26896608002062],[115.87965106034824,32.45492004522396],[115.85836163977797,32.46240209528054],[115.87772575483973,32.4935308247878],[115.839254085108,32.50612718981802],[115.87247076971028,32.54561852977139],[115.9245172551673,32.56965328557072],[115.88721735979334,32.57903950526901],[115.83556641505811,32.528871860048355],[115.8358507851857,32.502690085279255],[115.81860124964805,32.504440819788044],[115.77839214548123,32.4679812203571],[115.76505495492233,32.50783087989123],[115.73884055005135,32.47808686531664],[115.69425802478804,32.49663844021188],[115.69543974025191,32.471521670488755],[115.66908406537743,32.46709816524816],[115.67611694544075,32.44437914548121],[115.66043856508782,32.41093265981448],[115.64613062023204,32.426657835490744],[115.61993587993697,32.40710532055414],[115.59931918463269,32.428237800434204],[115.55826025530655,32.405621254817106],[115.54682022957002,32.41382096476576],[115.56526569525568,32.42232745504805],[115.51881326002399,32.44300516035992],[115.48116234036979,32.513511675123766],[115.43244605524137,32.534520039568235],[115.4367501502993,32.548973004600555],[115.40623646983727,32.5601031752214],[115.40467788537615,32.57836742481686],[115.30329497018681,32.554085445387045],[115.29554409028765,32.59016060532775],[115.26037223459105,32.58017738507829],[115.25076024998566,32.59738821469438],[115.19404457529697,32.59461999531658],[115.20052476980231,32.66939950478337],[115.16969760456084,32.66897753028883],[115.17598586035922,32.78838756543382],[115.20726607976587,32.78816675039525],[115.18477940974208,32.80881942487662],[115.19449567523532,32.857138199768144],[115.15900202502348,32.86163919958943],[115.12744670480163,32.90060843003505],[115.01601303477378,32.9094220298029],[115.03367316028823,32.93975442043023],[114.94145011982721,32.934741555278606],[114.9137544200305,32.97015930990426],[114.88123833518114,32.976246220087035],[114.87915768527898,32.9934823152567],[114.89699158499377,33.0013959148896],[114.8876750195866,33.0224310395609],[114.92729227541827,33.02726021458727],[114.91142046528228,33.082600260193885],[114.89251572032424,33.086477705182006],[114.89393328479332,33.12848953006778],[114.92749111012665,33.15656374012457],[114.97601967976448,33.149429625177106],[114.9633483049804,33.13527793033228],[114.98993726489289,33.0997156600497],[115.11353340044616,33.077136754657545],[115.15012596464157,33.08133334475809],[115.18624430013438,33.11991846486529],[115.29598604502007,33.14349853512937],[115.28861661526469,33.202553895046265],[115.32351402035579,33.2170771349019],[115.30861562021471,33.22108188971748],[115.33822792008255,33.26410683506242],[115.32930967969799,33.29963551476726],[115.35573090975379,33.29995745497263],[115.3618481450759,33.333387254618174],[115.33758362508433,33.37344635006906],[115.30830985971227,33.37544866542362],[115.32478129462106,33.40064275975561],[115.31335493498227,33.44575027955182],[115.34572522983558,33.45520108496214],[115.33998663967179,33.50516435475123],[115.36068268485803,33.52502179022349],[115.39326988539699,33.50592596541105],[115.40477565517244,33.551485505152016],[115.44645652504869,33.57050469513564],[115.50435301497976,33.558640620168546],[115.63522719028265,33.583457099965244],[115.594903900095,33.66203463978684],[115.59186506482092,33.734218790364935],[115.5571019797726,33.77120498512204],[115.57535410470825,33.79131808526148],[115.60829148956066,33.777537004629096],[115.60658389013452,33.82205311495932],[115.62948671963647,33.84101577985439],[115.6293191147854,33.86844979042553],[115.54012426522274,33.883912894664434],[115.57218313474391,33.97503404978164],[115.58766571020442,33.982183499968585],[115.5836374803855,34.013836804924665],[115.59821944956798,34.01204775480011],[115.59885913014477,34.03524135040806],[115.6454861399734,34.03528620499441],[115.64925569959098,34.06478110016769],[115.70779121539238,34.06391971512278],[115.72858859978408,34.081038144794604],[115.75296657464776,34.06170550510501],[115.80880637531402,34.06623701532607],[115.84523027525711,34.03075371541166],[115.85021510494323,34.00422772962605],[115.87157189462732,34.00458883530655],[115.87446217988577,34.03046948018243],[115.89189756482085,34.02959277968307],[115.90090011035193,34.00264383464531],[115.92277337529106,34.012289894563025],[115.98007069011032,33.9924154304278],[115.99915135505103,33.96071829521321],[115.9768967451887,33.93103684467468],[115.97997403996999,33.902793824675314],[116.04087393008786,33.87485760029807],[116.06005687492495,33.84587239499507],[116.0574306198273,33.82562400534363],[116.0387053103019,33.82225832496175],[116.05305416981412,33.822094365062924],[116.067751510324,33.78176118503069],[116.09416448999923,33.78377314021827],[116.15375484491028,33.70874987490686],[116.18492331995526,33.710990089720895],[116.19766098017021,33.72877414001459],[116.21708121022971,33.72275845523859],[116.23186998481196,33.745527735416715],[116.25560746970905,33.726696420103735],[116.27314049493793,33.75424230543808],[116.29831294528628,33.753263440155706],[116.33261067524256,33.78391607486702],[116.38878602465536,33.78534692502063],[116.4010193495634,33.80716952035715],[116.42720641504411,33.79644154993764],[116.43431539034304,33.848286914609446],[116.55312187967104,33.88201706983193],[116.568480845115,33.913675939792824],[116.63759565991188,33.885059470018575],[116.64481610977566,33.9749357898549],[116.60133970476363,34.00210489522476],[116.59131507972722,34.04027136473172],[116.52702200975796,34.122467920358304],[116.5606358250833,34.17471521003898],[116.54131044472126,34.19630897018288],[116.53877055961368,34.24172647010056],[116.57966306040203,34.276662099975965],[116.50799519981865,34.296584610391506],[116.47168144973921,34.271857155383486],[116.4467177850978,34.27213332998923],[116.44286080957875,34.28970183527156],[116.4276520048362,34.27135808021126],[116.3665491647123,34.2688288349828],[116.35686392043363,34.280692714797],[116.36973634495644,34.29906132531994],[116.34505869979921,34.32825519042473],[116.3016062500285,34.33656867990072],[116.29010378975818,34.36021593042091],[116.25061838982685,34.3793410245687],[116.2052562197988,34.38078325474345],[116.21316419956827,34.407073520126914],[116.15298175530381,34.45102199007283],[116.2033514098398,34.513261469840984],[116.18703775468873,34.53011500510348],[116.19124754503821,34.576895655110434],[116.24350710506894,34.55336522472538],[116.27716055981205,34.58237679994943],[116.2736648050867,34.6060541552751],[116.31357615001934,34.598532910065785],[116.33048496480933,34.622738365283396],[116.42485382004782,34.65234017006287]]]}},{"type":"Feature","properties":{"name":"福建省","adcode":"350000","region_code":"350000","population":41540086,"elderly_65plus":4609999,"aging_rate":0.111,"youth_rate":0.1932,"source_year":"2020","source_name":"第七次全国人口普查（省市分年龄性别）","license":"普查数据，来源标注 required"},"geometry":{"type":"MultiPolygon","coordinates":[[[[117.2942,23.5995],[117.284,23.5935],[117.2893,23.6038],[117.2942,23.5995]]],[[[117.3217,23.6135],[117.3166,23.6035],[117.3084,23.6053],[117.3217,23.6135]]],[[[117.5551,23.729],[117.5438,23.731],[117.5471,23.7407],[117.5497,23.7413],[117.5551,23.729]]],[[[117.7081,23.7717],[117.7146,23.7804],[117.7211,23.7733],[117.7081,23.7717]]],[[[117.6844,23.7874],[117.6885,23.7776],[117.678,23.7838],[117.6844,23.7874]]],[[[117.7264,23.7934],[117.7191,23.7905],[117.7189,23.7934],[117.7264,23.7934]]],[[[117.6716,23.7915],[117.6647,23.7979],[117.6656,23.8057],[117.6716,23.7915]]],[[[117.7609,23.8187],[117.7597,23.8151],[117.7538,23.8144],[117.7609,23.8187]]],[[[117.4337,23.9312],[117.4455,23.9186],[117.4301,23.9305],[117.4337,23.9312]]],[[[118.151,24.3344],[118.1443,24.3224],[118.1414,24.3409],[118.151,24.3344]]],[[[118.0734,24.3848],[118.0641,24.3724],[118.0627,24.3827],[118.0734,24.3848]]],[[[118.161,24.3962],[118.1723,24.3858],[118.1633,24.387],[118.161,24.3962]]],[[[117.9143,24.4063],[117.9105,24.4016],[117.9057,24.404],[117.9143,24.4063]]],[[[117.976,24.4069],[117.9374,24.4085],[117.9787,24.4134],[117.976,24.4069]]],[[[118.0102,24.4344],[118.0021,24.4318],[118.0011,24.4357],[118.0102,24.4344]]],[[[118.2669,24.4373],[118.2258,24.4054],[118.212,24.4122],[118.2318,24.4484],[118.2669,24.4373]]],[[[118.0705,24.4474],[118.0536,24.445],[118.056,24.4543],[118.0705,24.4474]]],[[[117.9056,24.4772],[117.9233,24.4701],[117.9242,24.4643],[117.9056,24.4772]]],[[[118.4116,24.5256],[118.4498,24.5088],[118.4727,24.4509],[118.4569,24.4215],[118.4342,24.4139],[118.4028,24.4349],[118.3745,24.4328],[118.3202,24.3858],[118.2781,24.4135],[118.3078,24.4258],[118.2886,24.47],[118.3033,24.4856],[118.3772,24.4607],[118.4116,24.5256]]],[[[118.1923,24.4731],[118.1318,24.4237],[118.085,24.4361],[118.0662,24.4628],[118.0879,24.5406],[118.1375,24.56],[118.1937,24.5285],[118.1923,24.4731]]],[[[118.3874,24.5567],[118.3796,24.5612],[118.3934,24.5612],[118.3874,24.5567]]],[[[118.2901,24.56],[118.3725,24.5623],[118.3689,24.5419],[118.3206,24.5398],[118.2901,24.56]]],[[[118.7649,24.8312],[118.7762,24.8283],[118.7649,24.8286],[118.7649,24.8312]]],[[[119.4544,24.9958],[119.4557,24.9875],[119.4446,24.9955],[119.4544,24.9958]]],[[[119.0273,25.0409],[119.0241,25.0325],[119.0221,25.0429],[119.0273,25.0409]]],[[[119.041,25.0849],[119.0359,25.0757],[119.0342,25.0802],[119.041,25.0849]]],[[[119.1527,25.0957],[119.1299,25.0807],[119.1408,25.0559],[119.1153,25.0262],[119.0907,25.0537],[119.1165,25.0521],[119.1114,25.0838],[119.1527,25.0957]]],[[[119.3678,25.1269],[119.3622,25.1209],[119.3652,25.1312],[119.3678,25.1269]]],[[[119,25.186],[118.9905,25.1749],[119.0004,25.1897],[119,25.186]]],[[[119.0298,25.1885],[119.0236,25.1747],[119.0136,25.1745],[119.0127,25.1863],[119.0298,25.1885]]],[[[119.5942,25.1972],[119.5882,25.1908],[119.5864,25.1929],[119.5942,25.1972]]],[[[119.6405,25.2345],[119.6351,25.231],[119.6336,25.2342],[119.6405,25.2345]]],[[[119.5919,25.2453],[119.5907,25.2391],[119.5841,25.2417],[119.5919,25.2453]]],[[[119.5782,25.2547],[119.5821,25.2458],[119.5753,25.254],[119.5782,25.2547]]],[[[119.4676,25.258],[119.4906,25.2455],[119.4919,25.2228],[119.517,25.2064],[119.572,25.21],[119.5356,25.1868],[119.5496,25.1677],[119.4417,25.2069],[119.4676,25.258]]],[[[119.6258,25.2612],[119.6241,25.2562],[119.621,25.2579],[119.6258,25.2612]]],[[[119.5758,25.2692],[119.5672,25.2634],[119.5683,25.2705],[119.5758,25.2692]]],[[[119.513,25.283],[119.524,25.27],[119.5095,25.2709],[119.513,25.283]]],[[[119.7621,25.3011],[119.7541,25.299],[119.7561,25.3051],[119.7621,25.3011]]],[[[119.3626,25.334],[119.3604,25.331],[119.356,25.3355],[119.3626,25.334]]],[[[119.6999,25.336],[119.707,25.3185],[119.6842,25.3094],[119.6843,25.3318],[119.6999,25.336]]],[[[119.4838,25.3541],[119.4825,25.3328],[119.4622,25.3374],[119.4838,25.3541]]],[[[119.2593,25.3568],[119.2525,25.3566],[119.2557,25.3603],[119.2593,25.3568]]],[[[119.7034,25.3743],[119.7311,25.3654],[119.6963,25.3612],[119.7034,25.3743]]],[[[119.6673,25.4241],[119.6576,25.4112],[119.6578,25.429],[119.6673,25.4241]]],[[[119.3911,25.4453],[119.3976,25.4364],[119.3848,25.4385],[119.3911,25.4453]]],[[[119.803,25.4485],[119.8043,25.4377],[119.8003,25.4493],[119.803,25.4485]]],[[[119.9004,25.5963],[119.8718,25.5905],[119.8713,25.6076],[119.8937,25.5956],[119.8965,25.6095],[119.9004,25.5963]]],[[[119.7134,25.6581],[119.711,25.6383],[119.6686,25.6366],[119.6596,25.6488],[119.7134,25.6581]]],[[[119.7881,25.6662],[119.7693,25.6366],[119.7829,25.61],[119.8095,25.62],[119.8363,25.6027],[119.8208,25.5837],[119.8349,25.5727],[119.8853,25.5671],[119.8565,25.5376],[119.842,25.5533],[119.8107,25.5425],[119.8051,25.4955],[119.8572,25.4852],[119.8588,25.4692],[119.8465,25.4568],[119.8217,25.472],[119.7582,25.4408],[119.7499,25.4222],[119.7785,25.4096],[119.7668,25.3967],[119.6986,25.4342],[119.701,25.4544],[119.6805,25.4452],[119.6725,25.478],[119.6958,25.5134],[119.7368,25.5097],[119.71,25.5246],[119.7136,25.5568],[119.6835,25.6032],[119.7358,25.6464],[119.7881,25.6662]]],[[[119.6644,25.6618],[119.6466,25.6562],[119.6436,25.6591],[119.6555,25.6757],[119.6644,25.6618]]],[[[119.5858,25.6764],[119.5726,25.6673],[119.5866,25.6805],[119.5858,25.6764]]],[[[119.6158,25.6814],[119.5813,25.6332],[119.557,25.6382],[119.6158,25.6814]]],[[[119.6396,25.6798],[119.6498,25.6786],[119.6358,25.6713],[119.6396,25.6798]]],[[[119.6788,25.7658],[119.669,25.7602],[119.6661,25.7666],[119.6788,25.7658]]],[[[119.9898,25.971],[119.9751,25.9539],[119.9613,25.9503],[119.9711,25.9671],[119.9898,25.971]]],[[[119.9483,25.9801],[119.9337,25.9668],[119.9238,25.9792],[119.9267,25.9804],[119.9483,25.9801]]],[[[119.6431,26.1216],[119.6398,26.1129],[119.6299,26.1209],[119.6431,26.1216]]],[[[119.5986,26.1281],[119.6357,26.1104],[119.6413,26.0651],[119.5719,26.0584],[119.5401,26.0825],[119.5648,26.1179],[119.5986,26.1281]]],[[[119.6817,26.1381],[119.6722,26.1163],[119.6569,26.1326],[119.6699,26.1451],[119.6817,26.1381]]],[[[119.6032,26.1724],[119.6609,26.1577],[119.6502,26.1364],[119.6137,26.1458],[119.6032,26.1724]]],[[[119.9165,26.1751],[119.9357,26.1542],[119.9651,26.166],[119.9254,26.1377],[119.909,26.1453],[119.9165,26.1751]]],[[[120.0014,26.2353],[120.0116,26.2145],[119.976,26.2151],[119.9665,26.194],[119.9673,26.2211],[120.0014,26.2353]]],[[[119.9982,26.2494],[120.0032,26.245],[119.9955,26.2425],[119.9982,26.2494]]],[[[119.9923,26.2757],[119.9784,26.2719],[119.9904,26.2844],[119.9923,26.2757]]],[[[120.4801,26.3837],[120.4816,26.3711],[120.4996,26.3781],[120.5109,26.3649],[120.4843,26.3557],[120.4694,26.3711],[120.4801,26.3837]]],[[[119.9136,26.4213],[119.903,26.4112],[119.9168,26.4246],[119.9136,26.4213]]],[[[119.8888,26.4195],[119.8792,26.4147],[119.8823,26.4253],[119.8888,26.4195]]],[[[120.1413,26.4941],[120.129,26.4944],[120.1407,26.4981],[120.1413,26.4941]]],[[[120.0649,26.5198],[120.0559,26.4977],[120.0257,26.4966],[120.0386,26.5201],[120.0649,26.5198]]],[[[120.1412,26.5463],[120.1427,26.5314],[120.1292,26.5335],[120.1412,26.5463]]],[[[119.9979,26.554],[120.0067,26.5466],[119.9941,26.5365],[119.9979,26.554]]],[[[120.1598,26.5574],[120.1442,26.5556],[120.1562,26.5626],[120.1598,26.5574]]],[[[119.8121,26.5755],[119.8104,26.5645],[119.7976,26.5705],[119.8121,26.5755]]],[[[120.1647,26.6],[120.1307,26.5556],[120.1144,26.5693],[120.1528,26.607],[120.1647,26.6]]],[[[119.8019,26.6054],[119.7923,26.6014],[119.7951,26.6081],[119.8019,26.6054]]],[[[119.8141,26.6231],[119.7724,26.6043],[119.7559,26.6209],[119.7915,26.6312],[119.8141,26.6231]]],[[[120.3562,26.6498],[120.365,26.639],[120.347,26.6462],[120.3562,26.6498]]],[[[119.9207,26.6436],[119.9224,26.6506],[119.9248,26.6454],[119.9207,26.6436]]],[[[120.3245,26.6566],[120.3183,26.6505],[120.3173,26.6527],[120.3245,26.6566]]],[[[119.7558,26.6726],[119.6885,26.6375],[119.6653,26.6368],[119.6523,26.6612],[119.6649,26.679],[119.7558,26.6726]]],[[[120.379,26.6848],[120.3846,26.6777],[120.3794,26.678],[120.379,26.6848]]],[[[119.8191,26.6803],[119.8098,26.6693],[119.7937,26.6867],[119.8015,26.6867],[119.8191,26.6803]]],[[[119.7865,26.6861],[119.774,26.6882],[119.7851,26.6914],[119.7865,26.6861]]],[[[119.9394,26.6964],[119.9421,26.6643],[119.9025,26.6874],[119.9043,26.6934],[119.9394,26.6964]]],[[[120.1306,26.6977],[120.1211,26.6921],[120.117,26.6977],[120.1306,26.6977]]],[[[120.3422,26.7032],[120.3658,26.7019],[120.3459,26.6945],[120.3422,26.7032]]],[[[119.6534,26.7137],[119.6283,26.7055],[119.6249,26.715],[119.6479,26.7351],[119.6534,26.7137]]],[[[119.6475,26.7575],[119.643,26.7489],[119.6412,26.7546],[119.6475,26.7575]]],[[[119.6084,26.7741],[119.5951,26.7537],[119.58,26.7546],[119.5897,26.7803],[119.6084,26.7741]]],[[[120.1481,26.8019],[120.1579,26.7958],[120.1349,26.7997],[120.1481,26.8019]]],[[[120.1168,26.8327],[120.127,26.8318],[120.1125,26.8296],[120.1168,26.8327]]],[[[120.2252,26.8819],[120.212,26.8839],[120.2239,26.8898],[120.2252,26.8819]]],[[[120.2641,26.9367],[120.2517,26.9282],[120.2606,26.9211],[120.2435,26.9182],[120.2447,26.9365],[120.2641,26.9367]]],[[[120.3093,26.9258],[120.2876,26.9292],[120.2798,26.9349],[120.3126,26.9401],[120.3093,26.9258]]],[[[120.3696,26.9618],[120.3799,26.9628],[120.3885,26.9596],[120.3738,26.9574],[120.3696,26.9618]]],[[[120.3529,26.9703],[120.373,26.9385],[120.3906,26.9316],[120.3537,26.9222],[120.3204,26.942],[120.321,26.9626],[120.3529,26.9703]]],[[[120.71,26.9932],[120.722,26.9895],[120.712,26.9766],[120.71,26.9932]]],[[[120.6894,27.008],[120.7031,27.0023],[120.6918,26.9963],[120.6894,27.008]]],[[[120.4069,27.1043],[120.4167,27.1018],[120.4014,27.0984],[120.4069,27.1043]]],[[[120.2821,27.2417],[120.2745,27.2441],[120.279,27.2497],[120.2821,27.2417]]],[[[118.7176,28.317],[118.7407,28.2681],[118.7292,28.2574],[118.809,28.2326],[118.7562,28.1737],[118.7927,28.1693],[118.8061,28.1516],[118.7987,28.1211],[118.7675,28.1173],[118.7123,28.068],[118.7129,28.0354],[118.729,28.0355],[118.7242,27.9739],[118.7489,27.9444],[118.814,27.9205],[118.833,27.8677],[118.8218,27.8502],[118.8479,27.7988],[118.8355,27.7857],[118.8936,27.7225],[118.8955,27.7095],[118.8713,27.7077],[118.87,27.6857],[118.9127,27.6166],[118.8988,27.5945],[118.9067,27.5723],[118.8534,27.5222],[118.8727,27.5198],[118.8989,27.4651],[118.9523,27.4523],[118.9575,27.4733],[118.9848,27.4815],[118.9859,27.5065],[119.061,27.4702],[119.1214,27.4839],[119.1168,27.4393],[119.143,27.4285],[119.2629,27.4244],[119.2752,27.4578],[119.3405,27.4915],[119.3408,27.5242],[119.4107,27.5387],[119.4347,27.5109],[119.465,27.5278],[119.4996,27.6145],[119.4966,27.6527],[119.5334,27.6614],[119.5379,27.6795],[119.5526,27.6657],[119.6154,27.6768],[119.6384,27.667],[119.6435,27.6438],[119.6201,27.6188],[119.6272,27.5857],[119.6721,27.577],[119.6539,27.545],[119.6825,27.5415],[119.704,27.5178],[119.7048,27.4654],[119.6808,27.4417],[119.7805,27.3297],[119.7662,27.33],[119.7659,27.3089],[119.8366,27.3023],[119.8412,27.3274],[119.8715,27.3041],[119.9014,27.3219],[119.9408,27.3178],[119.9321,27.3395],[119.9619,27.3627],[119.9519,27.3679],[119.99,27.3832],[120.0462,27.3404],[120.0938,27.3953],[120.1281,27.3966],[120.1306,27.4255],[120.2138,27.4215],[120.2445,27.4431],[120.2688,27.3909],[120.3133,27.4123],[120.3416,27.3991],[120.3455,27.3473],[120.4265,27.2602],[120.3911,27.2477],[120.4101,27.2347],[120.3972,27.2165],[120.4318,27.168],[120.4144,27.1637],[120.416,27.1798],[120.3855,27.2067],[120.3997,27.2283],[120.3676,27.2501],[120.3049,27.2288],[120.294,27.2593],[120.3281,27.2917],[120.295,27.274],[120.2807,27.2909],[120.2896,27.2656],[120.2717,27.2561],[120.2684,27.2804],[120.2456,27.3048],[120.2552,27.265],[120.2317,27.252],[120.2067,27.2956],[120.1868,27.2754],[120.2004,27.2532],[120.1853,27.2216],[120.1947,27.2013],[120.223,27.2514],[120.2415,27.2453],[120.2627,27.2553],[120.3098,27.2082],[120.3574,27.2394],[120.3776,27.2215],[120.3872,27.1709],[120.409,27.151],[120.4395,27.15],[120.4293,27.1351],[120.3798,27.14],[120.4163,27.1224],[120.3745,27.1224],[120.3742,27.092],[120.3958,27.0951],[120.3847,27.0854],[120.2605,27.1139],[120.2922,27.041],[120.2569,27.0644],[120.2591,27.0403],[120.2463,27.0451],[120.2402,27.03],[120.2653,27.0285],[120.264,26.993],[120.1859,26.9785],[120.1987,26.9698],[120.1847,26.9563],[120.2431,26.9654],[120.2252,26.9126],[120.1396,26.9317],[120.1291,26.9182],[120.1086,26.9238],[120.1148,26.8937],[120.0966,26.8767],[120.0518,26.8951],[120.0688,26.8224],[120.0875,26.8178],[120.0928,26.7938],[120.1348,26.798],[120.0927,26.7577],[120.1094,26.7325],[120.1402,26.7396],[120.1289,26.7268],[120.153,26.7272],[120.1001,26.6925],[120.1056,26.6427],[120.1328,26.6477],[120.0922,26.618],[120.076,26.6246],[120.0792,26.6482],[120.0096,26.6048],[119.9559,26.61],[119.9237,26.5522],[119.882,26.518],[119.8356,26.5246],[119.8437,26.5866],[119.8983,26.6239],[119.9511,26.6171],[119.9905,26.68],[119.9696,26.6907],[120.083,26.7844],[120.0739,26.8027],[119.9704,26.7794],[119.9695,26.7927],[119.9378,26.7956],[119.9177,26.7753],[119.9258,26.734],[119.8851,26.6763],[119.9028,26.6673],[119.8672,26.6479],[119.8701,26.6756],[119.8373,26.6963],[119.8404,26.7106],[119.8022,26.692],[119.7851,26.7101],[119.8067,26.7235],[119.7916,26.7507],[119.806,26.7766],[119.8312,26.7796],[119.8227,26.7889],[119.8544,26.7803],[119.848,26.8142],[119.7916,26.784],[119.7863,26.8144],[119.8521,26.852],[119.8109,26.8359],[119.7975,26.8544],[119.7581,26.8025],[119.7712,26.768],[119.7455,26.736],[119.7271,26.7427],[119.6994,26.8156],[119.6832,26.8194],[119.6808,26.759],[119.7362,26.7279],[119.7269,26.7044],[119.6627,26.7311],[119.6515,26.7607],[119.6121,26.7589],[119.6227,26.7991],[119.5936,26.7847],[119.5659,26.798],[119.5875,26.7782],[119.5771,26.7576],[119.552,26.7624],[119.5578,26.7381],[119.5897,26.7501],[119.6476,26.7418],[119.6343,26.7383],[119.6428,26.7334],[119.6286,26.7249],[119.6238,26.7168],[119.6246,26.7065],[119.615,26.7154],[119.602,26.7199],[119.593,26.72],[119.6341,26.6894],[119.6067,26.6872],[119.6152,26.6558],[119.5841,26.6558],[119.5584,26.6343],[119.56,26.6164],[119.5983,26.5867],[119.6688,26.6203],[119.7323,26.6128],[119.7814,26.5839],[119.7594,26.5461],[119.7815,26.5406],[119.7982,26.5101],[119.7825,26.4971],[119.8021,26.4929],[119.8266,26.4497],[119.7634,26.4086],[119.7726,26.4376],[119.7461,26.4552],[119.7242,26.4454],[119.6715,26.4765],[119.6293,26.4793],[119.6126,26.4637],[119.6246,26.4411],[119.6446,26.4482],[119.6628,26.4245],[119.6543,26.3843],[119.6677,26.3788],[119.6529,26.3613],[119.6725,26.3435],[119.738,26.3663],[119.7313,26.3535],[119.7433,26.3549],[119.8363,26.4295],[119.8296,26.4119],[119.8562,26.401],[119.8403,26.3871],[119.86,26.3883],[119.8686,26.3711],[119.8588,26.3507],[119.8922,26.3567],[119.8985,26.3441],[119.9484,26.3706],[119.8985,26.3288],[119.9014,26.3169],[119.8628,26.315],[119.8441,26.3354],[119.7904,26.312],[119.7926,26.295],[119.8114,26.2963],[119.799,26.2775],[119.7637,26.3014],[119.7236,26.2783],[119.6359,26.2675],[119.6302,26.2538],[119.6516,26.2568],[119.6727,26.2328],[119.5989,26.1744],[119.607,26.1417],[119.548,26.1229],[119.4822,26.0161],[119.5366,26.0742],[119.6238,26.0274],[119.6667,26.0163],[119.6955,26.0257],[119.7138,26.0093],[119.6795,25.911],[119.6196,25.8907],[119.6082,25.8257],[119.6322,25.7534],[119.6049,25.7334],[119.604,25.6981],[119.5204,25.6903],[119.4605,25.6652],[119.4766,25.6278],[119.5352,25.6308],[119.531,25.5847],[119.5966,25.5896],[119.5886,25.5714],[119.6055,25.5675],[119.613,25.5379],[119.5946,25.5256],[119.5984,25.5001],[119.6174,25.4913],[119.6029,25.4754],[119.6328,25.4562],[119.6073,25.4319],[119.6447,25.4323],[119.6596,25.3765],[119.6191,25.3591],[119.6534,25.3559],[119.5919,25.3406],[119.5854,25.4522],[119.5613,25.4617],[119.5516,25.4369],[119.528,25.4339],[119.5439,25.4158],[119.5676,25.4164],[119.5599,25.3894],[119.5294,25.3636],[119.5195,25.3826],[119.4852,25.366],[119.5126,25.3909],[119.4835,25.4306],[119.4994,25.4627],[119.4595,25.4592],[119.4324,25.4342],[119.4546,25.5066],[119.397,25.5003],[119.4063,25.5158],[119.3631,25.5275],[119.354,25.5581],[119.327,25.483],[119.3437,25.4115],[119.2584,25.4337],[119.2767,25.4831],[119.2581,25.4855],[119.2595,25.5018],[119.2101,25.4746],[119.2278,25.4495],[119.1912,25.426],[119.1658,25.4539],[119.1185,25.4077],[119.1452,25.3781],[119.2107,25.3623],[119.2304,25.3098],[119.2472,25.3027],[119.2544,25.3224],[119.2947,25.3216],[119.3038,25.3022],[119.3692,25.2656],[119.3628,25.2515],[119.291,25.243],[119.3021,25.1959],[119.2754,25.1732],[119.2344,25.1925],[119.177,25.1843],[119.1447,25.2097],[119.1328,25.2484],[119.0994,25.2005],[119.1123,25.1752],[119.1373,25.1712],[119.1332,25.148],[119.1551,25.1529],[119.1588,25.1411],[119.069,25.1026],[119.032,25.1297],[119.0242,25.1629],[119.0317,25.1749],[119.0538,25.1661],[119.066,25.185],[119.0778,25.2226],[118.9927,25.2109],[118.9707,25.2354],[118.9901,25.2656],[119.0155,25.2581],[119.0302,25.2786],[118.9821,25.284],[118.8706,25.2464],[118.913,25.2408],[118.9365,25.2264],[118.9382,25.2064],[118.9652,25.2099],[118.9772,25.1728],[118.9369,25.1434],[118.9623,25.1186],[118.8572,25.0875],[118.8864,25.0838],[118.9782,25.0179],[118.9958,25.0549],[119.0171,25.0531],[118.9795,24.9873],[119.0051,24.9558],[119.0273,24.9605],[119.0075,24.9449],[118.9665,24.9652],[118.9137,24.9611],[118.899,24.9385],[118.9466,24.8868],[118.9715,24.9006],[118.985,24.8832],[118.9262,24.8747],[118.8721,24.8962],[118.8338,24.882],[118.8309,24.8585],[118.8096,24.8753],[118.7021,24.8509],[118.6821,24.9056],[118.699,24.9386],[118.6883,24.9578],[118.6699,24.9569],[118.6792,24.9247],[118.6527,24.9056],[118.6853,24.8809],[118.6785,24.8596],[118.639,24.8535],[118.6419,24.8169],[118.6592,24.7988],[118.6504,24.7911],[118.7027,24.7949],[118.7281,24.817],[118.7268,24.778],[118.7753,24.7795],[118.7783,24.7606],[118.6992,24.6699],[118.6526,24.6837],[118.6465,24.6372],[118.6576,24.6184],[118.6816,24.6281],[118.6727,24.5891],[118.5738,24.5209],[118.5697,24.5827],[118.4938,24.6281],[118.44,24.6299],[118.4539,24.6738],[118.4422,24.6979],[118.4236,24.6506],[118.4311,24.6173],[118.3893,24.5959],[118.3924,24.5826],[118.2886,24.5862],[118.2835,24.5574],[118.2393,24.5364],[118.1947,24.567],[118.1787,24.6249],[118.2042,24.651],[118.181,24.6638],[118.1679,24.6343],[118.149,24.6431],[118.1,24.5671],[118.0669,24.5707],[118.0291,24.5518],[118.0689,24.5077],[118.0338,24.4735],[118.0414,24.441],[117.9052,24.4777],[117.9038,24.4373],[117.8794,24.4288],[117.9062,24.4133],[117.8883,24.4112],[117.9061,24.3938],[117.9803,24.401],[118.017,24.4154],[118.0653,24.4091],[118.0404,24.3443],[118.0995,24.3566],[118.1334,24.3077],[118.1248,24.291],[118.1382,24.2687],[118.0689,24.2516],[118.0373,24.2147],[118,24.199],[117.969,24.1536],[117.9758,24.1897],[117.963,24.1818],[117.9554,24.2052],[117.9591,24.1704],[117.9322,24.1803],[117.9625,24.1667],[117.9023,24.1036],[117.8986,24.0346],[117.8501,24.0314],[117.8228,23.997],[117.8077,23.9995],[117.7994,23.9605],[117.7762,23.9595],[117.767,23.9178],[117.748,23.9069],[117.7311,23.9378],[117.7916,24.0011],[117.7668,23.9983],[117.7568,24.0179],[117.7691,24.0385],[117.7434,24.0103],[117.7082,24.0435],[117.7027,24.0455],[117.6973,24.044],[117.7119,24.0233],[117.6902,23.9827],[117.7068,23.9515],[117.6346,23.8912],[117.6237,23.8296],[117.6411,23.7935],[117.5903,23.7191],[117.5807,23.7701],[117.6127,23.8105],[117.5946,23.8105],[117.5946,23.8447],[117.6063,23.8443],[117.5921,23.8792],[117.5675,23.8839],[117.5677,23.9006],[117.4601,23.9231],[117.4334,23.9438],[117.4024,23.939],[117.4257,23.916],[117.483,23.9069],[117.5043,23.8655],[117.4864,23.8379],[117.4962,23.825],[117.4701,23.8209],[117.4726,23.798],[117.4407,23.7594],[117.4036,23.774],[117.4407,23.7389],[117.489,23.7626],[117.536,23.7366],[117.5164,23.7144],[117.4857,23.7212],[117.4711,23.6798],[117.4873,23.6564],[117.461,23.6513],[117.4442,23.6653],[117.4238,23.6539],[117.4162,23.6051],[117.4432,23.5926],[117.4376,23.5833],[117.3185,23.5726],[117.3757,23.6351],[117.3396,23.6879],[117.362,23.7194],[117.3504,23.7513],[117.3865,23.7835],[117.4039,23.7749],[117.3971,23.7873],[117.3807,23.7868],[117.3449,23.7541],[117.3161,23.7586],[117.2745,23.7355],[117.2788,23.6813],[117.2658,23.6629],[117.2795,23.631],[117.2327,23.603],[117.2469,23.6722],[117.2398,23.6849],[117.2302,23.6914],[117.2278,23.6902],[117.2414,23.6761],[117.2293,23.6608],[117.2086,23.6804],[117.2254,23.6254],[117.1887,23.6199],[117.1427,23.6561],[117.1188,23.6488],[117.086,23.6666],[117.0454,23.7027],[117.047,23.7382],[117.0163,23.8115],[117.0286,23.828],[116.9987,23.8626],[116.9552,23.869],[116.9724,23.8725],[116.9502,23.9229],[116.9756,23.9424],[116.9769,24],[116.9497,24.0067],[116.9377,24.0329],[116.9477,24.0538],[116.9306,24.0584],[116.9221,24.1034],[116.9456,24.1482],[116.9929,24.1882],[116.9286,24.2232],[116.9348,24.2872],[116.9094,24.2892],[116.9151,24.3237],[116.8903,24.3551],[116.8996,24.3737],[116.8348,24.4423],[116.8552,24.4607],[116.8468,24.4784],[116.8285,24.4995],[116.8084,24.4866],[116.7522,24.5503],[116.7627,24.5671],[116.7527,24.5837],[116.8105,24.6576],[116.7971,24.6805],[116.7477,24.6583],[116.7251,24.6698],[116.6251,24.6449],[116.5926,24.6578],[116.5467,24.6086],[116.5223,24.6079],[116.5001,24.6237],[116.5123,24.6565],[116.4825,24.7212],[116.4398,24.7187],[116.4097,24.7499],[116.4147,24.7695],[116.3969,24.7948],[116.3707,24.8059],[116.3732,24.8257],[116.4142,24.8434],[116.3889,24.8614],[116.3915,24.8806],[116.3572,24.8719],[116.345,24.8345],[116.2951,24.8048],[116.2434,24.7954],[116.2271,24.8027],[116.2431,24.8345],[116.2173,24.8328],[116.187,24.8814],[116.1483,24.8475],[116.0936,24.8541],[116.086,24.8393],[116.0147,24.9081],[115.994,24.8989],[115.9752,24.9189],[115.9033,24.9267],[115.8654,24.9717],[115.9194,24.9668],[115.8696,25.0238],[115.9246,25.0523],[115.9096,25.0827],[115.8756,25.096],[115.8698,25.1266],[115.8853,25.1299],[115.8732,25.1555],[115.8483,25.1577],[115.8507,25.2131],[115.9275,25.2389],[115.9424,25.2928],[115.9828,25.2927],[116.0028,25.3191],[116.0006,25.3425],[115.9827,25.3474],[115.9969,25.3587],[115.9863,25.3775],[116.0036,25.3977],[115.998,25.4152],[116.0183,25.426],[116.0053,25.4621],[116.0148,25.4773],[116.0012,25.4756],[115.9995,25.4917],[116.0325,25.5169],[116.033,25.55],[116.0591,25.5651],[116.0357,25.6088],[116.0351,25.6297],[116.0647,25.6474],[116.0534,25.6949],[116.0639,25.7088],[116.1052,25.7076],[116.1247,25.7642],[116.1603,25.7692],[116.1625,25.7502],[116.1732,25.7569],[116.1779,25.7803],[116.126,25.8312],[116.1276,25.8617],[116.1836,25.9045],[116.25,25.9035],[116.2973,25.926],[116.3191,25.9587],[116.3623,25.963],[116.3556,26.002],[116.3791,26.0355],[116.3954,26.0356],[116.4014,26.057],[116.4865,26.1236],[116.469,26.1779],[116.4212,26.161],[116.3864,26.1751],[116.3978,26.1945],[116.3924,26.213],[116.3869,26.2084],[116.3759,26.2126],[116.3865,26.2125],[116.3917,26.2752],[116.4147,26.2823],[116.4101,26.3015],[116.4371,26.3145],[116.4558,26.3503],[116.4951,26.3626],[116.4913,26.3891],[116.5121,26.4137],[116.5516,26.4027],[116.5501,26.3668],[116.5955,26.3747],[116.6046,26.4373],[116.6452,26.4718],[116.5937,26.4876],[116.5753,26.5338],[116.5297,26.5628],[116.5625,26.6393],[116.5107,26.6908],[116.5055,26.7174],[116.5599,26.7646],[116.5374,26.8127],[116.5613,26.87],[116.5808,26.8724],[116.65,26.9649],[116.6936,26.9921],[116.7373,26.9985],[116.7512,26.981],[116.7651,27.0033],[116.8206,27.0237],[116.8567,27.0111],[116.8941,27.0407],[116.9348,27.0219],[116.9622,27.0618],[117.0474,27.1039],[117.0435,27.1558],[117.1611,27.272],[117.1673,27.295],[117.0935,27.3415],[117.0947,27.3837],[117.1278,27.4279],[117.1034,27.4645],[117.1085,27.4991],[117.0791,27.5678],[117.0518,27.5469],[117.0123,27.5635],[117.0193,27.596],[116.9983,27.6298],[117.0146,27.6557],[117.0472,27.6742],[117.0955,27.6306],[117.1065,27.649],[117.0901,27.6715],[117.1122,27.6976],[117.1997,27.6871],[117.2021,27.7197],[117.2566,27.7292],[117.2717,27.7701],[117.3019,27.7798],[117.2971,27.8394],[117.2721,27.8502],[117.2742,27.8743],[117.2985,27.8759],[117.3204,27.899],[117.3283,27.8657],[117.3472,27.8608],[117.3605,27.8861],[117.4073,27.8982],[117.4484,27.9434],[117.4718,27.9334],[117.517,27.9869],[117.5506,27.974],[117.5615,27.9386],[117.5827,27.9475],[117.597,27.872],[117.6452,27.856],[117.676,27.8263],[117.6998,27.8371],[117.7343,27.8037],[117.7829,27.8557],[117.7825,27.9004],[117.8509,27.949],[117.8943,27.9484],[117.9365,27.979],[117.9624,27.9648],[117.9912,27.9954],[118.0832,27.9672],[118.0905,28.009],[118.1246,28.0196],[118.1154,28.0449],[118.1326,28.0609],[118.1947,28.053],[118.2384,28.0796],[118.3477,28.0899],[118.3705,28.1898],[118.3338,28.1967],[118.3072,28.2245],[118.3699,28.2705],[118.4271,28.2967],[118.4389,28.2547],[118.4869,28.2414],[118.4982,28.2829],[118.5333,28.2748],[118.5764,28.2903],[118.5924,28.2594],[118.61,28.2752],[118.617,28.2597],[118.646,28.2803],[118.6715,28.2739],[118.6891,28.3079],[118.7176,28.317]]]]}},{"type":"Feature","properties":{"name":"江西省","adcode":"360000","region_code":"360000","population":45188635,"elderly_65plus":5371021,"aging_rate":0.1189,"youth_rate":0.2196,"source_year":"2020","source_name":"第七次全国人口普查（省市分年龄性别）","license":"普查数据，来源标注 required"},"geometry":{"type":"Polygon","coordinates":[[[116.63587460033261,30.078950710307083],[116.76467538955762,30.04680250033516],[116.79602634963635,29.99867571541199],[116.82452013029979,30.01335647512127],[116.82838861983896,29.960359935063025],[116.86338565542371,29.98405315982552],[116.89277793525355,29.970531660407858],[116.89884316008386,29.951267450132775],[116.89278658493299,29.91320079458103],[116.81737007037248,29.837488924674176],[116.8228061303987,29.822171950375264],[116.78201924958876,29.794297790011058],[116.75763675473252,29.80829079498426],[116.70402896976123,29.74617878512288],[116.6789389800499,29.738787464969562],[116.66367567998873,29.701884435018712],[116.64414856460462,29.698654304952242],[116.68378703004748,29.67593076968933],[116.64569529510186,29.642757400034043],[116.67840193460165,29.620940465030515],[116.67509414987512,29.60115983975487],[116.70822082493123,29.5941616249591],[116.7192275752924,29.56619576522246],[116.75544328038313,29.605418404835575],[116.78202353485835,29.59383890504148],[116.77849113995421,29.570898500065766],[116.83229382959667,29.571856404849257],[116.92489615463387,29.649371580034426],[116.97010319970298,29.6505361148499],[116.99143225969112,29.686398405262253],[117.03220877041849,29.68235703005297],[117.10910227485022,29.70997324956585],[117.09908106993544,29.752301140285454],[117.13370534012938,29.78845529487603],[117.06687574042314,29.831237714648864],[117.12391158455205,29.86457562966166],[117.12025377469206,29.89435107464243],[117.13699686511325,29.914516275205983],[117.20148807461499,29.9332046396824],[117.25043100508685,29.911958144652715],[117.26145167515472,29.884479165281277],[117.23838898486383,29.853119065392605],[117.27014084472421,29.827684094845154],[117.28528412036587,29.82287751978174],[117.28439596520172,29.837662414688737],[117.33258435998027,29.85792324466206],[117.36388072491559,29.814987129852227],[117.3877437003116,29.849143165324847],[117.42067978024772,29.850886260092864],[117.40335577005283,29.801371449832573],[117.45455547995152,29.735977179803058],[117.44562626514005,29.693414049818614],[117.46891319508791,29.683349004752813],[117.46789359501349,29.666834534586144],[117.50424447989894,29.674319900443095],[117.52249642497009,29.662029840005175],[117.51819518975628,29.632207945040705],[117.53742941483574,29.59113495481438],[117.59262379455254,29.58562519534655],[117.64288210492532,29.617207309969444],[117.67776132482538,29.59448941975097],[117.68457937034168,29.556815154595768],[117.71171953013231,29.562651650353416],[117.72411386516285,29.549393055145458],[117.76918702456157,29.575047759746383],[117.78092186515198,29.561206935351834],[117.80690038504474,29.578441779564514],[117.85890638482181,29.56843732991888],[117.88895583974022,29.5460272002951],[117.93964923492433,29.552151724622433],[117.9541356898103,29.571854939853665],[117.97894401005806,29.560112964941425],[117.99577078959032,29.57753430516408],[118.02219697041392,29.57638253982242],[118.05120385477414,29.542197115404576],[118.09806434479378,29.53929072508697],[118.12522803984223,29.514693759909164],[118.13852480497587,29.493101564585572],[118.11893817965336,29.47569061512985],[118.1337411500341,29.44739310520771],[118.12502229474319,29.43397622482297],[118.18674652503216,29.40743159519201],[118.20392073515382,29.350375025287235],[118.16173958501395,29.316671210308186],[118.17410597990715,29.301772050240004],[118.16489731965567,29.28442717487428],[118.06668308475662,29.290718000035724],[118.07936735491955,29.22296985977124],[118.03557943014664,29.212117520307345],[118.02257356511802,29.1704402099478],[118.03842282475364,29.16047371978641],[118.03266022538912,29.131734964696932],[118.04847264519651,29.115649710365915],[118.03191845467302,29.097775809705922],[118.07025435465482,29.07802069010279],[118.06057625009396,29.052443165319858],[118.0915323052717,29.0012877901994],[118.1023398845781,29.01430690044316],[118.09459166037686,28.993105724949316],[118.12201472979598,29.018788285151288],[118.12833056510351,28.986502870111394],[118.16249894017403,28.98865477509787],[118.22278468506522,28.9476260351135],[118.18992846043011,28.907759644591977],[118.26431478539905,28.92189632975186],[118.30000012970231,28.84362246490491],[118.29174498014675,28.836096375047703],[118.35920825026062,28.81619896021391],[118.37835302517203,28.79032380479981],[118.39552843498939,28.737517429985473],[118.38571287984564,28.703372465167206],[118.42788508982505,28.67933053997251],[118.41681747964299,28.649490145054187],[118.42888530501284,28.628817559582785],[118.4080546852756,28.61142166028145],[118.42052217026196,28.589240474668202],[118.40465382971058,28.571316960209572],[118.42318412035092,28.550600545378927],[118.42010798029912,28.525927244846514],[118.44060714500381,28.515708815009873],[118.40930870982913,28.501002955222248],[118.47719999968035,28.474180714768238],[118.45788365480689,28.458812489904517],[118.45215499495714,28.4192279352211],[118.42517022002971,28.40151627495618],[118.45266233489895,28.3826013002099],[118.46441347480209,28.330649784959633],[118.48205205975478,28.331814749651016],[118.30715599475343,28.22450312491935],[118.33379273025037,28.19668650048169],[118.3705365649106,28.18977582029794],[118.34769830043626,28.089914209972846],[118.2384337951836,28.079632539809893],[118.19467216478859,28.052995405013974],[118.13258753029038,28.06087137521382],[118.11535956499199,28.044932610551598],[118.1246131796546,28.019591905142363],[118.09051142546195,28.00904677049209],[118.08318718484077,27.967223480379346],[117.99120546036374,27.99536994556661],[117.96239331969605,27.964808760216158],[117.93654309528767,27.97899821489574],[117.89431502481864,27.94842119518205],[117.85086756988255,27.949017159714174],[117.78252318989337,27.90041073486759],[117.78294296464617,27.85573572512368],[117.7369712350345,27.80442339042719],[117.69981034966793,27.837071039796683],[117.67601524520751,27.826257864908598],[117.6452476600515,27.856012455510438],[117.5969700399354,27.872010849720994],[117.58274687506832,27.947477770382875],[117.56146877966046,27.938599684727706],[117.55062789486146,27.973962544735684],[117.51703293472224,27.986949380109877],[117.4718434147419,27.93342351528304],[117.44839894965185,27.943364444913243],[117.40734069032067,27.898159595089282],[117.36046142965131,27.886089944995035],[117.34720702528409,27.860766535347352],[117.3283187352215,27.865732945119362],[117.32039850039052,27.898968404868015],[117.29850442963573,27.875871770565823],[117.27415133991246,27.87432761482762],[117.27211470013333,27.85021938531645],[117.29712538043202,27.839386345303637],[117.30190695973852,27.779811535174247],[117.27173033528686,27.770071550062028],[117.25659547460157,27.72923633968537],[117.20212150490363,27.719720019563283],[117.1997440553439,27.687136474768522],[117.11223717030919,27.697619959993233],[117.0901331249438,27.671469055352645],[117.10647903967595,27.64901350007301],[117.09549046011671,27.63057148958262],[117.04722258505433,27.674204790318868],[117.01462090992709,27.655710520224375],[116.99831741981313,27.629761900091694],[117.01929283039988,27.596021579832097],[117.01226533457759,27.563450979878894],[117.05184539984543,27.54691458963663],[117.079113409956,27.56779639968414],[117.1084646249426,27.499143435321344],[117.10335449991032,27.46445699499435],[117.12779258995613,27.427932840428298],[117.09469627511305,27.38367933483346],[117.09351742039269,27.341502360245784],[117.16733461480067,27.29498674044578],[117.16106531041578,27.271977264838938],[117.04354653514451,27.15580776041986],[117.04739953026422,27.103883554882202],[116.96219740978268,27.061809280174202],[116.93480483457552,27.02193605480511],[116.89409575501509,27.040671565340517],[116.85671268044587,27.011129099628306],[116.82060826465977,27.0237456400493],[116.76507314530943,27.003250230014146],[116.75118223497225,26.980979204826497],[116.7372680151069,26.998545334999278],[116.69358931029853,26.992108504903626],[116.64995406522803,26.964902975192217],[116.54509161458645,26.841218150297436],[116.53737664461653,26.8127311298378],[116.55987478009706,26.76459203499445],[116.50547325528657,26.71737213001984],[116.51073745486974,26.690767024578577],[116.56245753498729,26.639255679805842],[116.52968023485505,26.56276706544776],[116.5753103246119,26.533770909999532],[116.59369988484184,26.48759603972553],[116.6451509300714,26.47180716506864],[116.60456628520592,26.437302965159745],[116.59547357544523,26.374663684581435],[116.55011172017976,26.366799175341725],[116.55162244541953,26.40273598987409],[116.51205221513771,26.41369305539024],[116.49133919974429,26.389061104786208],[116.49512361975928,26.36256875544376],[116.45577434031361,26.350313800041874],[116.43713282511987,26.31453640473137],[116.4100846102167,26.301546820129715],[116.41466088509185,26.28234377004901],[116.39168153497496,26.275153960087266],[116.38647655035254,26.212463279656674],[116.37594087477157,26.212555565387106],[116.38694227956262,26.208366310157146],[116.39243544024339,26.213035735011204],[116.39781307041687,26.194481634819624],[116.38641270478251,26.175146385297467],[116.4212395445694,26.160983449826404],[116.46900583535103,26.17788422018066],[116.48645967527386,26.123610810090838],[116.40135634531919,26.05700295532216],[116.39536011018095,26.03556175976746],[116.37910559534703,26.035463300191225],[116.35564203495198,26.002023939853018],[116.36226145979856,25.963031434952825],[116.31908368456448,25.958709769840084],[116.29725516989026,25.92596839492552],[116.24997393474939,25.903451600311143],[116.1836404946132,25.90448599962923],[116.12755134971508,25.86166183512563],[116.12604242491807,25.83123718484825],[116.17794624012697,25.78030423005623],[116.17321018989844,25.756893190068695],[116.16249011013053,25.75015068490626],[116.1602668403425,25.769189154555875],[116.12473465957692,25.764243299688587],[116.10523666963661,25.707565300298427],[116.06386329955171,25.708793310163173],[116.05341926039057,25.69487253513944],[116.06472537977254,25.64737799969498],[116.03511356463935,25.629680244747533],[116.03574211520652,25.608780854752695],[116.05913221987612,25.565086845281712],[116.03299041997195,25.550045409767904],[116.03254344972049,25.51688672963894],[115.99948456016443,25.49172550462839],[116.00116512956708,25.475601985043625],[116.01477940484574,25.477335279899307],[116.00526940965563,25.462118949629883],[116.01833009016161,25.42602977015781],[115.99795532507824,25.415225979695265],[116.00357112540712,25.397668685361566],[115.986319265122,25.37749879483357],[115.99692536031716,25.35874543005758],[115.98266068004637,25.3474170452605],[116.0005544152541,25.342484395138797],[116.0027880254471,25.31911365017487],[115.98280494029586,25.2927230096592],[115.9423704651249,25.292799655279907],[115.92748036033038,25.238851180137885],[115.85073714969974,25.21311396993383],[115.8483323202804,25.157741994797277],[115.87324585041574,25.155451485397805],[115.88532887972406,25.129908509869892],[115.8698422995825,25.126586905261547],[115.87557501987135,25.096031609571185],[115.90961839007673,25.08270116482697],[115.92457731459149,25.052323764929838],[115.86964664487687,25.023753794601987],[115.9193812800221,24.966805395152903],[115.86541979978404,24.971706974597225],[115.88748286034581,24.940800009812676],[115.87332710955855,24.93523265955963],[115.88019932483905,24.900487454832216],[115.90390080537793,24.883806424826673],[115.8564880947498,24.86650352981411],[115.86103744482227,24.893685390268615],[115.81580683481764,24.90982892516479],[115.8011869798953,24.86078939491472],[115.77669645487754,24.86627738539306],[115.78723239036253,24.838471929635887],[115.77197301044612,24.83363106522154],[115.75849135998828,24.794547434716378],[115.77326847486029,24.774991780246523],[115.75115355039611,24.739786635245082],[115.76563781543291,24.711766700173143],[115.80344085001525,24.70076725500485],[115.79260106958372,24.677256554846167],[115.75630146044409,24.67179264011827],[115.77735398969492,24.666053209987695],[115.7823458853544,24.63420084998927],[115.84958378986005,24.568233919559816],[115.80319111457834,24.562339729594896],[115.78631735536169,24.574957729615562],[115.73718286030078,24.54280121980048],[115.68569944487353,24.547174800077016],[115.66766651979412,24.607674445119585],[115.60173574480882,24.628961205495273],[115.57142847494424,24.616669500197304],[115.5515766449463,24.686587330441],[115.51580787503349,24.70388351021586],[115.52110253465435,24.719866425295322],[115.50325318009027,24.718922149737466],[115.46973728025137,24.76655352512512],[115.40313649505322,24.797560070041243],[115.36343774535578,24.77131863514694],[115.35548048543615,24.737521785302192],[115.3042371350358,24.761476739759757],[115.27572919005013,24.75736071002882],[115.25643749469464,24.732137984880126],[115.18038168536657,24.710902650436992],[115.19076722542718,24.694714414738485],[115.14266810005279,24.692481169670316],[115.11897655522387,24.66728976521057],[115.0490432800234,24.71356094478182],[115.0199818050163,24.67085601509308],[114.9984951550274,24.68326738957842],[114.93644764993917,24.652390794899304],[114.93109719457993,24.669201054784878],[114.90797976525403,24.668271654912985],[114.88945829966087,24.58591511978699],[114.86499492517567,24.565094930386806],[114.84422520033274,24.606196889574846],[114.82067690041868,24.592071054735413],[114.74509555991222,24.62062432015631],[114.72388990489526,24.611157069743],[114.73282116026837,24.567549690166118],[114.70124799030259,24.530873065439664],[114.67788915506048,24.54476269963891],[114.65936801502198,24.586688450411714],[114.62123752019545,24.579956085105266],[114.58596525519249,24.53934318533976],[114.52402251482727,24.562021109686498],[114.42400714471398,24.487716495320058],[114.39756352513666,24.502553339564997],[114.38618226020321,24.56556405993348],[114.34863617991584,24.583024869602127],[114.35192344031464,24.593903905440925],[114.34213019015624,24.576548089822552],[114.33554429023684,24.587385794618797],[114.29935299544445,24.577934294931822],[114.285397725125,24.622459840049657],[114.25312688000156,24.64644380483776],[114.16981880459423,24.648723120375735],[114.17289387535209,24.663712725262087],[114.185767565221,24.660492254813732],[114.16326198515253,24.692563440550373],[114.27000585528606,24.705191030042045],[114.28096400538459,24.73293492001062],[114.32805169023334,24.749470285025666],[114.33660252518644,24.811064889732904],[114.39858337522264,24.88043890533129],[114.38449434513802,24.914932504931187],[114.39078846541543,24.952852925322304],[114.45075179975584,24.979644089703015],[114.46242683992682,25.003616599826273],[114.50412633476265,25.003905065466427],[114.50993214025618,25.02773016051856],[114.53398306046995,25.029529790267645],[114.55673716458853,25.08178294982332],[114.59911660984369,25.087956040239135],[114.63802553535027,25.073896855055864],[114.66103892480658,25.106156070146596],[114.72539173494067,25.118616499951543],[114.73156829044433,25.158433880119503],[114.67988452045427,25.175929345163183],[114.67440762491208,25.198061194868274],[114.69071567009212,25.19860001557828],[114.69423954032254,25.22180787982984],[114.72034470994049,25.236739435276775],[114.73226603484966,25.227787544959256],[114.74456801490203,25.23305117976821],[114.73300496011086,25.24142310988867],[114.74468297973579,25.244286205044375],[114.73876271033089,25.277567239736356],[114.71888503471666,25.286972665356245],[114.71032780468454,25.3185315855643],[114.6201667199183,25.33404526497702],[114.59352201462934,25.363610300075322],[114.5969325846711,25.388205784969045],[114.5763720601226,25.40072443508467],[114.57126845967173,25.384017449745556],[114.57513592488306,25.40541795997092],[114.53526656480017,25.42194091973772],[114.47605407983201,25.37337043989396],[114.44269367007689,25.38939352049465],[114.41977950462046,25.34016266487515],[114.3754928653035,25.31867482508318],[114.31038150040592,25.342206779819094],[114.29467107540984,25.292311860304153],[114.267799285009,25.305284070003893],[114.25889954008176,25.294076525311425],[114.20034041527799,25.30179788046786],[114.18680759969106,25.32093104513166],[114.1116621003257,25.305941460030397],[114.07831321538265,25.27782821490024],[114.05066746483169,25.281105939787324],[114.03495562969863,25.253853620148504],[114.01202627469286,25.27714119041366],[114.02090894509183,25.30513608476258],[114.05132362458562,25.314243240333326],[114.02180522473145,25.333726955334782],[114.03899098484612,25.355962125451754],[114.02428868547452,25.377492430331472],[114.03842254046788,25.393507845111003],[114.01204859047016,25.387526120534062],[113.98011565031709,25.406511639900316],[114.00257834531442,25.440841550297364],[113.99427784474676,25.44745500004825],[113.93455515010021,25.4528152049578],[113.9546895102128,25.485502904735313],[113.94067459505663,25.502389810241596],[113.96031094029775,25.53540734986933],[113.98276423468178,25.53287711538661],[113.98866672538918,25.56743434022269],[113.97238504023744,25.57651464473514],[113.97664096041206,25.60682171045363],[113.94431637989703,25.624162115289437],[113.90827927027215,25.728906119821602],[113.95036152016803,25.774754765520072],[113.96538592522029,25.837229989972116],[114.0224332896646,25.896785935022933],[114.02329382485016,25.98903945530668],[114.00235950518709,26.015027214834163],[114.04000357470522,26.080784800178435],[114.11049468498175,26.079509709905267],[114.1014055302411,26.103841140356394],[114.18400360977887,26.125718679773286],[114.2320928650937,26.155858090278684],[114.2133660447073,26.169132795042515],[114.22730048043286,26.18558391516558],[114.21180141500338,26.206308980575045],[114.18126153459218,26.20107663497879],[114.17229104539547,26.21688284047076],[114.09924416528611,26.191994060577485],[114.08255109515699,26.170668770547366],[114.05210959967837,26.16664912026073],[114.0509617598774,26.186375555087864],[114.03029859480432,26.191947540446677],[113.95705303017326,26.15453142478549],[113.93746173467139,26.168319295299284],[113.9741531001855,26.241538485512763],[114.0241812551609,26.26965256521379],[114.01523999033338,26.2930323753439],[114.04374975015094,26.339060835089526],[114.02623341993649,26.378550790086933],[114.06067665480384,26.41251468000854],[114.08328726489538,26.413501194924265],[114.09891740021794,26.47840293055083],[114.06664303964465,26.488871540089576],[114.1024511198234,26.579023850170586],[114.01618189527835,26.589911540185483],[113.99098304982795,26.619021199968472],[113.90223887482432,26.617292870269807],[113.8753563699006,26.66199489025206],[113.85597730540837,26.663723065267277],[113.84805761466725,26.770992824759105],[113.82942007987288,26.804941740069296],[113.88587721476176,26.86532102974178],[113.89636406524949,26.92834090970524],[113.92178113479156,26.95200165545208],[113.88553722516292,26.96960097510498],[113.85641008525727,27.02070882015596],[113.83704948474599,27.019220995252795],[113.8076866496192,27.047902680264542],[113.80024761503546,27.099083710344985],[113.77625982003474,27.088901960257317],[113.76379762486056,27.121835975350052],[113.80890818526461,27.175614504705663],[113.86339929514145,27.286041620224637],[113.84404510499769,27.31103809483227],[113.86686442974974,27.34488212041356],[113.86528337482798,27.383051795104336],[113.85018097517195,27.36819313960177],[113.83146773005171,27.377631334718387],[113.81886594031096,27.362925445253154],[113.7136812050237,27.35396039515615],[113.66940008484607,27.330110364601694],[113.65203042956068,27.354057360059187],[113.60278557959089,27.35740277961463],[113.59454265541922,27.388892669661004],[113.6267665802136,27.409467655308106],[113.5952291448092,27.422194945440424],[113.58904087024007,27.46631453478801],[113.62423832513866,27.518144994995566],[113.61719512535478,27.528995335266586],[113.59106945479152,27.51932479490341],[113.57493589517549,27.53984567463823],[113.59720764971337,27.577726694831142],[113.60186152528922,27.638909765273524],[113.64784059966405,27.664623510366766],[113.69524739545102,27.722920520565594],[113.6928821200139,27.74242791471653],[113.7594525396031,27.805599039963795],[113.75298205507784,27.860310374923927],[113.72256655000638,27.87995520976517],[113.74802071478427,27.938980780538657],[113.8105200797379,27.98335254518389],[113.84371470486974,27.973591329776127],[113.85977549494316,28.01123436507396],[113.89840676466054,27.99141158497673],[113.92613298025287,28.024538130530345],[113.95758584970724,28.018758815467038],[113.96135980521092,28.043247660551117],[114.02121972471059,28.03466346524675],[114.04163012003403,28.060660365483557],[114.01344526009075,28.08862385550657],[114.0231358751206,28.09114571999902],[113.98742767005103,28.166072915232917],[114.09883307978282,28.18495814040591],[114.13963335509527,28.25081393531491],[114.1758222352081,28.253455540041216],[114.19160030990645,28.29468566521132],[114.20673567960796,28.290519790555948],[114.24971918509243,28.324738530358957],[114.23498287515963,28.34372935482594],[114.25651354516401,28.355096405075074],[114.24863891045743,28.3980426300634],[114.21042229025659,28.40408182041972],[114.17707514999825,28.439640465535092],[114.21329542004764,28.4712862251792],[114.2128448749911,28.487709190227008],[114.16958221005098,28.498877390479265],[114.13057519998551,28.53906303493119],[114.09528612485485,28.54234864057736],[114.08030031960413,28.560087874955514],[114.12824159507363,28.611932475203616],[114.11634485043453,28.62365825512444],[114.12846451002918,28.64523918554005],[114.11672727994005,28.68771084008324],[114.14460311484197,28.728642025209354],[114.1519966248444,28.766632820248503],[114.13264731981803,28.783606850275987],[114.14851805526405,28.835242545207336],[114.1302248196198,28.829320120127477],[114.11851640470832,28.847041984999635],[114.07287239974153,28.83525649009499],[114.05394479491645,28.85428346550958],[114.06283380013986,28.894454885384732],[114.0431196752329,28.910107144928872],[114.0236178649726,28.891393219921213],[113.99720850506856,28.923124295549826],[114.00352531524118,28.958240480513837],[113.95886612007541,28.94556473502456],[113.94046030010281,29.024288885024077],[113.94805262502871,29.1004396753508],[114.01954879514085,29.149129364828354],[114.06696235472896,29.208384224952056],[114.17259342534635,29.215250935482345],[114.24953351466002,29.23865618473519],[114.25160292033854,29.34446966484319],[114.26889695523039,29.356903794874313],[114.3042008898592,29.36822943494053],[114.34470835490674,29.323597050363617],[114.43894953519293,29.35174717489224],[114.4576315549524,29.323845065397506],[114.49943870493234,29.325107865535642],[114.66544011966585,29.3962886299164],[114.7301031248594,29.39606563492117],[114.7367087253275,29.367092274588856],[114.7531045200576,29.365087374582743],[114.77872818455808,29.386572664796688],[114.80135619473265,29.38005770969562],[114.84839468486689,29.404682005270388],[114.86904599957325,29.40821182991209],[114.87493497976561,29.393554115330232],[114.90562766038829,29.424645770286133],[114.92182930497847,29.419300539988],[114.9222571754284,29.44912266517889],[114.94440991008935,29.466318090307652],[114.92200717019477,29.490744415422512],[114.90139550479876,29.471621490439475],[114.91828201999931,29.462502399965842],[114.88016128011907,29.43862014040718],[114.85471558515621,29.47770582496389],[114.8936100297791,29.533286825027005],[114.89520083964715,29.50877504003614],[114.91967821477783,29.524675314614115],[114.92110759543925,29.501281004714656],[114.95716751456916,29.50565420997384],[114.9678521196796,29.522423699993794],[114.94244149018266,29.529512040348436],[114.94279027964774,29.545789624591578],[114.99423980502308,29.574921844767346],[115.02876171528101,29.548840294943716],[115.08177268496149,29.56274124980888],[115.09420504512684,29.552211765160905],[115.08372341970016,29.52196982025106],[115.15333065468599,29.50893938034818],[115.14089245971934,29.535052259853956],[115.14809663005553,29.57804949978464],[115.17281364033727,29.59474614471884],[115.11138760455435,29.597636969570544],[115.14121113988222,29.640318015064395],[115.10302077988513,29.661665334887346],[115.10841212022319,29.683397614908074],[115.15887404969772,29.658069970352926],[115.25945681018368,29.659949555227854],[115.26959477497894,29.652096835200837],[115.25199234996705,29.6390177851427],[115.2808285052314,29.621046590427852],[115.322327579854,29.64911247995701],[115.3547564853236,29.648916919680175],[115.46458923980163,29.73916383484317],[115.46383428502429,29.808721679961593],[115.50039285484638,29.82466828041686],[115.50600845012991,29.842309760287264],[115.67490834024773,29.85083100035041],[115.83965153958695,29.748002989746226],[115.94438345543222,29.722292785283855],[116.03574089032986,29.756099155351762],[116.14102790011759,29.829343575145913],[116.20989725485447,29.830013480138064],[116.25800186519393,29.78373715554534],[116.46703497468445,29.90093436023261],[116.53470492519216,29.90323820477937],[116.56454232536805,29.955982979630846],[116.5650226047095,30.013764195361375],[116.5888137251734,30.05997102034638],[116.63587460033261,30.078950710307083]]]}},{"type":"Feature","properties":{"name":"山东省","adcode":"370000","region_code":"370000","population":101527453,"elderly_65plus":15364078,"aging_rate":0.1513,"youth_rate":0.1878,"source_year":"2020","source_name":"第七次全国人口普查（省市分年龄性别）","license":"普查数据，来源标注 required"},"geometry":{"type":"MultiPolygon","coordinates":[[[[119.9305,35.6346],[119.9199,35.6272],[119.9294,35.6365],[119.9305,35.6346]]],[[[120.1661,35.7425],[120.1532,35.7611],[120.1761,35.7878],[120.1866,35.7565],[120.1661,35.7425]]],[[[120.3141,35.9425],[120.3075,35.9424],[120.3085,35.9471],[120.3141,35.9425]]],[[[120.4952,35.9619],[120.4904,35.9596],[120.4899,35.9617],[120.4952,35.9619]]],[[[120.5828,36.0983],[120.5891,36.0904],[120.5755,36.0922],[120.5828,36.0983]]],[[[120.7725,36.2274],[120.7644,36.2294],[120.768,36.2379],[120.7725,36.2274]]],[[[120.9292,36.4156],[120.9215,36.4168],[120.9302,36.4189],[120.9292,36.4156]]],[[[120.9779,36.4213],[120.9676,36.4165],[120.9449,36.4177],[120.9519,36.4244],[120.9779,36.4213]]],[[[121.1865,36.6558],[121.1783,36.6552],[121.1831,36.6632],[121.1865,36.6558]]],[[[121.1941,36.6623],[121.1872,36.6618],[121.189,36.6715],[121.1941,36.6623]]],[[[121.6257,36.724],[121.6141,36.715],[121.6227,36.7308],[121.6257,36.724]]],[[[122.2628,36.7532],[122.2562,36.7482],[122.2497,36.7559],[122.2628,36.7532]]],[[[119.8192,37.3131],[119.8126,37.3134],[119.8175,37.3159],[119.8192,37.3131]]],[[[121.6496,37.4834],[121.6047,37.4523],[121.5739,37.4459],[121.6306,37.4846],[121.6496,37.4834]]],[[[122.1698,37.5008],[122.1941,37.5099],[122.2107,37.4962],[122.1698,37.5008]]],[[[121.5217,37.5617],[121.5062,37.5528],[121.502,37.5556],[121.506,37.5637],[121.5217,37.5617]]],[[[119.2258,37.7832],[119.2155,37.7833],[119.2259,37.7845],[119.2258,37.7832]]],[[[120.4502,37.7866],[120.4474,37.771],[120.433,37.783],[120.4502,37.7866]]],[[[119.2528,37.8131],[119.2468,37.8175],[119.2539,37.8157],[119.2528,37.8131]]],[[[120.6868,37.946],[120.6829,37.9316],[120.6691,37.9297],[120.668,37.9466],[120.6868,37.946]]],[[[120.6537,37.9745],[120.6391,37.9656],[120.648,37.9793],[120.6537,37.9745]]],[[[120.5951,37.9679],[120.6263,37.9763],[120.62,37.9458],[120.5951,37.9679]]],[[[120.7195,37.9865],[120.7598,37.9217],[120.7592,37.8948],[120.7171,37.9127],[120.7234,37.9616],[120.6809,37.9897],[120.7195,37.9865]]],[[[120.9441,38.0292],[120.9285,38.0268],[120.9278,38.0358],[120.9441,38.0292]]],[[[120.6425,38.1377],[120.6335,38.1365],[120.6395,38.144],[120.6425,38.1377]]],[[[120.7523,38.1698],[120.779,38.1585],[120.7365,38.1598],[120.7409,38.1995],[120.7523,38.1698]]],[[[117.8464,38.2624],[117.9462,38.2283],[117.9654,38.1938],[118.0045,38.1995],[118.0753,38.1617],[118.1094,38.1891],[118.1649,38.177],[118.1585,38.1358],[118.2218,38.1349],[118.2972,38.1111],[118.3135,38.1205],[118.3239,38.115],[118.3132,38.1062],[118.3378,38.107],[118.3421,38.0803],[118.3435,38.1058],[118.4159,38.106],[118.4001,38.0815],[118.4068,38.0734],[118.4218,38.1018],[118.4878,38.0962],[118.5051,38.086],[118.505,38.033],[118.5073,38.0724],[118.5382,38.0568],[118.5069,38.0191],[118.5541,38.0567],[118.5915,38.0427],[118.5701,38.0586],[118.5824,38.0584],[118.6049,38.0374],[118.6148,38.0457],[118.5772,38.0658],[118.6473,38.0861],[118.633,38.1112],[118.6508,38.1155],[118.6954,38.106],[118.7143,38.0775],[118.7882,38.0721],[118.8076,38.0904],[118.8022,38.1465],[118.8468,38.1442],[118.8461,38.1211],[118.8868,38.1332],[118.9485,38.0986],[118.9544,38.0895],[118.9292,38.0796],[118.9617,38.078],[118.9814,38.0284],[118.9686,38.0074],[119.0024,37.9505],[119.0306,37.9499],[119.0887,37.9124],[119.0965,37.8522],[119.0718,37.8366],[119.0695,37.8165],[119.0985,37.8054],[119.0769,37.7777],[119.1536,37.7875],[119.1647,37.7673],[119.1956,37.7991],[119.2069,37.7984],[119.215,37.7819],[119.2251,37.7779],[119.2769,37.805],[119.3018,37.7784],[119.2456,37.7541],[119.1926,37.7624],[119.1785,37.7487],[119.2725,37.68],[119.1929,37.726],[119.2422,37.6837],[119.2603,37.6554],[119.1791,37.7182],[119.1164,37.7215],[119.1014,37.7084],[119.0571,37.7278],[119.022,37.723],[119.0362,37.6973],[119.0285,37.6708],[118.9662,37.6213],[118.9219,37.5366],[118.8875,37.5271],[118.9268,37.4823],[118.9116,37.4235],[118.9181,37.3807],[119.0051,37.373],[118.9333,37.3544],[118.8803,37.3719],[118.8925,37.3468],[118.8695,37.3292],[118.896,37.3411],[118.9001,37.3567],[118.9424,37.3436],[118.9551,37.3109],[118.9878,37.3157],[118.9873,37.2833],[118.9634,37.2777],[119.0294,37.2678],[119.1001,37.2081],[119.1183,37.2183],[119.1277,37.207],[119.135,37.2337],[119.1698,37.2293],[119.1922,37.2502],[119.1811,37.1904],[119.2042,37.1919],[119.2064,37.222],[119.2421,37.2028],[119.2818,37.2039],[119.2893,37.1493],[119.2503,37.0894],[119.3034,37.1025],[119.3298,37.0674],[119.3375,37.0937],[119.3805,37.1194],[119.4659,37.1148],[119.4719,37.0871],[119.4998,37.1235],[119.5504,37.1244],[119.5442,37.0554],[119.561,37.05],[119.5566,37.0956],[119.6053,37.13],[119.5943,37.148],[119.6763,37.1545],[119.6742,37.1157],[119.7043,37.1182],[119.6977,37.1563],[119.718,37.1578],[119.7262,37.1197],[119.7498,37.1222],[119.7769,37.1684],[119.8388,37.2021],[119.8276,37.2144],[119.8737,37.2278],[119.8884,37.2565],[119.8769,37.2622],[119.8984,37.2646],[119.8845,37.2891],[119.9055,37.2997],[119.8712,37.3139],[119.8756,37.3336],[119.859,37.3226],[119.834,37.3444],[119.8378,37.3709],[119.9305,37.3853],[119.9471,37.4184],[120.0821,37.4432],[120.1607,37.4818],[120.2457,37.5536],[120.2084,37.5922],[120.2479,37.6213],[120.3099,37.6211],[120.3239,37.644],[120.309,37.6645],[120.3031,37.6458],[120.2814,37.6514],[120.3027,37.6722],[120.2431,37.667],[120.2216,37.6868],[120.3626,37.6939],[120.4475,37.7475],[120.5759,37.7566],[120.7463,37.828],[120.8195,37.8121],[120.8747,37.8293],[120.9304,37.8165],[120.9432,37.8064],[120.9315,37.7786],[120.9995,37.7493],[121.0156,37.7165],[121.1377,37.7118],[121.1485,37.6975],[121.1228,37.6673],[121.1534,37.6456],[121.132,37.6127],[121.1747,37.5837],[121.3026,37.576],[121.3646,37.6041],[121.3433,37.631],[121.3867,37.619],[121.4325,37.5951],[121.3724,37.5933],[121.392,37.5772],[121.3731,37.555],[121.4319,37.5332],[121.4718,37.4666],[121.5557,37.4411],[121.5956,37.4453],[121.6016,37.4335],[121.6374,37.4566],[121.6505,37.4452],[121.648,37.4663],[121.7462,37.4533],[121.7666,37.4239],[121.7566,37.4539],[121.9554,37.4775],[121.9579,37.4457],[121.9735,37.4431],[121.9644,37.4813],[121.9948,37.4908],[122.0199,37.5202],[122.012,37.5281],[122.0715,37.5357],[122.0677,37.5627],[122.1049,37.5423],[122.1222,37.5518],[122.1176,37.5644],[122.1579,37.5364],[122.1583,37.521],[122.1205,37.5074],[122.17,37.4285],[122.1869,37.4301],[122.1911,37.454],[122.2451,37.4609],[122.2778,37.4478],[122.2693,37.4291],[122.3274,37.4094],[122.429,37.4102],[122.4806,37.4277],[122.4869,37.41],[122.473,37.3978],[122.4948,37.3794],[122.4901,37.4051],[122.5643,37.3988],[122.6291,37.4247],[122.6654,37.4097],[122.6753,37.4221],[122.7056,37.3958],[122.6819,37.3752],[122.6539,37.3944],[122.6054,37.3757],[122.5815,37.3488],[122.5844,37.3159],[122.5544,37.316],[122.569,37.3036],[122.5573,37.2905],[122.5698,37.2838],[122.5484,37.2832],[122.5639,37.2745],[122.5577,37.2553],[122.5779,37.2575],[122.5898,37.2224],[122.622,37.2002],[122.56,37.183],[122.5768,37.1481],[122.4917,37.156],[122.4663,37.1142],[122.4471,37.1144],[122.4637,37.0616],[122.4247,37.0408],[122.4369,37.0217],[122.5727,37.0421],[122.5348,37.0222],[122.5396,36.9784],[122.5196,36.944],[122.5309,36.9206],[122.5115,36.9009],[122.4888,36.8949],[122.5027,36.9346],[122.4282,36.9252],[122.4105,36.9065],[122.4258,36.8857],[122.4387,36.8954],[122.4412,36.8768],[122.3768,36.8671],[122.3764,36.8507],[122.344,36.8308],[122.2177,36.853],[122.1807,36.8461],[122.1935,36.9072],[122.243,36.9051],[122.2533,36.9071],[122.1994,36.9115],[122.1802,36.9385],[122.1424,36.9382],[122.1762,37.0036],[122.2272,37.0355],[122.2044,37.0262],[122.201,37.0424],[122.192,37.0498],[122.1994,37.029],[122.1523,37.0014],[122.1415,36.949],[122.0999,36.9533],[122.0899,36.9238],[122.0382,36.9023],[121.9993,36.9914],[121.9997,36.9651],[121.9508,36.9799],[121.9655,36.9472],[121.7643,36.8838],[121.7505,36.844],[121.7219,36.8269],[121.6293,36.8057],[121.6261,36.8186],[121.6517,36.831],[121.6231,36.8239],[121.623,36.7675],[121.643,36.7373],[121.5999,36.7437],[121.5988,36.7667],[121.5626,36.7673],[121.5497,36.7639],[121.5686,36.7372],[121.5428,36.7353],[121.5475,36.7517],[121.4792,36.7788],[121.5523,36.8041],[121.5865,36.8484],[121.6024,36.8443],[121.6144,36.8489],[121.5961,36.8523],[121.527,36.8243],[121.4875,36.7945],[121.4865,36.8196],[121.4692,36.8229],[121.4721,36.7721],[121.4523,36.7571],[121.4052,36.7611],[121.3785,36.7415],[121.3756,36.7209],[121.3991,36.7134],[121.3912,36.7052],[121.3483,36.7204],[121.295,36.7131],[121.2446,36.6929],[121.2354,36.6698],[121.2354,36.6932],[121.208,36.6924],[121.0834,36.6214],[121.0513,36.6163],[121.0486,36.6362],[121.0409,36.5941],[121.0133,36.5793],[120.9519,36.5774],[120.9292,36.5913],[120.9456,36.6299],[120.9225,36.6159],[120.8997,36.6276],[120.8952,36.6597],[120.8895,36.6233],[120.868,36.6548],[120.8555,36.6512],[120.8699,36.6289],[120.8178,36.6072],[120.7824,36.6288],[120.8061,36.5936],[120.7666,36.5864],[120.8015,36.5854],[120.8501,36.6109],[120.878,36.6003],[120.9002,36.5618],[120.9166,36.5707],[120.9745,36.5444],[120.9422,36.4945],[120.9577,36.4693],[120.9381,36.4511],[120.9039,36.4557],[120.9117,36.4165],[120.8871,36.3993],[120.8855,36.376],[120.8503,36.3851],[120.8605,36.4162],[120.8366,36.4374],[120.8384,36.4636],[120.7552,36.4634],[120.743,36.4554],[120.7531,36.4379],[120.7273,36.4379],[120.6879,36.3827],[120.7291,36.3293],[120.6635,36.3402],[120.646,36.3277],[120.6614,36.3056],[120.6453,36.2809],[120.6789,36.2772],[120.6676,36.238],[120.6869,36.2048],[120.6871,36.1548],[120.7119,36.1341],[120.6107,36.1262],[120.5844,36.1013],[120.5794,36.1173],[120.5443,36.1164],[120.544,36.0949],[120.4722,36.0949],[120.3957,36.0523],[120.2887,36.0524],[120.3264,36.0912],[120.3074,36.0987],[120.3454,36.1565],[120.3697,36.1516],[120.3519,36.1676],[120.3661,36.1746],[120.3633,36.1939],[120.3121,36.2596],[120.2768,36.218],[120.3064,36.1896],[120.2627,36.1814],[120.2634,36.1976],[120.2441,36.2026],[120.2266,36.1906],[120.2166,36.22],[120.1401,36.1814],[120.1148,36.1945],[120.1306,36.1489],[120.0984,36.13],[120.1059,36.1003],[120.1761,36.0639],[120.2351,36.0607],[120.227,36.0295],[120.1881,35.9989],[120.2491,36.0233],[120.2591,36.0129],[120.2401,35.9747],[120.2558,35.9979],[120.2775,35.9896],[120.2848,36.0153],[120.3043,36.0123],[120.2927,35.973],[120.25,35.9646],[120.1751,35.8921],[120.1686,35.903],[120.2085,35.9469],[120.1721,35.9363],[120.1501,35.9094],[120.137,35.9216],[120.1311,35.9078],[120.1092,35.9114],[120.0929,35.8964],[120.1154,35.9001],[120.1088,35.8883],[120.0666,35.8867],[120.0263,35.8181],[120.039,35.781],[120.0126,35.7225],[119.9631,35.7405],[119.9542,35.7633],[119.9163,35.7608],[119.9106,35.7372],[119.9464,35.7162],[119.9068,35.6839],[119.9039,35.6602],[119.9212,35.6479],[119.8729,35.6135],[119.854,35.6319],[119.8301,35.6224],[119.8308,35.6436],[119.8154,35.6507],[119.7815,35.6182],[119.7995,35.6078],[119.7844,35.5788],[119.7496,35.5882],[119.7366,35.6416],[119.7361,35.6249],[119.6697,35.5896],[119.6403,35.6124],[119.6579,35.5725],[119.6287,35.5675],[119.6443,35.5601],[119.5533,35.4047],[119.5641,35.3762],[119.5505,35.3544],[119.552,35.3765],[119.5362,35.3778],[119.5301,35.3062],[119.516,35.3063],[119.5157,35.3377],[119.4718,35.3312],[119.4735,35.3145],[119.4611,35.3206],[119.4463,35.2984],[119.4377,35.3073],[119.4414,35.2902],[119.4082,35.2697],[119.3833,35.1777],[119.4072,35.1612],[119.3794,35.1593],[119.376,35.1344],[119.4032,35.1299],[119.402,35.1266],[119.4127,35.1241],[119.4199,35.12],[119.4227,35.1138],[119.3908,35.1285],[119.3992,35.1119],[119.3729,35.1077],[119.3909,35.094],[119.3018,35.0798],[119.2818,35.1153],[119.2383,35.1272],[119.2184,35.1084],[119.127,35.0971],[119.1105,35.0513],[118.9208,35.0525],[118.8632,35.0331],[118.8569,34.9283],[118.8184,34.91],[118.7941,34.8755],[118.7991,34.8482],[118.7591,34.8499],[118.7829,34.8294],[118.769,34.7978],[118.7255,34.7915],[118.7344,34.7681],[118.7104,34.7661],[118.7047,34.7514],[118.7309,34.7349],[118.7563,34.7457],[118.7713,34.7209],[118.6744,34.6795],[118.6676,34.6975],[118.6303,34.6842],[118.5995,34.6904],[118.5901,34.7196],[118.5411,34.7192],[118.5213,34.7135],[118.5254,34.6862],[118.5023,34.6899],[118.4919,34.6653],[118.4625,34.675],[118.4705,34.6223],[118.4316,34.6283],[118.4176,34.6092],[118.4311,34.5074],[118.4037,34.4347],[118.3701,34.4154],[118.2946,34.4261],[118.263,34.4062],[118.2147,34.4073],[118.2115,34.3784],[118.1649,34.3825],[118.1758,34.4513],[118.1216,34.4862],[118.1334,34.5026],[118.1582,34.5024],[118.1839,34.5448],[118.0723,34.5712],[118.1093,34.6149],[118.0898,34.6359],[118.0958,34.6564],[118.0064,34.6496],[117.9561,34.6804],[117.9263,34.6578],[117.9045,34.6724],[117.8978,34.6456],[117.7881,34.655],[117.7914,34.5227],[117.6787,34.548],[117.6551,34.5034],[117.6072,34.4931],[117.5833,34.4633],[117.5453,34.4774],[117.4822,34.4708],[117.4362,34.5291],[117.4196,34.5183],[117.422,34.5372],[117.4033,34.5406],[117.3969,34.5702],[117.3693,34.5848],[117.3118,34.5742],[117.325,34.5607],[117.3052,34.5557],[117.2994,34.5744],[117.2668,34.5574],[117.2968,34.5455],[117.2625,34.5343],[117.2616,34.4769],[117.2315,34.4458],[117.2224,34.4714],[117.1733,34.4832],[117.1685,34.5081],[117.149,34.5057],[117.1538,34.5632],[117.1227,34.6447],[117.0545,34.6483],[117.0743,34.7033],[117.0415,34.767],[116.9892,34.8015],[116.9636,34.8701],[116.9198,34.8725],[116.9209,34.9014],[116.9027,34.9112],[116.8933,34.9007],[116.8099,34.9278],[116.8002,34.9682],[116.8062,34.9289],[116.7935,34.9293],[116.7961,34.9706],[116.7809,34.9758],[116.7731,34.9628],[116.7925,34.9452],[116.7929,34.9348],[116.781,34.9401],[116.7759,34.9175],[116.7498,34.9085],[116.6997,34.9371],[116.6507,34.93],[116.6266,34.9417],[116.5538,34.9096],[116.4386,34.8969],[116.4036,34.8531],[116.3903,34.7518],[116.3574,34.7473],[116.3552,34.7201],[116.3891,34.7026],[116.3623,34.6523],[116.3697,34.637],[116.3305,34.6227],[116.3136,34.5985],[116.2737,34.6061],[116.2772,34.5824],[116.2435,34.5534],[116.1971,34.5795],[116.1433,34.557],[116.1004,34.598],[116.0392,34.5963],[115.9941,34.6163],[115.9713,34.5826],[115.8232,34.5593],[115.7005,34.6009],[115.6785,34.5567],[115.617,34.576],[115.5449,34.5735],[115.5057,34.5883],[115.4736,34.6338],[115.4539,34.6348],[115.4535,34.6622],[115.4394,34.6629],[115.4465,34.6935],[115.4216,34.7316],[115.4465,34.7449],[115.4258,34.8048],[115.3113,34.8629],[115.2915,34.8622],[115.2795,34.8398],[115.2683,34.858],[115.2545,34.8385],[115.2405,34.8438],[115.2292,34.8928],[115.2495,34.9102],[115.1833,34.9156],[115.2193,34.9542],[115.1509,34.9607],[115.1199,35.0074],[115.0562,34.9953],[115.0275,34.969],[114.9556,34.9962],[114.9126,34.97],[114.8764,34.9982],[114.8717,35.0261],[114.852,35.0017],[114.8101,35.0113],[114.8497,35.0364],[114.8166,35.0484],[114.814,35.075],[114.8685,35.0868],[114.8794,35.1037],[114.8428,35.1698],[114.8703,35.1896],[114.9256,35.1961],[114.9249,35.2487],[115.0077,35.3294],[115.019,35.3219],[115.0172,35.371],[115.0686,35.3759],[115.0855,35.416],[115.1122,35.4024],[115.1329,35.4256],[115.236,35.4247],[115.2723,35.4615],[115.3499,35.4937],[115.3389,35.5527],[115.402,35.5946],[115.408,35.6252],[115.4414,35.6509],[115.4202,35.6552],[115.4602,35.6631],[115.5054,35.7249],[115.6878,35.7542],[115.7006,35.8061],[115.7675,35.8542],[115.8109,35.8447],[115.8651,35.8733],[115.8696,35.8595],[115.8836,35.8978],[115.8648,35.9152],[115.9031,35.9299],[115.9064,35.9605],[116.0426,35.9705],[116.0951,36.1143],[116.0505,36.1055],[115.9847,36.0469],[115.914,36.0206],[115.8863,36.0268],[115.854,36.0028],[115.7944,36.0083],[115.7668,35.9734],[115.6934,35.9666],[115.6383,35.9214],[115.589,35.9244],[115.4966,35.8887],[115.4424,35.8615],[115.3536,35.78],[115.3284,35.7941],[115.3436,35.861],[115.3328,35.8688],[115.3509,35.87],[115.3601,35.8999],[115.3521,35.9752],[115.3801,35.9729],[115.4094,36.005],[115.4414,36.009],[115.4417,36.0602],[115.4813,36.1496],[115.4618,36.2677],[115.4136,36.2883],[115.4132,36.326],[115.3512,36.3085],[115.362,36.3474],[115.3382,36.352],[115.3387,36.3965],[115.2906,36.4123],[115.3118,36.4498],[115.2767,36.479],[115.3253,36.5494],[115.3481,36.6283],[115.3598,36.6218],[115.3804,36.6561],[115.4393,36.693],[115.473,36.7593],[115.5734,36.7748],[115.6776,36.812],[115.7051,36.8817],[115.7593,36.9087],[115.7557,36.937],[115.791,36.9687],[115.7707,36.9918],[115.8595,37.0705],[115.88,37.1234],[115.8741,37.1505],[115.9064,37.1761],[115.9033,37.2027],[115.9656,37.2423],[115.9706,37.3369],[116.1606,37.3841],[116.2308,37.361],[116.2799,37.4031],[116.2568,37.4199],[116.2628,37.4294],[116.2219,37.4257],[116.2379,37.4552],[116.2187,37.479],[116.2359,37.491],[116.273,37.4646],[116.2657,37.4786],[116.2873,37.4965],[116.2707,37.5216],[116.2856,37.5223],[116.2936,37.5687],[116.329,37.5737],[116.3139,37.5794],[116.373,37.5625],[116.3644,37.5253],[116.432,37.4754],[116.4499,37.5126],[116.5969,37.623],[116.6365,37.6675],[116.6322,37.6793],[116.6524,37.68],[116.6742,37.7271],[116.7189,37.7437],[116.7175,37.766],[116.7414,37.7588],[116.7889,37.8462],[117.0192,37.8317],[117.087,37.8486],[117.2611,37.8381],[117.3358,37.8623],[117.3977,37.8428],[117.4284,37.8509],[117.5062,37.9423],[117.558,38.0626],[117.7027,38.0771],[117.7368,38.1228],[117.7662,38.1352],[117.7602,38.1634],[117.7828,38.1801],[117.8001,38.2268],[117.8464,38.2624]]],[[[120.8398,38.3032],[120.8019,38.2858],[120.7948,38.2892],[120.8089,38.313],[120.8362,38.3156],[120.8398,38.3032]]],[[[120.8383,38.3547],[120.8508,38.3433],[120.8361,38.3361],[120.8383,38.3547]]],[[[120.8916,38.3648],[120.9012,38.36],[120.9149,38.3631],[120.9132,38.3453],[120.8916,38.3648]]],[[[120.9107,38.3994],[120.9265,38.3836],[120.895,38.3843],[120.9107,38.3994]]]]}},{"type":"Feature","properties":{"name":"河南省","adcode":"410000","region_code":"410000","population":99365519,"elderly_65plus":13401904,"aging_rate":0.1349,"youth_rate":0.2314,"source_year":"2020","source_name":"第七次全国人口普查（省市分年龄性别）","license":"普查数据，来源标注 required"},"geometry":{"type":"MultiPolygon","coordinates":[[[[111.0272,33.1905],[111.0149,33.1741],[111.01,33.1749],[111.0272,33.1905]]],[[[113.7495,36.3655],[113.8148,36.3309],[113.8537,36.33],[113.8456,36.3498],[113.8761,36.3541],[113.9042,36.3144],[113.9517,36.3363],[113.9429,36.3585],[113.9872,36.3147],[113.9965,36.3345],[113.9721,36.3588],[114.0039,36.3425],[114.0241,36.3535],[114.0203,36.3245],[114.0532,36.326],[114.0315,36.3039],[114.0561,36.2736],[114.125,36.2816],[114.1681,36.266],[114.1723,36.2423],[114.197,36.2456],[114.205,36.2729],[114.2364,36.2513],[114.3391,36.2557],[114.357,36.2271],[114.4021,36.2284],[114.4051,36.2045],[114.4519,36.207],[114.4736,36.1783],[114.5624,36.1525],[114.5859,36.1308],[114.5765,36.1171],[114.6495,36.1404],[114.715,36.1407],[114.7286,36.1558],[114.7659,36.1245],[114.9069,36.1406],[114.9012,36.1173],[114.9234,36.0965],[114.9121,36.0488],[115.0027,36.0712],[115.0427,36.1132],[115.0389,36.1563],[115.0534,36.1792],[115.0987,36.1734],[115.0955,36.1941],[115.1192,36.2104],[115.165,36.1898],[115.1959,36.2127],[115.2449,36.1894],[115.2679,36.1393],[115.2978,36.1302],[115.2911,36.1008],[115.3153,36.0855],[115.3599,36.0981],[115.3983,36.1585],[115.4051,36.137],[115.4429,36.1465],[115.4494,36.1759],[115.4825,36.13],[115.4435,36.0661],[115.4414,36.009],[115.3493,35.9678],[115.3601,35.8999],[115.3509,35.87],[115.3334,35.8707],[115.3434,35.8584],[115.3261,35.7963],[115.3536,35.78],[115.4424,35.8615],[115.4966,35.8887],[115.589,35.9244],[115.6383,35.9214],[115.6934,35.9666],[115.7668,35.9734],[115.7944,36.0083],[115.854,36.0028],[115.8863,36.0268],[115.914,36.0206],[115.9847,36.0469],[116.0505,36.1055],[116.0972,36.1132],[116.0392,35.9674],[115.9064,35.9605],[115.9031,35.9299],[115.8648,35.9152],[115.8836,35.8978],[115.8696,35.8595],[115.8651,35.8733],[115.8109,35.8447],[115.7675,35.8542],[115.7006,35.8061],[115.6878,35.7542],[115.5054,35.7249],[115.4602,35.6631],[115.4202,35.6552],[115.4414,35.6509],[115.408,35.6252],[115.402,35.5946],[115.3389,35.5527],[115.3499,35.4937],[115.2723,35.4615],[115.236,35.4247],[115.1329,35.4256],[115.1122,35.4024],[115.0855,35.416],[115.0686,35.3759],[115.0172,35.371],[115.019,35.3219],[115.0077,35.3294],[114.9249,35.2487],[114.9256,35.1961],[114.8703,35.1896],[114.8428,35.1698],[114.8771,35.1173],[114.873,35.0903],[114.8119,35.0712],[114.8166,35.0484],[114.8497,35.0364],[114.8101,35.0113],[114.852,35.0017],[114.8717,35.0261],[114.8764,34.9982],[114.9126,34.97],[114.9556,34.9962],[115.0275,34.969],[115.0562,34.9953],[115.1199,35.0074],[115.1509,34.9607],[115.2193,34.9542],[115.1833,34.9156],[115.2495,34.9102],[115.2292,34.8928],[115.2405,34.8438],[115.2545,34.8385],[115.2683,34.858],[115.2795,34.8398],[115.2915,34.8622],[115.3113,34.8629],[115.4258,34.8048],[115.4465,34.7449],[115.4216,34.7316],[115.4465,34.6935],[115.4394,34.6629],[115.4545,34.6606],[115.4539,34.6348],[115.4736,34.6338],[115.529,34.5766],[115.617,34.576],[115.6785,34.5567],[115.7005,34.6009],[115.8232,34.5593],[115.9713,34.5826],[115.9941,34.6163],[116.0392,34.5963],[116.1004,34.598],[116.1433,34.557],[116.1936,34.5716],[116.187,34.5301],[116.2034,34.5133],[116.153,34.451],[116.2132,34.4071],[116.2015,34.3834],[116.2506,34.3793],[116.2901,34.3602],[116.3016,34.3366],[116.3451,34.3283],[116.3697,34.2991],[116.3569,34.2807],[116.3665,34.2688],[116.4277,34.2714],[116.4429,34.2897],[116.4467,34.2721],[116.4717,34.2719],[116.508,34.2966],[116.5797,34.2767],[116.5388,34.2417],[116.5413,34.1963],[116.5606,34.1747],[116.527,34.1225],[116.5913,34.0403],[116.6013,34.0021],[116.6448,33.9749],[116.6376,33.8851],[116.5685,33.9137],[116.5531,33.882],[116.4343,33.8483],[116.4272,33.7964],[116.401,33.8072],[116.3888,33.7853],[116.3326,33.7839],[116.2983,33.7533],[116.2731,33.7542],[116.2556,33.7267],[116.2319,33.7455],[116.2171,33.7228],[116.1977,33.7288],[116.1849,33.711],[116.1538,33.7087],[116.0942,33.7838],[116.0678,33.7818],[116.0531,33.8221],[116.0387,33.8223],[116.0574,33.8256],[116.0601,33.8459],[116.0409,33.8749],[115.98,33.9028],[115.9769,33.931],[115.9992,33.9607],[115.9801,33.9924],[115.9228,34.0123],[115.9009,34.0026],[115.8919,34.0296],[115.8745,34.0305],[115.8716,34.0046],[115.8502,34.0042],[115.8452,34.0308],[115.8088,34.0662],[115.753,34.0617],[115.7286,34.081],[115.7078,34.0639],[115.6462,34.0634],[115.6455,34.0353],[115.5989,34.0352],[115.5982,34.012],[115.5836,34.0138],[115.5877,33.9822],[115.5722,33.975],[115.5401,33.8839],[115.6293,33.8684],[115.6295,33.841],[115.6066,33.8221],[115.6083,33.7775],[115.5754,33.7913],[115.5571,33.7712],[115.5919,33.7342],[115.5949,33.662],[115.6352,33.5835],[115.5044,33.5586],[115.4465,33.5705],[115.4048,33.5515],[115.3933,33.5059],[115.3607,33.525],[115.34,33.5052],[115.3457,33.4552],[115.3134,33.4458],[115.3248,33.4006],[115.3083,33.3754],[115.3376,33.3734],[115.3618,33.3334],[115.3557,33.3],[115.3293,33.2996],[115.3382,33.2641],[115.3086,33.2211],[115.3235,33.2171],[115.2886,33.2026],[115.296,33.1435],[115.1862,33.1199],[115.1501,33.0813],[115.1135,33.0771],[114.9899,33.0997],[114.9633,33.1353],[114.976,33.1494],[114.9275,33.1566],[114.8939,33.1285],[114.8925,33.0865],[114.9114,33.0826],[114.9273,33.0273],[114.8877,33.0224],[114.897,33.0014],[114.8792,32.9935],[114.8812,32.9762],[114.9138,32.9702],[114.9415,32.9347],[115.0337,32.9398],[115.016,32.9094],[115.1274,32.9006],[115.159,32.8616],[115.1945,32.8571],[115.1848,32.8088],[115.2073,32.7882],[115.176,32.7884],[115.1697,32.669],[115.2005,32.6694],[115.194,32.5946],[115.2508,32.5974],[115.2604,32.5802],[115.2955,32.5902],[115.3033,32.5541],[115.4047,32.5784],[115.4062,32.5601],[115.4368,32.549],[115.4324,32.5345],[115.4812,32.5135],[115.5188,32.443],[115.5653,32.4223],[115.5468,32.4138],[115.5583,32.4056],[115.5993,32.4282],[115.6199,32.4071],[115.6461,32.4267],[115.6604,32.4109],[115.6761,32.4444],[115.6691,32.4671],[115.6954,32.4715],[115.6943,32.4966],[115.7388,32.4781],[115.7651,32.5078],[115.7784,32.468],[115.8186,32.5044],[115.8359,32.5027],[115.8356,32.5289],[115.8872,32.579],[115.9245,32.5697],[115.8725,32.5456],[115.8393,32.5061],[115.8777,32.4935],[115.8584,32.4624],[115.8797,32.4549],[115.9182,32.269],[115.9074,32.2313],[115.9339,32.1642],[115.9214,32.1076],[115.9386,32.0772],[115.9145,32.0309],[115.9294,32],[115.9037,31.9524],[115.9174,31.9205],[115.8906,31.8786],[115.9054,31.7952],[115.8749,31.7773],[115.8446,31.7883],[115.8096,31.7652],[115.7631,31.7901],[115.7355,31.7849],[115.7289,31.763],[115.674,31.7813],[115.5763,31.7135],[115.5185,31.7017],[115.4717,31.6473],[115.4817,31.6118],[115.4322,31.5889],[115.4135,31.5273],[115.3665,31.4962],[115.3836,31.452],[115.3781,31.4159],[115.3072,31.3848],[115.2759,31.4021],[115.2551,31.3883],[115.2471,31.4236],[115.2064,31.439],[115.2072,31.4943],[115.2315,31.5571],[115.1859,31.5654],[115.167,31.6047],[115.1201,31.5997],[115.1238,31.5837],[115.0976,31.5613],[115.1101,31.5319],[115.0909,31.5102],[115.0195,31.5298],[114.9911,31.4713],[114.9695,31.502],[114.9341,31.4694],[114.9183,31.4837],[114.8809,31.4704],[114.8563,31.4813],[114.8256,31.4594],[114.7761,31.4866],[114.7686,31.5145],[114.7815,31.5218],[114.7783,31.5278],[114.6921,31.5262],[114.6939,31.5472],[114.6652,31.5484],[114.6399,31.5835],[114.6117,31.5877],[114.568,31.5572],[114.5544,31.5647],[114.5444,31.6454],[114.5859,31.6974],[114.5742,31.7106],[114.5795,31.7665],[114.5448,31.7691],[114.5324,31.742],[114.5089,31.7697],[114.5012,31.742],[114.4473,31.7413],[114.4442,31.7296],[114.4009,31.7502],[114.2916,31.7507],[114.2308,31.8429],[114.2147,31.8342],[114.1672,31.8563],[114.1554,31.8425],[114.127,31.8452],[114.1142,31.8082],[114.0908,31.8021],[114.0828,31.7811],[113.9757,31.7549],[113.9472,31.7941],[113.9522,31.8597],[113.9247,31.8836],[113.8709,31.8429],[113.8341,31.8548],[113.8328,31.9109],[113.8003,31.933],[113.8084,31.9675],[113.7503,31.9959],[113.7864,32.0387],[113.7188,32.0887],[113.7153,32.1241],[113.7366,32.1132],[113.7533,32.127],[113.7549,32.1596],[113.7773,32.1884],[113.7714,32.2106],[113.7461,32.2157],[113.7324,32.2551],[113.7462,32.2676],[113.7422,32.2951],[113.7674,32.3051],[113.7475,32.3316],[113.7657,32.3648],[113.7415,32.3662],[113.7448,32.3897],[113.7176,32.419],[113.6452,32.4149],[113.6169,32.362],[113.5874,32.3673],[113.5999,32.3531],[113.5471,32.3325],[113.568,32.3038],[113.544,32.3075],[113.5434,32.3306],[113.5269,32.3322],[113.4215,32.2712],[113.375,32.2995],[113.342,32.301],[113.3118,32.324],[113.3269,32.344],[113.293,32.3557],[113.203,32.4348],[113.1525,32.4143],[113.1451,32.3794],[113.1131,32.3773],[113.1033,32.4],[113.0727,32.3957],[113.025,32.4278],[112.9887,32.4119],[112.9838,32.3703],[112.9587,32.3761],[112.9589,32.3951],[112.9463,32.3826],[112.9016,32.3993],[112.8742,32.3782],[112.8668,32.3994],[112.7565,32.3457],[112.7291,32.3528],[112.7255,32.3686],[112.7056,32.3539],[112.6515,32.3772],[112.5721,32.3841],[112.5426,32.4134],[112.5112,32.3855],[112.4714,32.383],[112.4395,32.3575],[112.4448,32.3451],[112.3617,32.3708],[112.3181,32.3286],[112.2215,32.3898],[112.1669,32.3871],[112.1586,32.4133],[112.1375,32.409],[112.1556,32.4022],[112.1434,32.389],[112.1533,32.3789],[112.1272,32.4044],[112.1168,32.3968],[112.0603,32.4424],[112.0584,32.4759],[112.0055,32.4525],[111.9689,32.4738],[111.9459,32.5186],[111.8642,32.5093],[111.8572,32.5321],[111.7826,32.5471],[111.7097,32.6086],[111.6519,32.618],[111.6402,32.6025],[111.6402,32.6281],[111.622,32.6307],[111.5905,32.5993],[111.5559,32.5967],[111.5226,32.6198],[111.5311,32.6304],[111.5138,32.6689],[111.47,32.6983],[111.4653,32.7196],[111.4194,32.7343],[111.4534,32.7291],[111.4683,32.7608],[111.4585,32.7753],[111.4351,32.7519],[111.4097,32.7556],[111.3616,32.8333],[111.2843,32.8566],[111.2898,32.8931],[111.2723,32.901],[111.2389,32.8843],[111.2391,32.9339],[111.267,32.961],[111.27,32.9895],[111.2344,33.0393],[111.1457,33.0438],[111.193,33.0734],[111.1856,33.095],[111.1701,33.0946],[111.1745,33.1162],[111.1405,33.1257],[111.1249,33.1627],[111.0848,33.1734],[111.0859,33.1845],[111.0317,33.1556],[111.0558,33.1944],[110.9884,33.2385],[110.9755,33.2716],[111.0058,33.3277],[111.0294,33.3351],[111.0201,33.3545],[111.0315,33.3707],[110.9909,33.4365],[111.0078,33.4378],[111.0268,33.4853],[110.9966,33.5351],[111.0003,33.5762],[110.9682,33.6063],[110.8745,33.633],[110.8323,33.6671],[110.8117,33.7534],[110.7772,33.7966],[110.7328,33.8007],[110.7065,33.8357],[110.6621,33.854],[110.6057,33.8535],[110.5853,33.9007],[110.623,33.909],[110.6207,33.9271],[110.6719,33.9504],[110.6199,34.0345],[110.5804,34.0251],[110.576,34.0449],[110.5847,34.1016],[110.6378,34.1621],[110.5537,34.1942],[110.5435,34.2164],[110.4363,34.2417],[110.4223,34.276],[110.4671,34.3213],[110.496,34.3224],[110.5013,34.342],[110.4813,34.3569],[110.4714,34.4095],[110.4456,34.4028],[110.4056,34.4212],[110.3631,34.4978],[110.3568,34.5348],[110.399,34.5593],[110.36,34.568],[110.3717,34.6006],[110.418,34.5919],[110.4665,34.6197],[110.5307,34.584],[110.6073,34.6129],[110.6633,34.5903],[110.6879,34.6125],[110.7042,34.6065],[110.7507,34.6547],[110.7919,34.6486],[110.8251,34.6175],[110.8939,34.6619],[110.916,34.7308],[110.9443,34.7255],[110.9638,34.7012],[111.052,34.7521],[111.1174,34.7612],[111.1484,34.815],[111.2199,34.7897],[111.2503,34.8223],[111.2841,34.8073],[111.3353,34.8325],[111.3886,34.816],[111.4342,34.8394],[111.4728,34.8268],[111.5348,34.8541],[111.5649,34.8447],[111.6162,34.918],[111.6755,34.951],[111.6603,34.9877],[111.7951,35.0296],[111.8112,35.0695],[111.9393,35.0837],[112.0152,35.0684],[112.0328,35.0461],[112.0546,35.0529],[112.0604,35.151],[112.0341,35.1975],[112.0754,35.2237],[112.0514,35.2798],[112.1441,35.2693],[112.2198,35.2377],[112.2922,35.2526],[112.2813,35.2185],[112.359,35.22],[112.3989,35.2427],[112.5593,35.211],[112.6299,35.2311],[112.6096,35.2527],[112.6229,35.2731],[112.7019,35.2173],[112.7058,35.1874],[112.7213,35.2112],[112.7557,35.2051],[112.7783,35.2449],[112.7978,35.2368],[112.8179,35.257],[112.8776,35.2397],[112.9205,35.25],[112.9304,35.2847],[112.98,35.2865],[112.9905,35.3635],[113.1287,35.3341],[113.1403,35.37],[113.1708,35.3968],[113.1591,35.4154],[113.1819,35.4125],[113.1849,35.4488],[113.235,35.4544],[113.2965,35.4245],[113.2984,35.4617],[113.319,35.4556],[113.2855,35.4671],[113.3033,35.4823],[113.3422,35.4677],[113.3985,35.5148],[113.4075,35.5037],[113.4766,35.5222],[113.5006,35.5149],[113.4971,35.5731],[113.5371,35.5972],[113.5506,35.6212],[113.5451,35.6546],[113.5703,35.6327],[113.6194,35.6331],[113.619,35.6738],[113.5868,35.6935],[113.6002,35.7169],[113.5827,35.751],[113.6006,35.7703],[113.5742,35.7901],[113.6005,35.7996],[113.5775,35.8205],[113.6562,35.8356],[113.6548,35.8543],[113.6294,35.8643],[113.6505,35.9356],[113.6259,35.9864],[113.6963,35.9914],[113.699,36.021],[113.6529,36.04],[113.6817,36.061],[113.6652,36.1212],[113.7068,36.133],[113.6461,36.1714],[113.6933,36.1837],[113.6793,36.1968],[113.697,36.2002],[113.6855,36.2157],[113.7073,36.263],[113.7015,36.3005],[113.734,36.3199],[113.7197,36.3378],[113.7495,36.3655]],[[113.7511,32.2844],[113.756,32.2706],[113.7591,32.2705],[113.764,32.2858],[113.7511,32.2844]]]]}},{"type":"Feature","properties":{"name":"湖北省","adcode":"420000","region_code":"420000","population":57752557,"elderly_65plus":8424339,"aging_rate":0.1459,"youth_rate":0.1631,"source_year":"2020","source_name":"第七次全国人口普查（省市分年龄性别）","license":"普查数据，来源标注 required"},"geometry":{"type":"MultiPolygon","coordinates":[[[[113.1274,29.4322],[113.1164,29.4235],[113.1053,29.4371],[113.1153,29.438],[113.1274,29.4322]]],[[[113.7485,32.2915],[113.7636,32.28],[113.756,32.2706],[113.7485,32.2915]]],[[[109.6316,33.2717],[109.6521,33.2482],[109.6946,33.2581],[109.7071,33.2347],[109.8649,33.2502],[109.98,33.2003],[110.0073,33.2106],[110.0491,33.1936],[110.0643,33.2077],[110.1577,33.2127],[110.2259,33.1601],[110.2808,33.1723],[110.3339,33.1601],[110.3366,33.1759],[110.3653,33.1868],[110.4659,33.1744],[110.5089,33.2368],[110.5268,33.2317],[110.5275,33.257],[110.5583,33.2541],[110.5902,33.2136],[110.5889,33.1571],[110.6253,33.1439],[110.6497,33.1631],[110.7051,33.096],[110.734,33.1421],[110.8173,33.1558],[110.8093,33.1742],[110.8232,33.2039],[110.8701,33.2166],[110.914,33.204],[110.9626,33.2606],[110.9862,33.2548],[110.9884,33.2385],[111.0558,33.1944],[111.0321,33.1553],[111.0859,33.1845],[111.0848,33.1734],[111.1249,33.1627],[111.1405,33.1257],[111.1747,33.116],[111.1701,33.0946],[111.1856,33.095],[111.193,33.0734],[111.1457,33.0438],[111.2344,33.0393],[111.27,32.9895],[111.267,32.961],[111.2391,32.9339],[111.2389,32.8843],[111.2723,32.901],[111.2898,32.8931],[111.2843,32.8566],[111.3616,32.8333],[111.4097,32.7556],[111.4351,32.7519],[111.4585,32.7753],[111.4683,32.7608],[111.4534,32.7291],[111.4192,32.7346],[111.4639,32.7206],[111.47,32.6983],[111.5119,32.6712],[111.5311,32.6304],[111.5227,32.6196],[111.5726,32.5904],[111.622,32.6307],[111.6402,32.6281],[111.6402,32.6025],[111.6519,32.618],[111.7097,32.6086],[111.7826,32.5471],[111.8572,32.5321],[111.8642,32.5093],[111.9461,32.5185],[111.9689,32.4738],[112.0055,32.4525],[112.0584,32.4759],[112.0603,32.4424],[112.1168,32.3968],[112.1272,32.4044],[112.1286,32.3941],[112.1533,32.3789],[112.1434,32.389],[112.1556,32.4022],[112.1375,32.409],[112.1586,32.4133],[112.1669,32.3871],[112.2215,32.3898],[112.305,32.331],[112.3619,32.3708],[112.4448,32.3451],[112.4395,32.3575],[112.4714,32.383],[112.5112,32.3855],[112.5426,32.4134],[112.5721,32.3841],[112.6515,32.3772],[112.7056,32.3539],[112.7255,32.3686],[112.7291,32.3528],[112.7565,32.3457],[112.8668,32.3994],[112.8742,32.3782],[112.9016,32.3993],[112.9463,32.3826],[112.9589,32.3951],[112.9587,32.3761],[112.9838,32.3703],[112.9887,32.4119],[113.025,32.4278],[113.0727,32.3957],[113.1033,32.4],[113.1131,32.3773],[113.1451,32.3794],[113.1525,32.4143],[113.203,32.4348],[113.293,32.3557],[113.3269,32.344],[113.3118,32.324],[113.342,32.301],[113.375,32.2995],[113.4215,32.2712],[113.5269,32.3322],[113.5434,32.3306],[113.544,32.3075],[113.568,32.3038],[113.5471,32.3325],[113.5999,32.3531],[113.5874,32.3673],[113.6169,32.362],[113.6452,32.4149],[113.7176,32.419],[113.7448,32.3897],[113.7415,32.3662],[113.7657,32.3648],[113.7475,32.3316],[113.7674,32.3051],[113.7422,32.2951],[113.7462,32.2676],[113.7324,32.2551],[113.7461,32.2157],[113.7714,32.2106],[113.7773,32.1884],[113.7549,32.1596],[113.7533,32.127],[113.7366,32.1132],[113.7153,32.1241],[113.7188,32.0887],[113.7864,32.0387],[113.7503,31.9959],[113.8084,31.9675],[113.8003,31.933],[113.8328,31.9109],[113.8341,31.8548],[113.8709,31.8429],[113.9247,31.8836],[113.9522,31.8597],[113.9473,31.7937],[113.9804,31.752],[114.0124,31.7739],[114.0828,31.7811],[114.0908,31.8021],[114.1142,31.8082],[114.127,31.8452],[114.1554,31.8425],[114.1672,31.8563],[114.2147,31.8342],[114.2308,31.8429],[114.2916,31.7507],[114.4009,31.7502],[114.4442,31.7296],[114.4473,31.7413],[114.5012,31.742],[114.5089,31.7697],[114.5324,31.742],[114.5448,31.7691],[114.5795,31.7665],[114.5742,31.7106],[114.5859,31.6974],[114.5444,31.6454],[114.5544,31.5647],[114.568,31.5572],[114.6117,31.5877],[114.6399,31.5835],[114.6652,31.5484],[114.6939,31.5472],[114.6921,31.5262],[114.7783,31.5278],[114.7761,31.4866],[114.8256,31.4594],[114.8563,31.4813],[114.8809,31.4704],[114.9183,31.4837],[114.9341,31.4694],[114.9695,31.502],[114.9911,31.4713],[115.0195,31.5298],[115.0909,31.5102],[115.1101,31.5319],[115.0976,31.5613],[115.1238,31.5837],[115.1201,31.5997],[115.167,31.6047],[115.1859,31.5654],[115.2315,31.5571],[115.2072,31.4943],[115.2024,31.4482],[115.2152,31.4266],[115.2471,31.4236],[115.2551,31.3883],[115.2759,31.4021],[115.3008,31.3844],[115.3315,31.4041],[115.384,31.3961],[115.3663,31.3509],[115.4005,31.3391],[115.4376,31.3475],[115.4442,31.3173],[115.4603,31.3145],[115.452,31.2829],[115.4696,31.2651],[115.5151,31.266],[115.5376,31.2296],[115.531,31.1987],[115.5793,31.1447],[115.6306,31.1874],[115.6401,31.2221],[115.6562,31.2197],[115.7077,31.2018],[115.7635,31.108],[115.8743,31.15],[115.8923,31.0968],[115.9401,31.0704],[115.9374,31.0416],[115.9766,31.045],[116.0089,31.0145],[116.0523,31.0156],[116.0687,30.9578],[116.0034,30.9508],[115.9236,30.888],[115.8643,30.8714],[115.8414,30.8328],[115.8597,30.8188],[115.8506,30.7971],[115.864,30.7766],[115.8404,30.7563],[115.7815,30.7585],[115.756,30.6899],[115.809,30.6382],[115.8133,30.5989],[115.8431,30.6043],[115.8735,30.5841],[115.8816,30.5484],[115.9176,30.5198],[115.889,30.4543],[115.9406,30.4268],[115.8791,30.3837],[115.9113,30.3427],[115.8992,30.3116],[115.9686,30.3023],[115.9848,30.2896],[115.9829,30.2641],[116.0605,30.2123],[116.0548,30.1572],[116.0851,30.1088],[116.0695,29.9661],[116.1279,29.9025],[116.1329,29.8267],[116.0357,29.7561],[115.9274,29.7208],[115.8397,29.748],[115.6749,29.8508],[115.506,29.8423],[115.5004,29.8247],[115.4638,29.8087],[115.4646,29.7392],[115.3548,29.6489],[115.3223,29.6491],[115.2808,29.621],[115.252,29.639],[115.2696,29.6521],[115.2595,29.6599],[115.1589,29.6581],[115.1084,29.6834],[115.103,29.6617],[115.1412,29.6403],[115.1114,29.5976],[115.1728,29.5947],[115.1481,29.578],[115.1409,29.5351],[115.1533,29.5089],[115.0837,29.522],[115.0942,29.5522],[115.0818,29.5627],[115.0288,29.5488],[114.9942,29.5749],[114.9428,29.5458],[114.9424,29.5295],[114.9679,29.5224],[114.9572,29.5057],[114.9211,29.5013],[114.9197,29.5247],[114.8952,29.5088],[114.8936,29.5333],[114.8547,29.4777],[114.8802,29.4386],[114.9183,29.4625],[114.9014,29.4716],[114.922,29.4907],[114.9444,29.4663],[114.9223,29.4491],[114.9218,29.4193],[114.9056,29.4246],[114.8749,29.3936],[114.869,29.4082],[114.8484,29.4047],[114.8014,29.3801],[114.7787,29.3866],[114.7531,29.3651],[114.7367,29.3671],[114.7301,29.3961],[114.6654,29.3963],[114.4994,29.3251],[114.4576,29.3238],[114.4389,29.3517],[114.3447,29.3236],[114.3042,29.3682],[114.2689,29.3569],[114.2516,29.3445],[114.2495,29.2387],[114.1726,29.2153],[114.067,29.2084],[114.0195,29.1491],[113.9502,29.1034],[113.9395,29.0476],[113.8919,29.0328],[113.8701,29.0378],[113.8702,29.0679],[113.8278,29.0728],[113.8322,29.0947],[113.814,29.1075],[113.7644,29.094],[113.7377,29.0566],[113.7176,29.1089],[113.6807,29.0808],[113.679,29.134],[113.6557,29.1632],[113.6874,29.2005],[113.6875,29.2287],[113.6745,29.2387],[113.6554,29.2229],[113.631,29.2531],[113.5997,29.2593],[113.6308,29.3269],[113.6585,29.3401],[113.6587,29.3821],[113.7252,29.3972],[113.7496,29.4515],[113.6832,29.5122],[113.6258,29.5205],[113.7025,29.556],[113.7357,29.5926],[113.7023,29.612],[113.6982,29.6372],[113.6663,29.641],[113.659,29.6865],[113.6016,29.6695],[113.5512,29.6768],[113.5332,29.6951],[113.5453,29.7706],[113.5757,29.8354],[113.5656,29.8504],[113.3447,29.6801],[113.1522,29.4597],[113.0948,29.4615],[113.0867,29.4336],[113.0709,29.4448],[113.0484,29.5274],[113.0061,29.5164],[112.9636,29.4717],[112.9473,29.4729],[112.9068,29.608],[113.0022,29.7015],[113.0249,29.7728],[112.9739,29.7385],[112.9309,29.6775],[112.9249,29.7662],[112.8801,29.7937],[112.7922,29.7394],[112.8029,29.7285],[112.7791,29.6966],[112.784,29.6814],[112.7321,29.65],[112.7114,29.6574],[112.679,29.5936],[112.5715,29.6272],[112.53,29.6023],[112.5004,29.6133],[112.4948,29.631],[112.434,29.6361],[112.3923,29.5646],[112.3866,29.5732],[112.3622,29.5428],[112.3159,29.5437],[112.2772,29.4989],[112.2742,29.5345],[112.2975,29.5883],[112.2289,29.6173],[112.2387,29.6628],[112.193,29.6199],[112.1724,29.6595],[112.1057,29.6607],[112.0866,29.6877],[112.0614,29.6828],[112.0706,29.7454],[112.0589,29.7718],[112.0564,29.7454],[111.981,29.7969],[111.9493,29.7987],[111.9583,29.8419],[111.9295,29.8353],[111.8723,29.8709],[111.8552,29.8617],[111.8026,29.907],[111.7417,29.9242],[111.6767,29.8872],[111.5463,29.8979],[111.5179,29.9309],[111.4697,29.9217],[111.4316,29.9325],[111.391,29.9146],[111.3774,29.9521],[111.3376,29.9468],[111.2922,30.0071],[111.261,30.0119],[111.2409,30.0424],[110.9302,30.0646],[110.9177,30.1145],[110.8094,30.1278],[110.7392,30.1146],[110.7511,30.056],[110.7086,30.0355],[110.649,30.08],[110.5932,30.0573],[110.5303,30.0673],[110.4917,30.0572],[110.487,30.0211],[110.5547,29.9902],[110.5109,29.965],[110.5015,29.9215],[110.5357,29.9066],[110.5272,29.8786],[110.5453,29.8489],[110.608,29.8418],[110.6365,29.7706],[110.5182,29.6949],[110.4598,29.7157],[110.4419,29.6674],[110.369,29.6364],[110.3506,29.6417],[110.3382,29.6704],[110.2977,29.6646],[110.2714,29.7149],[110.2031,29.7599],[110.1621,29.7529],[110.1247,29.7925],[110.0692,29.7945],[109.9791,29.7709],[109.9266,29.7815],[109.8981,29.7658],[109.8678,29.7816],[109.7752,29.7619],[109.7477,29.7424],[109.7668,29.7274],[109.7517,29.7141],[109.7601,29.6953],[109.7093,29.6754],[109.7154,29.6568],[109.6938,29.6393],[109.7122,29.6198],[109.7016,29.6096],[109.6585,29.6003],[109.6467,29.6244],[109.6063,29.6372],[109.5705,29.6308],[109.5637,29.6153],[109.5108,29.6286],[109.5205,29.6123],[109.4917,29.6057],[109.5022,29.5888],[109.4842,29.5561],[109.4568,29.5563],[109.4597,29.5162],[109.4277,29.5331],[109.4353,29.4942],[109.4107,29.4999],[109.4002,29.4714],[109.4136,29.4519],[109.3679,29.4269],[109.3871,29.3762],[109.3642,29.3866],[109.3332,29.3685],[109.3417,29.3507],[109.3255,29.3388],[109.3522,29.2926],[109.2594,29.2263],[109.2736,29.1888],[109.2571,29.1523],[109.2738,29.1243],[109.2269,29.118],[109.218,29.1492],[109.1603,29.184],[109.1401,29.17],[109.1069,29.2104],[109.1366,29.2717],[109.1003,29.2904],[109.1101,29.3552],[109.0655,29.4006],[109.0484,29.4066],[109.0244,29.3855],[109.0311,29.3638],[108.9814,29.357],[108.9807,29.3373],[108.9142,29.3301],[108.9324,29.4317],[108.8826,29.4432],[108.8602,29.4744],[108.8828,29.4996],[108.8875,29.5323],[108.8732,29.5404],[108.9105,29.5742],[108.8947,29.587],[108.9027,29.5964],[108.8618,29.6025],[108.8814,29.6384],[108.8505,29.6395],[108.8413,29.6617],[108.825,29.654],[108.8246,29.6744],[108.817,29.6345],[108.7777,29.6369],[108.7938,29.6636],[108.7825,29.6943],[108.7487,29.6919],[108.7817,29.6577],[108.7544,29.6632],[108.7609,29.6391],[108.706,29.682],[108.7088,29.7026],[108.6794,29.695],[108.6936,29.705],[108.6763,29.7243],[108.6766,29.8048],[108.6523,29.8209],[108.6671,29.8274],[108.6562,29.8567],[108.6189,29.8702],[108.5872,29.8605],[108.5183,29.7688],[108.5441,29.7472],[108.4953,29.7347],[108.5091,29.7264],[108.5004,29.7099],[108.4328,29.7431],[108.4412,29.7784],[108.4149,29.7793],[108.4235,29.8119],[108.3992,29.8387],[108.3878,29.8148],[108.3625,29.8227],[108.3843,29.8629],[108.4035,29.8599],[108.4202,29.8809],[108.465,29.8666],[108.5036,29.889],[108.5075,29.8729],[108.5208,29.8693],[108.511,29.935],[108.5331,29.9863],[108.5477,29.9811],[108.5235,30.0131],[108.5275,30.0589],[108.5087,30.0608],[108.563,30.1563],[108.5487,30.1721],[108.5796,30.2588],[108.557,30.2572],[108.5136,30.3167],[108.4564,30.361],[108.4268,30.3564],[108.3952,30.3934],[108.419,30.3977],[108.4249,30.4201],[108.4067,30.44],[108.4226,30.4946],[108.4503,30.4984],[108.4614,30.4854],[108.5083,30.504],[108.5647,30.4719],[108.6139,30.5257],[108.6324,30.5355],[108.64,30.521],[108.6362,30.5771],[108.6539,30.5901],[108.6864,30.5901],[108.6964,30.5458],[108.7364,30.4989],[108.7842,30.5175],[108.8043,30.4938],[108.8367,30.5062],[108.9601,30.629],[109.0021,30.6296],[109.0376,30.6579],[109.0508,30.6446],[109.1132,30.642],[109.1049,30.612],[109.0761,30.6026],[109.1173,30.5357],[109.1403,30.5236],[109.1636,30.5503],[109.1918,30.5474],[109.2415,30.5882],[109.2261,30.5905],[109.2927,30.634],[109.3085,30.6106],[109.3212,30.622],[109.3045,30.6016],[109.359,30.557],[109.3329,30.5266],[109.3463,30.4896],[109.4488,30.6154],[109.5266,30.6701],[109.5291,30.6415],[109.5714,30.6518],[109.5823,30.6959],[109.6536,30.7298],[109.6493,30.7647],[109.6952,30.7865],[109.6956,30.7717],[109.7139,30.7804],[109.7147,30.8107],[109.7733,30.8501],[109.896,30.904],[109.9511,30.8789],[109.9893,30.8905],[110.0033,30.8869],[110.0133,30.8334],[110.0382,30.8074],[110.076,30.8043],[110.1467,30.9139],[110.1398,30.9284],[110.167,30.9896],[110.1312,30.9878],[110.1355,31.0327],[110.115,31.0341],[110.1285,31.0653],[110.1152,31.0827],[110.1413,31.1187],[110.1765,31.1247],[110.1956,31.1604],[110.1751,31.1798],[110.1668,31.2493],[110.1532,31.258],[110.1579,31.3151],[110.1458,31.3189],[110.1396,31.3872],[110.11,31.4142],[110.0511,31.4109],[109.9869,31.4754],[109.9409,31.4706],[109.94,31.4886],[109.9772,31.5152],[109.8876,31.52],[109.8342,31.5577],[109.7941,31.5425],[109.7841,31.5551],[109.7197,31.5521],[109.7215,31.5728],[109.7483,31.5825],[109.74,31.6011],[109.7597,31.6063],[109.7333,31.6294],[109.7299,31.6968],[109.6795,31.7207],[109.6136,31.7127],[109.5796,31.7285],[109.6002,31.7451],[109.5875,31.7577],[109.597,31.7989],[109.6359,31.8121],[109.6056,31.8847],[109.5787,31.8962],[109.6277,31.9425],[109.5814,32.0305],[109.6181,32.1002],[109.5878,32.1351],[109.5864,32.1743],[109.6036,32.2047],[109.5548,32.2211],[109.5118,32.2854],[109.4862,32.2905],[109.5135,32.3378],[109.4964,32.3928],[109.5252,32.4009],[109.5202,32.4284],[109.547,32.4825],[109.5653,32.4845],[109.5771,32.514],[109.6335,32.5369],[109.6318,32.5553],[109.6125,32.5623],[109.6216,32.5995],[109.7244,32.6077],[109.7505,32.5845],[109.8206,32.5745],[109.9214,32.5927],[109.9408,32.5732],[109.9684,32.5767],[109.9777,32.554],[110.0241,32.5443],[110.0893,32.5869],[110.0863,32.6213],[110.1237,32.6191],[110.1482,32.5915],[110.2012,32.6377],[110.1488,32.6807],[110.1663,32.7197],[110.1584,32.7637],[110.1258,32.7743],[110.1363,32.8097],[110.0996,32.8343],[109.9852,32.8881],[109.9261,32.8874],[109.8648,32.9149],[109.8397,32.8939],[109.7842,32.8849],[109.7608,32.9107],[109.7966,33.0689],[109.6817,33.1178],[109.6044,33.1063],[109.545,33.1332],[109.4384,33.1483],[109.4789,33.2028],[109.503,33.2123],[109.5138,33.2429],[109.6062,33.2331],[109.6031,33.2541],[109.6316,33.2717]],[[112.8897,29.8003],[112.9208,29.7796],[112.9322,29.7682],[112.9222,29.7969],[112.8897,29.8003]],[[111.0099,33.1751],[111.0277,33.1791],[111.0316,33.1889],[111.0099,33.1751]]]]}},{"type":"Feature","properties":{"name":"湖南省","adcode":"430000","region_code":"430000","population":66444864,"elderly_65plus":9842067,"aging_rate":0.1481,"youth_rate":0.1952,"source_year":"2020","source_name":"第七次全国人口普查（省市分年龄性别）","license":"普查数据，来源标注 required"},"geometry":{"type":"MultiPolygon","coordinates":[[[[109.4748,26.8415],[109.4699,26.8323],[109.4569,26.8334],[109.4748,26.8415]]],[[[112.9142,29.8016],[112.9319,29.7681],[112.889,29.8023],[112.9142,29.8016]]],[[[110.8479,30.1286],[110.9177,30.1145],[110.9302,30.0646],[111.2409,30.0424],[111.261,30.0119],[111.2922,30.0071],[111.3376,29.9468],[111.3774,29.9521],[111.391,29.9146],[111.4316,29.9325],[111.4697,29.9217],[111.5179,29.9309],[111.5463,29.8979],[111.6767,29.8872],[111.7417,29.9242],[111.8026,29.907],[111.8552,29.8617],[111.8723,29.8709],[111.9295,29.8353],[111.9583,29.8419],[111.9493,29.7987],[111.981,29.7969],[112.0564,29.7454],[112.0589,29.7718],[112.0706,29.7454],[112.0614,29.6828],[112.0866,29.6877],[112.1057,29.6607],[112.1724,29.6595],[112.193,29.6199],[112.2387,29.6628],[112.2289,29.6173],[112.2975,29.5883],[112.2742,29.5345],[112.277,29.4989],[112.3159,29.5437],[112.3622,29.5428],[112.3866,29.5732],[112.3923,29.5646],[112.434,29.6361],[112.4948,29.631],[112.5004,29.6133],[112.53,29.6023],[112.5715,29.6272],[112.679,29.5936],[112.7114,29.6574],[112.7321,29.65],[112.784,29.6814],[112.7791,29.6966],[112.8029,29.7285],[112.7922,29.7394],[112.8801,29.7937],[112.9249,29.7662],[112.9309,29.6775],[112.9739,29.7385],[113.0249,29.7728],[113.0022,29.7015],[112.9068,29.608],[112.9473,29.4729],[112.9636,29.4717],[113.0061,29.5164],[113.0484,29.5274],[113.0709,29.4448],[113.0867,29.4336],[113.0948,29.4615],[113.1522,29.4597],[113.3447,29.6801],[113.5655,29.8504],[113.5757,29.8354],[113.5453,29.7706],[113.5379,29.6873],[113.6025,29.6695],[113.6585,29.6869],[113.6663,29.641],[113.6982,29.6372],[113.7023,29.612],[113.7354,29.5941],[113.7025,29.556],[113.6254,29.526],[113.6376,29.5108],[113.6834,29.5121],[113.7376,29.4724],[113.7496,29.444],[113.731,29.4304],[113.7249,29.397],[113.6587,29.3821],[113.6585,29.3401],[113.6308,29.3269],[113.5997,29.2593],[113.631,29.2531],[113.6554,29.2229],[113.6745,29.2387],[113.6875,29.2287],[113.6874,29.2005],[113.6557,29.1632],[113.679,29.134],[113.6807,29.0808],[113.7176,29.1089],[113.7377,29.0566],[113.7644,29.094],[113.814,29.1075],[113.8409,29.0634],[113.8735,29.0654],[113.8703,29.0376],[113.9042,29.0331],[113.9375,29.0501],[113.9591,28.9452],[114.0035,28.9582],[113.9972,28.9231],[114.0236,28.8914],[114.0431,28.9101],[114.0628,28.8945],[114.0539,28.8543],[114.0729,28.8353],[114.1465,28.8386],[114.1327,28.7829],[114.1512,28.7617],[114.1167,28.6877],[114.1285,28.6452],[114.1163,28.6237],[114.1282,28.6119],[114.0803,28.5601],[114.0953,28.5423],[114.1306,28.5391],[114.1696,28.4989],[114.2128,28.4877],[114.2133,28.4713],[114.1771,28.4396],[114.2104,28.4041],[114.2486,28.398],[114.2565,28.3551],[114.2354,28.3483],[114.2497,28.3247],[114.2067,28.2905],[114.1916,28.2947],[114.1758,28.2535],[114.1396,28.2508],[114.0988,28.185],[113.9874,28.1661],[114.0231,28.0911],[114.0134,28.0886],[114.0416,28.0607],[114.0212,28.0347],[113.9614,28.0432],[113.9576,28.0188],[113.9261,28.0245],[113.8984,27.9914],[113.8598,28.0112],[113.8437,27.9736],[113.8105,27.9834],[113.748,27.939],[113.7226,27.88],[113.753,27.8603],[113.7595,27.8056],[113.6929,27.7424],[113.6952,27.7229],[113.6478,27.6646],[113.6019,27.6389],[113.5963,27.5743],[113.5749,27.5442],[113.5909,27.5194],[113.6172,27.529],[113.6242,27.5181],[113.589,27.4663],[113.5952,27.4222],[113.6268,27.4095],[113.5945,27.3889],[113.6028,27.3574],[113.652,27.3541],[113.6694,27.3301],[113.7137,27.354],[113.8189,27.3629],[113.8315,27.3776],[113.8502,27.3682],[113.8653,27.3831],[113.8669,27.3449],[113.844,27.311],[113.8634,27.286],[113.8089,27.1756],[113.7638,27.1218],[113.7763,27.0889],[113.8002,27.0991],[113.8077,27.0479],[113.837,27.0192],[113.8564,27.0207],[113.8855,26.9696],[113.9218,26.952],[113.8964,26.9283],[113.8859,26.8653],[113.8294,26.8049],[113.8481,26.771],[113.856,26.6637],[113.8754,26.662],[113.9022,26.6173],[113.991,26.619],[114.0162,26.5899],[114.1025,26.579],[114.0666,26.4889],[114.0989,26.4784],[114.0833,26.4135],[114.0607,26.4125],[114.0262,26.3786],[114.0437,26.3391],[114.0152,26.293],[114.0242,26.2697],[113.9742,26.2415],[113.9375,26.1683],[113.9571,26.1545],[114.0303,26.1919],[114.051,26.1864],[114.0521,26.1666],[114.0826,26.1707],[114.0992,26.192],[114.1723,26.2169],[114.1813,26.2011],[114.2118,26.2063],[114.2273,26.1856],[114.2135,26.1688],[114.2321,26.1591],[114.184,26.1257],[114.1014,26.1038],[114.1105,26.0795],[114.041,26.0819],[114.0027,26.0167],[114.0233,25.989],[114.0224,25.8968],[113.9654,25.8372],[113.9504,25.7748],[113.9082,25.7286],[113.9443,25.6242],[113.9788,25.6027],[113.9828,25.5329],[113.9603,25.5354],[113.9407,25.5024],[113.9547,25.4859],[113.934,25.4647],[113.9394,25.4446],[113.8792,25.439],[113.8708,25.3827],[113.833,25.3663],[113.8166,25.3333],[113.7532,25.3328],[113.742,25.3688],[113.7316,25.3519],[113.7011,25.364],[113.6756,25.3368],[113.6058,25.3303],[113.5763,25.3092],[113.5751,25.3481],[113.538,25.3707],[113.5145,25.3569],[113.5111,25.3727],[113.4766,25.3809],[113.4392,25.3625],[113.4117,25.4015],[113.3667,25.4079],[113.3553,25.4403],[113.307,25.4465],[113.2971,25.5199],[113.2779,25.4968],[113.2408,25.5195],[113.2211,25.5135],[113.1741,25.4715],[113.1442,25.4947],[113.1346,25.4729],[113.147,25.471],[113.112,25.4492],[113.1274,25.4178],[113.0862,25.42],[113.0755,25.3863],[113.0285,25.3702],[113.0202,25.3486],[112.9623,25.361],[112.9189,25.2992],[112.8874,25.3432],[112.8655,25.3295],[112.8465,25.3384],[112.8512,25.292],[112.8703,25.2768],[112.863,25.2518],[112.8967,25.2409],[112.9511,25.2572],[112.99,25.2496],[113.0136,25.2113],[113.0311,25.2092],[112.9654,25.1681],[112.96,25.1473],[113.0106,25.0846],[112.9725,25.029],[113.0044,24.9849],[113.0071,24.95],[112.9844,24.9395],[112.9907,24.9275],[112.9036,24.9235],[112.8678,24.9002],[112.788,24.8937],[112.7743,24.9015],[112.7754,24.9512],[112.7373,24.9618],[112.7367,25.0003],[112.7102,25.0284],[112.7068,25.086],[112.656,25.1358],[112.626,25.1439],[112.5477,25.1266],[112.4523,25.1545],[112.4362,25.1897],[112.398,25.1422],[112.3568,25.1957],[112.3086,25.1785],[112.2967,25.1596],[112.2513,25.1642],[112.2414,25.1886],[112.2053,25.1946],[112.1807,25.1864],[112.1487,25.0305],[112.1153,24.9908],[112.1182,24.9594],[112.1696,24.9295],[112.165,24.8656],[112.1491,24.8397],[112.1225,24.845],[112.0531,24.7998],[112.0249,24.7462],[111.9569,24.7764],[111.9318,24.7637],[111.8892,24.7727],[111.8728,24.7581],[111.8628,24.7811],[111.8042,24.7788],[111.7794,24.7987],[111.7379,24.7816],[111.7025,24.7927],[111.6547,24.7571],[111.633,24.7169],[111.6371,24.6917],[111.5893,24.7009],[111.5602,24.6445],[111.5444,24.653],[111.5239,24.6398],[111.4835,24.6752],[111.4476,24.6656],[111.4252,24.69],[111.4588,24.7327],[111.4815,24.8038],[111.4499,24.8532],[111.4604,24.888],[111.4462,24.9037],[111.4615,24.9355],[111.4286,24.9704],[111.4684,25.0208],[111.4579,25.0387],[111.4132,25.0432],[111.4249,25.1069],[111.4029,25.1091],[111.3991,25.1286],[111.331,25.103],[111.2619,25.149],[111.1976,25.0743],[111.1027,25.0412],[111.0924,24.9423],[110.9771,24.9169],[110.9876,24.962],[110.9654,24.9703],[110.9728,24.9894],[110.9459,25.0456],[110.9958,25.1685],[111.1074,25.2192],[111.0973,25.2877],[111.1306,25.3029],[111.1782,25.371],[111.2305,25.3809],[111.2956,25.4518],[111.3379,25.6069],[111.3052,25.6483],[111.3037,25.7241],[111.3251,25.7401],[111.3942,25.7453],[111.4073,25.771],[111.4384,25.7747],[111.4229,25.8395],[111.4881,25.8712],[111.4576,25.8746],[111.45,25.8908],[111.3794,25.885],[111.3699,25.9101],[111.3445,25.8972],[111.3251,25.911],[111.2876,25.8589],[111.2531,25.8665],[111.2198,25.9081],[111.2304,25.9168],[111.2164,25.939],[111.1906,25.9593],[111.2269,26.0511],[111.2595,26.049],[111.2427,26.0803],[111.2625,26.102],[111.2506,26.1011],[111.2663,26.1219],[111.251,26.1469],[111.2694,26.1731],[111.2643,26.2185],[111.2872,26.2226],[111.2851,26.266],[111.2628,26.2803],[111.2089,26.2664],[111.2004,26.3092],[111.0993,26.306],[111.0645,26.3268],[111.0358,26.3241],[111.0368,26.3388],[110.9983,26.3428],[111.0025,26.3615],[110.9691,26.3885],[110.9401,26.3767],[110.9415,26.335],[110.9215,26.3219],[110.9344,26.2913],[110.9223,26.2566],[110.9116,26.2782],[110.8914,26.2807],[110.8323,26.2576],[110.7934,26.2711],[110.7566,26.2501],[110.7344,26.2748],[110.7513,26.3068],[110.7434,26.3196],[110.7087,26.2985],[110.6795,26.3204],[110.6384,26.3115],[110.6153,26.3401],[110.5457,26.2832],[110.5474,26.2345],[110.4973,26.1722],[110.4745,26.1857],[110.3727,26.101],[110.3186,25.9764],[110.262,25.9647],[110.2453,25.974],[110.2559,25.9949],[110.2358,26.0382],[110.1886,26.0716],[110.1538,26.0208],[110.1195,26.0405],[110.1011,26.0227],[110.0807,26.0454],[110.0581,26.0414],[110.0966,26.1367],[110.0931,26.1727],[110.024,26.168],[110.0121,26.1878],[109.9806,26.1859],[109.9647,26.204],[109.9083,26.1558],[109.8675,26.0346],[109.8081,26.048],[109.7858,26.0175],[109.782,25.9898],[109.8103,25.9791],[109.8265,25.9127],[109.812,25.8847],[109.7768,25.8698],[109.7624,25.8936],[109.689,25.8818],[109.6745,25.9257],[109.687,25.9631],[109.7036,25.9554],[109.7116,25.9675],[109.7194,26.0065],[109.7032,26.0173],[109.6943,26.0002],[109.6796,26.0218],[109.65,26.0175],[109.6497,26.0484],[109.6286,26.0554],[109.5736,26.0136],[109.5432,26.0256],[109.5328,25.9981],[109.4475,26.0579],[109.4463,26.104],[109.4999,26.0998],[109.5097,26.1324],[109.4914,26.1554],[109.4699,26.1529],[109.4543,26.1975],[109.4699,26.2047],[109.4319,26.2475],[109.472,26.3022],[109.4637,26.3164],[109.4278,26.2885],[109.3769,26.2869],[109.3356,26.2667],[109.3209,26.2934],[109.2755,26.3014],[109.2682,26.3251],[109.2723,26.3428],[109.2966,26.3494],[109.2901,26.3777],[109.325,26.4353],[109.3799,26.4662],[109.3582,26.4793],[109.3866,26.5043],[109.3739,26.5216],[109.407,26.5435],[109.3564,26.6613],[109.3345,26.6509],[109.2993,26.6651],[109.2833,26.7034],[109.3067,26.716],[109.3629,26.7029],[109.388,26.7184],[109.378,26.7325],[109.4147,26.7273],[109.4059,26.7438],[109.4653,26.7723],[109.5057,26.7707],[109.5018,26.7516],[109.5182,26.7526],[109.521,26.7861],[109.4922,26.8161],[109.514,26.8798],[109.4745,26.902],[109.4518,26.8692],[109.4317,26.8658],[109.4351,26.8927],[109.5536,26.9477],[109.5454,26.9879],[109.5231,26.9812],[109.5383,27.0018],[109.5061,27.0707],[109.5211,27.0723],[109.4867,27.0823],[109.4832,27.0573],[109.4513,27.0691],[109.4779,27.0745],[109.4532,27.0882],[109.4702,27.1343],[109.4266,27.1278],[109.3941,27.1634],[109.3892,27.1479],[109.33,27.1535],[109.3301,27.1407],[109.2596,27.1301],[109.2532,27.1526],[109.2379,27.1525],[109.1594,27.0681],[109.0964,27.0728],[109.1268,27.127],[109.0427,27.0996],[109.0218,27.1079],[109.0016,27.0788],[108.9364,27.0505],[108.949,27.0228],[108.9188,27.0123],[108.9141,27.033],[108.8716,27.001],[108.8696,27.0328],[108.8513,27.0344],[108.8401,27.0635],[108.7862,27.0873],[108.8521,27.101],[108.8589,27.1193],[108.8816,27.1126],[108.923,27.1648],[108.9184,27.203],[108.9022,27.2134],[108.962,27.2398],[108.9826,27.2735],[109.0388,27.2799],[109.0533,27.2994],[109.0417,27.3378],[109.0669,27.3262],[109.1001,27.3399],[109.1201,27.3912],[109.1118,27.4039],[109.1391,27.4252],[109.1309,27.4335],[109.1164,27.4158],[109.104,27.4226],[109.118,27.4209],[109.1367,27.4513],[109.1565,27.4383],[109.1522,27.4157],[109.2055,27.4602],[109.2464,27.4218],[109.2905,27.4244],[109.3077,27.4511],[109.2923,27.4845],[109.3329,27.4985],[109.3879,27.5514],[109.4583,27.57],[109.4478,27.5903],[109.4711,27.6413],[109.4542,27.6664],[109.4696,27.6843],[109.4072,27.7286],[109.358,27.725],[109.37,27.7427],[109.3265,27.7851],[109.3441,27.8453],[109.3162,27.8619],[109.3335,27.871],[109.3131,27.8791],[109.2959,27.9593],[109.3174,27.9974],[109.3586,28.0117],[109.3738,28.0346],[109.3322,28.0669],[109.2924,28.0338],[109.309,28.105],[109.3364,28.1462],[109.3411,28.2106],[109.3629,28.2561],[109.3941,28.2747],[109.3659,28.2802],[109.3467,28.2667],[109.3576,28.2877],[109.3355,28.2971],[109.3014,28.2768],[109.2681,28.3125],[109.2634,28.3403],[109.2843,28.3766],[109.26,28.3966],[109.256,28.4675],[109.2692,28.5414],[109.3164,28.5887],[109.2891,28.6318],[109.2536,28.6097],[109.2298,28.6245],[109.1974,28.6026],[109.1758,28.6244],[109.2676,28.6738],[109.2497,28.6972],[109.296,28.7425],[109.2355,28.7816],[109.2305,28.8829],[109.2516,28.9114],[109.2591,28.9632],[109.2833,28.9774],[109.2891,29.0195],[109.3164,29.0482],[109.2973,29.0738],[109.2316,29.0892],[109.2215,29.1169],[109.2738,29.1243],[109.2571,29.1523],[109.2736,29.1888],[109.2593,29.2262],[109.3524,29.293],[109.3255,29.3388],[109.3417,29.3507],[109.3332,29.3685],[109.3642,29.3866],[109.3871,29.3762],[109.3636,29.4154],[109.4136,29.4519],[109.4002,29.4714],[109.4107,29.4999],[109.4353,29.4942],[109.4255,29.5307],[109.4597,29.5162],[109.4568,29.5563],[109.4842,29.5561],[109.5022,29.5888],[109.4917,29.6057],[109.5205,29.6123],[109.5115,29.6289],[109.5637,29.6153],[109.5705,29.6308],[109.6063,29.6372],[109.6467,29.6244],[109.6586,29.6003],[109.7079,29.6127],[109.6938,29.6393],[109.7154,29.6568],[109.7093,29.6754],[109.7611,29.6973],[109.7517,29.7141],[109.7668,29.7274],[109.7477,29.7424],[109.815,29.7762],[109.868,29.7815],[109.8983,29.7658],[109.9264,29.7815],[109.9789,29.7709],[110.0689,29.7944],[110.1247,29.7925],[110.1618,29.753],[110.1952,29.7629],[110.2493,29.7323],[110.2977,29.6646],[110.3382,29.6704],[110.3663,29.636],[110.4419,29.6674],[110.46,29.7157],[110.5225,29.6966],[110.6381,29.7774],[110.608,29.8418],[110.5453,29.8489],[110.5272,29.8786],[110.5357,29.9066],[110.5015,29.9215],[110.5109,29.965],[110.5547,29.9902],[110.487,30.0211],[110.4916,30.0571],[110.5303,30.0673],[110.5932,30.0573],[110.649,30.08],[110.7086,30.0355],[110.751,30.0559],[110.7403,30.1155],[110.8479,30.1286]],[[113.1056,29.4381],[113.1164,29.4235],[113.1274,29.4322],[113.1056,29.4381]],[[109.5758,26.7598],[109.5536,26.7583],[109.5558,26.7392],[109.5223,26.7484],[109.5441,26.7215],[109.5939,26.7601],[109.5735,26.7751],[109.5758,26.7598]]]]}},{"type":"Feature","properties":{"name":"广东省","adcode":"440000","region_code":"440000","population":126012510,"elderly_65plus":10813000,"aging_rate":0.0858,"youth_rate":0.1885,"source_year":"2020","source_name":"第七次全国人口普查（省市分年龄性别）","license":"普查数据，来源标注 required"},"geometry":{"type":"MultiPolygon","coordinates":[[[[110.5902,20.3785],[110.5651,20.3354],[110.5537,20.3334],[110.5739,20.3716],[110.5902,20.3785]]],[[[110.5468,20.5529],[110.5536,20.5469],[110.5519,20.5382],[110.5468,20.5529]]],[[[110.4083,20.6109],[110.4226,20.6045],[110.4186,20.591],[110.4083,20.6109]]],[[[110.3488,20.6842],[110.3719,20.6734],[110.3692,20.6672],[110.3488,20.6842]]],[[[116.7118,20.7106],[116.7304,20.6975],[116.7063,20.7055],[116.7118,20.7106]]],[[[110.4178,20.7104],[110.4295,20.6953],[110.4272,20.6786],[110.4013,20.6834],[110.4178,20.7104]]],[[[109.7387,20.798],[109.7396,20.7807],[109.7507,20.7636],[109.7351,20.7819],[109.7387,20.798]]],[[[110.4814,20.9252],[110.4942,20.9252],[110.4995,20.917],[110.4814,20.9252]]],[[[110.5916,20.9491],[110.6372,20.93],[110.607,20.8713],[110.5848,20.8657],[110.5615,20.8713],[110.5492,20.9031],[110.5916,20.9491]]],[[[110.2088,20.9827],[110.247,20.9608],[110.2004,20.9465],[110.2088,20.9827]]],[[[110.4073,21.095],[110.4316,21.0529],[110.4434,21.0618],[110.4275,21.0786],[110.4689,21.0571],[110.513,21.0778],[110.5503,21.0621],[110.5243,20.9261],[110.5037,20.9273],[110.5011,20.9503],[110.4565,20.9983],[110.3453,20.9953],[110.2518,20.9591],[110.2974,21.0327],[110.3253,21.0279],[110.3045,21.0717],[110.3669,21.0727],[110.4073,21.095]]],[[[110.4123,21.1128],[110.4187,21.0985],[110.3915,21.1036],[110.4123,21.1128]]],[[[110.4412,21.1644],[110.437,21.151],[110.416,21.157],[110.4241,21.1645],[110.4412,21.1644]]],[[[110.5103,21.2115],[110.5075,21.2072],[110.5025,21.2124],[110.5103,21.2115]]],[[[110.4936,21.2139],[110.5068,21.1805],[110.6202,21.2096],[110.5667,21.0938],[110.5332,21.0922],[110.5123,21.1346],[110.5162,21.161],[110.4851,21.1438],[110.4303,21.171],[110.4303,21.1831],[110.4588,21.1888],[110.4633,21.2031],[110.4936,21.2139]]],[[[111.1851,21.389],[111.1844,21.3811],[111.179,21.3739],[111.1851,21.389]]],[[[111.0406,21.5016],[111.0366,21.493],[111.0365,21.4999],[111.0406,21.5016]]],[[[112.177,21.5489],[112.1851,21.5528],[112.1994,21.552],[112.177,21.5489]]],[[[112.8095,21.5719],[112.7886,21.5687],[112.8127,21.5817],[112.8095,21.5719]]],[[[112.5949,21.5951],[112.5822,21.5896],[112.5751,21.5931],[112.586,21.6018],[112.5949,21.5951]]],[[[112.6496,21.6083],[112.6558,21.599],[112.6469,21.6016],[112.6496,21.6083]]],[[[112.1427,21.6078],[112.1362,21.6052],[112.1389,21.6156],[112.1427,21.6078]]],[[[112.8566,21.6061],[112.9008,21.6101],[112.8865,21.5991],[112.8566,21.6061]]],[[[112.6666,21.6197],[112.6615,21.6139],[112.6597,21.6175],[112.6666,21.6197]]],[[[112.1246,21.6436],[112.1129,21.644],[112.1229,21.6474],[112.1246,21.6436]]],[[[111.9203,21.666],[111.9389,21.6446],[111.9891,21.657],[112.0192,21.6368],[111.9647,21.6068],[111.9133,21.6058],[111.8603,21.5626],[111.8488,21.5725],[111.8058,21.5587],[111.8529,21.6112],[111.8483,21.6364],[111.8332,21.6404],[111.8471,21.6577],[111.8788,21.6433],[111.9203,21.666]]],[[[112.453,21.6913],[112.4511,21.6521],[112.4317,21.6591],[112.453,21.6913]]],[[[111.7896,21.6994],[111.8078,21.696],[111.7914,21.6781],[111.7896,21.6994]]],[[[112.6859,21.7041],[112.6733,21.7035],[112.6826,21.7161],[112.6859,21.7041]]],[[[112.6534,21.7088],[112.661,21.6875],[112.6343,21.6775],[112.6306,21.6583],[112.6552,21.6358],[112.6281,21.6351],[112.6152,21.6099],[112.5635,21.6249],[112.5377,21.6097],[112.5561,21.594],[112.5211,21.5902],[112.5386,21.6397],[112.5684,21.6472],[112.5564,21.6687],[112.5845,21.6756],[112.6041,21.7038],[112.6534,21.7088]]],[[[111.8196,21.7256],[111.8116,21.7231],[111.8179,21.7337],[111.8196,21.7256]]],[[[112.8301,21.7784],[112.8721,21.7739],[112.8724,21.7603],[112.8593,21.7445],[112.824,21.7461],[112.7995,21.6909],[112.8158,21.6584],[112.7886,21.621],[112.8103,21.5911],[112.7673,21.569],[112.7685,21.5947],[112.7488,21.5876],[112.7617,21.6144],[112.7274,21.6157],[112.7476,21.6504],[112.7759,21.6482],[112.7838,21.6826],[112.7485,21.6866],[112.7296,21.67],[112.705,21.6812],[112.7163,21.6932],[112.704,21.7007],[112.7362,21.7288],[112.768,21.7241],[112.779,21.77],[112.7894,21.7573],[112.8301,21.7784]]],[[[114.026,21.8758],[114.0031,21.8524],[114.006,21.8664],[114.026,21.8758]]],[[[113.1335,21.8732],[113.1738,21.8629],[113.1987,21.8695],[113.1364,21.837],[113.1335,21.8732]]],[[[113.0446,21.8705],[113.0161,21.8458],[113.0041,21.8707],[113.0336,21.8846],[113.0446,21.8705]]],[[[114.0595,21.9121],[114.0566,21.9008],[114.0717,21.9014],[114.0333,21.8836],[114.0595,21.9121]]],[[[113.1212,21.9],[113.1331,21.9326],[113.1446,21.94],[113.1507,21.923],[113.1212,21.9]]],[[[113.1688,21.9559],[113.1609,21.9477],[113.1609,21.956],[113.1688,21.9559]]],[[[113.7103,21.9498],[113.7465,21.9428],[113.7174,21.9253],[113.7103,21.9498]]],[[[113.6887,21.9654],[113.7002,21.9438],[113.676,21.9442],[113.6887,21.9654]]],[[[114.1332,21.9723],[114.1382,21.9695],[114.1224,21.9651],[114.1332,21.9723]]],[[[113.7677,22.0006],[113.7607,21.9654],[113.7374,21.9926],[113.7677,22.0006]]],[[[114.1682,21.9961],[114.1501,21.9828],[114.1192,21.9858],[114.1475,22.0017],[114.1682,21.9961]]],[[[113.8206,22.0064],[113.8311,21.9997],[113.8382,22.0025],[113.8237,21.9919],[113.8206,22.0064]]],[[[112.3751,22.0075],[112.3758,22.0036],[112.3717,22.002],[112.3751,22.0075]]],[[[113.8004,22.0065],[113.8142,22.0042],[113.8073,22.0014],[113.8004,22.0065]]],[[[114.1831,22.0124],[114.2138,22.0123],[114.2227,21.9984],[114.1778,21.9929],[114.1831,22.0124]]],[[[113.717,22.0292],[113.7118,22.0107],[113.6905,22.0237],[113.6977,22.0318],[113.717,22.0292]]],[[[114.0142,22.0325],[114.0029,22.0287],[114.0093,22.0408],[114.0142,22.0325]]],[[[113.9136,22.04],[113.9062,22.0408],[113.9134,22.0435],[113.9136,22.04]]],[[[113.6685,22.0431],[113.6625,22.0262],[113.6615,22.0421],[113.6685,22.0431]]],[[[114.0107,22.0414],[114.0214,22.0439],[114.0145,22.039],[114.0107,22.0414]]],[[[113.697,22.0479],[113.689,22.044],[113.6956,22.0488],[113.697,22.0479]]],[[[113.9335,22.0418],[113.915,22.0388],[113.92,22.052],[113.9335,22.0418]]],[[[113.9957,22.0516],[113.9952,22.0383],[113.9892,22.0497],[113.9957,22.0516]]],[[[112.3993,22.0537],[112.3963,22.0497],[112.398,22.0561],[112.3993,22.0537]]],[[[113.977,22.0641],[113.9739,22.0574],[113.9726,22.064],[113.977,22.0641]]],[[[114.3158,22.0663],[114.2949,22.0401],[114.2178,22.0222],[114.2341,22.0365],[114.3158,22.0663]]],[[[113.4497,22.0763],[113.4418,22.0634],[113.4355,22.062],[113.4497,22.0763]]],[[[113.4332,22.0804],[113.4272,22.0801],[113.4349,22.0821],[113.4332,22.0804]]],[[[113.702,22.103],[113.6965,22.0977],[113.6964,22.1036],[113.702,22.103]]],[[[114.0414,22.1124],[114.0508,22.0964],[114.0469,22.0892],[114.0233,22.1001],[114.0414,22.1124]]],[[[113.8981,22.1217],[113.8819,22.1156],[113.8919,22.1277],[113.8981,22.1217]]],[[[113.7033,22.1456],[113.7155,22.1431],[113.7029,22.1382],[113.7033,22.1456]]],[[[113.8325,22.1333],[113.816,22.124],[113.8156,22.1579],[113.8233,22.1586],[113.8325,22.1333]]],[[[113.7964,22.1765],[113.8115,22.1637],[113.8099,22.1603],[113.7964,22.1765]]],[[[113.5721,22.2143],[113.581,22.2041],[113.5716,22.204],[113.5721,22.2143]]],[[[113.5946,22.2483],[113.6005,22.2515],[113.6002,22.2472],[113.5946,22.2483]]],[[[113.5898,22.283],[113.5801,22.2779],[113.584,22.2897],[113.5898,22.283]]],[[[113.7818,22.4173],[113.8121,22.418],[113.8182,22.4006],[113.7818,22.4173]]],[[[113.6525,22.4377],[113.6596,22.4176],[113.6447,22.3971],[113.6133,22.3927],[113.6165,22.4311],[113.6525,22.4377]]],[[[114.6454,22.4443],[114.6511,22.4371],[114.6378,22.4318],[114.6454,22.4443]]],[[[114.616,22.4687],[114.6514,22.4654],[114.6245,22.4519],[114.616,22.4687]]],[[[113.847,22.4996],[113.8346,22.5015],[113.8378,22.5065],[113.847,22.4996]]],[[[114.8366,22.5155],[114.8496,22.5127],[114.8359,22.5058],[114.8366,22.5155]]],[[[113.8519,22.5126],[113.8456,22.5078],[113.8376,22.5188],[113.8519,22.5126]]],[[[114.6394,22.5888],[114.6517,22.5773],[114.654,22.5639],[114.6372,22.5762],[114.6394,22.5888]]],[[[114.7209,22.589],[114.7153,22.5833],[114.7175,22.5915],[114.7209,22.589]]],[[[115.5679,22.6526],[115.5701,22.6504],[115.5666,22.6508],[115.5679,22.6526]]],[[[114.6493,22.6664],[114.6449,22.6605],[114.646,22.6669],[114.6493,22.6664]]],[[[114.6061,22.6748],[114.6133,22.6713],[114.6011,22.6638],[114.6061,22.6748]]],[[[114.6488,22.6721],[114.6435,22.6679],[114.6465,22.6775],[114.6488,22.6721]]],[[[114.589,22.7175],[114.5834,22.708],[114.5802,22.7175],[114.589,22.7175]]],[[[113.6369,22.7183],[113.6766,22.6603],[113.6958,22.5739],[113.6548,22.6502],[113.5824,22.7223],[113.6369,22.7183]]],[[[114.9464,22.7316],[114.9455,22.7113],[114.9288,22.7212],[114.9331,22.734],[114.9464,22.7316]]],[[[115.1814,22.7402],[115.1906,22.7442],[115.1906,22.7382],[115.1814,22.7402]]],[[[115.1127,22.7841],[115.1032,22.785],[115.1107,22.7874],[115.1127,22.7841]]],[[[117.2797,23.26],[117.2838,23.2564],[117.2815,23.2564],[117.2797,23.26]]],[[[117.2979,23.2792],[117.3035,23.2764],[117.2992,23.2727],[117.2979,23.2792]]],[[[117.1023,23.479],[117.0965,23.4785],[117.1018,23.4826],[117.1023,23.479]]],[[[117.1255,23.4805],[117.1232,23.4586],[117.1499,23.446],[117.1303,23.4407],[117.1398,23.4137],[117.1213,23.3925],[117.0872,23.4119],[117.047,23.4033],[116.941,23.4263],[116.9803,23.4633],[117.0223,23.4361],[117.059,23.4754],[117.0877,23.4603],[117.1255,23.4805]]],[[[116.8764,23.5531],[116.8844,23.5527],[116.8895,23.5467],[116.8764,23.5531]]],[[[117.0614,23.5739],[117.076,23.5607],[117.0615,23.568],[117.0614,23.5739]]],[[[117.0187,23.5786],[117.0403,23.5722],[117.0298,23.5658],[117.0187,23.5786]]],[[[113.2971,25.5199],[113.3071,25.4464],[113.3553,25.4403],[113.3667,25.4079],[113.4117,25.4015],[113.4392,25.3625],[113.4766,25.3809],[113.5111,25.3727],[113.5145,25.3569],[113.538,25.3707],[113.5751,25.3481],[113.5763,25.3092],[113.6058,25.3303],[113.6756,25.3368],[113.7011,25.364],[113.7316,25.3519],[113.742,25.3688],[113.7532,25.3328],[113.8166,25.3333],[113.833,25.3663],[113.8708,25.3827],[113.8792,25.439],[113.9348,25.4411],[113.9563,25.4568],[114.0026,25.4408],[113.9811,25.4057],[114.012,25.3875],[114.0384,25.3935],[114.0243,25.3775],[114.039,25.356],[114.0218,25.3337],[114.0513,25.3142],[114.0209,25.3051],[114.011,25.2827],[114.0303,25.2538],[114.0507,25.2811],[114.0783,25.2778],[114.1345,25.3148],[114.1741,25.309],[114.1905,25.3211],[114.2003,25.3018],[114.2589,25.2941],[114.2678,25.3053],[114.2873,25.2918],[114.3084,25.3075],[114.2987,25.3232],[114.3104,25.3422],[114.3755,25.3187],[114.4198,25.3402],[114.4427,25.3894],[114.4761,25.3734],[114.5335,25.4218],[114.5751,25.4054],[114.5713,25.384],[114.5764,25.4007],[114.5969,25.3882],[114.5935,25.3636],[114.6202,25.334],[114.7103,25.3185],[114.7189,25.287],[114.7388,25.2776],[114.7447,25.2443],[114.733,25.2414],[114.7446,25.2331],[114.7203,25.2367],[114.6942,25.2218],[114.6907,25.1986],[114.6744,25.1981],[114.6799,25.1759],[114.7316,25.1584],[114.7254,25.1186],[114.661,25.1062],[114.638,25.0739],[114.5991,25.088],[114.5567,25.0818],[114.534,25.0295],[114.5099,25.0277],[114.5041,25.0039],[114.4624,25.0036],[114.4508,24.9796],[114.3908,24.9529],[114.3845,24.9149],[114.3986,24.8804],[114.3366,24.8111],[114.3281,24.7495],[114.281,24.7329],[114.27,24.7052],[114.1633,24.6926],[114.1858,24.6605],[114.1729,24.6637],[114.1698,24.6487],[114.2531,24.6464],[114.2854,24.6225],[114.2994,24.5779],[114.3355,24.5874],[114.3421,24.5765],[114.3519,24.5939],[114.3486,24.583],[114.3862,24.5656],[114.3976,24.5026],[114.424,24.4877],[114.524,24.562],[114.586,24.5393],[114.6212,24.58],[114.6594,24.5867],[114.6779,24.5448],[114.7012,24.5309],[114.7328,24.5675],[114.7239,24.6112],[114.7451,24.6206],[114.8207,24.5921],[114.8442,24.6062],[114.865,24.5651],[114.8895,24.5859],[114.908,24.6683],[114.9311,24.6692],[114.9364,24.6524],[114.9985,24.6833],[115.02,24.6709],[115.049,24.7136],[115.119,24.6673],[115.1427,24.6925],[115.1908,24.6947],[115.1804,24.7109],[115.2564,24.7321],[115.2757,24.7574],[115.3042,24.7615],[115.3555,24.7375],[115.3634,24.7713],[115.4031,24.7976],[115.4697,24.7666],[115.5033,24.7189],[115.5211,24.7199],[115.5158,24.7039],[115.5516,24.6866],[115.5714,24.6167],[115.6017,24.629],[115.649,24.6173],[115.6806,24.5882],[115.6796,24.5505],[115.7372,24.5428],[115.7863,24.575],[115.8032,24.5623],[115.8496,24.5682],[115.7823,24.6342],[115.7774,24.6661],[115.7563,24.6718],[115.8014,24.6897],[115.8015,24.7066],[115.7656,24.7118],[115.7514,24.7494],[115.7733,24.775],[115.7585,24.7945],[115.772,24.8336],[115.7872,24.8385],[115.7767,24.8663],[115.8012,24.8608],[115.8179,24.9114],[115.861,24.8937],[115.8565,24.8665],[115.9039,24.8838],[115.8802,24.9005],[115.8778,24.9407],[115.9752,24.9189],[115.9806,24.9022],[116.0147,24.9081],[116.086,24.8393],[116.0936,24.8541],[116.1483,24.8475],[116.187,24.8814],[116.2173,24.8328],[116.2431,24.8345],[116.2271,24.8027],[116.2434,24.7954],[116.2951,24.8048],[116.345,24.8345],[116.3572,24.8719],[116.3915,24.8806],[116.3889,24.8614],[116.4142,24.8434],[116.3732,24.8257],[116.3707,24.8059],[116.3969,24.7948],[116.4147,24.7695],[116.4097,24.7499],[116.4398,24.7187],[116.4825,24.7212],[116.5123,24.6565],[116.5001,24.6237],[116.5223,24.6079],[116.5467,24.6086],[116.5926,24.6578],[116.6251,24.6449],[116.7251,24.6698],[116.7477,24.6583],[116.7767,24.6816],[116.8051,24.669],[116.7934,24.6255],[116.7527,24.5837],[116.7627,24.5671],[116.7522,24.5503],[116.8084,24.4866],[116.8285,24.4995],[116.8468,24.4784],[116.8552,24.4607],[116.8348,24.4423],[116.8996,24.3737],[116.8903,24.3551],[116.9151,24.3237],[116.9094,24.2892],[116.9348,24.2872],[116.9286,24.2232],[116.9929,24.1882],[116.9456,24.1482],[116.9221,24.1034],[116.9306,24.0584],[116.9477,24.0538],[116.9377,24.0329],[116.9497,24.0067],[116.9769,24],[116.9756,23.9424],[116.9502,23.9229],[116.9724,23.8725],[116.9552,23.869],[116.9987,23.8626],[117.0286,23.828],[117.0163,23.8113],[117.0559,23.6898],[117.1188,23.6488],[117.1427,23.6561],[117.1887,23.6199],[117.082,23.545],[117.0742,23.62],[117.0306,23.6254],[117.0182,23.6132],[116.9878,23.6303],[116.9591,23.6094],[116.9759,23.5967],[116.9644,23.551],[116.9991,23.5673],[117.0197,23.5567],[116.9959,23.5413],[116.9895,23.5085],[116.9321,23.5285],[116.9326,23.5357],[116.9603,23.541],[116.962,23.545],[116.9322,23.5383],[116.9206,23.5544],[116.8903,23.5556],[116.8755,23.553],[116.8956,23.544],[116.8611,23.504],[116.8723,23.4632],[116.8199,23.4549],[116.8638,23.4465],[116.8663,23.4159],[116.8487,23.4178],[116.8285,23.3865],[116.8059,23.4023],[116.8174,23.3753],[116.7587,23.317],[116.7786,23.2423],[116.808,23.2398],[116.7971,23.2164],[116.7567,23.2304],[116.7465,23.2572],[116.7267,23.2655],[116.7228,23.2532],[116.7331,23.2561],[116.741,23.2462],[116.6915,23.2314],[116.6379,23.1643],[116.6311,23.1808],[116.607,23.184],[116.6188,23.2021],[116.6187,23.2185],[116.6118,23.2165],[116.5378,23.132],[116.5643,23.0194],[116.5459,22.9975],[116.5216,22.9982],[116.4981,22.9394],[116.4574,22.9494],[116.3808,22.9289],[116.3214,22.9617],[116.2868,22.9579],[116.0952,22.8196],[116.0782,22.8475],[116.0386,22.8486],[115.9831,22.83],[115.9549,22.8024],[115.9545,22.8147],[115.9039,22.7914],[115.8799,22.798],[115.8157,22.7412],[115.7949,22.7619],[115.7916,22.8181],[115.8114,22.8061],[115.8095,22.8198],[115.7508,22.8475],[115.6981,22.8499],[115.6895,22.8769],[115.6087,22.8656],[115.5215,22.7537],[115.5447,22.7143],[115.5585,22.7543],[115.5818,22.7425],[115.601,22.7521],[115.5591,22.7009],[115.5777,22.6727],[115.5702,22.6538],[115.4687,22.7038],[115.3816,22.6892],[115.3515,22.712],[115.3395,22.7327],[115.3517,22.7612],[115.4047,22.749],[115.4314,22.7629],[115.4137,22.7879],[115.3618,22.7626],[115.3132,22.7938],[115.2303,22.7813],[115.2336,22.8043],[115.2845,22.8301],[115.2856,22.8537],[115.3168,22.8681],[115.3163,22.8973],[115.3282,22.9131],[115.3251,22.9163],[115.3055,22.9052],[115.3098,22.8718],[115.2819,22.858],[115.2563,22.8227],[115.2102,22.8348],[115.1743,22.822],[115.1647,22.8045],[115.1843,22.7794],[115.1486,22.8134],[115.0485,22.7976],[115.0475,22.7505],[115.0162,22.7346],[115.0274,22.7074],[114.9783,22.6883],[114.9575,22.6972],[114.9518,22.7404],[114.9362,22.7515],[114.904,22.7491],[114.8808,22.7676],[114.8675,22.7587],[114.8851,22.7443],[114.8781,22.7281],[114.9192,22.724],[114.9686,22.6791],[114.9054,22.6095],[114.9004,22.5779],[114.9176,22.5616],[114.8838,22.5442],[114.8922,22.5786],[114.8749,22.5969],[114.7549,22.5892],[114.7352,22.6082],[114.7468,22.6402],[114.7324,22.6594],[114.7505,22.69],[114.7369,22.7142],[114.7432,22.7434],[114.8253,22.7939],[114.795,22.8278],[114.7835,22.8167],[114.7705,22.8327],[114.7674,22.7873],[114.7358,22.7774],[114.7135,22.7956],[114.689,22.7923],[114.5829,22.7268],[114.5703,22.7373],[114.5545,22.7238],[114.5752,22.6919],[114.5292,22.7106],[114.5402,22.6879],[114.5118,22.6837],[114.5015,22.6471],[114.5955,22.6537],[114.5781,22.6187],[114.54,22.594],[114.5083,22.5929],[114.4988,22.5556],[114.5472,22.5704],[114.5654,22.5481],[114.6056,22.5445],[114.6229,22.5131],[114.5587,22.4781],[114.5373,22.4813],[114.5154,22.4519],[114.4817,22.4708],[114.4775,22.5486],[114.4328,22.5771],[114.4262,22.602],[114.3884,22.6148],[114.3073,22.5987],[114.3,22.5731],[114.2753,22.5893],[114.2885,22.5669],[114.2492,22.5708],[114.2279,22.544],[114.1611,22.5619],[114.1476,22.5415],[114.0886,22.5364],[114.0523,22.5024],[114.0011,22.5297],[113.9506,22.5226],[113.9475,22.491],[113.9031,22.4749],[113.8869,22.4464],[113.8623,22.5125],[113.8852,22.5401],[113.8605,22.5531],[113.8579,22.525],[113.8245,22.6026],[113.8073,22.6058],[113.754,22.6902],[113.7643,22.7437],[113.7485,22.7343],[113.7128,22.7595],[113.7107,22.7433],[113.667,22.7453],[113.657,22.7614],[113.6077,22.7443],[113.5571,22.75],[113.5502,22.742],[113.6442,22.6397],[113.6586,22.6006],[113.6344,22.5628],[113.5952,22.6095],[113.5541,22.5832],[113.5958,22.5839],[113.6147,22.5683],[113.6255,22.5054],[113.5927,22.5013],[113.5853,22.5524],[113.5691,22.5636],[113.5866,22.4958],[113.5704,22.4691],[113.5811,22.4324],[113.5624,22.4162],[113.5647,22.3911],[113.6242,22.3731],[113.6179,22.351],[113.5908,22.3471],[113.6066,22.3195],[113.5749,22.3034],[113.5769,22.2688],[113.589,22.2411],[113.5331,22.2123],[113.522,22.1734],[113.5469,22.1467],[113.5547,22.0794],[113.5207,22.0818],[113.4931,22.0609],[113.4783,22.0774],[113.4971,22.0775],[113.4674,22.0962],[113.4323,22.1693],[113.4091,22.1691],[113.3782,22.1335],[113.3622,22.1541],[113.3775,22.0921],[113.3971,22.0948],[113.4151,22.0684],[113.3902,22.0292],[113.4061,22.0082],[113.362,21.9889],[113.3446,22.007],[113.2985,22.0054],[113.2776,22.0682],[113.2609,22.0833],[113.2694,22.0426],[113.2386,22.0214],[113.263,21.9539],[113.2954,21.9206],[113.2617,21.8747],[113.2171,21.9067],[113.2328,21.9458],[113.2043,21.936],[113.2159,21.9639],[113.1967,21.9513],[113.1765,21.9634],[113.1086,22.0592],[113.1162,22.1495],[113.1029,22.1937],[113.1257,22.2195],[113.1001,22.2056],[113.0871,22.2266],[113.0723,22.1558],[113.0833,22.1463],[113.0592,22.1185],[113.0304,22.1388],[113.0153,22.1177],[113.0292,21.9499],[112.9897,21.9202],[112.9829,21.8922],[112.9279,21.8555],[112.8973,21.8562],[112.889,21.8849],[112.8451,21.9128],[112.8578,21.9348],[112.8228,21.9634],[112.8261,21.9471],[112.7521,21.9239],[112.7417,21.8889],[112.7095,21.8908],[112.6881,21.85],[112.659,21.8388],[112.6447,21.7862],[112.6217,21.7893],[112.6173,21.768],[112.5637,21.7552],[112.4288,21.8189],[112.4223,21.9167],[112.4493,21.9325],[112.5021,21.9414],[112.5076,21.9483],[112.4601,21.953],[112.4087,21.9042],[112.3721,21.9918],[112.3963,22.0272],[112.401,22.0509],[112.3987,22.0674],[112.3665,21.9903],[112.3987,21.9],[112.4165,21.7746],[112.4037,21.7371],[112.3501,21.7233],[112.3454,21.7099],[112.3308,21.7202],[112.3088,21.7043],[112.2394,21.7072],[112.2417,21.7305],[112.2137,21.7331],[112.1924,21.7566],[112.1997,21.7923],[112.1538,21.8068],[112.0745,21.7832],[112.021,21.7917],[112.0539,21.775],[111.956,21.7277],[111.9714,21.7493],[111.8916,21.6917],[111.8351,21.6859],[111.8306,21.6738],[111.8194,21.6969],[111.836,21.7086],[111.8373,21.7195],[111.819,21.7004],[111.8109,21.7125],[111.837,21.7327],[111.8204,21.7424],[111.8407,21.7519],[111.8007,21.7338],[111.7936,21.7804],[111.7731,21.7627],[111.7597,21.7766],[111.7207,21.7607],[111.6878,21.7737],[111.7355,21.718],[111.7423,21.7303],[111.7866,21.7135],[111.7827,21.6618],[111.7741,21.6427],[111.7586,21.6436],[111.7852,21.6199],[111.6969,21.6002],[111.6703,21.5705],[111.6699,21.5329],[111.6453,21.5163],[111.6316,21.5404],[111.6123,21.5488],[111.6318,21.5265],[111.5927,21.5329],[111.5443,21.5073],[111.5479,21.5244],[111.5241,21.5252],[111.4746,21.5027],[111.4553,21.523],[111.4858,21.526],[111.4657,21.5283],[111.4483,21.569],[111.4328,21.5801],[111.4346,21.5418],[111.4504,21.5323],[111.4223,21.5209],[111.4146,21.5317],[111.4001,21.5334],[111.4175,21.5243],[111.2576,21.4153],[111.2524,21.4459],[111.2775,21.4362],[111.2944,21.4781],[111.2739,21.4984],[111.2434,21.4915],[111.2256,21.5087],[111.187,21.5127],[111.1871,21.4966],[111.2207,21.5006],[111.2337,21.4809],[111.1006,21.4608],[111.0851,21.4794],[111.0953,21.4848],[111.0725,21.4889],[111.0796,21.511],[111.0322,21.5186],[111.0346,21.5365],[111.032,21.538],[110.9981,21.4876],[111.0169,21.4852],[111.0178,21.4715],[111.0546,21.4869],[111.0844,21.467],[110.9927,21.4263],[110.9269,21.4177],[110.8816,21.3859],[110.7968,21.4027],[110.7468,21.386],[110.63,21.227],[110.6114,21.2212],[110.6054,21.2332],[110.6035,21.2195],[110.5597,21.223],[110.529,21.2079],[110.4867,21.2207],[110.4438,21.1897],[110.4273,21.1976],[110.4482,21.2409],[110.4254,21.2671],[110.4503,21.3048],[110.4252,21.2974],[110.4334,21.3862],[110.4217,21.367],[110.3749,21.4148],[110.4093,21.334],[110.3905,21.325],[110.3909,21.3176],[110.409,21.3268],[110.4164,21.3002],[110.3892,21.2669],[110.4231,21.2364],[110.4039,21.1459],[110.3871,21.1315],[110.3721,21.1413],[110.3299,21.1059],[110.3239,21.116],[110.2593,21.0886],[110.2379,21.0983],[110.2476,21.0794],[110.2223,21.0339],[110.2129,21.07],[110.2259,21.1037],[110.1995,21.1141],[110.2099,21.071],[110.1845,21.0641],[110.202,21.0576],[110.1733,21.0038],[110.1832,20.9957],[110.155,20.9831],[110.1696,20.97],[110.1631,20.9209],[110.1928,20.8573],[110.1843,20.8428],[110.2286,20.856],[110.2636,20.8385],[110.3235,20.8479],[110.3851,20.8195],[110.3842,20.7141],[110.3557,20.7142],[110.3296,20.7808],[110.323,20.7801],[110.3313,20.7508],[110.3054,20.7345],[110.3282,20.7413],[110.3347,20.7036],[110.2974,20.6857],[110.3031,20.6687],[110.2893,20.6596],[110.3004,20.654],[110.3246,20.6801],[110.3365,20.6667],[110.33,20.6357],[110.3446,20.671],[110.3693,20.6382],[110.3889,20.667],[110.3857,20.641],[110.4352,20.6675],[110.4542,20.6466],[110.4619,20.6748],[110.4842,20.5813],[110.4444,20.579],[110.4239,20.6377],[110.3959,20.6053],[110.4082,20.581],[110.4505,20.563],[110.4666,20.5794],[110.4893,20.5593],[110.5319,20.4778],[110.5183,20.4279],[110.4798,20.3988],[110.4376,20.3293],[110.4063,20.3059],[110.3741,20.3087],[110.332,20.2696],[110.2907,20.2643],[110.2835,20.2433],[110.2722,20.2657],[110.2187,20.2816],[110.2314,20.268],[110.1969,20.2741],[110.1894,20.2475],[110.124,20.2367],[110.1144,20.2637],[110.0801,20.2689],[110.0622,20.2905],[110.0135,20.2873],[110.014,20.2688],[109.9811,20.2905],[109.9193,20.2233],[109.9356,20.2904],[109.9241,20.3424],[109.8886,20.3579],[109.8737,20.3994],[109.9081,20.4302],[109.9717,20.4028],[109.9635,20.3881],[109.98,20.3464],[109.9963,20.3514],[109.9797,20.3827],[110.0117,20.4064],[110.0105,20.4264],[109.9917,20.4474],[109.9794,20.4383],[109.9728,20.4723],[109.9451,20.4385],[109.9365,20.4966],[109.9189,20.4362],[109.8998,20.4921],[109.8221,20.5124],[109.8122,20.5431],[109.8281,20.5452],[109.841,20.5533],[109.8344,20.564],[109.8277,20.5511],[109.8179,20.5978],[109.7809,20.6373],[109.742,20.6338],[109.7372,20.6642],[109.7649,20.6927],[109.7946,20.6806],[109.8269,20.7102],[109.7982,20.7139],[109.7948,20.686],[109.7694,20.7092],[109.7465,20.743],[109.7597,20.806],[109.7261,20.8072],[109.7267,20.7937],[109.666,20.9045],[109.6691,20.9577],[109.6808,20.9548],[109.7105,21.0593],[109.6758,21.1216],[109.7345,21.1913],[109.7391,21.1724],[109.7496,21.1672],[109.7415,21.1822],[109.7741,21.2283],[109.773,21.3144],[109.7575,21.3471],[109.772,21.3547],[109.7924,21.3325],[109.8019,21.3515],[109.9167,21.3583],[109.9013,21.3851],[109.9084,21.4151],[109.9336,21.4332],[109.9125,21.4445],[109.9218,21.4697],[109.8301,21.4521],[109.7927,21.4704],[109.7933,21.5306],[109.7625,21.5603],[109.7674,21.5699],[109.7752,21.5708],[109.7776,21.5772],[109.7498,21.5746],[109.7395,21.6036],[109.7618,21.6702],[109.7737,21.673],[109.7968,21.6298],[109.8059,21.6479],[109.8353,21.6394],[109.8989,21.6556],[109.9116,21.6718],[109.9014,21.6965],[109.9377,21.7413],[109.9271,21.7549],[109.9408,21.8489],[109.983,21.8824],[110.0491,21.8594],[110.0914,21.8885],[110.1034,21.8733],[110.1196,21.9053],[110.1349,21.8868],[110.1927,21.9025],[110.2523,21.8831],[110.2794,21.8949],[110.286,21.9205],[110.3313,21.8898],[110.3855,21.8939],[110.3913,21.9161],[110.3684,21.9361],[110.3852,21.9561],[110.3485,21.979],[110.3461,22.0996],[110.3616,22.0995],[110.3606,22.1269],[110.3221,22.1554],[110.3439,22.1987],[110.3763,22.1668],[110.4079,22.2098],[110.4257,22.2105],[110.4873,22.1451],[110.5263,22.1578],[110.5547,22.1993],[110.5969,22.1864],[110.5962,22.1617],[110.6251,22.1519],[110.6743,22.1758],[110.6461,22.2158],[110.6494,22.2427],[110.6828,22.252],[110.7217,22.3005],[110.7567,22.2797],[110.7843,22.2898],[110.7439,22.3333],[110.7365,22.3638],[110.7052,22.3736],[110.7063,22.446],[110.6893,22.4495],[110.6782,22.4766],[110.7391,22.4698],[110.7341,22.5025],[110.7589,22.5218],[110.7432,22.5602],[110.7591,22.5656],[110.7569,22.5875],[110.7722,22.59],[110.7949,22.5602],[110.8278,22.5923],[110.8834,22.5878],[110.8924,22.6171],[110.9455,22.613],[110.9532,22.6396],[110.9921,22.6338],[111.0221,22.6541],[111.0505,22.6507],[111.085,22.6965],[111.0533,22.7331],[111.2143,22.7511],[111.2519,22.7973],[111.2842,22.8065],[111.3197,22.869],[111.3543,22.8926],[111.3709,22.932],[111.3583,22.9712],[111.3978,22.9903],[111.3844,23.0088],[111.4288,23.0391],[111.429,23.0748],[111.3885,23.0711],[111.3685,23.0925],[111.3761,23.1259],[111.3635,23.1457],[111.394,23.163],[111.3789,23.1695],[111.383,23.2146],[111.3594,23.2435],[111.3671,23.2651],[111.3439,23.2746],[111.3722,23.3075],[111.3567,23.3298],[111.387,23.3858],[111.3781,23.4034],[111.394,23.4713],[111.4234,23.4687],[111.4657,23.5208],[111.4852,23.5691],[111.4818,23.6292],[111.6107,23.6418],[111.62,23.6788],[111.6602,23.7027],[111.6614,23.7208],[111.6374,23.7168],[111.6123,23.7363],[111.6499,23.8364],[111.6861,23.8188],[111.6921,23.8398],[111.7072,23.8406],[111.7473,23.8153],[111.805,23.8086],[111.8201,23.8349],[111.8073,23.889],[111.8172,23.914],[111.8416,23.9071],[111.8497,23.9512],[111.9071,23.9467],[111.9363,23.9852],[111.8763,24.1022],[111.8721,24.23],[111.908,24.2242],[111.9184,24.2389],[111.936,24.2341],[111.953,24.2675],[111.9811,24.26],[111.9865,24.2826],[112.0243,24.2991],[112.0538,24.341],[112.0567,24.3735],[112.0186,24.4434],[111.9809,24.4673],[111.9815,24.4889],[112.005,24.5036],[112.0012,24.538],[111.9299,24.6029],[111.9228,24.6343],[111.9483,24.6512],[111.9314,24.6843],[111.9561,24.7247],[112.0252,24.7465],[112.0531,24.7998],[112.16,24.8546],[112.1696,24.9295],[112.1224,24.9547],[112.1153,24.9905],[112.1487,25.0305],[112.1811,25.187],[112.2414,25.1886],[112.2511,25.1643],[112.2967,25.1596],[112.3086,25.1785],[112.3568,25.1957],[112.3818,25.1533],[112.4058,25.1421],[112.4366,25.1897],[112.4523,25.1545],[112.5477,25.1266],[112.626,25.1439],[112.656,25.1358],[112.7068,25.086],[112.7102,25.0284],[112.7367,25.0003],[112.7374,24.9616],[112.7799,24.9446],[112.7773,24.8981],[112.8591,24.8989],[112.9036,24.9235],[112.9907,24.9275],[112.9844,24.9395],[113.0071,24.95],[113.0044,24.9849],[112.9725,25.029],[113.0106,25.0846],[112.96,25.1473],[112.9654,25.1681],[113.0311,25.2092],[113.0136,25.2113],[112.99,25.2496],[112.9511,25.2572],[112.8967,25.2409],[112.863,25.2518],[112.8703,25.2768],[112.8512,25.292],[112.8468,25.3391],[112.8655,25.3295],[112.8874,25.3432],[112.8976,25.3119],[112.9192,25.2992],[112.9623,25.361],[113.019,25.348],[113.0285,25.3702],[113.0755,25.3863],[113.0862,25.42],[113.1273,25.4177],[113.112,25.4492],[113.147,25.471],[113.1346,25.4729],[113.144,25.4946],[113.1741,25.4715],[113.2389,25.5195],[113.2779,25.4968],[113.2971,25.5199]]]]}},{"type":"Feature","properties":{"name":"广西壮族自治区","adcode":"450000","region_code":"450000","population":50126804,"elderly_65plus":6114117,"aging_rate":0.122,"youth_rate":0.2363,"source_year":"2020","source_name":"第七次全国人口普查（省市分年龄性别）","license":"普查数据，来源标注 required"},"geometry":{"type":"MultiPolygon","coordinates":[[[[109.2045,20.9102],[109.2185,20.9101],[109.2124,20.9023],[109.2045,20.9102]]],[[[109.1366,21.063],[109.1237,21.0187],[109.1039,21.0298],[109.0986,21.0088],[109.0862,21.0157],[109.083,21.0492],[109.1103,21.068],[109.1366,21.063]]],[[[109.508,21.4737],[109.5292,21.4504],[109.5358,21.4511],[109.5328,21.4449],[109.5088,21.456],[109.508,21.4737]]],[[[109.1077,21.4886],[109.0852,21.4826],[109.0846,21.4833],[109.1077,21.4886]]],[[[108.6942,21.6132],[108.6883,21.5967],[108.6724,21.5944],[108.6942,21.6132]]],[[[109.0603,21.6204],[109.0332,21.6147],[109.0669,21.6339],[109.0603,21.6204]]],[[[109.0691,21.6516],[109.0674,21.6498],[109.0688,21.653],[109.0717,21.6551],[109.0691,21.6516]]],[[[108.3492,21.669],[108.3441,21.6716],[108.3475,21.675],[108.3492,21.669]]],[[[108.3542,21.671],[108.3875,21.6594],[108.3662,21.6381],[108.3742,21.6246],[108.3504,21.5836],[108.3526,21.5563],[108.3261,21.603],[108.3542,21.671]]],[[[108.8578,21.7168],[108.8505,21.7118],[108.8554,21.725],[108.8578,21.7168]]],[[[108.5759,21.7382],[108.5953,21.7306],[108.5864,21.7175],[108.5759,21.7382]]],[[[108.5524,21.7467],[108.5533,21.7304],[108.5403,21.7351],[108.5524,21.7467]]],[[[108.5754,21.7463],[108.57,21.7486],[108.57,21.7519],[108.5754,21.7463]]],[[[108.591,21.7611],[108.5807,21.7512],[108.5652,21.7659],[108.5752,21.7703],[108.591,21.7611]]],[[[108.5677,21.7781],[108.5652,21.768],[108.5644,21.7776],[108.5677,21.7781]]],[[[108.6215,21.8897],[108.5838,21.8375],[108.5726,21.8381],[108.5914,21.865],[108.5748,21.8838],[108.6215,21.8897]]],[[[111.0063,26.3399],[111.0942,26.3068],[111.2004,26.3092],[111.2089,26.2664],[111.2628,26.2803],[111.2851,26.266],[111.2872,26.2226],[111.2643,26.2185],[111.2694,26.1731],[111.251,26.1469],[111.2663,26.1219],[111.2506,26.1011],[111.2625,26.102],[111.2427,26.0803],[111.2595,26.049],[111.2269,26.0511],[111.19,25.9677],[111.2295,25.9186],[111.2198,25.9082],[111.2441,25.8708],[111.2871,25.8586],[111.3251,25.911],[111.3445,25.8972],[111.3699,25.9101],[111.3794,25.885],[111.45,25.8908],[111.4576,25.8746],[111.4882,25.8725],[111.4228,25.8392],[111.4384,25.7747],[111.4073,25.771],[111.3942,25.7453],[111.3251,25.7401],[111.3037,25.7241],[111.3052,25.6483],[111.3379,25.6069],[111.3165,25.5539],[111.3238,25.5221],[111.2871,25.4388],[111.2281,25.3793],[111.1782,25.371],[111.1306,25.3029],[111.0973,25.2877],[111.1072,25.219],[110.9942,25.1663],[110.9461,25.048],[110.9728,24.9894],[110.9654,24.9703],[110.9878,24.9613],[110.9902,24.934],[110.9744,24.92],[111.0924,24.9423],[111.1027,25.0412],[111.1976,25.0743],[111.2619,25.149],[111.331,25.103],[111.3991,25.1286],[111.4029,25.1091],[111.4249,25.1069],[111.4132,25.0432],[111.4653,25.0345],[111.4581,24.9995],[111.4286,24.9702],[111.4615,24.9355],[111.4462,24.9037],[111.4604,24.888],[111.4499,24.8532],[111.4815,24.8038],[111.4588,24.7327],[111.4255,24.6882],[111.4476,24.6656],[111.4835,24.6752],[111.5239,24.6398],[111.5444,24.653],[111.5573,24.6432],[111.5893,24.7009],[111.6371,24.6917],[111.633,24.7169],[111.6547,24.7571],[111.7025,24.7927],[111.7379,24.7816],[111.7794,24.7987],[111.8042,24.7788],[111.8628,24.7811],[111.8728,24.7581],[111.8892,24.7727],[111.9318,24.7637],[111.9556,24.7764],[111.9954,24.7618],[112.0173,24.743],[111.9559,24.7246],[111.9314,24.6843],[111.9483,24.6512],[111.9227,24.6339],[111.9332,24.598],[111.9657,24.5829],[112.0011,24.5386],[112.005,24.5036],[111.9815,24.4889],[111.9809,24.4673],[112.0158,24.4464],[112.0366,24.3965],[112.0554,24.3895],[112.0538,24.341],[112.0243,24.2991],[111.9865,24.2826],[111.9804,24.2595],[111.953,24.2675],[111.936,24.2341],[111.9184,24.2389],[111.908,24.2242],[111.8721,24.23],[111.8763,24.1022],[111.9368,23.9872],[111.9071,23.9467],[111.8497,23.9512],[111.8476,23.9128],[111.8172,23.914],[111.8082,23.8127],[111.7473,23.8153],[111.7072,23.8406],[111.6921,23.8398],[111.6861,23.8188],[111.6499,23.8364],[111.6123,23.7363],[111.6374,23.7168],[111.6614,23.7208],[111.6602,23.7027],[111.62,23.6788],[111.6107,23.6418],[111.4818,23.6292],[111.4852,23.5691],[111.4657,23.5208],[111.4234,23.4687],[111.394,23.4713],[111.3781,23.4034],[111.387,23.3858],[111.3567,23.3298],[111.3722,23.3075],[111.3439,23.2746],[111.3671,23.2651],[111.3594,23.2435],[111.383,23.2146],[111.3789,23.1695],[111.394,23.163],[111.3635,23.1457],[111.3761,23.1259],[111.3685,23.0925],[111.3885,23.0711],[111.429,23.0748],[111.4288,23.0391],[111.3844,23.0088],[111.3978,22.9903],[111.3583,22.9712],[111.3709,22.932],[111.3543,22.8926],[111.3197,22.869],[111.2842,22.8065],[111.2519,22.7973],[111.2143,22.7511],[111.0533,22.7331],[111.085,22.6965],[111.0505,22.6507],[111.0221,22.6541],[110.9921,22.6338],[110.9532,22.6396],[110.9455,22.613],[110.8924,22.6171],[110.8834,22.5878],[110.8278,22.5923],[110.7949,22.5602],[110.7722,22.59],[110.7569,22.5875],[110.7591,22.5656],[110.7432,22.5602],[110.7589,22.5218],[110.7341,22.5025],[110.7391,22.4698],[110.6782,22.4766],[110.6893,22.4495],[110.7063,22.446],[110.7052,22.3736],[110.7365,22.3638],[110.7822,22.2868],[110.7567,22.2797],[110.7217,22.3005],[110.6828,22.252],[110.6494,22.2427],[110.6461,22.2158],[110.6749,22.1766],[110.627,22.1523],[110.5962,22.1617],[110.5969,22.1864],[110.556,22.1994],[110.5263,22.1578],[110.4873,22.1451],[110.4257,22.2105],[110.4079,22.2098],[110.3763,22.1668],[110.3439,22.1987],[110.3221,22.1554],[110.3606,22.1269],[110.3616,22.0995],[110.3461,22.0996],[110.3485,21.979],[110.3852,21.9561],[110.3684,21.9361],[110.3913,21.9161],[110.3855,21.8939],[110.3313,21.8898],[110.286,21.9205],[110.2794,21.8949],[110.2523,21.8831],[110.1927,21.9025],[110.1349,21.8868],[110.1196,21.9053],[110.1034,21.8733],[110.0914,21.8885],[110.0491,21.8594],[109.9821,21.882],[109.9408,21.8489],[109.9271,21.7549],[109.9377,21.7413],[109.9014,21.6965],[109.9116,21.6718],[109.8989,21.6556],[109.8353,21.6394],[109.8059,21.6479],[109.7968,21.6298],[109.7737,21.673],[109.7618,21.6702],[109.739,21.6195],[109.7718,21.4888],[109.7591,21.4998],[109.7519,21.4591],[109.6514,21.5193],[109.6677,21.5365],[109.6652,21.5948],[109.682,21.6136],[109.6428,21.5968],[109.636,21.5601],[109.6093,21.5791],[109.6177,21.5953],[109.6002,21.6223],[109.6161,21.6473],[109.5812,21.6286],[109.5774,21.6649],[109.5615,21.6726],[109.5698,21.6909],[109.5552,21.7],[109.6003,21.7379],[109.5989,21.773],[109.5918,21.7381],[109.5476,21.7368],[109.5274,21.706],[109.5007,21.7036],[109.5339,21.6856],[109.5363,21.6556],[109.4848,21.6597],[109.5335,21.6445],[109.5863,21.5796],[109.5612,21.5401],[109.598,21.5296],[109.5707,21.5365],[109.5563,21.5222],[109.543,21.5066],[109.557,21.4936],[109.5505,21.4777],[109.5192,21.4907],[109.4471,21.4577],[109.3378,21.4509],[109.3283,21.4803],[109.3027,21.444],[109.2522,21.4306],[109.2368,21.4477],[109.242,21.481],[109.226,21.4229],[109.1583,21.4163],[109.156,21.4025],[109.0427,21.4495],[109.0737,21.4881],[109.0866,21.4813],[109.1233,21.4906],[109.1673,21.5282],[109.1504,21.5807],[109.0759,21.5998],[109.0759,21.6307],[109.0923,21.6348],[109.1244,21.6651],[109.0737,21.6332],[109.0657,21.5946],[109.0462,21.6045],[109.0657,21.6249],[109.0707,21.6532],[109.0869,21.6663],[109.068,21.6547],[109.0654,21.6478],[109.0669,21.6374],[109.0025,21.6028],[108.9652,21.597],[108.9101,21.6166],[108.8937,21.6576],[108.8501,21.6866],[108.8703,21.7127],[108.8637,21.7431],[108.8865,21.7386],[108.9074,21.7559],[108.8842,21.7479],[108.8919,21.7685],[108.8666,21.7486],[108.8675,21.7758],[108.8277,21.8135],[108.8452,21.781],[108.8332,21.7937],[108.8243,21.7906],[108.8559,21.7644],[108.8444,21.709],[108.8199,21.7079],[108.8657,21.6266],[108.832,21.6201],[108.8107,21.6387],[108.744,21.6059],[108.7309,21.6433],[108.7067,21.6519],[108.711,21.6693],[108.726,21.6611],[108.706,21.6911],[108.7162,21.7335],[108.6937,21.6975],[108.6745,21.6929],[108.6762,21.6701],[108.6574,21.66],[108.6354,21.6835],[108.6571,21.7817],[108.6392,21.7599],[108.6253,21.7744],[108.6377,21.7544],[108.6289,21.6955],[108.595,21.7129],[108.597,21.7366],[108.5923,21.7624],[108.5616,21.7908],[108.6123,21.8441],[108.602,21.8621],[108.6338,21.8815],[108.6053,21.9016],[108.5505,21.8908],[108.5543,21.9163],[108.5205,21.8832],[108.4988,21.883],[108.5035,21.8702],[108.4791,21.8699],[108.4918,21.847],[108.4772,21.843],[108.455,21.8679],[108.5033,21.8133],[108.5111,21.766],[108.5496,21.7522],[108.5209,21.7217],[108.5079,21.731],[108.5092,21.717],[108.5224,21.707],[108.5362,21.7268],[108.5495,21.7216],[108.5325,21.6854],[108.5584,21.7077],[108.571,21.6951],[108.5673,21.665],[108.5529,21.6682],[108.5428,21.6546],[108.5577,21.6611],[108.551,21.6437],[108.5245,21.6392],[108.5199,21.5979],[108.4768,21.583],[108.4905,21.6145],[108.4726,21.5908],[108.4784,21.5708],[108.4584,21.5684],[108.4756,21.5593],[108.3745,21.5396],[108.3803,21.5742],[108.4,21.5771],[108.3905,21.5969],[108.4321,21.5998],[108.444,21.6155],[108.4055,21.609],[108.4187,21.6367],[108.4713,21.6665],[108.4121,21.6495],[108.438,21.6917],[108.3919,21.6622],[108.3361,21.69],[108.3327,21.6985],[108.3389,21.7126],[108.3368,21.7128],[108.3267,21.696],[108.3368,21.6845],[108.3318,21.6591],[108.3294,21.6873],[108.3147,21.6672],[108.3199,21.6189],[108.3002,21.5973],[108.3221,21.5998],[108.3232,21.5883],[108.2935,21.5399],[108.2178,21.4995],[108.2711,21.5971],[108.251,21.5892],[108.246,21.6174],[108.2222,21.6172],[108.2267,21.627],[108.2062,21.6034],[108.1663,21.6029],[108.1748,21.5829],[108.137,21.5737],[108.1877,21.5326],[108.1214,21.5174],[108.1309,21.5356],[108.1044,21.5319],[108.0863,21.5512],[108.0721,21.5344],[108.0246,21.5501],[107.9548,21.5368],[107.9428,21.5697],[107.8993,21.5883],[107.8883,21.6257],[107.8572,21.655],[107.8417,21.6414],[107.7858,21.6561],[107.6822,21.6055],[107.6003,21.5943],[107.5773,21.6182],[107.5423,21.5893],[107.4825,21.5985],[107.498,21.6146],[107.4646,21.6618],[107.4258,21.6445],[107.3826,21.5965],[107.3636,21.5992],[107.3584,21.6565],[107.2992,21.7416],[107.2429,21.7062],[107.2126,21.7125],[107.0873,21.8053],[107.0116,21.8234],[107.0078,21.8529],[107.0574,21.8975],[107.0549,21.92],[107.0183,21.9443],[106.995,21.9495],[106.9584,21.9228],[106.9337,21.9335],[106.9158,21.9724],[106.862,21.9878],[106.8071,21.9785],[106.7608,22.0132],[106.7347,22.0108],[106.718,21.9788],[106.6914,21.9656],[106.676,21.9958],[106.7025,22.024],[106.7129,22.0762],[106.6895,22.1389],[106.703,22.1625],[106.6731,22.1821],[106.6744,22.2069],[106.6988,22.2112],[106.6888,22.2757],[106.6686,22.2864],[106.6535,22.3391],[106.5591,22.3518],[106.5924,22.3918],[106.5656,22.4092],[106.5573,22.4624],[106.575,22.4729],[106.6094,22.6104],[106.6575,22.5781],[106.7206,22.5834],[106.7179,22.6168],[106.7659,22.7084],[106.7571,22.7199],[106.7835,22.7711],[106.8294,22.792],[106.8216,22.8137],[106.7651,22.8112],[106.769,22.8267],[106.7228,22.8554],[106.7071,22.8888],[106.6699,22.894],[106.6486,22.8679],[106.6012,22.9293],[106.5639,22.925],[106.5215,22.9507],[106.4903,22.9072],[106.4091,22.8809],[106.3694,22.8835],[106.3556,22.8586],[106.2829,22.8707],[106.2542,22.8892],[106.2656,22.9088],[106.2057,22.9786],[106.1026,22.9843],[106.0848,23.0001],[106.0116,22.99],[106.0045,22.9515],[105.9067,22.9433],[105.8759,22.9187],[105.8346,22.9922],[105.7414,23.0335],[105.7239,23.065],[105.6442,23.083],[105.6249,23.0666],[105.5736,23.0699],[105.5583,23.0854],[105.5652,23.1636],[105.5263,23.2245],[105.5308,23.2452],[105.563,23.2589],[105.5831,23.3104],[105.6485,23.3497],[105.6713,23.3428],[105.6767,23.3243],[105.6978,23.332],[105.667,23.3543],[105.6909,23.3696],[105.6263,23.4048],[105.6963,23.4006],[105.7566,23.4634],[105.8091,23.4686],[105.8208,23.5168],[105.8643,23.5361],[105.9003,23.522],[105.9033,23.5004],[105.9896,23.4939],[105.9828,23.4586],[106.0055,23.4522],[106.0326,23.4894],[106.069,23.4909],[106.085,23.5341],[106.104,23.53],[106.1388,23.5759],[106.1156,23.6036],[106.1509,23.6615],[106.1601,23.7243],[106.1452,23.7342],[106.1332,23.802],[106.1897,23.8228],[106.1939,23.8399],[106.1695,23.8652],[106.1897,23.8619],[106.1969,23.8762],[106.1581,23.8865],[106.1344,23.9579],[106.0782,23.9954],[106.0928,24.027],[106.0514,24.0493],[106.0455,24.0908],[106.0039,24.1072],[106.0013,24.1284],[105.9555,24.1149],[105.9184,24.1238],[105.8975,24.1116],[105.9037,24.0705],[105.8884,24.0423],[105.8469,24.0589],[105.84,24.0334],[105.794,24.0264],[105.7843,24.0339],[105.7978,24.0564],[105.7573,24.0746],[105.7383,24.0592],[105.6973,24.0655],[105.6479,24.0326],[105.6248,24.1297],[105.5964,24.1414],[105.5253,24.1309],[105.5076,24.0302],[105.4916,24.0208],[105.4122,24.0314],[105.394,24.0673],[105.3295,24.0972],[105.3146,24.1204],[105.2706,24.1038],[105.2902,24.0811],[105.2561,24.0637],[105.1792,24.1355],[105.181,24.1702],[105.2247,24.1659],[105.2418,24.2076],[105.2302,24.2221],[105.2127,24.2166],[105.1977,24.2543],[105.1748,24.2556],[105.156,24.283],[105.1755,24.2902],[105.1688,24.3054],[105.1945,24.3381],[105.1412,24.3715],[105.1083,24.3685],[105.0948,24.3902],[105.1055,24.4164],[105.045,24.445],[104.966,24.4088],[104.9259,24.41],[104.9157,24.4268],[104.8432,24.45],[104.8107,24.4389],[104.7532,24.4603],[104.7502,24.4381],[104.7136,24.4458],[104.7003,24.4235],[104.7241,24.3465],[104.6971,24.3202],[104.648,24.3671],[104.6066,24.3782],[104.6266,24.4044],[104.6149,24.4227],[104.573,24.426],[104.565,24.4755],[104.5393,24.5092],[104.5476,24.523],[104.5176,24.539],[104.5035,24.6305],[104.4837,24.6489],[104.4664,24.6374],[104.4468,24.6415],[104.4891,24.6578],[104.5276,24.7348],[104.5939,24.7129],[104.6278,24.6636],[104.6938,24.6542],[104.7033,24.6302],[104.7388,24.6227],[104.7599,24.6601],[104.8432,24.6829],[104.8787,24.7462],[105.031,24.7909],[105.0336,24.8732],[105.06,24.8898],[105.0694,24.9127],[105.1308,24.9656],[105.154,24.9618],[105.2083,24.9986],[105.2326,24.9688],[105.2579,24.9654],[105.2636,24.933],[105.3228,24.9271],[105.3656,24.9465],[105.4384,24.9257],[105.4963,24.8108],[105.565,24.8002],[105.5955,24.8105],[105.6256,24.7794],[105.7015,24.7723],[105.7977,24.7053],[105.8252,24.7059],[105.8614,24.7326],[105.9351,24.7297],[105.9504,24.6901],[106.0195,24.6356],[106.0434,24.6862],[106.1316,24.7325],[106.1397,24.7593],[106.1652,24.761],[106.1842,24.7915],[106.2013,24.8626],[106.1455,24.9608],[106.1847,24.955],[106.2141,24.985],[106.3017,24.9773],[106.4389,25.0219],[106.538,25.0811],[106.5866,25.0908],[106.6365,25.1347],[106.6452,25.1703],[106.6931,25.1818],[106.7236,25.1643],[106.7619,25.1861],[106.7902,25.1743],[106.8841,25.1857],[106.9161,25.251],[106.9927,25.2432],[106.9845,25.2621],[107.0097,25.2785],[107.0096,25.3534],[106.9828,25.3634],[106.96,25.4405],[106.9943,25.4477],[107.0113,25.4986],[107.0669,25.5156],[107.0615,25.5604],[107.1721,25.5773],[107.2031,25.6133],[107.2369,25.5964],[107.2288,25.5543],[107.3253,25.4988],[107.3312,25.4631],[107.3007,25.4318],[107.3106,25.4069],[107.3542,25.3961],[107.3691,25.4137],[107.4185,25.3887],[107.397,25.3495],[107.4172,25.3342],[107.4213,25.2948],[107.4426,25.2778],[107.4703,25.2974],[107.4827,25.2891],[107.4675,25.2171],[107.5045,25.2225],[107.5134,25.2103],[107.565,25.2527],[107.5907,25.2516],[107.5887,25.2652],[107.6112,25.2707],[107.6184,25.3081],[107.6624,25.322],[107.6493,25.2989],[107.6644,25.2796],[107.6595,25.2494],[107.6966,25.2205],[107.6822,25.1971],[107.7485,25.2428],[107.7623,25.2257],[107.7551,25.1929],[107.7876,25.1481],[107.7601,25.1213],[107.81,25.1305],[107.8349,25.1191],[107.994,25.1983],[108.075,25.1959],[108.1125,25.2145],[108.1345,25.236],[108.1436,25.2776],[108.1329,25.2876],[108.1541,25.3277],[108.141,25.3476],[108.1514,25.3797],[108.1373,25.3921],[108.1773,25.3928],[108.1891,25.4068],[108.1547,25.4437],[108.1908,25.4597],[108.2425,25.4286],[108.2369,25.4654],[108.2887,25.484],[108.3157,25.5338],[108.3455,25.5378],[108.3955,25.4941],[108.4251,25.4378],[108.463,25.4586],[108.5,25.4482],[108.5051,25.4173],[108.5501,25.3973],[108.614,25.3096],[108.6262,25.3375],[108.6145,25.4015],[108.584,25.4253],[108.606,25.4813],[108.6293,25.4683],[108.6034,25.4951],[108.6312,25.5227],[108.6628,25.5324],[108.6864,25.5205],[108.6549,25.5551],[108.6544,25.5777],[108.6612,25.5911],[108.6831,25.5888],[108.6867,25.6271],[108.7459,25.6407],[108.7826,25.6245],[108.7765,25.6044],[108.7932,25.5802],[108.7771,25.5571],[108.807,25.5285],[108.8213,25.5521],[108.8856,25.5594],[108.8977,25.5433],[108.9458,25.5597],[108.9685,25.5339],[108.9883,25.5394],[109.0219,25.514],[109.0489,25.5261],[109.0842,25.5525],[109.0464,25.5702],[109.0441,25.6156],[109.0269,25.6377],[109.0737,25.7226],[109.05,25.7311],[109.0488,25.7472],[109.0268,25.7253],[108.9977,25.7381],[108.9421,25.6794],[108.8946,25.6864],[108.8914,25.7164],[108.9355,25.7438],[108.9576,25.7339],[108.9543,25.7446],[108.9955,25.7634],[108.9849,25.7806],[109.0073,25.7952],[109.0749,25.7795],[109.0905,25.8095],[109.1129,25.8123],[109.139,25.799],[109.1442,25.7829],[109.1272,25.763],[109.1435,25.7442],[109.1873,25.7787],[109.1619,25.7991],[109.173,25.8093],[109.202,25.7915],[109.1911,25.7708],[109.2026,25.7416],[109.2754,25.7175],[109.3368,25.7349],[109.3218,25.7646],[109.3346,25.7744],[109.3239,25.7855],[109.3341,25.8375],[109.3825,25.8682],[109.3893,25.9044],[109.4232,25.916],[109.4352,25.9563],[109.4006,25.9681],[109.4521,25.9946],[109.4787,26.0339],[109.5328,25.9981],[109.5432,26.0256],[109.5734,26.0135],[109.621,26.053],[109.6486,26.0497],[109.6498,26.0176],[109.6796,26.0218],[109.6943,26.0002],[109.7042,26.0171],[109.7261,25.9947],[109.7046,25.9558],[109.687,25.9631],[109.68,25.886],[109.7624,25.8936],[109.7768,25.8698],[109.8119,25.8847],[109.8266,25.9119],[109.8103,25.9791],[109.782,25.9898],[109.7859,26.0177],[109.8081,26.048],[109.8675,26.0346],[109.9083,26.1558],[109.9651,26.204],[109.9806,26.1859],[110.0121,26.1878],[110.024,26.168],[110.0931,26.1727],[110.0966,26.1367],[110.0581,26.0414],[110.0807,26.0454],[110.1011,26.0227],[110.1195,26.0405],[110.1538,26.0208],[110.1884,26.0716],[110.2358,26.0382],[110.2559,25.9949],[110.2453,25.974],[110.3034,25.9705],[110.333,25.9976],[110.3727,26.101],[110.4745,26.1857],[110.4973,26.1722],[110.5474,26.2345],[110.5457,26.2832],[110.6153,26.3401],[110.6384,26.3115],[110.6795,26.3204],[110.7087,26.2985],[110.7434,26.3196],[110.7513,26.3068],[110.7344,26.2748],[110.7566,26.2501],[110.7934,26.2711],[110.8323,26.2576],[110.8914,26.2807],[110.9116,26.2782],[110.923,26.2569],[110.9344,26.2913],[110.9215,26.3219],[110.9415,26.335],[110.9504,26.3839],[110.9717,26.3871],[111.0063,26.3399]],[[105.0856,24.9175],[105.0955,24.9319],[105.0783,24.9177],[105.0856,24.9175]]]]}},{"type":"Feature","properties":{"name":"海南省","adcode":"460000","region_code":"460000","population":10081232,"elderly_65plus":1051500,"aging_rate":0.1043,"youth_rate":0.1997,"source_year":"2020","source_name":"第七次全国人口普查（省市分年龄性别）","license":"普查数据，来源标注 required"},"geometry":{"type":"MultiPolygon","coordinates":[[[[112.0438,3.8381],[112.0101,3.8395],[112.0092,3.8689],[112.0482,3.8772],[112.0569,3.8582],[112.0438,3.8381]]],[[[112.245,3.8607],[112.2177,3.8815],[112.239,3.9077],[112.2612,3.8954],[112.2623,3.8735],[112.245,3.8607]]],[[[112.2593,3.9389],[112.2453,3.9653],[112.2653,3.9765],[112.2806,3.9487],[112.2593,3.9389]]],[[[112.617,4.944],[112.5819,4.9542],[112.58,4.977],[112.5995,4.9952],[112.6373,4.9878],[112.617,4.944]]],[[[112.5022,5.0063],[112.461,5.0135],[112.467,5.0422],[112.4948,5.0355],[112.5022,5.0063]]],[[[112.6697,4.9983],[112.6372,5.0064],[112.6101,5.0438],[112.6438,5.0387],[112.6697,4.9983]]],[[[112.9394,4.9929],[112.9031,4.9941],[112.9069,5.0395],[112.9248,5.0515],[112.9543,5.0395],[112.9394,4.9929]]],[[[112.5848,5.0743],[112.5622,5.076],[112.5551,5.1152],[112.6071,5.1116],[112.5848,5.0743]]],[[[112.7146,5.0637],[112.6519,5.0568],[112.6505,5.1143],[112.6798,5.1196],[112.7146,5.0637]]],[[[112.6808,5.3729],[112.6171,5.351],[112.6086,5.3895],[112.6412,5.4107],[112.6866,5.4079],[112.6808,5.3729]]],[[[112.6167,5.4639],[112.579,5.5627],[112.589,5.5775],[112.6121,5.57],[112.6354,5.5163],[112.6352,5.4812],[112.6167,5.4639]]],[[[112.3814,5.6165],[112.3579,5.611],[112.3458,5.6227],[112.3559,5.6413],[112.3808,5.6442],[112.3814,5.6165]]],[[[112.5517,5.6196],[112.5205,5.6455],[112.5275,5.6921],[112.5574,5.6782],[112.5517,5.6196]]],[[[112.4909,5.7356],[112.4681,5.7404],[112.4735,5.7722],[112.4918,5.7772],[112.4909,5.7356]]],[[[112.5587,5.7603],[112.5326,5.7617],[112.5243,5.7791],[112.5249,5.8022],[112.5484,5.8232],[112.5669,5.798],[112.5587,5.7603]]],[[[112.5628,5.9536],[112.5306,5.9524],[112.5346,5.9714],[112.5714,5.9726],[112.5628,5.9536]]],[[[113.2349,6.2903],[113.2152,6.2971],[113.2267,6.3274],[113.244,6.3191],[113.2349,6.2903]]],[[[113.6067,6.9229],[113.5722,6.9242],[113.5918,6.9632],[113.6191,6.9438],[113.6067,6.9229]]],[[[114.8509,7.1878],[114.8156,7.1973],[114.8503,7.2458],[114.8673,7.2325],[114.8509,7.1878]]],[[[113.8326,7.3854],[113.8537,7.3754],[113.8244,7.3637],[113.7875,7.373],[113.8326,7.3854]]],[[[114.9858,7.4779],[114.9567,7.4865],[114.9469,7.5158],[115.0099,7.5274],[115.0109,7.4905],[114.9858,7.4779]]],[[[109.9337,7.5355],[109.9467,7.5147],[109.9355,7.506],[109.8023,7.5261],[109.7057,7.5123],[109.6505,7.4809],[109.5096,7.3216],[109.4756,7.3075],[109.4604,7.3162],[109.4629,7.3549],[109.5323,7.4502],[109.6494,7.561],[109.7186,7.5772],[109.8128,7.5741],[109.9337,7.5355]]],[[[111.5511,7.5261],[111.5348,7.5457],[111.5591,7.6041],[111.6026,7.6089],[111.5901,7.5608],[111.5511,7.5261]]],[[[114.6791,7.5642],[114.6616,7.5731],[114.6702,7.6092],[114.7144,7.6135],[114.7176,7.5933],[114.6791,7.5642]]],[[[113.7898,7.6013],[113.7644,7.6086],[113.765,7.6383],[113.8273,7.6462],[113.8297,7.6177],[113.7898,7.6013]]],[[[111.698,7.6468],[111.6662,7.6527],[111.6725,7.6964],[111.7046,7.7266],[111.7398,7.7252],[111.7338,7.6831],[111.698,7.6468]]],[[[110.4778,7.7827],[110.4613,7.7846],[110.4582,7.8071],[110.4811,7.8292],[110.5061,7.8216],[110.4778,7.7827]]],[[[111.5761,7.771],[111.5508,7.815],[111.6051,7.8635],[111.6154,7.8422],[111.5761,7.771]]],[[[112.9253,7.8294],[112.8941,7.8292],[112.889,7.8557],[112.9276,7.8692],[112.9253,7.8294]]],[[[111.703,7.8879],[111.6608,7.8885],[111.6368,7.9053],[111.6475,7.9342],[111.712,7.9267],[111.7206,7.9103],[111.703,7.8879]]],[[[109.9846,7.8142],[109.933,7.8256],[109.9433,7.8832],[110.0292,7.946],[110.074,7.9509],[110.0724,7.8794],[109.9846,7.8142]]],[[[114.0546,7.5391],[113.983,7.5377],[113.9266,7.5601],[113.8944,7.6192],[113.9174,7.6406],[114.0247,7.6712],[114.2034,7.784],[114.2641,7.8723],[114.4104,7.9542],[114.4685,7.9706],[114.5292,7.9567],[114.5506,7.8809],[114.4297,7.789],[114.4036,7.6846],[114.3643,7.6399],[114.0546,7.5391]]],[[[114.9005,7.9514],[114.866,7.9765],[114.8795,8.0137],[114.9105,8.0094],[114.9171,7.9933],[114.9005,7.9514]]],[[[113.9664,7.9464],[113.9315,7.9458],[113.9009,7.9654],[113.8969,8.0195],[113.9358,8.0201],[113.9655,7.9767],[113.9664,7.9464]]],[[[110.637,7.9871],[110.606,7.9929],[110.619,8.043],[110.6368,8.0373],[110.637,7.9871]]],[[[111.9906,8.0491],[111.9303,8.06],[111.9226,8.0907],[111.9502,8.1081],[112.0087,8.0949],[112.0134,8.064],[111.9906,8.0491]]],[[[114.128,8.0924],[114.0966,8.0805],[114.0973,8.1026],[114.1291,8.1151],[114.128,8.0924]]],[[[113.2284,8.0687],[113.2177,8.0779],[113.2337,8.0993],[113.2766,8.1188],[113.2284,8.0687]]],[[[114.5262,8.1052],[114.5056,8.1135],[114.5084,8.1314],[114.5922,8.1601],[114.6207,8.1514],[114.5919,8.1226],[114.5262,8.1052]]],[[[114.8124,8.1174],[114.7731,8.1158],[114.7825,8.1611],[114.8064,8.1597],[114.8124,8.1174]]],[[[110.5506,8.0955],[110.4673,8.0737],[110.4577,8.1299],[110.5912,8.1749],[110.5921,8.1453],[110.5506,8.0955]]],[[[114.6661,8.2122],[114.7266,8.2104],[114.7377,8.1913],[114.6873,8.1869],[114.6661,8.2122]]],[[[113.3808,8.238],[113.3118,8.1347],[113.2858,8.1149],[113.3331,8.2014],[113.2638,8.1253],[113.2896,8.1779],[113.347,8.2357],[113.3529,8.3099],[113.38,8.2972],[113.3808,8.238]]],[[[115.4356,8.3235],[115.4153,8.3358],[115.4322,8.364],[115.4455,8.3511],[115.4356,8.3235]]],[[[115.196,8.3912],[115.2768,8.3567],[115.2587,8.3453],[115.1979,8.3548],[115.176,8.3833],[115.196,8.3912]]],[[[112.9653,8.405],[112.9409,8.412],[112.9512,8.4389],[112.9811,8.431],[112.9653,8.405]]],[[[115.2811,8.4829],[115.2553,8.4881],[115.2581,8.5179],[115.292,8.5129],[115.2811,8.4829]]],[[[115.5286,8.4612],[115.5065,8.4881],[115.5083,8.5198],[115.555,8.5251],[115.5569,8.468],[115.5286,8.4612]]],[[[111.4835,8.5227],[111.4588,8.5268],[111.4734,8.5491],[111.5048,8.5527],[111.4835,8.5227]]],[[[111.9215,8.6439],[111.9187,8.6462],[111.9226,8.6464],[111.9215,8.6439]]],[[[111.6799,8.6271],[111.6486,8.6352],[111.6577,8.679],[111.7088,8.6734],[111.7134,8.6519],[111.6799,8.6271]]],[[[114.2079,8.7894],[114.2447,8.7263],[114.2313,8.7202],[114.2106,8.7625],[114.222,8.7152],[114.2114,8.7106],[114.1905,8.7744],[114.2079,8.7894]]],[[[114.0076,8.8005],[113.9709,8.7948],[113.9528,8.844],[113.9733,8.8434],[114.0076,8.8005]]],[[[112.2276,8.8277],[112.2033,8.8373],[112.2241,8.8587],[112.2365,8.8548],[112.2276,8.8277]]],[[[112.5998,8.8592],[112.6387,8.8222],[112.5665,8.8175],[112.5335,8.8439],[112.5399,8.8564],[112.5998,8.8592]]],[[[114.047,8.779],[114.0328,8.7828],[113.9756,8.8798],[114.0472,8.8334],[114.0594,8.8016],[114.047,8.779]]],[[[112.1951,8.8533],[112.1775,8.8685],[112.2222,8.8886],[112.2217,8.8803],[112.1951,8.8533]]],[[[113.9212,8.8404],[113.8894,8.8647],[113.9079,8.8912],[113.9361,8.8742],[113.9212,8.8404]]],[[[112.2731,8.8548],[112.2571,8.8567],[112.2409,8.8782],[112.281,8.8907],[112.2731,8.8548]]],[[[114.6417,8.8468],[114.5949,8.8482],[114.6134,8.8833],[114.6615,8.9019],[114.6783,8.8831],[114.6417,8.8468]]],[[[116.3282,8.9029],[116.2977,8.8857],[116.2904,8.86],[116.2697,8.8816],[116.3087,8.9202],[116.3282,8.9029]]],[[[112.8611,8.8919],[112.8372,8.8959],[112.8204,8.9208],[112.8686,8.9103],[112.8611,8.8919]]],[[[112.3688,8.9101],[112.3415,8.9279],[112.3804,8.9488],[112.3881,8.9213],[112.3688,8.9101]]],[[[113.7262,9.0058],[113.65,8.964],[113.6337,8.9788],[113.7214,9.0193],[113.7262,9.0058]]],[[[116.6506,9.0372],[116.6426,9.0353],[116.6459,9.0395],[116.6506,9.0372]]],[[[116.7367,9.0306],[116.7051,9.026],[116.6955,9.0508],[116.7134,9.0649],[116.7457,9.0585],[116.7367,9.0306]]],[[[116.4806,9.1397],[116.4496,9.1703],[116.4825,9.1868],[116.4967,9.1659],[116.4806,9.1397]]],[[[113.6726,9.2047],[113.6559,9.233],[113.6756,9.246],[113.6927,9.2277],[113.6726,9.2047]]],[[[111.5493,9.2769],[111.5163,9.2658],[111.5513,9.287],[111.5493,9.2769]]],[[[115.9734,9.3241],[115.9919,9.2795],[115.9392,9.2717],[115.9183,9.2943],[115.9305,9.3177],[115.9734,9.3241]]],[[[114.1916,9.3525],[114.171,9.344],[114.1625,9.3862],[114.1899,9.3933],[114.1916,9.3525]]],[[[115.4659,9.3608],[115.4307,9.3536],[115.4233,9.3767],[115.4491,9.4196],[115.4659,9.3608]]],[[[116.9275,9.4482],[116.9175,9.4569],[116.9307,9.468],[116.9357,9.4632],[116.9275,9.4482]]],[[[112.5644,9.5189],[112.5039,9.5275],[112.5076,9.5467],[112.5243,9.5608],[112.5629,9.5559],[112.5644,9.5189]]],[[[112.9036,9.5516],[112.8744,9.5437],[112.9024,9.5625],[112.9036,9.5516]]],[[[112.8792,9.5788],[112.8716,9.5709],[112.8698,9.578],[112.8792,9.5788]]],[[[112.903,9.5879],[112.8892,9.5711],[112.8909,9.5925],[112.903,9.5879]]],[[[116.1517,9.5944],[116.1839,9.5974],[116.1854,9.5671],[116.1507,9.5707],[116.1517,9.5944]]],[[[112.93,9.6285],[112.9265,9.6216],[112.9229,9.6258],[112.93,9.6285]]],[[[112.9425,9.6379],[112.9313,9.6348],[112.9395,9.6397],[112.9425,9.6379]]],[[[112.9659,9.6415],[112.9503,9.6394],[112.9643,9.6445],[112.9659,9.6415]]],[[[112.9864,9.6565],[112.975,9.6471],[112.9728,9.6529],[112.9864,9.6565]]],[[[113.0071,9.66],[112.997,9.6508],[112.9974,9.6604],[113.0071,9.66]]],[[[113.0199,9.6656],[113.0157,9.6575],[113.014,9.6642],[113.0199,9.6656]]],[[[113.0374,9.6593],[113.0244,9.6604],[113.0132,9.6792],[113.0318,9.6799],[113.0374,9.6593]]],[[[116.5964,9.736],[116.5994,9.7163],[116.5876,9.7374],[116.5964,9.736]]],[[[114.2828,9.6995],[114.2695,9.7056],[114.2839,9.7405],[114.2962,9.7249],[114.2828,9.6995]]],[[[114.7164,9.7191],[114.7008,9.7023],[114.6768,9.7094],[114.674,9.7291],[114.7108,9.7388],[114.7164,9.7191]]],[[[116.5888,9.7246],[116.5629,9.7207],[116.5477,9.7457],[116.575,9.7474],[116.5888,9.7246]]],[[[116.5366,9.7415],[116.515,9.7463],[116.5378,9.7441],[116.5366,9.7415]]],[[[114.3553,9.7547],[114.3404,9.745],[114.3485,9.762],[114.3553,9.7547]]],[[[114.2659,9.7674],[114.2501,9.7704],[114.254,9.7814],[114.2659,9.7674]]],[[[115.8803,9.6505],[115.8635,9.6521],[115.8574,9.6963],[115.8336,9.7116],[115.8608,9.7738],[115.9037,9.798],[115.9218,9.7835],[115.9195,9.7505],[115.8803,9.6505]]],[[[116.4473,9.7633],[116.4287,9.7703],[116.4318,9.8056],[116.4501,9.7958],[116.4473,9.7633]]],[[[114.4094,9.7974],[114.3917,9.797],[114.3944,9.8052],[114.4094,9.7974]]],[[[116.4885,9.7836],[116.466,9.8116],[116.4818,9.8245],[116.5049,9.8036],[116.4885,9.7836]]],[[[114.2696,9.8237],[114.2519,9.8262],[114.2654,9.8398],[114.2696,9.8237]]],[[[114.4707,9.8322],[114.452,9.8239],[114.4545,9.8411],[114.4707,9.8322]]],[[[114.4949,9.852],[114.4906,9.8474],[114.4875,9.8549],[114.4949,9.852]]],[[[114.518,9.8687],[114.5045,9.8695],[114.5109,9.8749],[114.518,9.8687]]],[[[114.3111,9.8822],[114.3014,9.8769],[114.3009,9.8846],[114.3111,9.8822]]],[[[114.5967,9.88],[114.5768,9.8746],[114.5794,9.886],[114.5967,9.88]]],[[[114.3319,9.8911],[114.3266,9.8815],[114.3223,9.8889],[114.3319,9.8911]]],[[[114.5593,9.8693],[114.5429,9.8735],[114.5383,9.8892],[114.5569,9.8898],[114.5593,9.8693]]],[[[114.403,9.8971],[114.3885,9.8949],[114.3893,9.9041],[114.403,9.8971]]],[[[114.477,9.9021],[114.4542,9.8964],[114.4555,9.9134],[114.477,9.9021]]],[[[114.498,9.9039],[114.4851,9.9108],[114.497,9.9247],[114.5056,9.9205],[114.498,9.9039]]],[[[115.5288,9.934],[115.5809,9.9122],[115.5503,9.8722],[115.4984,9.8926],[115.5024,9.9262],[115.5288,9.934]]],[[[114.5299,9.9229],[114.514,9.9339],[114.5176,9.9423],[114.5311,9.9373],[114.5299,9.9229]]],[[[114.5692,9.9371],[114.5465,9.9419],[114.5673,9.9475],[114.5692,9.9371]]],[[[114.5876,9.954],[114.5741,9.9511],[114.577,9.9607],[114.5876,9.954]]],[[[114.6663,9.9272],[114.6349,9.9206],[114.615,9.9768],[114.6819,9.981],[114.6663,9.9272]]],[[[114.0299,10.015],[114.0431,10.0297],[114.047,10.0182],[114.0299,10.015]]],[[[117.381,10.0653],[117.35,10.0649],[117.3496,10.1065],[117.3858,10.1004],[117.381,10.0653]]],[[[113.8564,9.9941],[113.8394,9.9964],[113.8573,10.129],[113.8714,10.1157],[113.8564,9.9941]]],[[[116.0712,10.067],[116.0415,10.0973],[116.0693,10.1329],[116.0919,10.0953],[116.0712,10.067]]],[[[114.3623,10.1859],[114.3686,10.1723],[114.343,10.1798],[114.3623,10.1859]]],[[[115.2777,10.2079],[115.3292,10.2022],[115.2866,10.1733],[115.2777,10.2079]]],[[[114.2293,10.2121],[114.2157,10.2109],[114.2256,10.218],[114.2293,10.2121]]],[[[115.3728,10.2488],[115.3618,10.2571],[115.3768,10.2565],[115.3728,10.2488]]],[[[113.6193,10.2246],[113.5926,10.2431],[113.6063,10.259],[113.6338,10.2454],[113.6193,10.2246]]],[[[114.2565,10.2403],[114.2383,10.2438],[114.2608,10.2773],[114.3189,10.2978],[114.322,10.2865],[114.2565,10.2403]]],[[[117.2804,10.306],[117.2538,10.3226],[117.2706,10.3602],[117.2956,10.3451],[117.2951,10.316],[117.2804,10.306]]],[[[114.7246,10.3238],[114.6982,10.3147],[114.6869,10.3287],[114.689,10.3593],[114.7133,10.3821],[114.7431,10.3739],[114.7246,10.3238]]],[[[114.4861,10.3778],[114.4739,10.3742],[114.4763,10.3829],[114.4861,10.3778]]],[[[114.3735,10.3833],[114.36,10.3724],[114.3538,10.3756],[114.3735,10.3833]]],[[[114.583,10.4196],[114.5671,10.4081],[114.5637,10.4142],[114.583,10.4196]]],[[[116.5202,10.3495],[116.6343,10.3671],[116.6441,10.3449],[116.5628,10.3065],[116.4631,10.3108],[116.4579,10.351],[116.5226,10.4291],[116.5386,10.4221],[116.5103,10.3605],[116.5202,10.3495]]],[[[115.7829,10.4392],[115.7583,10.4474],[115.7598,10.4722],[115.798,10.4656],[115.7829,10.4392]]],[[[115.7391,10.4416],[115.7187,10.4472],[115.7267,10.4736],[115.7391,10.4654],[115.7391,10.4416]]],[[[116.8512,10.4706],[116.8308,10.4858],[116.8664,10.4967],[116.8659,10.4798],[116.8512,10.4706]]],[[[115.7145,10.4807],[115.6965,10.4871],[115.7052,10.5152],[115.7205,10.5034],[115.7145,10.4807]]],[[[116.6487,10.5199],[116.6954,10.5194],[116.7088,10.5071],[116.7002,10.492],[116.6493,10.4934],[116.6346,10.5062],[116.6487,10.5199]]],[[[115.8009,10.5069],[115.7915,10.5019],[115.7674,10.5332],[115.7862,10.5386],[115.8009,10.5069]]],[[[115.7417,10.5121],[115.7185,10.5218],[115.7167,10.5392],[115.7426,10.5379],[115.7417,10.5121]]],[[[117.2055,10.5967],[117.171,10.5928],[117.1705,10.6225],[117.2055,10.5967]]],[[[116.1715,10.6163],[116.1594,10.6158],[116.1659,10.6495],[116.1715,10.6163]]],[[[117.6383,10.6242],[117.6292,10.6428],[117.6606,10.6529],[117.6633,10.6455],[117.6383,10.6242]]],[[[114.4285,10.6718],[114.4183,10.6655],[114.4219,10.6753],[114.4285,10.6718]]],[[[114.5402,10.7131],[114.528,10.7085],[114.532,10.7172],[114.5402,10.7131]]],[[[116.1724,10.7182],[116.1605,10.7161],[116.1642,10.7231],[116.1724,10.7182]]],[[[114.3477,10.7323],[114.3358,10.701],[114.3153,10.6953],[114.3477,10.7323]]],[[[115.8067,10.737],[115.7987,10.7296],[115.8027,10.7393],[115.8067,10.737]]],[[[117.2135,10.7154],[117.1913,10.713],[117.1768,10.7365],[117.2097,10.7367],[117.2135,10.7154]]],[[[117.4056,10.6735],[117.2727,10.687],[117.2635,10.7023],[117.2977,10.7417],[117.3649,10.7442],[117.4142,10.7042],[117.4056,10.6735]]],[[[114.5664,10.7544],[114.5578,10.75],[114.56,10.7573],[114.5664,10.7544]]],[[[114.5657,10.7822],[114.5722,10.7753],[114.5657,10.7767],[114.5657,10.7822]]],[[[114.5491,10.7588],[114.4896,10.7167],[114.5324,10.7924],[114.5507,10.7974],[114.5491,10.7588]]],[[[115.8298,10.819],[115.8173,10.8158],[115.828,10.8229],[115.8298,10.819]]],[[[116.0969,10.7866],[116.0767,10.8066],[116.0835,10.8323],[116.1075,10.8156],[116.0969,10.7866]]],[[[114.8678,10.8275],[114.8488,10.819],[114.8524,10.8392],[114.8678,10.8275]]],[[[117.7946,10.7552],[117.7675,10.7555],[117.7693,10.8077],[117.8014,10.8442],[117.8228,10.8425],[117.8318,10.8056],[117.7946,10.7552]]],[[[115.8586,10.8299],[115.8411,10.8409],[115.8379,10.8527],[115.8601,10.8497],[115.8586,10.8299]]],[[[114.927,10.8437],[114.9073,10.8694],[114.9301,10.9048],[114.9497,10.9091],[114.9463,10.8668],[114.927,10.8437]]],[[[114.5895,10.8585],[114.5613,10.8385],[114.5344,10.8555],[114.5091,10.8504],[114.4734,10.8144],[114.4651,10.8377],[114.5779,10.9108],[114.5947,10.8977],[114.5895,10.8585]]],[[[114.0862,10.9043],[114.055,10.9142],[114.092,10.9492],[114.108,10.9317],[114.0862,10.9043]]],[[[114.1932,11.033],[114.1833,11.0303],[114.1887,11.0369],[114.1932,11.033]]],[[[117.6862,11.0183],[117.6521,11.0265],[117.6493,11.048],[117.6867,11.0506],[117.7004,11.0335],[117.6862,11.0183]]],[[[114.211,11.056],[114.2031,11.0551],[114.2091,11.06],[114.211,11.056]]],[[[114.2823,11.0471],[114.2806,11.061],[114.2915,11.0606],[114.2945,11.0511],[114.2823,11.0471]]],[[[114.2322,11.0667],[114.2201,11.0552],[114.2142,11.0654],[114.2322,11.0667]]],[[[114.3277,11.071],[114.3428,11.0499],[114.3084,11.0597],[114.3277,11.071]]],[[[114.2632,11.0741],[114.2532,11.0703],[114.2546,11.0794],[114.2632,11.0741]]],[[[117.3002,11.029],[117.263,11.0429],[117.2601,11.0644],[117.2772,11.0804],[117.2952,11.0792],[117.3002,11.029]]],[[[117.4812,11.0891],[117.4464,11.0648],[117.4476,11.0799],[117.4812,11.0891]]],[[[114.3726,11.0796],[114.3641,11.0934],[114.3792,11.097],[114.383,11.0913],[114.3726,11.0796]]],[[[115.0093,11.0647],[114.9853,11.0693],[114.9888,11.097],[115.0165,11.0901],[115.0093,11.0647]]],[[[114.7893,11.078],[114.6931,11.0062],[114.7065,11.0414],[114.7624,11.1118],[114.7955,11.1067],[114.7893,11.078]]],[[[114.803,11.1414],[114.7841,11.1491],[114.7834,11.1537],[114.8046,11.1547],[114.803,11.1414]]],[[[114.5918,11.3145],[114.5666,11.3199],[114.5768,11.3386],[114.5912,11.3293],[114.5918,11.3145]]],[[[114.3103,11.3813],[114.2961,11.391],[114.3073,11.3973],[114.3103,11.3813]]],[[[114.3717,11.3997],[114.3547,11.4018],[114.3688,11.4081],[114.3717,11.3997]]],[[[114.3369,11.4344],[114.3254,11.4261],[114.3328,11.4369],[114.3369,11.4344]]],[[[114.4,11.4404],[114.3914,11.4299],[114.3928,11.4416],[114.4,11.4404]]],[[[114.3646,11.4554],[114.3487,11.4557],[114.3655,11.46],[114.3646,11.4554]]],[[[114.371,11.4636],[114.3688,11.449],[114.3669,11.4643],[114.371,11.4636]]],[[[114.4001,11.4524],[114.3855,11.4583],[114.3812,11.4661],[114.3994,11.4686],[114.4001,11.4524]]],[[[114.73,11.4338],[114.6914,11.4486],[114.6925,11.4899],[114.7273,11.4836],[114.73,11.4338]]],[[[116.7613,11.4317],[116.7294,11.4778],[116.7295,11.5158],[116.7682,11.447],[116.7613,11.4317]]],[[[114.6395,11.4253],[114.6167,11.4297],[114.6159,11.5174],[114.6413,11.5324],[114.6579,11.5242],[114.6395,11.4253]]],[[[115.4342,13.945],[115.3932,13.9264],[115.3574,13.9504],[115.3729,13.9703],[115.419,13.9788],[115.4342,13.945]]],[[[117.8095,15.1244],[117.8102,15.1185],[117.8046,15.1209],[117.8095,15.1244]]],[[[117.8259,15.1399],[117.8266,15.134],[117.821,15.1365],[117.8259,15.1399]]],[[[117.7442,15.2315],[117.7784,15.1892],[117.8349,15.1611],[117.8404,15.1291],[117.7356,15.2209],[117.7165,15.1971],[117.7209,15.133],[117.8248,15.11],[117.7225,15.1072],[117.7084,15.1201],[117.7108,15.2244],[117.7442,15.2315]]],[[[114.0073,15.4318],[114.0074,15.4105],[113.9772,15.423],[114.0073,15.4318]]],[[[114.2602,15.4465],[114.2306,15.4341],[114.2421,15.4594],[114.2602,15.4465]]],[[[113.8896,15.4658],[113.8692,15.4636],[113.8567,15.4814],[113.8881,15.4921],[113.8896,15.4658]]],[[[114.2788,15.5394],[114.2534,15.5283],[114.2609,15.552],[114.2788,15.5394]]],[[[114.4875,15.5951],[114.4624,15.5781],[114.4532,15.6012],[114.4875,15.5951]]],[[[113.7549,15.6109],[113.7198,15.5947],[113.713,15.6099],[113.7549,15.6109]]],[[[114.6031,15.6522],[114.6069,15.6172],[114.5772,15.6273],[114.6031,15.6522]]],[[[113.897,15.6526],[113.8894,15.6758],[113.9157,15.6871],[113.9159,15.6613],[113.897,15.6526]]],[[[112.2494,15.7134],[112.204,15.6971],[112.1988,15.7159],[112.247,15.7448],[112.2494,15.7134]]],[[[111.2249,15.7887],[111.191,15.775],[111.1916,15.7915],[111.2208,15.8026],[111.2249,15.7887]]],[[[113.9687,15.8075],[113.9487,15.8075],[113.9341,15.8372],[113.9661,15.8411],[113.9687,15.8075]]],[[[114.786,15.9007],[114.7833,15.8695],[114.7639,15.8708],[114.7575,15.8908],[114.786,15.9007]]],[[[114.12,15.98],[114.1005,15.9846],[114.109,16.0128],[114.1332,15.9957],[114.12,15.98]]],[[[114.9161,16.0051],[114.8914,16.0382],[114.9048,16.0572],[114.9232,16.0353],[114.9161,16.0051]]],[[[114.3146,16.0419],[114.3033,16.0359],[114.2085,16.0424],[114.2786,16.0623],[114.3146,16.0419]]],[[[112.593,16.0718],[112.6076,16.0413],[112.5792,16.0169],[112.4414,16.0111],[112.4573,16.0458],[112.593,16.0718]]],[[[114.4808,16.0365],[114.4481,16.0325],[114.4444,16.0484],[114.4773,16.073],[114.5192,16.0662],[114.4808,16.0365]]],[[[111.7866,16.0307],[111.7562,16.0436],[111.753,16.0612],[111.8248,16.0729],[111.8237,16.0512],[111.7866,16.0307]]],[[[111.7171,16.214],[111.7007,16.2042],[111.699,16.2111],[111.7171,16.214]]],[[[114.8151,16.2095],[114.699,16.1721],[114.7004,16.2012],[114.8151,16.2095]]],[[[111.678,16.2626],[111.5908,16.1923],[111.6093,16.1796],[111.6635,16.2089],[111.6912,16.213],[111.6959,16.2003],[111.6064,16.1583],[111.5636,16.1648],[111.5732,16.2104],[111.6448,16.2576],[111.678,16.2626]]],[[[111.8084,16.2637],[111.8121,16.2261],[111.7477,16.1947],[111.7276,16.2082],[111.7855,16.2224],[111.7849,16.2518],[111.6792,16.2624],[111.7853,16.2765],[111.8084,16.2637]]],[[[112.5341,16.291],[112.471,16.2907],[112.4063,16.2652],[112.3743,16.2709],[112.3975,16.2952],[112.5045,16.3193],[112.5322,16.3144],[112.5341,16.291]]],[[[112.0566,16.3162],[111.9726,16.3208],[111.9731,16.3355],[112.0423,16.3621],[112.0734,16.3481],[112.0566,16.3162]]],[[[112.6965,16.3336],[112.6671,16.3335],[112.673,16.3611],[112.6929,16.3587],[112.6965,16.3336]]],[[[116.7199,16.2992],[116.6939,16.3175],[116.6907,16.3474],[116.7205,16.3765],[116.7435,16.3624],[116.7434,16.3235],[116.7199,16.2992]]],[[[112.6728,16.3903],[112.6417,16.3876],[112.6553,16.4286],[112.6744,16.4154],[112.6728,16.3903]]],[[[111.6936,16.448],[111.7117,16.4557],[111.7172,16.4487],[111.6936,16.448]]],[[[111.545,16.4438],[111.5324,16.4343],[111.4892,16.4449],[111.534,16.4635],[111.545,16.4438]]],[[[111.6039,16.4405],[111.5737,16.4494],[111.579,16.4929],[111.607,16.4659],[111.6039,16.4405]]],[[[111.5887,16.5077],[111.5823,16.5029],[111.5848,16.5096],[111.5887,16.5077]]],[[[112.5028,16.4679],[112.4948,16.4954],[112.5794,16.5335],[112.5743,16.5151],[112.5028,16.4679]]],[[[111.7188,16.546],[111.718,16.5431],[111.7158,16.5449],[111.7188,16.546]]],[[[111.6236,16.5374],[111.5968,16.5379],[111.6291,16.5477],[111.6236,16.5374]]],[[[111.7836,16.5146],[111.7345,16.4548],[111.7355,16.4707],[111.7607,16.5036],[111.7396,16.5537],[111.7836,16.5146]]],[[[111.6868,16.5673],[111.6857,16.5657],[111.6856,16.5672],[111.6868,16.5673]]],[[[112.6404,16.5711],[112.6323,16.5673],[112.6319,16.5721],[112.6404,16.5711]]],[[[111.6647,16.5586],[111.6509,16.5674],[111.6747,16.5789],[111.6777,16.5699],[111.6647,16.5586]]],[[[111.7266,16.5624],[111.7,16.5757],[111.687,16.594],[111.7182,16.5916],[111.7266,16.5624]]],[[[112.7413,16.655],[112.7233,16.6577],[112.7172,16.6779],[112.7437,16.6714],[112.7413,16.655]]],[[[112.8994,16.7689],[112.8665,16.7576],[112.8693,16.7747],[112.8984,16.7893],[112.8994,16.7689]]],[[[112.2492,16.7537],[112.1993,16.7759],[112.206,16.7977],[112.2573,16.7799],[112.2492,16.7537]]],[[[112.3554,16.8417],[112.3357,16.8229],[112.3243,16.8363],[112.3461,16.8475],[112.3554,16.8417]]],[[[112.3472,16.9137],[112.299,16.962],[112.3001,16.9752],[112.3452,16.946],[112.3472,16.9137]]],[[[112.2884,16.9695],[112.2104,16.963],[112.1956,16.9803],[112.2501,16.9987],[112.2911,16.9813],[112.2884,16.9695]]],[[[111.4693,17.0745],[111.4637,17.0604],[111.454,17.0746],[111.4693,17.0745]]],[[[111.5547,17.1103],[111.5544,17.0895],[111.4889,17.0603],[111.4771,17.0787],[111.4967,17.076],[111.5318,17.1065],[111.4444,17.0826],[111.5039,17.1183],[111.5547,17.1103]]],[[[109.6978,18.1889],[109.6928,18.182],[109.6908,18.1853],[109.6978,18.1889]]],[[[109.6675,18.2174],[109.6586,18.216],[109.6597,18.2224],[109.6675,18.2174]]],[[[109.418,18.2171],[109.4122,18.2135],[109.4133,18.2226],[109.418,18.2171]]],[[[109.4938,18.2451],[109.4829,18.2359],[109.4732,18.2307],[109.4938,18.2451]]],[[[109.3777,18.2311],[109.3634,18.2296],[109.3682,18.246],[109.3777,18.2311]]],[[[109.276,18.291],[109.2739,18.2836],[109.2716,18.2907],[109.276,18.291]]],[[[109.2757,18.2972],[109.2814,18.2916],[109.276,18.2927],[109.2757,18.2972]]],[[[109.7684,18.3152],[109.7557,18.3114],[109.7554,18.3153],[109.7684,18.3152]]],[[[109.1111,18.3524],[109.1099,18.3454],[109.1074,18.3513],[109.1111,18.3524]]],[[[110.1976,18.5821],[110.1946,18.5746],[110.1929,18.5751],[110.1976,18.5821]]],[[[110.2,18.6076],[110.1915,18.6067],[110.1979,18.6122],[110.2,18.6076]]],[[[110.2085,18.6148],[110.2011,18.6116],[110.2031,18.6175],[110.2085,18.6148]]],[[[110.3631,18.6403],[110.353,18.6412],[110.3607,18.6435],[110.3631,18.6403]]],[[[110.4813,18.6555],[110.4748,18.6677],[110.486,18.6747],[110.4946,18.667],[110.4813,18.6555]]],[[[110.4833,18.6805],[110.473,18.6756],[110.4714,18.6902],[110.4833,18.6805]]],[[[110.4634,18.8746],[110.4647,18.8746],[110.467,18.8714],[110.4634,18.8746]]],[[[110.5747,19.141],[110.5603,19.1436],[110.575,19.1509],[110.5747,19.141]]],[[[110.624,19.2167],[110.6183,19.2108],[110.6187,19.2193],[110.624,19.2167]]],[[[113.8895,19.1598],[113.8491,19.1541],[113.8064,19.1728],[113.8019,19.2249],[113.8712,19.2388],[113.9157,19.2254],[113.9185,19.1894],[113.8895,19.1598]]],[[[108.669,19.3227],[108.6614,19.317],[108.6689,19.3253],[108.669,19.3227]]],[[[113.0225,19.4758],[112.9801,19.4827],[112.9886,19.5278],[113.036,19.5203],[113.043,19.4951],[113.0225,19.4758]]],[[[109.1558,19.66],[109.1583,19.6476],[109.1483,19.6558],[109.1558,19.66]]],[[[109.1646,19.6735],[109.185,19.6645],[109.1704,19.6548],[109.1646,19.6735]]],[[[109.1887,19.6883],[109.2007,19.678],[109.1858,19.6679],[109.1887,19.6883]]],[[[111.204,19.908],[111.197,19.9102],[111.1983,19.9143],[111.204,19.908]]],[[[110.5563,20.0232],[110.5651,20.019],[110.553,20.0145],[110.5563,20.0232]]],[[[110.2282,20.0769],[110.2463,20.0763],[110.2457,20.0676],[110.2308,20.0626],[110.2282,20.0769]]],[[[110.686,20.1597],[110.721,20.0696],[110.7638,20.0432],[110.7812,20.0119],[110.8539,19.9916],[110.9327,20.0117],[110.9952,19.8231],[111.0059,19.6953],[111.0422,19.6431],[110.9797,19.6414],[110.8644,19.5242],[110.8446,19.5323],[110.8231,19.5971],[110.8422,19.6126],[110.8738,19.6097],[110.8684,19.6171],[110.8799,19.6241],[110.8823,19.6409],[110.9026,19.6491],[110.8797,19.6455],[110.8715,19.6205],[110.815,19.6258],[110.8084,19.6126],[110.8054,19.6119],[110.7795,19.6239],[110.8364,19.5296],[110.827,19.5424],[110.809,19.532],[110.8051,19.4852],[110.7605,19.4553],[110.7742,19.4507],[110.7598,19.4254],[110.7306,19.4069],[110.6997,19.4105],[110.6716,19.3822],[110.6821,19.3273],[110.6377,19.3089],[110.6132,19.207],[110.5865,19.1585],[110.5556,19.1421],[110.5599,19.0947],[110.5644,19.1325],[110.5763,19.1316],[110.5675,19.0476],[110.5371,19.0384],[110.5187,18.9969],[110.5145,18.8915],[110.5081,18.8945],[110.4916,18.8888],[110.4719,18.8698],[110.4651,18.8765],[110.4628,18.8745],[110.4693,18.8495],[110.4349,18.8357],[110.4471,18.8088],[110.4893,18.7921],[110.5125,18.8018],[110.4913,18.8694],[110.5078,18.8918],[110.5392,18.7819],[110.4644,18.7693],[110.4135,18.6604],[110.3929,18.6761],[110.3593,18.6616],[110.3273,18.6676],[110.3592,18.6892],[110.378,18.6862],[110.3839,18.6886],[110.399,18.6849],[110.4101,18.6957],[110.4137,18.6832],[110.4155,18.6963],[110.3929,18.7036],[110.398,18.6876],[110.3827,18.6922],[110.3491,18.6897],[110.3121,18.6599],[110.2819,18.6692],[110.1977,18.6179],[110.1036,18.5311],[110.0676,18.4117],[110.0551,18.4445],[110.0398,18.4316],[110.0421,18.4106],[110.0604,18.4073],[110.0495,18.3861],[110.0003,18.3746],[109.9678,18.3895],[109.9661,18.4089],[110.0006,18.3962],[110.0185,18.4095],[110.0236,18.4467],[110.0163,18.4316],[109.9868,18.4353],[109.9673,18.4112],[109.9019,18.414],[109.8225,18.3779],[109.8063,18.4012],[109.7665,18.3918],[109.7208,18.2973],[109.7212,18.2782],[109.7374,18.2723],[109.7092,18.2639],[109.7005,18.2873],[109.6739,18.2759],[109.6863,18.2589],[109.6999,18.2847],[109.7048,18.2597],[109.7414,18.2549],[109.7274,18.2127],[109.7069,18.2186],[109.7115,18.197],[109.6997,18.1972],[109.6862,18.2354],[109.6323,18.2286],[109.6098,18.2143],[109.622,18.1739],[109.5822,18.1802],[109.574,18.1594],[109.5581,18.1725],[109.5753,18.207],[109.5437,18.2214],[109.5743,18.24],[109.5657,18.2575],[109.5634,18.2401],[109.5326,18.2292],[109.5378,18.2052],[109.5133,18.2219],[109.4817,18.1884],[109.4709,18.2093],[109.4905,18.2193],[109.4966,18.2501],[109.4608,18.2811],[109.3093,18.3063],[109.176,18.2866],[109.1545,18.2948],[109.1468,18.3315],[109.107,18.3617],[108.9923,18.3579],[108.9616,18.4012],[108.8623,18.4311],[108.8156,18.4727],[108.6877,18.5061],[108.6746,18.552],[108.7005,18.6207],[108.6962,18.7304],[108.6674,18.7997],[108.6254,18.8238],[108.6233,18.8401],[108.659,18.9312],[108.6147,19.0996],[108.6506,19.1228],[108.6786,19.177],[108.6317,19.2178],[108.6398,19.3003],[108.6688,19.3202],[108.6881,19.3067],[108.6638,19.3472],[108.6848,19.3731],[108.7531,19.3813],[108.821,19.4405],[108.8858,19.4687],[109.0089,19.5834],[109.1816,19.6549],[109.2083,19.6788],[109.2114,19.7213],[109.2267,19.7106],[109.2393,19.7258],[109.279,19.7234],[109.3032,19.6957],[109.3041,19.7208],[109.2727,19.7389],[109.2925,19.7555],[109.3046,19.7452],[109.298,19.7667],[109.3116,19.7695],[109.2871,19.794],[109.266,19.7609],[109.263,19.7739],[109.2496,19.7584],[109.2295,19.7624],[109.2137,19.7265],[109.1887,19.7333],[109.1511,19.7076],[109.1787,19.7375],[109.1617,19.8002],[109.1881,19.8283],[109.2071,19.825],[109.2283,19.8569],[109.259,19.8623],[109.2618,19.9011],[109.2889,19.8956],[109.3062,19.9177],[109.327,19.9068],[109.3266,19.8828],[109.3596,19.8925],[109.3801,19.8761],[109.3792,19.8905],[109.4204,19.8582],[109.4622,19.8695],[109.4743,19.8244],[109.5353,19.8687],[109.5361,19.8457],[109.5181,19.8348],[109.5353,19.8365],[109.5689,19.8559],[109.566,19.8624],[109.5189,19.8741],[109.5245,19.9132],[109.5597,19.9141],[109.529,19.9219],[109.5377,19.9463],[109.6138,19.9942],[109.7108,20.0128],[109.7327,19.9727],[109.7344,19.9876],[109.7608,19.9653],[109.8023,19.965],[109.8038,19.9394],[109.8217,19.9516],[109.8159,19.9852],[109.8609,19.9386],[109.8894,19.9734],[109.8785,19.9893],[109.9406,19.9932],[109.9665,19.9535],[110.0145,19.9395],[109.9895,19.9384],[109.9588,19.9177],[109.9967,19.8969],[109.9924,19.9154],[110.01,19.9174],[109.9889,19.9337],[110.0247,19.9395],[110.0093,19.9598],[110.0657,19.9827],[110.1159,19.9763],[110.1178,19.9615],[110.1254,19.9834],[110.0792,19.9844],[110.1295,20.0049],[110.1532,20.0603],[110.1975,20.0633],[110.2824,20.0228],[110.2765,20.0451],[110.2969,20.0325],[110.3308,20.0477],[110.3008,20.0589],[110.3076,20.0748],[110.3669,20.0914],[110.4899,20.0238],[110.547,20.019],[110.5369,20.0011],[110.5487,19.964],[110.5715,20.0004],[110.5859,19.9962],[110.5902,19.9577],[110.5759,19.9432],[110.5906,19.9489],[110.5792,19.9369],[110.6,19.9091],[110.6346,19.9275],[110.602,20.0066],[110.6117,20.0237],[110.5781,20.0197],[110.5674,20.038],[110.5713,20.0914],[110.5972,20.1109],[110.6462,20.107],[110.686,20.1597]]]]}},{"type":"Feature","properties":{"name":"重庆市","adcode":"500000","region_code":"500000","population":32054159,"elderly_65plus":5473605,"aging_rate":0.1708,"youth_rate":0.1591,"source_year":"2020","source_name":"第七次全国人口普查（省市分年龄性别）","license":"普查数据，来源标注 required"},"geometry":{"type":"Polygon","coordinates":[[[109.57960248976315,31.728486619961586],[109.61357421008177,31.71269475056232],[109.67951396030111,31.720669750508648],[109.72991937997546,31.696847630413856],[109.73329086548114,31.629437690097348],[109.75970856479847,31.606270410451145],[109.73995670973443,31.601126899886594],[109.74832959493494,31.58246929042548],[109.72150307011066,31.572839320278433],[109.7197250097015,31.552077254961375],[109.78405008024708,31.555147780545667],[109.79405021044892,31.542493915561806],[109.83418722496054,31.557729605536906],[109.88758460994188,31.519985900129257],[109.97716865011319,31.515242954798566],[109.93995499972351,31.488591959651274],[109.94092157037426,31.47064951536288],[109.98692946532265,31.475449725024816],[110.05113538019373,31.410893464861545],[110.11000216486809,31.414207030430134],[110.13955263004988,31.387174909794282],[110.1457721146914,31.31886366532592],[110.15789897515765,31.31512180482747],[110.15324659515431,31.258041789596973],[110.16676700459362,31.24931489976285],[110.17512063530916,31.179764685391945],[110.19562810974952,31.1602735950504],[110.17652047503998,31.124672490243256],[110.14128387984726,31.11866375992463],[110.11521731992343,31.08274615491115],[110.12852481037174,31.065348805003396],[110.11500507992054,31.034131285430533],[110.13551946025495,31.03270188498408],[110.13119115544754,30.987803335255762],[110.15848364960078,30.993843280143324],[110.16796579998174,30.981768744931685],[110.14815885964373,30.95518510990496],[110.1436729603389,30.907807415280047],[110.07835877493756,30.804981269869756],[110.04482407027467,30.80208253008476],[110.01408748025307,30.83186720031108],[110.0033376248316,30.886867849871408],[109.9711466601903,30.892376145242963],[109.95107710972087,30.878868394660742],[109.8887272849363,30.902378180208927],[109.71483425989322,30.810893410302697],[109.7138713395907,30.780353469636964],[109.69560724467868,30.771731240204645],[109.69521325528757,30.78645316008533],[109.64943134018426,30.764819839663915],[109.65361330011376,30.729764080148243],[109.5823132046907,30.695932010154195],[109.56454961487287,30.646892069813248],[109.52911914473282,30.641481070295185],[109.52719181035383,30.670282685297764],[109.44884260480245,30.615356924982166],[109.34626685493146,30.489616279567713],[109.33287585973318,30.526628190438714],[109.3590437696543,30.556968405167822],[109.30451779486043,30.601578404719646],[109.3212231650171,30.62199590019071],[109.30846047487108,30.6106411598617],[109.29271508513312,30.633999784662365],[109.22608808020078,30.590512534725747],[109.24150928502553,30.58823949016039],[109.19184315483778,30.547438325418454],[109.16356596959389,30.550258450067474],[109.140335585419,30.523586390099865],[109.11728059512342,30.535663089979664],[109.07605163997124,30.602568474655413],[109.10494097484616,30.612024509623495],[109.11321517024396,30.642045914687287],[109.05081499511601,30.644590589584084],[109.03762021490104,30.65790604982442],[109.00205348488049,30.629597239920713],[108.96008662519768,30.629027764919442],[108.83668990981153,30.50617267522881],[108.80426069047854,30.493817980515416],[108.78415938494771,30.517476899739165],[108.73641363468158,30.49892405050457],[108.69635428472253,30.545827109933214],[108.68636784040359,30.590095859936014],[108.65390448460437,30.590055375155487],[108.63618560548139,30.57714417546339],[108.64004226533831,30.520975425275708],[108.63236206495742,30.53553443476642],[108.61393352001602,30.525741744885693],[108.5646640250248,30.471882870098455],[108.50826705478079,30.50396454013145],[108.46135938003141,30.485373065014983],[108.45028908537307,30.49840690975111],[108.42260996547759,30.494569429735463],[108.40668044045003,30.439954410367818],[108.42486609469455,30.420114790465277],[108.41899147487675,30.397691144930434],[108.39515004004238,30.393389975367143],[108.42684145017284,30.356444345430248],[108.45643467991658,30.3610412147803],[108.51356166044235,30.316743260193334],[108.55698623482692,30.257224750321996],[108.57960892461222,30.258804715265455],[108.5487197151428,30.172054734738254],[108.56301845543743,30.1563325600996],[108.50874804998256,30.0608103953835],[108.5275143596001,30.05885383483667],[108.52348065021192,30.01311030549624],[108.547672465412,29.981112415405676],[108.53305300978866,29.98626084975848],[108.51101777515026,29.934977080228123],[108.52081154961337,29.869315279876332],[108.50361879996768,29.889021100443472],[108.46501566014467,29.866640205081467],[108.42017675974972,29.88090604997427],[108.40349612004997,29.8598897499121],[108.38427675986463,29.862859820324502],[108.36254510487277,29.82268916487311],[108.38777333477162,29.814811280016613],[108.39922986036981,29.838697785274633],[108.42350547529753,29.811907514820007],[108.41486470544186,29.779322139904878],[108.4411753350737,29.7784033502345],[108.43279470041517,29.7431072397074],[108.50043064485845,29.709941425256602],[108.50906113995973,29.72637295994417],[108.49531469491728,29.734657699892978],[108.54409504505037,29.747239479718246],[108.5183081598937,29.76880695987336],[108.5872329002782,29.860492259710043],[108.61889268484958,29.870243370335345],[108.65620172992595,29.85672814009166],[108.66706092042517,29.82739462016565],[108.6523360345804,29.82093865969142],[108.67660209511064,29.804795429665376],[108.67630466502834,29.724335710424725],[108.69359809467636,29.705020604817093],[108.67937567984382,29.695011430133434],[108.70884659009812,29.70258646469364],[108.70595377504674,29.682036535058103],[108.76094793959578,29.639069315396625],[108.75441335499238,29.663219750091457],[108.77659866039994,29.65317692997138],[108.78165927955217,29.65769733986042],[108.74869674965532,29.691851520031662],[108.78247918966292,29.694290569554198],[108.79380561483731,29.663593865364646],[108.7777070451441,29.636887220169115],[108.81700322501888,29.634503034687327],[108.82456442980464,29.67443644538571],[108.82504022962297,29.65404064965628],[108.84134251464542,29.661724840329157],[108.85049133041065,29.63953297526666],[108.88135296486752,29.63843379958024],[108.86180491956145,29.60246674534409],[108.90273298493935,29.59643236006542],[108.89467575997838,29.58697406510106],[108.91047578982591,29.5742133147927],[108.87316473476477,29.540445049899176],[108.88752724958294,29.53233643497856],[108.88275704490178,29.49961801975587],[108.86015440010556,29.474381085318896],[108.88263947473206,29.443177739960788],[108.93235333463872,29.431748065420948],[108.91422704014587,29.33012860515106],[108.98068847539287,29.337252750214304],[108.98138606961146,29.356954510342405],[109.03114279030757,29.36375552000129],[109.02438881519174,29.385476535114037],[109.04837326471443,29.40663159966863],[109.06554545495885,29.400600254997812],[109.1101025402001,29.355209544984575],[109.10029538022769,29.290422855130714],[109.13660057505655,29.271650885180236],[109.10592699963138,29.220908160383374],[109.11663103999058,29.19601373004963],[109.14011121985698,29.169979095159192],[109.16026991472484,29.183973434726283],[109.21795289031371,29.14921140458273],[109.23084027955531,29.08980228464776],[109.29732235514263,29.07381729033574],[109.3164127696337,29.048190259672822],[109.28907232003161,29.01953136528033],[109.28329121981403,28.977372069565433],[109.25907743507565,28.963203929717622],[109.25157486518793,28.911361159589887],[109.230515094596,28.882944680152946],[109.23547814540012,28.781574649550464],[109.294744544725,28.750125409759903],[109.29028536517751,28.724712440226995],[109.24972702458257,28.697152195417516],[109.2673801398816,28.673574590195244],[109.1758034151955,28.624427115219248],[109.19737140976281,28.602570039875502],[109.22976893518825,28.62451642958962],[109.25362946982426,28.609659300236558],[109.2891497696462,28.631772665276344],[109.31553956030251,28.582885849802153],[109.29621924492227,28.58000099465022],[109.2691549303558,28.54138058514593],[109.26982557009404,28.49792937014439],[109.18599076536157,28.473007430448604],[109.172946545147,28.43498264013681],[109.14449606504144,28.41564396509699],[109.13711982022357,28.32488899503113],[109.07540412540015,28.252854569882572],[109.09741037039237,28.212602489813094],[109.08046748478665,28.18715036469763],[109.02012692531741,28.223367545575798],[109.00131177531824,28.165718920491827],[108.98090939475281,28.166808275581502],[108.9243041999789,28.19483201478573],[108.9170410098348,28.22161856474503],[108.8412041251703,28.202945094840288],[108.81717540472118,28.24874902534731],[108.75576618985781,28.19520291048599],[108.75397405505868,28.22626867485951],[108.73447615505057,28.229860960115275],[108.7202614653944,28.279859385302416],[108.76635508012293,28.317955915433174],[108.75609899477286,28.329979610170938],[108.7794452197212,28.38313221497981],[108.75467972518925,28.39081613046011],[108.77707964031322,28.430452430335436],[108.70766824529335,28.503332260475474],[108.63668419501965,28.460653260039976],[108.69326683479665,28.4077070748217],[108.65365882489493,28.371414125161778],[108.65336812983537,28.353933605051907],[108.6737041152528,28.35119093001748],[108.66617864502848,28.34083409541722],[108.61224366960971,28.327613135038177],[108.57508050536109,28.347669075167744],[108.57332014540845,28.3919101449373],[108.60350761478463,28.410764205004114],[108.60733136035407,28.441551874719266],[108.58401352970071,28.464348860311702],[108.56938473461787,28.532076245122653],[108.60749582027597,28.54614125521482],[108.60078095487722,28.59413378034975],[108.63117074473416,28.63734691512809],[108.58232268464423,28.64306389997904],[108.56395141482602,28.666523860387883],[108.55590599976216,28.651365510310086],[108.46908230990073,28.63064785531435],[108.32904849009583,28.679379835411112],[108.3448536595688,28.740832285181853],[108.38468767989258,28.793726235077713],[108.34842320007067,28.819159440255987],[108.34584259456017,28.93685629028562],[108.3145569153694,28.967017190091326],[108.29386717982652,29.05072864021463],[108.30361456006398,29.08209657050037],[108.29115574004544,29.08887215992229],[108.26431055518805,29.09265720046949],[108.25165630979092,29.04438152468765],[108.229662204747,29.030428455009258],[108.22633614489723,29.05029581000366],[108.19231097966804,29.074700170076824],[108.12944653043309,29.05566841476559],[108.11902830541203,29.072358195174616],[108.06467816516528,29.089235289976727],[108.01819173466089,29.040709630545052],[107.92581603518192,29.03901421513399],[107.9026254298198,29.00861912557224],[107.87905195518363,29.01180729057404],[107.86313871507969,28.960866325520556],[107.80473183470644,28.98600114014056],[107.81881274031576,29.036053830419974],[107.7803026200699,29.049848204830823],[107.80687047019609,29.142651870087775],[107.74688550536183,29.202740899972582],[107.69244537985048,29.14583588022174],[107.62134820475592,29.17464266003077],[107.59042878526031,29.14709319539469],[107.56477831466754,29.222359130169764],[107.46935260044222,29.174169635520286],[107.43988461478318,29.20774965522247],[107.39774412479159,29.18813476510735],[107.40348226529437,29.144019059931736],[107.42345534009195,29.13128117038974],[107.40872491532264,29.09939941964757],[107.36522209002749,29.096016439906805],[107.39102205492395,29.04311464972136],[107.35964046483565,29.013111519780864],[107.36492290536785,28.998753989904742],[107.3919672603808,28.996194114666707],[107.40436694997481,28.966056945271873],[107.43579149528136,28.951486500002034],[107.39028216469023,28.861368404628195],[107.32669971472012,28.846240045141997],[107.34100063497141,28.830457654597126],[107.32959898510512,28.814134564658502],[107.25013118480638,28.797032515238413],[107.24285841508384,28.76450376523661],[107.21345599989456,28.776920700230164],[107.2067831049564,28.821418570510673],[107.22135484524995,28.83888331021666],[107.1885979102654,28.84128032003082],[107.19923322982976,28.87036037503134],[107.18689934992511,28.89280455028984],[107.14083712513326,28.878797645395082],[107.09020353036868,28.89421420522143],[107.06209103527311,28.869276225217675],[107.06986767535301,28.88739797993287],[107.05644639998144,28.89815303523443],[107.03601753528108,28.867828550547245],[107.03517782030025,28.884495999890532],[107.01303687485193,28.88897395548372],[107.01333432471938,28.864692914946147],[106.97956359478411,28.85442324983319],[106.98945698984824,28.774839890248813],[106.94692331535879,28.769641430207912],[106.92183694991536,28.81309483505862],[106.82825078544545,28.773804525058836],[106.8189628499556,28.754817084740694],[106.85335298525212,28.722568975377953],[106.84897744984949,28.701833735038917],[106.88232971534416,28.698009090147423],[106.86325810028114,28.629453270552062],[106.82596274018834,28.626794344883137],[106.80792396501903,28.591478760436473],[106.78184066511466,28.628460160008444],[106.75299355970509,28.613241514884066],[106.77677765466507,28.56727709046538],[106.72461920541207,28.546861329786566],[106.74170310471459,28.47195514001777],[106.70448821505914,28.453884570216815],[106.68470517960043,28.488864540266377],[106.66030087978186,28.4969780546935],[106.64363215519984,28.482588779648495],[106.6286154096735,28.507645329868126],[106.58866442532303,28.516623449812414],[106.58707623518018,28.49366109958015],[106.5600756996339,28.48917528481161],[106.56067961507222,28.525075655217393],[106.61213593032898,28.554409605019316],[106.60165373473211,28.596265619662688],[106.63314063543203,28.62745628457992],[106.61385599975466,28.646633384722975],[106.64714171002197,28.65445611955431],[106.56940052531405,28.70740977993745],[106.55564246013148,28.763923564920617],[106.53078150526233,28.769803050070777],[106.46996049018452,28.83786580466318],[106.44603297044529,28.81740520018991],[106.46261084461486,28.79725304968855],[106.4480307397269,28.796067299866024],[106.4506929254382,28.781274945082714],[106.52499554960497,28.677935630325123],[106.49908392488328,28.663735640087793],[106.4896308001214,28.6099273098975],[106.52175065536852,28.57872203459425],[106.50322666537835,28.570228704990768],[106.47069019469677,28.602543525163583],[106.46249359999968,28.587367024968273],[106.49818318010972,28.537790194761726],[106.46524239042407,28.536201834646988],[106.39507017974506,28.57448343985891],[106.3724388798505,28.531161735325895],[106.33640881011854,28.535445699959155],[106.32783157017087,28.555837130379302],[106.34461320463572,28.587005719638285],[106.31714720967602,28.623898970361267],[106.32498473475778,28.639791455011675],[106.30218897494132,28.64789438981427],[106.31693336977924,28.66754015455456],[106.30024719025567,28.713711420345817],[106.2688236503912,28.74313342456793],[106.27608911492075,28.77391849973901],[106.2465676303919,28.790176760249324],[106.26116086987832,28.85095739037132],[106.2241640199536,28.89351574495572],[106.16945401509076,28.924263894862918],[106.09922839457482,28.900819734643107],[106.0688560245859,28.923527399569878],[106.04431743979808,28.909282230090923],[106.03305842960293,28.914569224789943],[106.04386099518882,28.953511745370804],[106.01578222017338,28.954652994939806],[105.98084159006737,28.984172550422898],[105.96909517520226,28.975944150302325],[105.98518831478896,28.965511154816],[105.96513757004288,28.97130406043408],[105.90345273455614,28.922656464624197],[105.90865036002617,28.90260620011611],[105.88263275469791,28.91582730978257],[105.8800610102075,28.936917005315593],[105.85115971524874,28.93068773515091],[105.82611670971846,28.948605424700645],[105.7950890945861,28.937933664606987],[105.78934476494902,28.95060402495585],[105.80636281499199,28.96041887503111],[105.75685419476531,28.993429069895683],[105.76268627485177,29.01752264495417],[105.73807823991888,29.042934510119608],[105.75412926515355,29.073185905105504],[105.72459447515496,29.101004859686554],[105.72652989533844,29.12229534505417],[105.749544360384,29.136115319566386],[105.72511034966294,29.136410000421222],[105.72464307002173,29.162208649609568],[105.70512835538938,29.18079378000897],[105.71955414021147,29.198338345338414],[105.68728026527208,29.272617409965562],[105.71166987016841,29.298882800101183],[105.65987972027295,29.27762024497838],[105.6712933203305,29.266231030038057],[105.65269964457298,29.254799894999223],[105.62836794522457,29.28393662527509],[105.60503368485672,29.257665060394288],[105.60678085535227,29.278119500014952],[105.51447519507423,29.266376450412906],[105.50602069999536,29.289483800137305],[105.47137008506144,29.281321615300385],[105.45543661021145,29.29298550028068],[105.45562618460082,29.33078223960871],[105.41536486489667,29.314669855429543],[105.41220222984907,29.352441359780983],[105.43707614484828,29.369687924857885],[105.4272996850325,29.38183690504917],[105.44033084529235,29.401251974798868],[105.42421882533858,29.42135481007648],[105.36983554957101,29.420038524558322],[105.39455125493652,29.440198339981464],[105.37297789501389,29.46046250464093],[105.33491858512468,29.442275780203147],[105.32084977000096,29.45071097493161],[105.33468101481702,29.46660712521873],[105.28983805038575,29.541913649995024],[105.31736491955547,29.612313894570605],[105.33244364995454,29.59929097479869],[105.35127896005605,29.629529700135606],[105.37517781480437,29.6259149597077],[105.38659319012368,29.678859140337124],[105.41947103985666,29.690739119814566],[105.47810087025903,29.680925085424406],[105.46857034984185,29.705538230305137],[105.48096777044628,29.721509275232904],[105.53578386023702,29.69708714455612],[105.5265175750261,29.710450734713675],[105.53922886531996,29.737051269800304],[105.56267119002348,29.72753951463693],[105.57242783957321,29.74834802544109],[105.5788154596658,29.821144250107125],[105.60144348512881,29.820339745382967],[105.61345876041355,29.84881100522375],[105.63788351980867,29.840467705020615],[105.67426000029883,29.857241045038222],[105.70547786521138,29.843343989633468],[105.73395362525963,29.864752535301307],[105.69755030540233,29.9309100950249],[105.72764688479594,29.96022080004991],[105.72023943530178,29.986650624926426],[105.75279702476297,30.01653776030946],[105.74507472531837,30.036469415031547],[105.68460216965445,30.04115930036147],[105.66834515020855,30.07621228456935],[105.63619149484168,30.075945204807397],[105.63837649038277,30.10209017032514],[105.56921526966903,30.127390274941263],[105.59338117540096,30.16135093989402],[105.56749329008335,30.164351205044113],[105.55133530488047,30.14657349497088],[105.53138005464587,30.16499106458599],[105.55643880460718,30.187108874974626],[105.575728509763,30.17535624489483],[105.640502809657,30.189029420371526],[105.64246291982795,30.211528154800533],[105.65794083500157,30.214624290378765],[105.61553435972297,30.23791118974964],[105.62063464527273,30.278609724759065],[105.66685840539117,30.25611536463242],[105.71857135028762,30.253542579626412],[105.73227433019622,30.27914011522421],[105.70893799509247,30.28728795497517],[105.70872112537967,30.322045760103777],[105.73783466483798,30.321736494943366],[105.73002574988851,30.33854567024656],[105.7511653550971,30.345890449584658],[105.76558657496054,30.378822485269552],[105.7553878546658,30.388418034764527],[105.79260983007964,30.433604735370295],[105.8271103697478,30.434841125117885],[105.84167118507719,30.394120474880083],[105.86072906029796,30.41329235985455],[105.87623691030524,30.388775689746353],[105.88769129012098,30.41349322523223],[105.9039708645638,30.405017665333048],[105.89830811962406,30.389176200121597],[105.91270633482952,30.39852288022678],[105.94080929980942,30.37534701025635],[106.01996870998806,30.374393815222447],[106.07030856009203,30.33754156459156],[106.08483781461354,30.348390199747996],[106.08584758509801,30.328780069744482],[106.12214362482848,30.30444930479166],[106.11983972002713,30.327858070393688],[106.15810831025038,30.31396625983507],[106.17599767025632,30.23433363988562],[106.19783333544012,30.236785250239166],[106.18786892990727,30.21870090462312],[106.20059657527179,30.206550189639586],[106.22869730993295,30.214321969783157],[106.24025554525724,30.18049057517993],[106.24300281043139,30.20082609474855],[106.26779246974672,30.188623469997196],[106.25716757962016,30.21668930466774],[106.28037482963475,30.199439244825328],[106.30315026477297,30.228963455199334],[106.29623049963789,30.24151874009783],[106.33101937544387,30.228177855123988],[106.36845816031592,30.25128096004829],[106.38634305518792,30.245736940007816],[106.37888446034964,30.25805472474582],[106.39841762007717,30.244640644849937],[106.42495686456772,30.256206404801787],[106.40461646527768,30.27756636459611],[106.43024687019698,30.279479655161992],[106.43697062539411,30.312446859734848],[106.50531239465136,30.291828284847497],[106.54120390493631,30.299306330223033],[106.55421428456162,30.318622204751023],[106.6082585096226,30.295950695268402],[106.63976677012039,30.25192775965843],[106.6057394950817,30.23211228025758],[106.62465138515336,30.22393372955804],[106.62916491972533,30.18918060540068],[106.64630340967466,30.19180740998405],[106.64706006506998,30.165224230014246],[106.67622104016891,30.160316580146116],[106.66761981979892,30.124084969645708],[106.68941181030686,30.128479370126854],[106.69526459458541,30.076680524686537],[106.72348773956759,30.058976280231207],[106.72721891522082,30.029232405051516],[106.74865831033281,30.022081110355032],[106.7826823199332,30.020020464972504],[106.8338063446871,30.052546259802114],[106.85511917461031,30.030277529684327],[106.90990008022459,30.027838429799772],[106.9435737948948,30.041531240174663],[106.9765688595653,30.088408060083964],[107.02004426992715,30.036937114656155],[107.03969875988992,30.03739144495927],[107.03910119006792,30.058092500268742],[107.05090270999216,30.044692424615732],[107.07175155988665,30.05466407958363],[107.07593937530197,30.100720195280815],[107.0967259399502,30.09655119458199],[107.10257434003381,30.119071369747985],[107.12741787503495,30.123805534997473],[107.21588501478169,30.216296979921765],[107.28301072526483,30.337827020200848],[107.33235754036826,30.3808486803224],[107.35665303480977,30.465007750007715],[107.40009508032375,30.521371285256635],[107.42772053047815,30.523965220518562],[107.43800260983267,30.537040270392197],[107.42392400468913,30.552380420220288],[107.5096815347751,30.643632805309778],[107.4913133154572,30.668211150024604],[107.46970838033752,30.669779930099764],[107.4200051252364,30.742641350218207],[107.44190158459054,30.75428830006507],[107.43994400511178,30.780236115304547],[107.4580754446261,30.7726112151355],[107.4554076651317,30.78809081024275],[107.49436625030228,30.812026725153316],[107.47986450514287,30.840249114704932],[107.51241482538393,30.858234880235614],[107.51853166500439,30.847259365127627],[107.60664251044358,30.844840925368487],[107.63779420503857,30.81438895548598],[107.71266356487166,30.89232925549078],[107.75284986492937,30.864943230046094],[107.75890308470963,30.819662990055008],[107.843210934637,30.794624980258675],[107.94840384476169,30.873022605309018],[107.9908847254498,30.911151355450727],[107.93287185964869,30.930347860265613],[107.93694307526277,30.98911019497956],[107.9768215499746,30.98424656512691],[108.00000000009999,31.02691001988154],[108.04896664029826,31.042665175357627],[108.05434293497854,31.055949605390026],[108.01995683044345,31.066487850334056],[108.0050916449635,31.112100700087296],[108.08808507007001,31.19325670503298],[108.06384001500476,31.22186385513288],[108.07208906985477,31.233993089809303],[108.02656387522273,31.219868010400432],[108.0150207152339,31.245853310282087],[108.08538311004253,31.267164775034416],[108.17689828512783,31.327238270030193],[108.17581369014977,31.35409114049378],[108.14946938540385,31.37538929527983],[108.20318797494514,31.400396530275714],[108.20589750006963,31.441445340430164],[108.22166387998413,31.4573531801052],[108.19203852465824,31.469994875463158],[108.18655443993549,31.492683794921277],[108.2324128450768,31.509704600486998],[108.33566892488102,31.512019639794573],[108.34400277500811,31.548505320464244],[108.38505052036527,31.549021025000343],[108.37345711975036,31.572472935577593],[108.41773455000953,31.623383939717087],[108.44245004043705,31.63640365520456],[108.46117331030007,31.62041448534029],[108.4688349198957,31.641584834772345],[108.54156425478658,31.66800625548433],[108.5110108503705,31.696350424932234],[108.52050771995539,31.713989529693094],[108.50169763044136,31.73657541472369],[108.53179062963392,31.75968426541658],[108.45536232471159,31.78371761557554],[108.45870152005915,31.81421665507463],[108.42062131981811,31.812980734773134],[108.38409958982425,31.832961630075204],[108.3768616103751,31.857653454843103],[108.34025947019848,31.863583185115942],[108.30387099545015,31.908557105226294],[108.28304595510679,31.911557690535062],[108.27680366545684,31.95515396528333],[108.2566837601475,31.968574194743326],[108.30357123522441,31.999660010401215],[108.34811494035227,31.974957995415195],[108.36319907477753,31.98652417535044],[108.32272289534541,32.01900733512048],[108.36128749472215,32.0384273997048],[108.34501232515873,32.07352001973317],[108.42390348465813,32.06323920482549],[108.44666672498943,32.07563083019869],[108.4485251802929,32.093102880493575],[108.36473267517289,32.17624324492988],[108.39692310471759,32.19551744487421],[108.47482921519617,32.18322268008268],[108.5045572101472,32.20417072519888],[108.58146827474116,32.17413436530876],[108.66924224043709,32.10490670538019],[108.73471201035107,32.107105224926215],[108.77235117496679,32.05583359984081],[108.83120643033254,32.040949864944366],[108.89664031459893,31.987886515150592],[108.93225257999262,31.992239540522405],[109.03483691479187,31.96300198994993],[109.17934357034954,31.862212750518097],[109.19558284976875,31.846238115496703],[109.18857996479358,31.8215887000585],[109.27053209997649,31.802057644744536],[109.27501611969825,31.78003113982527],[109.24900044521445,31.762423270317697],[109.27496142023341,31.748472945370168],[109.27613933965887,31.719319990425277],[109.38393615492964,31.706874914745583],[109.41515996975687,31.722844189807574],[109.57960248976315,31.728486619961586]]]}},{"type":"Feature","properties":{"name":"四川省","adcode":"510000","region_code":"510000","population":83674866,"elderly_65plus":14167600,"aging_rate":0.1693,"youth_rate":0.161,"source_year":"2020","source_name":"第七次全国人口普查（省市分年龄性别）","license":"普查数据，来源标注 required"},"geometry":{"type":"Polygon","coordinates":[[[102.95687690014887,34.296443995094364],[102.97062708996827,34.19838085529227],[103.00676501988983,34.18543604523734],[103.04826415027037,34.19681358967546],[103.1136156899122,34.1767613151826],[103.12078499533135,34.112401674697594],[103.17703969462627,34.080810104602676],[103.16908653021926,34.06670442986558],[103.12802247475747,34.0682059703293],[103.11651892990477,34.03637424977188],[103.14538708484616,34.036864300247316],[103.15711899544533,34.0058386150601],[103.11812280512339,33.96368243999268],[103.1220255453427,33.93526977008389],[103.16628650991458,33.93218113485153],[103.18373749988575,33.90406534464],[103.15033174541378,33.82268182020988],[103.15833686995063,33.807031915090874],[103.21575254004773,33.79385326511613],[103.24434706006883,33.81458241974292],[103.26911663482491,33.81152272469404],[103.28402103973923,33.79993411476761],[103.27712396989534,33.77487863024464],[103.33779463991078,33.743023569582135],[103.43087763459522,33.7454045202025],[103.47399180977425,33.81171254999424],[103.51824211018527,33.81178129507077],[103.5378518004203,33.7682221146589],[103.52898060986729,33.75119992503659],[103.54725785016973,33.7422457999038],[103.51872553985186,33.6800225304155],[103.5482603145619,33.67367379970614],[103.59504632992423,33.73137360520775],[103.6100030546973,33.71502872469591],[103.63104891997176,33.725701939892645],[103.63302836466738,33.710222360073885],[103.66411964010939,33.72124998010253],[103.6478450452127,33.697360954944145],[103.68834199988345,33.695273560126736],[103.76337041021634,33.657437225447666],[103.86277113507987,33.68855474040902],[103.96484552010475,33.6754981895898],[104.03612291484069,33.68885426501237],[104.10873430994053,33.66423496966814],[104.16587636490237,33.61472243469268],[104.17893812459482,33.580278695305594],[104.15320676987659,33.543885904710805],[104.17903474955409,33.469448074668946],[104.21517655015771,33.44369391044569],[104.21983477485503,33.40548414038085],[104.26409405499669,33.39642559496531],[104.29353130002954,33.33247269985526],[104.32782694985389,33.32994965455299],[104.37114899972664,33.35021511963214],[104.43410876990384,33.323860540131875],[104.39163607484505,33.31445136523837],[104.40843899986004,33.28378299958581],[104.3285411797317,33.31721846496026],[104.30002479011205,33.30475507009044],[104.32092227534281,33.26959304488315],[104.3246955347712,33.21671993497705],[104.3805095203981,33.11018002478835],[104.35725878456532,33.10127498465289],[104.35093317992238,33.08806239966009],[104.36791656469774,33.08349219970529],[104.33065254957557,33.04544727537149],[104.36569585977617,33.03076543018051],[104.41424255974641,33.034779035224346],[104.42399661475201,33.01691253508545],[104.38161183022186,32.996160909998025],[104.36796218011057,32.94740853957251],[104.30225557013853,32.954328314600104],[104.28466123542773,32.943146479726295],[104.27452901010577,32.88800045026062],[104.29102097473827,32.83875482507517],[104.36450505036782,32.82300745503005],[104.45435141018947,32.75095436535173],[104.50760378488684,32.75737764985871],[104.53123773982986,32.7270316300058],[104.5688898546831,32.73140912503112],[104.59054398991327,32.69661480023291],[104.64310591010974,32.66202042979904],[104.7029090302276,32.67630142467107],[104.7412021449631,32.63763451032446],[104.82647682994178,32.665134589589684],[104.87940598020191,32.60342082021475],[105.02606421519141,32.65274915514942],[105.07679376492035,32.63933717517057],[105.10764886040664,32.596389469898156],[105.18058900987495,32.61787005036257],[105.2123230352799,32.641097480264534],[105.21740365535447,32.66812929513094],[105.28753476521729,32.65682385024053],[105.34318424505693,32.68503055021978],[105.36458054465646,32.71448076977174],[105.4493820603339,32.73742989996998],[105.45276827493598,32.76623144032874],[105.42537435973895,32.77505894991066],[105.38880521478887,32.83763249544336],[105.38515576502658,32.87489325501974],[105.40517225459593,32.88835777968785],[105.40805150966952,32.92172199987044],[105.4320191103937,32.935151319677686],[105.49680319491159,32.91280772010026],[105.48983267473818,32.88103276025373],[105.5207375297133,32.84967911030276],[105.532082015073,32.79381134521748],[105.5524694947714,32.79713426463468],[105.5658872699816,32.76462159001443],[105.5546387998408,32.73469067023831],[105.58389310478304,32.73121998501432],[105.59465755979863,32.70207054461997],[105.745006714988,32.76967696971644],[105.79350644516637,32.756493899573854],[105.81976227460933,32.77157204541362],[105.82336529956899,32.826760559752074],[105.9288122447893,32.82937327465697],[105.9616878947806,32.851790435180476],[106.00703671976885,32.83174443975412],[106.0386690849104,32.86707719495661],[106.06609054004645,32.82600641526392],[106.08938318518591,32.82549267484711],[106.09657111466527,32.79492071471924],[106.05837122994836,32.77548826017511],[106.10873051979769,32.72261500457887],[106.17786302515856,32.695538274871524],[106.2540890545663,32.69686849988142],[106.26879376502029,32.672906369733255],[106.3444529346553,32.673500899846715],[106.39979009973337,32.618865775235406],[106.4290995852777,32.626509955070446],[106.45302973463458,32.65812497049103],[106.49409564000183,32.651532170073665],[106.58175881461767,32.69027253474974],[106.65884191502244,32.69128168020541],[106.7276466651615,32.7408787001919],[106.77743087993122,32.73902207051219],[106.78111054961221,32.699040055054525],[106.79056977537488,32.71319849031812],[106.81896954001235,32.706671510381966],[106.86130367472487,32.72727590475927],[106.89437463498149,32.72588263997193],[106.91186073988132,32.705303190090206],[106.98554367989698,32.71311593974889],[107.00399484008983,32.73072658546357],[107.0273674250667,32.71180497551927],[107.06173406017882,32.71070632054034],[107.05793470961919,32.67841966983195],[107.08835177501447,32.66902175984637],[107.10086052539299,32.592349260210256],[107.06524700994163,32.53367559055613],[107.11512429465051,32.512979674872156],[107.12245474958706,32.480515409858356],[107.17019287540091,32.48276588503762],[107.19714549506858,32.46210715991754],[107.19910802531518,32.44091920985369],[107.26649059026857,32.40656379558277],[107.26017103536503,32.42282970482705],[107.27474210476436,32.42470972047727],[107.2758376903572,32.465258100181245],[107.29429152513381,32.49035854541057],[107.3422042003636,32.51269751977475],[107.371946745446,32.54863079547488],[107.42981971990423,32.540908380017754],[107.42830472018676,32.48021992500958],[107.45584659004817,32.45600217516028],[107.45202853538865,32.4197640104008],[107.48128071523286,32.42733557987316],[107.4935499752512,32.4001270949895],[107.53137619975189,32.385503805556255],[107.60184260475245,32.416712605302564],[107.6746847946676,32.40027125001825],[107.70161806991803,32.33429215535875],[107.75104638518258,32.33795918057177],[107.82973342016129,32.22443042022775],[107.8613628849892,32.20406635977474],[107.8998407753316,32.21076703477087],[107.9720674098831,32.147966494957814],[108.02051371493604,32.17640124502151],[108.02506013501727,32.22179277521644],[108.06669218969284,32.23453257491843],[108.13599789998318,32.22006495543337],[108.14931815990519,32.24119776536463],[108.18372240466533,32.2223445605531],[108.23763330972952,32.27634238509307],[108.3058208101823,32.23450648468656],[108.38710059511641,32.265550714793676],[108.47283255477862,32.27057805543296],[108.50293280970146,32.245589189989175],[108.5045572101472,32.20417072519888],[108.47513815480204,32.18325520046716],[108.40193226016572,32.19807092503322],[108.36459316514254,32.176999165579105],[108.4485251802929,32.093102880493575],[108.44666672498943,32.07563083019869],[108.42390348465813,32.06323920482549],[108.34501232515873,32.07352001973317],[108.36128749472215,32.0384273997048],[108.32272289534541,32.01900733512048],[108.36319907477753,31.98652417535044],[108.34811494035227,31.974957995415195],[108.30357123522441,31.999660010401215],[108.2566837601475,31.968574194743326],[108.27680366545684,31.95515396528333],[108.28304595510679,31.911557690535062],[108.30387099545015,31.908557105226294],[108.34025947019848,31.863583185115942],[108.3768616103751,31.857653454843103],[108.38409958982425,31.832961630075204],[108.42062131981811,31.812980734773134],[108.45870152005915,31.81421665507463],[108.45536232471159,31.78371761557554],[108.53179062963392,31.75968426541658],[108.50180460479874,31.735672520570404],[108.52050771995539,31.713989529693094],[108.5110108503705,31.696350424932234],[108.54253484540686,31.66990353002393],[108.4688349198957,31.641584834772345],[108.46117331030007,31.62041448534029],[108.44245004043705,31.63640365520456],[108.41497160965213,31.62128535553478],[108.37345711975036,31.572472935577593],[108.38505052036527,31.549021025000343],[108.34400277500811,31.548505320464244],[108.33566892488102,31.512019639794573],[108.2324128450768,31.509704600486998],[108.18655443993549,31.492683794921277],[108.19203852465824,31.469994875463158],[108.22166387998413,31.4573531801052],[108.20589750006963,31.441445340430164],[108.20318797494514,31.400396530275714],[108.14946938540385,31.37538929527983],[108.17581369014977,31.35409114049378],[108.17689828512783,31.327238270030193],[108.08538311004253,31.267164775034416],[108.0150207152339,31.245853310282087],[108.02656387522273,31.219868010400432],[108.07208906985477,31.233993089809303],[108.06384001500476,31.22186385513288],[108.08808507007001,31.19325670503298],[108.0050916449635,31.112100700087296],[108.01995683044345,31.066487850334056],[108.05434293497854,31.055949605390026],[108.04896664029826,31.042665175357627],[108.00000000009999,31.02691001988154],[107.9768215499746,30.98424656512691],[107.93694307526277,30.98911019497956],[107.93287185964869,30.930347860265613],[107.9908847254498,30.911151355450727],[107.94840384476169,30.873022605309018],[107.843210934637,30.794624980258675],[107.75890308470963,30.819662990055008],[107.75284986492937,30.864943230046094],[107.71266356487166,30.89232925549078],[107.63779420503857,30.81438895548598],[107.60664251044358,30.844840925368487],[107.51853166500439,30.847259365127627],[107.51241482538393,30.858234880235614],[107.47986450514287,30.840249114704932],[107.49436625030228,30.812026725153316],[107.4554076651317,30.78809081024275],[107.4580754446261,30.7726112151355],[107.43994400511178,30.780236115304547],[107.44190158459054,30.75428830006507],[107.4200051252364,30.742641350218207],[107.46970838033752,30.669779930099764],[107.4913133154572,30.668211150024604],[107.5096815347751,30.643632805309778],[107.42392400468913,30.552380420220288],[107.43800260983267,30.537040270392197],[107.42772053047815,30.523965220518562],[107.40009508032375,30.521371285256635],[107.35665303480977,30.465007750007715],[107.33235754036826,30.3808486803224],[107.28301072526483,30.337827020200848],[107.23622075468415,30.242228330373223],[107.12741787503495,30.123805534997473],[107.10257434003381,30.119071369747985],[107.0967259399502,30.09655119458199],[107.07593937530197,30.100720195280815],[107.08060790533062,30.066767760024163],[107.0625823600879,30.048196320004195],[107.03910119006792,30.058092500268742],[107.03969875988992,30.03739144495927],[107.02004426992715,30.036937114656155],[106.9765688595653,30.088408060083964],[106.9435737948948,30.041531240174663],[106.90990008022459,30.027838429799772],[106.85511917461031,30.030277529684327],[106.8338063446871,30.052546259802114],[106.7826823199332,30.020020464972504],[106.72721891522082,30.029232405051516],[106.72348773956759,30.058976280231207],[106.69526459458541,30.076680524686537],[106.69768597512768,30.117891325224548],[106.66761981979892,30.124084969645708],[106.67622104016891,30.160316580146116],[106.64706006506998,30.165224230014246],[106.64630340967466,30.19180740998405],[106.62916491972533,30.18918060540068],[106.62465138515336,30.22393372955804],[106.6057394950817,30.23211228025758],[106.63923167979823,30.24972712041034],[106.63015342034413,30.269844270196984],[106.6082585096226,30.295950695268402],[106.55421428456162,30.318622204751023],[106.54120390493631,30.299306330223033],[106.50531239465136,30.291828284847497],[106.43697062539411,30.312446859734848],[106.43024687019698,30.279479655161992],[106.40461646527768,30.27756636459611],[106.42495686456772,30.256206404801787],[106.39841762007717,30.244640644849937],[106.37888446034964,30.25805472474582],[106.38634305518792,30.245736940007816],[106.36845816031592,30.25128096004829],[106.33101937544387,30.228177855123988],[106.29623049963789,30.24151874009783],[106.30315026477297,30.228963455199334],[106.28037482963475,30.199439244825328],[106.27188140470315,30.213923089878733],[106.25716757962016,30.21668930466774],[106.26779246974672,30.188623469997196],[106.24300281043139,30.20082609474855],[106.24025554525724,30.18049057517993],[106.22869730993295,30.214321969783157],[106.20059657527179,30.206550189639586],[106.18786892990727,30.21870090462312],[106.19783333544012,30.236785250239166],[106.17599767025632,30.23433363988562],[106.15810831025038,30.31396625983507],[106.11983972002713,30.327858070393688],[106.12214362482848,30.30444930479166],[106.08584758509801,30.328780069744482],[106.08483781461354,30.348390199747996],[106.07030856009203,30.33754156459156],[106.01996870998806,30.374393815222447],[105.94080929980942,30.37534701025635],[105.91270633482952,30.39852288022678],[105.89830811962406,30.389176200121597],[105.9039708645638,30.405017665333048],[105.88769129012098,30.41349322523223],[105.87623691030524,30.388775689746353],[105.86072906029796,30.41329235985455],[105.84167118507719,30.394120474880083],[105.81929854459224,30.439926075428104],[105.76606735972092,30.40649377027131],[105.75192904498948,30.34730177006071],[105.72965162472275,30.33757268023504],[105.73783466483798,30.321736494943366],[105.70872112537967,30.322045760103777],[105.70893799509247,30.28728795497517],[105.73227433019622,30.27914011522421],[105.71857135028762,30.253542579626412],[105.66685840539117,30.25611536463242],[105.62063464527273,30.278609724759065],[105.61553435972297,30.23791118974964],[105.65794083500157,30.214624290378765],[105.64246291982795,30.211528154800533],[105.640502809657,30.189029420371526],[105.575728509763,30.17535624489483],[105.55643880460718,30.187108874974626],[105.5341341645601,30.170694025408977],[105.55133530488047,30.14657349497088],[105.56749329008335,30.164351205044113],[105.59338117540096,30.16135093989402],[105.56921526966903,30.127390274941263],[105.63837649038277,30.10209017032514],[105.63619149484168,30.075945204807397],[105.66834515020855,30.07621228456935],[105.68460216965445,30.04115930036147],[105.74507472531837,30.036469415031547],[105.75279702476297,30.01653776030946],[105.72023943530178,29.986650624926426],[105.72764688479594,29.96022080004991],[105.69755030540233,29.9309100950249],[105.73395362525963,29.864752535301307],[105.70547786521138,29.843343989633468],[105.67426000029883,29.857241045038222],[105.63788351980867,29.840467705020615],[105.61345876041355,29.84881100522375],[105.60144348512881,29.820339745382967],[105.5788154596658,29.821144250107125],[105.57242783957321,29.74834802544109],[105.56267119002348,29.72753951463693],[105.53922886531996,29.737051269800304],[105.5265175750261,29.710450734713675],[105.53578386023702,29.69708714455612],[105.48096777044628,29.721509275232904],[105.46857034984185,29.705538230305137],[105.47810087025903,29.680925085424406],[105.41947103985666,29.690739119814566],[105.38659319012368,29.678859140337124],[105.37517781480437,29.6259149597077],[105.35127896005605,29.629529700135606],[105.33244364995454,29.59929097479869],[105.31736491955547,29.612313894570605],[105.28983805038575,29.541913649995024],[105.33468101481702,29.46660712521873],[105.32084977000096,29.45071097493161],[105.33491858512468,29.442275780203147],[105.37297789501389,29.46046250464093],[105.39455125493652,29.440198339981464],[105.36983554957101,29.420038524558322],[105.42421882533858,29.42135481007648],[105.44033084529235,29.401251974798868],[105.4272996850325,29.38183690504917],[105.43707614484828,29.369687924857885],[105.41220222984907,29.352441359780983],[105.41536486489667,29.314669855429543],[105.45562618460082,29.33078223960871],[105.45543661021145,29.29298550028068],[105.47137008506144,29.281321615300385],[105.50602069999536,29.289483800137305],[105.51447519507423,29.266376450412906],[105.60678085535227,29.278119500014952],[105.60503368485672,29.257665060394288],[105.62836794522457,29.28393662527509],[105.65269964457298,29.254799894999223],[105.6712933203305,29.266231030038057],[105.65987972027295,29.27762024497838],[105.69785081026674,29.301794189750126],[105.71166987016841,29.298882800101183],[105.68728026527208,29.272617409965562],[105.71955414021147,29.198338345338414],[105.70512835538938,29.18079378000897],[105.72464307002173,29.162208649609568],[105.72511034966294,29.136410000421222],[105.749544360384,29.136115319566386],[105.72652989533844,29.12229534505417],[105.72459447515496,29.101004859686554],[105.75412926515355,29.073185905105504],[105.73807823991888,29.042934510119608],[105.76268627485177,29.01752264495417],[105.75685419476531,28.993429069895683],[105.80636281499199,28.96041887503111],[105.78934476494902,28.95060402495585],[105.7950890945861,28.937933664606987],[105.82611670971846,28.948605424700645],[105.85115971524874,28.93068773515091],[105.8800610102075,28.936917005315593],[105.88263275469791,28.91582730978257],[105.90865036002617,28.90260620011611],[105.90345273455614,28.922656464624197],[105.96513757004288,28.97130406043408],[105.98518831478896,28.965511154816],[105.96909517520226,28.975944150302325],[105.98084159006737,28.984172550422898],[106.01578222017338,28.954652994939806],[106.04386099518882,28.953511745370804],[106.03305842960293,28.914569224789943],[106.04431743979808,28.909282230090923],[106.0688560245859,28.923527399569878],[106.09922839457482,28.900819734643107],[106.16945401509076,28.924263894862918],[106.2241640199536,28.89351574495572],[106.26116086987832,28.85095739037132],[106.2465676303919,28.790176760249324],[106.27608911492075,28.77391849973901],[106.2688236503912,28.74313342456793],[106.30024719025567,28.713711420345817],[106.31693336977924,28.66754015455456],[106.30218897494132,28.64789438981427],[106.32498473475778,28.639791455011675],[106.31714720967602,28.623898970361267],[106.34461320463572,28.587005719638285],[106.32783157017087,28.555837130379302],[106.33640881011854,28.535445699959155],[106.36940353484533,28.527715615083594],[106.37522256037295,28.482919824590283],[106.32756218005062,28.483570854611287],[106.2869617745663,28.541332049634434],[106.27143869543949,28.536427940397175],[106.21623941981346,28.57640757534938],[106.19109936034727,28.57787393523398],[106.16110747013369,28.639384664670615],[106.12460922503578,28.646659275305353],[106.1039807899815,28.633819894572525],[106.08159035011465,28.684255544957466],[106.03414453544201,28.692741275289677],[106.00792906487453,28.73928653044908],[105.96359633530267,28.766018979892067],[105.95296492958789,28.71777508974867],[105.92867665490377,28.705896210142043],[105.93215704021532,28.684533625226663],[105.88786449505045,28.671588034560216],[105.90170410536024,28.606240659678747],[105.8794092949031,28.59769572517763],[105.78133762503143,28.614582889688677],[105.75399978526195,28.59328312511616],[105.74277202470921,28.61988349472756],[105.71304707036609,28.590861275127793],[105.69099584488242,28.593998905425224],[105.67967661968032,28.53876488988783],[105.62142668988986,28.523295375281407],[105.60578786531778,28.44618892487904],[105.64439530479956,28.424545235274422],[105.6365753848462,28.403364969917504],[105.65090270019954,28.366523725189836],[105.63639717968613,28.315674939746714],[105.6645672898486,28.316019765000192],[105.68539496520555,28.287509899961947],[105.7325229198969,28.273993194830155],[105.73513342516748,28.308051045019738],[105.77567630012123,28.312849814867093],[105.76739285969279,28.332383555556703],[105.78459436963453,28.339436905089144],[105.79735076992216,28.31203622519172],[105.82072851520888,28.308735750154824],[105.84701153475459,28.257231005506526],[105.8879133696064,28.240504690139403],[105.8565038052065,28.171790235530977],[105.87599760520538,28.125628245347286],[105.93853139530773,28.147782235461875],[105.96544279994532,28.13767427025141],[105.97828922506773,28.1101082751768],[106.00860902968304,28.123467415488903],[106.03098248495377,28.110635394807673],[106.02406845029878,28.13502619490305],[106.11869221477394,28.170426675350825],[106.20327669526336,28.137868604752384],[106.2628658954448,28.07056718472785],[106.24011042525598,28.016668440296314],[106.2899016052749,28.007082439802787],[106.32466890994232,27.961863615413563],[106.29828508988504,27.904081105558646],[106.32274408467185,27.89982171490027],[106.33488924004644,27.878546810287105],[106.31247902498706,27.83918388992464],[106.33842492017396,27.823395970347804],[106.22112953470031,27.764445584696034],[106.06042628514501,27.780852760346647],[106.0512500301648,27.76227653503412],[105.92874625973218,27.731227929725208],[105.91895454021994,27.750639100014496],[105.87732647044032,27.74230973030984],[105.84135152465319,27.709218660312956],[105.73658351991355,27.715457015428967],[105.7184986796704,27.708204215152477],[105.71495768994549,27.685885034866544],[105.66252315961617,27.687909239719716],[105.63751678976809,27.662700710369563],[105.62081822028472,27.66932395014021],[105.6018173198135,27.719543175077547],[105.55555640960068,27.724163930421128],[105.53348810509203,27.757675109718605],[105.48985601484327,27.7763311903322],[105.43722546468354,27.778813615056322],[105.34981372971993,27.751728515358764],[105.30497570526467,27.708804744643317],[105.28678013959183,27.715118989949474],[105.2903905704685,27.77105680053097],[105.26969183990656,27.79887584054768],[105.31211128970432,27.82212389999802],[105.23574515491504,27.832949044862573],[105.24731752488395,27.847422019810438],[105.23236466000111,27.90622175013374],[105.26324009995074,27.915087845128028],[105.28098846514558,27.939436735017352],[105.26698350458514,27.999999999900126],[105.24250346026656,28.011912610378715],[105.21835427473007,27.99393546035327],[105.17909215038247,28.000121019869198],[105.16441759959258,28.026710895291615],[105.1815154950441,28.044988675187255],[105.17708208017393,28.070423455078412],[105.12997543042184,28.070565949958677],[105.0445708653532,28.102252255537223],[105.01027519484444,28.070494999744483],[104.97309967031362,28.065400934805325],[104.9701199447797,28.02050711551101],[104.94631759538078,27.984324339996363],[104.92705460008978,27.990429744736957],[104.90120360046586,27.967402785410286],[104.91867483507565,27.944232379720574],[104.8865101801008,27.934832160276017],[104.87380592520333,27.91026114503586],[104.79480449982788,27.90593208479794],[104.76429490498595,27.88687525998529],[104.73941353460702,27.904802010204662],[104.63122280009219,27.854269414701776],[104.61399403529657,27.862374110376948],[104.56772895492736,27.84526828470365],[104.53607075496143,27.89100502506193],[104.50633010475059,27.882006084912916],[104.39433406976156,27.956312200247908],[104.3527427103079,28.023599910107805],[104.29629611547341,28.04831622971028],[104.3744171702163,28.055871620379037],[104.39702559495532,28.07439268037797],[104.39521463464774,28.094536455493085],[104.44886392962673,28.12069217510384],[104.44199559492085,28.14781641509552],[104.4569209999043,28.17297651055759],[104.41923113510887,28.17324809502361],[104.39747812031908,28.20164170470099],[104.44074385464523,28.214920774773987],[104.46327584960085,28.249073214757118],[104.44043688995055,28.259720214716197],[104.445724784871,28.27361440488096],[104.40372752000911,28.27422897998349],[104.36887619528022,28.33946546036276],[104.34456934959587,28.33959728029032],[104.31518247469154,28.310994144764038],[104.28587978982051,28.3164970648877],[104.29880681038605,28.331878065520357],[104.26679146985049,28.37706908556987],[104.27251882028736,28.394298870196735],[104.25268403514019,28.404508164720085],[104.26553418525452,28.424878710184373],[104.26581653460545,28.503482899616188],[104.24446164518884,28.527629430353954],[104.31919547539093,28.54293281499747],[104.33100577000033,28.563927290312222],[104.35429161536581,28.559055154671682],[104.37237015495873,28.59755740495035],[104.41367527009771,28.60027583965831],[104.42649410042247,28.627560675185066],[104.3708983397866,28.65270918018456],[104.30549648037834,28.61800504479703],[104.24476903526283,28.66758919998165],[104.23154589043054,28.639744475327348],[104.12338534525753,28.640555019898272],[104.09185662518314,28.606356809818976],[104.0571583003154,28.631117094578315],[103.94217340987501,28.60479852483212],[103.91122252489964,28.636192805253813],[103.87477085029457,28.62878205524771],[103.87044565534279,28.659343850338473],[103.84913538489013,28.671242884651463],[103.8353493597852,28.588183229872186],[103.79873058484867,28.565133425067586],[103.80116497498369,28.538270349996708],[103.77978832467153,28.527609780167268],[103.81037343468631,28.496179464810496],[103.85440637975069,28.400787684703914],[103.85174272994311,28.357431375157887],[103.87110704465442,28.306902755557758],[103.76959338512665,28.237029920194686],[103.7346523997885,28.23756838027657],[103.70991222476943,28.200621295236658],[103.68985776042734,28.235655765101512],[103.63455234501475,28.264946635578838],[103.5687771752265,28.23307018004482],[103.53129381006136,28.171980005073237],[103.44909967990634,28.125565764948135],[103.4565895001054,28.10169699522021],[103.43026304510352,28.074764450219277],[103.43087596545348,28.043640284771357],[103.45661001004402,28.02417702484985],[103.48591088008311,28.035869564928532],[103.51223821012536,27.96996178470863],[103.56185833459455,27.98066459029866],[103.56111997500687,27.96456567526576],[103.5002468496125,27.913997175229497],[103.5072562600684,27.84402378037322],[103.48723861487025,27.800389734998305],[103.2773925398339,27.63595030506258],[103.29671030473685,27.604279285260873],[103.2927287398395,27.56910095534488],[103.21745819513967,27.56726119514809],[103.14854057468784,27.46681213507202],[103.1405954996826,27.42521368985996],[103.09764167542306,27.40078650049668],[103.05309109497813,27.412566670515503],[102.98505411045892,27.370972845120775],[102.94624934533107,27.41609664534394],[102.88122278020722,27.300557745543585],[102.91196891473368,27.14378768994999],[102.86970776540113,27.030182909913435],[102.89355430478741,27.004717005385544],[102.89525809018875,26.914802885245024],[102.96922517010557,26.834879000065825],[103.00831615526641,26.710180225537044],[103.0042781947829,26.680680960557936],[103.02618390995951,26.66609416021737],[103.02808269536018,26.605298715563322],[103.01619635497786,26.59543144490533],[103.05462899503215,26.550275805084368],[103.03126284020794,26.490343910143395],[102.98801581987425,26.483800575136456],[102.98801438455627,26.354741139991688],[102.89302387475209,26.342127355093396],[102.87831656975396,26.369470470286046],[102.83339085960057,26.310730454946565],[102.7749707052339,26.296922200399308],[102.73857579044045,26.272961695326046],[102.71165407957216,26.21589456018586],[102.67422395517144,26.20891774475814],[102.60158271517025,26.251832294724693],[102.61035842470159,26.28650425956397],[102.6370121798683,26.310406330287947],[102.62564809468387,26.34333455464605],[102.54999864492157,26.366030999630993],[102.531288489872,26.337096950463945],[102.38909007474723,26.29876069524994],[102.34816465967134,26.248056765407455],[102.24721054483086,26.218821804882452],[102.23876490987277,26.190148895455195],[102.17289673039983,26.150220795253574],[102.10591881000516,26.07074732023267],[102.06850108995337,26.0681835554268],[102.02383344475771,26.09980828982077],[101.95549825494055,26.089072374790305],[101.91593991999139,26.112999290185144],[101.86268513960755,26.056190120177973],[101.83448411524978,26.04820739505527],[101.8384156697474,26.08651128546751],[101.79637290458595,26.11665842474656],[101.81031975545244,26.167794975257948],[101.76969589474982,26.182177655574378],[101.7343366895866,26.223486519986977],[101.70062014020738,26.227453920562027],[101.69157862975004,26.247215185232676],[101.62843820465946,26.227935049762777],[101.58413406003888,26.283688060455688],[101.6063208897973,26.313888794832053],[101.65825147512555,26.31002483517807],[101.63784853518183,26.32599298518818],[101.66117055487729,26.352427480244046],[101.62761098485913,26.361594269859722],[101.63581775988177,26.39922392504417],[101.52619866543614,26.470564905446054],[101.50842480536056,26.500559290378987],[101.45716584992408,26.499286899870583],[101.43838910996953,26.515849884864338],[101.43778145515012,26.541996755146158],[101.42114542991771,26.53420681049596],[101.41384286025988,26.554533319756956],[101.39805371041047,26.544678840156394],[101.39692785543622,26.607312615085164],[101.46061366988499,26.60921847005642],[101.45896637000203,26.644139559692974],[101.47891034004022,26.67624737481657],[101.45312080548086,26.707178870408598],[101.4984632048131,26.73704973975373],[101.49054194475502,26.75123877984589],[101.51157223017435,26.77426186489322],[101.44937878040645,26.78610644975288],[101.45521332463528,26.734195529899864],[101.43092448517689,26.7440591349212],[101.41487023497342,26.72501121519548],[101.38689284502885,26.726498205527832],[101.3873815699036,26.756122815315734],[101.35508120543335,26.774391799841737],[101.3778228647335,26.790662989905115],[101.36935482496528,26.80493480989361],[101.39849516961647,26.844583575271827],[101.36575061020255,26.886821450149853],[101.26434081967312,26.90710978049202],[101.25323661967434,26.927638020278437],[101.26336018542429,26.95847504029092],[101.22954580509492,26.957952205030267],[101.22007403468899,26.992121224914627],[101.13376735517937,27.02650300550937],[101.168588924939,27.194256005510283],[101.1138357795976,27.210168085488817],[101.07621381991191,27.19598854493546],[101.0401360798163,27.22430826541415],[101.02941285511923,27.29903975558028],[101.00685470967716,27.31446607484952],[101.01891454546995,27.346750964685327],[100.96201484520901,27.405836575097908],[100.93556507516814,27.472824940218857],[100.89991173503859,27.457388695132238],[100.90902621019148,27.527528585076197],[100.85313631009268,27.59997148049945],[100.85430847475635,27.627237965359882],[100.82579177037394,27.61757160504561],[100.85052131540647,27.64588362552894],[100.8306724351848,27.654217429790606],[100.84722304011126,27.675167369778364],[100.7892725899581,27.68654285476896],[100.75485180037037,27.77261447487814],[100.70490911516362,27.805319095399966],[100.71941398007118,27.861411709882532],[100.69944530026044,27.872237514849473],[100.70246374970236,27.89286099553857],[100.67838083520746,27.92658541488504],[100.63233520020935,27.91819731495417],[100.60673333977189,27.85990150984685],[100.54538887969312,27.81231836510051],[100.50969445043859,27.82953286484991],[100.50424761473568,27.854744260339373],[100.42968675473998,27.867566150157757],[100.37493636042473,27.75759947043929],[100.34949025986765,27.75939352529099],[100.32615484477031,27.723997929960547],[100.3024152050977,27.74001344996077],[100.30432877535276,27.794338775214328],[100.28566923504724,27.80762727557834],[100.30693764475654,27.835198420171025],[100.30630647986021,27.865784069779068],[100.23261606467969,27.87272753025138],[100.16824062490497,27.900793165272432],[100.19074840021858,27.94973327547035],[100.12144148034008,28.020579845483553],[100.08511621534115,28.03394791516422],[100.01949168019695,28.149233070349965],[100.03048400003661,28.18800386988272],[100.05984899983156,28.19655211029169],[100.08666445490076,28.183145789746447],[100.1045704748476,28.20662570970876],[100.16205897474197,28.219785105198525],[100.1865002798641,28.25610872533747],[100.14636247484839,28.292504499882796],[100.16723228524182,28.299808434711565],[100.17188166510681,28.326236889920608],[100.133818044767,28.355255284703674],[100.05628974487587,28.372629584987408],[100.07354798495163,28.42896687981772],[100.05903407016626,28.452340140185356],[99.98810989495576,28.479938615175],[99.98554347984776,28.53103054042714],[99.9638763098439,28.540911370163656],[99.9479311348141,28.581201330577017],[99.87788760542873,28.61109499503806],[99.86973720980444,28.637653824964104],[99.83240621497492,28.630327229917782],[99.84196142987616,28.659116519711688],[99.80297743526052,28.69548254018713],[99.73210092501773,28.722942565447113],[99.71702967517945,28.84938323504832],[99.68839779012598,28.81574937473391],[99.62280399021205,28.815802200011547],[99.60540995520535,28.780956934914684],[99.61673602964413,28.744492175173775],[99.56010215998674,28.720891020304407],[99.53073649469354,28.684031635351744],[99.54101784469782,28.629441084738346],[99.49522344520591,28.61999664472944],[99.49614256043088,28.604156675090508],[99.46424018014028,28.582795735035177],[99.46163763476909,28.55230790468613],[99.4029328054047,28.550676740439258],[99.39464750967488,28.495605020155608],[99.42076512501058,28.4600263453396],[99.40249340025031,28.437493534698945],[99.43697540489109,28.403273239968087],[99.39189068470739,28.32246752006006],[99.41734307512286,28.27996221468453],[99.38554205022552,28.212819860448235],[99.40106947487641,28.153671110433436],[99.30750791495836,28.230034485203362],[99.2989656100749,28.26055505986818],[99.28102590512151,28.264090820035392],[99.28599069971108,28.296587500213036],[99.23841343473231,28.320451735559175],[99.22989450502746,28.353585785055998],[99.17474489536067,28.4044141504927],[99.16428339496275,28.428366010383115],[99.18631355023024,28.443486829953315],[99.19092256042791,28.498943780231343],[99.17005573038773,28.561316999979624],[99.17962130997552,28.588004340328098],[99.12918374043733,28.693076090189436],[99.13522698044085,28.722915825005373],[99.10747217989723,28.803069389840516],[99.13018841985973,28.948183954725778],[99.1073025003102,29.14273264989191],[99.1150960701276,29.241415460355256],[99.06569662040278,29.303510269783203],[99.07495479013153,29.318836124887298],[99.05085875003135,29.567136840093156],[98.99058437976538,29.664479669701052],[99.0126326500768,29.820390780110472],[99.06756711493045,29.931624125253222],[99.05025648484894,29.94445475468325],[99.04410686044332,30.081829614645073],[99.00964344478922,30.123054125347664],[99.01032057493467,30.145611789652435],[98.98578242541868,30.159581885295836],[98.99308797003386,30.21586892511084],[98.96887444519956,30.259414704724918],[98.98577604472877,30.282500885307684],[98.96677414511078,30.33813004496568],[98.97468376524364,30.39403430004296],[98.93165314517654,30.523614574852786],[98.92593364492183,30.572914840147803],[98.94106146031822,30.599008354551984],[98.92138984006914,30.61201356487419],[98.90461742995052,30.69049115494289],[98.96125262520854,30.72808486512446],[98.95742673475604,30.767325060403266],[98.90277927504354,30.786539399673586],[98.84992056508207,30.851520325102967],[98.77970895510424,30.896113670109855],[98.80581327036617,30.98231060984682],[98.79677156475594,31.013719560009747],[98.73485245497687,31.053135610520087],[98.71184993472679,31.085274685178604],[98.70990689458756,31.120413095088338],[98.66987202507397,31.1585935004897],[98.60088601028122,31.19386898506565],[98.62084432000944,31.206578885007616],[98.60307603483119,31.25889880033941],[98.63821529460023,31.338992445145266],[98.69234313502773,31.334983549851017],[98.74114915001331,31.270380030314186],[98.77598711980977,31.250977470134217],[98.8138180747444,31.314521445308515],[98.88663130019438,31.377481170519673],[98.83719993982544,31.43894580970141],[98.61865154982922,31.594040035319438],[98.55354250967912,31.659312510164284],[98.54611716547487,31.719417424774406],[98.52244423031703,31.71814186055849],[98.4934066853703,31.773880540554558],[98.45973350040077,31.78390953000087],[98.44289355029719,31.83017980485414],[98.41508884007794,31.832277979844946],[98.42495791027937,31.858713885037844],[98.39818592484062,31.90211161555868],[98.43291637978717,31.92585532016693],[98.4207856504375,31.9453608752043],[98.43596530005863,32.00562582507183],[98.35795389515619,32.08897956985135],[98.3112823697856,32.11390483524002],[98.25987786537127,32.21079701007403],[98.21847323485196,32.23709669495656],[98.22976200001636,32.26451472997087],[98.20819922961084,32.321696380283754],[98.2181043752168,32.345451240082696],[98.13855524023222,32.38140975525607],[98.12690103015848,32.40294772056092],[98.10811227526136,32.39330716989002],[98.0778894049721,32.404007555404405],[98.07768388020696,32.419204755295254],[98.03580197498121,32.43111153007311],[98.02312695524483,32.45489600005044],[97.92399736968292,32.48905173514953],[97.80656928474474,32.502118485180006],[97.79530307997322,32.52372619021156],[97.70206325971174,32.53669342036511],[97.627080915352,32.580297504826035],[97.60652270026247,32.61756342021573],[97.54781528534721,32.62213101483451],[97.42271429532855,32.70767227505553],[97.42529123969899,32.728153675451836],[97.38046418517405,32.79804252504255],[97.38827299040622,32.8664202204169],[97.34749306045643,32.89740544510528],[97.36824499491064,32.92963688463459],[97.36066287459204,32.947065350185824],[97.43559810976501,32.977849210372824],[97.52188110023263,32.9900821800486],[97.49773259997954,33.0211136802522],[97.54341407519945,33.038829234581556],[97.51558142034634,33.0959926997034],[97.48463161006083,33.110529770232745],[97.498538194682,33.139327799638295],[97.48636249473338,33.16993407519749],[97.57539839002374,33.22302063469459],[97.60808606462024,33.26714673963039],[97.622388885139,33.34131926517199],[97.67642506036827,33.34272195485437],[97.6764572048362,33.359537170004444],[97.70171700543551,33.361349275148996],[97.72028987987414,33.388711859764555],[97.75823297037533,33.40506301034969],[97.62727776975333,33.46335430985357],[97.60244340513907,33.453545770321114],[97.58089111992928,33.47251730972613],[97.5527613200789,33.466644344660835],[97.5104840998614,33.52269688984961],[97.52479768526501,33.578475284806586],[97.45243905991475,33.58102120526445],[97.41482168497282,33.60746432032215],[97.40449643006627,33.62849814457377],[97.43491277510452,33.682265540322476],[97.42816680035759,33.723870025381416],[97.40585629493211,33.79580254025507],[97.36854088535364,33.82515057523892],[97.36966274464004,33.84314788536665],[97.39978364979567,33.85208886960572],[97.3902845651806,33.89065451039738],[97.4596348953342,33.88894204024302],[97.46824413495892,33.904860644802966],[97.50412112029352,33.91442238518499],[97.52437465496644,33.903044159960075],[97.6006354449699,33.93242085543818],[97.64153666018876,33.92551461520736],[97.6604302697412,33.96051734529931],[97.65493099996576,34.010241065372895],[97.68779308997915,34.01810065981766],[97.70230971532118,34.044391390150565],[97.66537040492034,34.1286893951995],[97.77330026499527,34.16370854511331],[97.81041178477608,34.209257890139554],[97.94514237532042,34.198215604866334],[98.04386127467814,34.11741982516486],[98.09844976044815,34.124733354860496],[98.20699636479048,34.08039458004589],[98.32849765464312,34.09855214036901],[98.40201752508875,34.087921095282354],[98.39107471022976,34.058211194690955],[98.43916830477349,34.01330048972585],[98.44031264531242,33.987504989963384],[98.40964786525683,33.95505523461145],[98.40591012005603,33.927883950184196],[98.42884030513602,33.90121622494888],[98.40742729523356,33.868089329558984],[98.438824225058,33.84284605490154],[98.46113639512862,33.85063980997927],[98.49251670997825,33.79720530458121],[98.4911012301377,33.772608295336624],[98.51763955462178,33.77556691018481],[98.5377171099567,33.749345969940634],[98.58213098535674,33.73425735958955],[98.59730602505306,33.698271934901925],[98.64908506022743,33.65920348495291],[98.61177090520317,33.63550602528289],[98.62261831458363,33.61218192455624],[98.66488919008412,33.58893146481529],[98.6505922502322,33.54575356997134],[98.67096642536029,33.54539625493328],[98.74264151469418,33.48047399497892],[98.7331662396303,33.411861390390925],[98.77870705998288,33.37011271972631],[98.76274277525891,33.32448750519427],[98.77179336527166,33.29920584027735],[98.75738754539896,33.28252809999185],[98.80308187013225,33.27232582018053],[98.80536925978356,33.22047766491238],[98.85461168518117,33.15515785515095],[98.90622445459496,33.12499940959515],[98.96551688029984,33.1182616348666],[99.00114099516088,33.08335794531297],[99.06084326980113,33.08976479021294],[99.12360787000728,33.04765954465233],[99.19548080029875,33.03558314964272],[99.213505160235,32.99501818014494],[99.2345479750091,32.98688537975653],[99.23139329986094,32.957856165229884],[99.25053667542727,32.95286916458031],[99.24482867480356,32.92755493970873],[99.26460598517815,32.88197983000521],[99.3257036847773,32.88434925041764],[99.33819174535284,32.89859584981866],[99.35257301463298,32.88824707044597],[99.37798820459204,32.90337140546603],[99.44858494024288,32.8652911899365],[99.54958161999582,32.84713133993944],[99.58734997042484,32.792864625302286],[99.6069866052477,32.78153981531028],[99.64121373482607,32.79432824045597],[99.65001797534933,32.773849515542736],[99.70061402971373,32.76907842502936],[99.72613942979092,32.72794990526398],[99.76482995044194,32.782722690000185],[99.76450046042794,32.82723792978669],[99.79118821986054,32.88643300028281],[99.77827713528166,32.92298613010587],[99.76049354544085,32.92732023554049],[99.76533378032974,32.94259155485645],[99.78223901491867,32.958780109814256],[99.80566056528295,32.94074962009893],[99.82855199048203,32.953505749690635],[99.85096418045265,32.94494062990617],[99.87687438514484,32.997971845124596],[99.87640657490357,33.04797195024537],[99.90195044525689,33.049269385074126],[99.90926843019395,33.0208654152068],[99.94732046007124,32.990595684843015],[99.95802905010066,32.94824673020247],[100.03903946469961,32.93191914545224],[100.02682946460817,32.89776727024338],[100.06853376991762,32.89710247519912],[100.08754168510075,32.86735822050554],[100.11041750526374,32.86220099527975],[100.13621681995033,32.723522080579585],[100.08616654524991,32.67169078040524],[100.1111826799368,32.64449861012281],[100.18753216018109,32.633451220297616],[100.2136302602284,32.60929084000031],[100.2290667247496,32.696263475578974],[100.2395947497979,32.725095959810744],[100.2609502651427,32.72915579000778],[100.25824850476477,32.745055810077645],[100.33564769528499,32.72061379539042],[100.40093922496533,32.757113234787994],[100.37820895018297,32.699727010293316],[100.4188385152853,32.733853879852745],[100.44300976478888,32.697614295063715],[100.469607045229,32.69609632488556],[100.51575072521587,32.63436219036282],[100.50730351014892,32.6123026200699],[100.52480485496017,32.61294764981426],[100.54393287999847,32.57242726510623],[100.66873708025213,32.52547028052908],[100.65577030965215,32.54800412988675],[100.6606473897653,32.61895810503256],[100.66993812484463,32.630955285058405],[100.70576398462026,32.612184709956466],[100.71905560473243,32.62425703553379],[100.6861694848339,32.684678970158416],[100.75115238337582,32.65321921009854],[100.76648779467604,32.66620777486895],[100.77734668480173,32.64116110010474],[100.79752620527023,32.658236445055934],[100.86969307987181,32.64179932557846],[100.9259912047304,32.60185924550785],[100.9990334704184,32.63141752489889],[101.070595444824,32.68360110480717],[101.11077648025042,32.67432204023004],[101.10990334466368,32.639591695000775],[101.1191816852866,32.63489695513044],[101.1239845047811,32.660235754876226],[101.15730366533194,32.66172210489128],[101.19308552038052,32.689101594962665],[101.22060096546227,32.72383164521432],[101.23687530495141,32.82910921481846],[101.21914245036385,32.86436331531479],[101.17659975027829,32.89496400518476],[101.11955825480965,32.91330860021179],[101.12702808038165,32.991347445228485],[101.1840907099184,32.98798352032327],[101.16948763005013,33.01547482490332],[101.1827660202357,33.04415986978222],[101.14127174979149,33.06041521019387],[101.1410952200684,33.08764470054257],[101.1676021303341,33.102495530144665],[101.14844417046214,33.1323616150965],[101.15803960484396,33.14876983036345],[101.12825338508571,33.17113512518591],[101.13563080531748,33.18989332022062],[101.11462607503341,33.19757374543207],[101.12375664984955,33.22463217033845],[101.18249890540022,33.272259780264676],[101.20235635975826,33.27152372024352],[101.20456997532415,33.25759775523227],[101.22608767530602,33.27396616021019],[101.27138242495903,33.27071393020378],[101.32378684508689,33.24288660473309],[101.38202589487918,33.154433284868276],[101.39818544490242,33.22613642045951],[101.48619667963311,33.22881679495919],[101.63120357498508,33.103355985290534],[101.6581961749136,33.13781077554688],[101.65369504469061,33.165430470040235],[101.68675116523417,33.18766243497345],[101.67647397999025,33.20317648490692],[101.71567846498925,33.222892055024374],[101.73901076483497,33.269280054730814],[101.70814102029192,33.30010837470178],[101.67862668986993,33.29887905992075],[101.65236055509558,33.318109350466216],[101.65974628506308,33.38518902015721],[101.69485263504112,33.436844500173606],[101.77334694530532,33.45441054041419],[101.76847736463873,33.54815449993026],[101.83008495016037,33.55687643989586],[101.8423178496891,33.60503152018856],[101.90172430493277,33.55572370508497],[101.90133619980583,33.489632064768045],[101.92730019474823,33.47283321997719],[101.92466308033693,33.449275829715816],[101.94505194499135,33.44356375516321],[101.91359160486871,33.4277383401523],[101.91217906491198,33.40773810492965],[101.88439520547439,33.384455790302525],[101.87586525008129,33.31681929547415],[101.83012745032164,33.29375238016826],[101.82214788002068,33.27302405021982],[101.80762502507491,33.290407480420924],[101.76563496468191,33.26605728471594],[101.83932591046243,33.19261615980798],[101.82452453997558,33.121096574947046],[101.8666732245897,33.10658497501663],[101.8845894248621,33.13720362524714],[101.92405357021613,33.16053833527599],[101.93333423468727,33.18828813019309],[101.97878203546264,33.20343869034332],[102.07972326032029,33.19480189549114],[102.10809939976753,33.26062146480882],[102.09718595496793,33.276645194720004],[102.10699222011493,33.29771238471881],[102.16038593046636,33.242861535231725],[102.20684049529268,33.22675370971598],[102.20343484544185,33.32178572053465],[102.1858782948475,33.33233810551923],[102.23349218022003,33.37202325476943],[102.23240016043911,33.388178255122455],[102.26040765968582,33.39925797557515],[102.26730713971278,33.424482924747224],[102.31183056962516,33.399002149929345],[102.34656947010501,33.412927919787705],[102.36597433524742,33.393557565229514],[102.36652569520476,33.41407285477845],[102.39261496031224,33.40664705012131],[102.44078256006713,33.45505895520665],[102.46634632522279,33.452679595486984],[102.44852471024723,33.46619903995378],[102.46026114533566,33.5060841147901],[102.44424851485712,33.53288241529128],[102.47062622042381,33.530640915346],[102.47643621495939,33.543938694914914],[102.44337762487754,33.57434977981853],[102.33808644043694,33.612925600036476],[102.31371849031615,33.67063447520093],[102.34010807502767,33.73078235042516],[102.32389507469799,33.73559664526903],[102.3043599301667,33.71212311498982],[102.2845463699191,33.718069864932374],[102.31928570027492,33.75946596987865],[102.28347138509639,33.78760986030687],[102.23667745480077,33.79209823994188],[102.26253446998987,33.84640553468773],[102.18644255018359,33.93147531003757],[102.12967560514511,33.96800189547116],[102.16576601488975,33.98482316485723],[102.17247112983881,33.96984718020326],[102.19500501516939,33.980450580130196],[102.21427032981194,33.96024612505869],[102.23849566993925,33.965780940538025],[102.22759018503905,33.97073643523834],[102.24732452041036,33.98820264533589],[102.2600192703731,33.96709567472567],[102.26564662968826,33.991352720451744],[102.28891729989351,33.97861993006575],[102.30832979038757,33.99652135987293],[102.31075917489608,33.96824318987137],[102.3256088551646,33.98542715044272],[102.34199289035968,33.97074792497682],[102.38982878507045,33.97180059492155],[102.4357968598373,34.08807733989738],[102.49313929993878,34.07629963042365],[102.6021240548813,34.10271332955659],[102.65680943990378,34.07564119538489],[102.66176014481488,34.11418043028266],[102.63448551029813,34.11532609462364],[102.59630227023365,34.15303651522305],[102.64719952014178,34.167301885273844],[102.64570236477238,34.18272508479487],[102.69484845029581,34.19982092979211],[102.72834198039811,34.23858941536929],[102.77669420467384,34.239437789922135],[102.7929422596776,34.277099210060555],[102.85415244467964,34.27239636010398],[102.87142909028034,34.31231382492314],[102.91207355535033,34.31433892550109],[102.95687690014887,34.296443995094364]]]}},{"type":"Feature","properties":{"name":"贵州省","adcode":"520000","region_code":"520000","population":38562148,"elderly_65plus":4456455,"aging_rate":0.1156,"youth_rate":0.2397,"source_year":"2020","source_name":"第七次全国人口普查（省市分年龄性别）","license":"普查数据，来源标注 required"},"geometry":{"type":"MultiPolygon","coordinates":[[[[105.0955,24.9319],[105.0856,24.9175],[105.0783,24.9177],[105.0955,24.9319]]],[[[109.5754,26.7728],[109.593,26.7585],[109.5426,26.7212],[109.5223,26.7484],[109.556,26.7393],[109.5536,26.7583],[109.5659,26.7516],[109.5754,26.7728]]],[[[107.5559,29.2243],[107.5904,29.1471],[107.6213,29.1746],[107.6924,29.1458],[107.7057,29.1658],[107.7137,29.1576],[107.7196,29.1853],[107.7457,29.2028],[107.7564,29.1952],[107.7697,29.1663],[107.8069,29.1427],[107.7803,29.0498],[107.8188,29.0361],[107.8047,28.986],[107.8631,28.9609],[107.8791,29.0118],[107.9026,29.0086],[107.9258,29.039],[108.0182,29.0407],[108.0647,29.0892],[108.119,29.0724],[108.1294,29.0557],[108.1923,29.0747],[108.2263,29.0503],[108.2293,29.0304],[108.2517,29.0444],[108.2646,29.0928],[108.3036,29.0821],[108.2939,29.0507],[108.3146,28.967],[108.3458,28.9369],[108.3484,28.8192],[108.3847,28.7937],[108.3449,28.7408],[108.329,28.6794],[108.4691,28.6306],[108.5559,28.6514],[108.564,28.6665],[108.5826,28.643],[108.6265,28.6437],[108.6311,28.6233],[108.6007,28.5938],[108.6075,28.5461],[108.5693,28.5317],[108.584,28.4643],[108.6073,28.4416],[108.6035,28.4108],[108.5733,28.3919],[108.5751,28.3477],[108.6122,28.3276],[108.6662,28.3408],[108.6737,28.3512],[108.6534,28.3539],[108.6537,28.3714],[108.6933,28.4077],[108.6368,28.4587],[108.6398,28.4722],[108.6948,28.4852],[108.7052,28.5034],[108.7195,28.4959],[108.7411,28.4556],[108.7771,28.4305],[108.7547,28.3908],[108.7794,28.3831],[108.7561,28.33],[108.7664,28.318],[108.7203,28.2799],[108.7345,28.2299],[108.754,28.2263],[108.756,28.1951],[108.8172,28.2487],[108.8412,28.2029],[108.917,28.2216],[108.9243,28.1948],[108.9809,28.1668],[109.0013,28.1657],[109.0201,28.2234],[109.0805,28.1872],[109.0974,28.2126],[109.0754,28.2529],[109.1371,28.3249],[109.1445,28.4156],[109.1729,28.435],[109.186,28.473],[109.2648,28.4977],[109.2567,28.4109],[109.2843,28.3766],[109.2634,28.3403],[109.2681,28.3125],[109.3014,28.2768],[109.3355,28.2971],[109.3576,28.2877],[109.3467,28.2667],[109.3659,28.2802],[109.3941,28.2748],[109.3629,28.2561],[109.3411,28.2106],[109.3364,28.1462],[109.309,28.105],[109.2924,28.0338],[109.3322,28.0669],[109.3738,28.0346],[109.3586,28.0117],[109.3174,27.9974],[109.2959,27.9593],[109.3131,27.8791],[109.3335,27.871],[109.3162,27.8619],[109.3441,27.8453],[109.3265,27.7851],[109.37,27.7427],[109.358,27.725],[109.4072,27.7286],[109.4696,27.6843],[109.4542,27.6664],[109.4711,27.6413],[109.4478,27.5903],[109.4583,27.57],[109.3879,27.5514],[109.3329,27.4985],[109.2923,27.4845],[109.3077,27.4511],[109.2905,27.4244],[109.2464,27.4218],[109.2055,27.4602],[109.1522,27.4157],[109.1565,27.4383],[109.1367,27.4513],[109.118,27.4209],[109.104,27.4226],[109.1164,27.4158],[109.1309,27.4335],[109.1391,27.4252],[109.1118,27.4039],[109.1201,27.3912],[109.1001,27.3399],[109.0669,27.3262],[109.0417,27.3378],[109.0533,27.2994],[109.0388,27.2799],[108.9826,27.2735],[108.962,27.2398],[108.9022,27.2134],[108.9184,27.203],[108.923,27.1648],[108.8816,27.1126],[108.8589,27.1193],[108.8521,27.101],[108.7861,27.0876],[108.8401,27.0635],[108.8513,27.0344],[108.8696,27.0328],[108.8716,27.001],[108.9141,27.033],[108.9188,27.0123],[108.949,27.0228],[108.9364,27.0505],[109.0016,27.0788],[109.0218,27.1079],[109.0427,27.0996],[109.1268,27.127],[109.0964,27.0728],[109.1594,27.0681],[109.2379,27.1525],[109.2532,27.1526],[109.2596,27.1301],[109.3301,27.1407],[109.33,27.1535],[109.3892,27.1479],[109.3941,27.1634],[109.4266,27.1278],[109.4702,27.1343],[109.4532,27.0882],[109.4779,27.0745],[109.4513,27.0691],[109.4832,27.0573],[109.4867,27.0823],[109.5212,27.0722],[109.5061,27.0707],[109.5383,27.0018],[109.5231,26.9812],[109.5454,26.9879],[109.5536,26.9477],[109.4351,26.8927],[109.4317,26.8658],[109.4518,26.8692],[109.4745,26.902],[109.514,26.8798],[109.4922,26.8161],[109.521,26.7861],[109.5182,26.7526],[109.5018,26.7516],[109.5057,26.7707],[109.4653,26.7723],[109.4059,26.7438],[109.4147,26.7273],[109.378,26.7325],[109.388,26.7184],[109.3629,26.7029],[109.3067,26.716],[109.2833,26.7034],[109.2993,26.6651],[109.3345,26.6509],[109.3564,26.6613],[109.407,26.5435],[109.3739,26.5216],[109.3866,26.5043],[109.3582,26.4793],[109.3797,26.4659],[109.3251,26.4354],[109.2969,26.3908],[109.2966,26.3494],[109.2682,26.336],[109.2754,26.3015],[109.3209,26.2934],[109.3361,26.2666],[109.3769,26.2869],[109.4278,26.2885],[109.4637,26.3164],[109.472,26.3022],[109.4319,26.2475],[109.4699,26.2047],[109.4543,26.1975],[109.4699,26.1529],[109.4914,26.1554],[109.5097,26.1325],[109.4999,26.0998],[109.4463,26.104],[109.4475,26.0579],[109.4749,26.0503],[109.4783,26.0276],[109.4521,25.9946],[109.4011,25.969],[109.4339,25.9587],[109.4272,25.9235],[109.3878,25.9028],[109.3857,25.8734],[109.3625,25.8469],[109.3341,25.8375],[109.3239,25.7855],[109.3346,25.7744],[109.3218,25.7646],[109.3368,25.7349],[109.2754,25.7175],[109.2026,25.7416],[109.1911,25.7708],[109.202,25.7915],[109.173,25.8093],[109.1619,25.7991],[109.1873,25.7787],[109.1435,25.7442],[109.1272,25.763],[109.1392,25.7986],[109.1144,25.8123],[109.0905,25.8095],[109.0749,25.7795],[109.0073,25.7952],[108.9849,25.7806],[108.9955,25.7634],[108.9543,25.7446],[108.9576,25.7339],[108.9358,25.7438],[108.9092,25.7299],[108.8905,25.7071],[108.8941,25.6869],[108.9144,25.6797],[108.9568,25.6875],[108.9977,25.7381],[109.0268,25.7253],[109.0488,25.7472],[109.05,25.7311],[109.0738,25.7225],[109.0271,25.6337],[109.0441,25.6156],[109.0464,25.5702],[109.0842,25.5525],[109.0226,25.514],[108.9883,25.5394],[108.9685,25.5339],[108.9458,25.5597],[108.8977,25.5433],[108.8856,25.5594],[108.8213,25.5521],[108.807,25.5285],[108.7771,25.5571],[108.7932,25.5802],[108.7765,25.6044],[108.7826,25.6245],[108.7459,25.6407],[108.6829,25.6249],[108.6831,25.5888],[108.6609,25.5908],[108.6549,25.5551],[108.6864,25.5205],[108.6628,25.5324],[108.6312,25.5227],[108.6034,25.4951],[108.6293,25.4683],[108.606,25.4813],[108.584,25.4253],[108.6145,25.4015],[108.6196,25.3105],[108.5501,25.3973],[108.5051,25.4173],[108.5,25.4482],[108.463,25.4586],[108.4251,25.4378],[108.3955,25.4941],[108.3455,25.5378],[108.3157,25.5338],[108.2887,25.484],[108.2369,25.4654],[108.2425,25.4286],[108.1908,25.4597],[108.1547,25.4437],[108.1891,25.4068],[108.1773,25.3928],[108.1373,25.3921],[108.1514,25.3797],[108.141,25.3476],[108.1541,25.3277],[108.1329,25.2876],[108.1436,25.2776],[108.1345,25.236],[108.1125,25.2145],[108.075,25.1959],[107.994,25.1983],[107.8349,25.1191],[107.81,25.1305],[107.7601,25.1213],[107.7876,25.1481],[107.7551,25.1929],[107.7623,25.2257],[107.7485,25.2428],[107.6822,25.1971],[107.6966,25.2205],[107.6595,25.2494],[107.6644,25.2796],[107.6493,25.2989],[107.6624,25.322],[107.6184,25.3081],[107.6112,25.2707],[107.5887,25.2652],[107.5907,25.2516],[107.565,25.2527],[107.5134,25.2103],[107.5045,25.2225],[107.4675,25.2171],[107.4827,25.2891],[107.4703,25.2974],[107.4426,25.2778],[107.4213,25.2948],[107.4172,25.3342],[107.397,25.3495],[107.4185,25.3887],[107.3691,25.4137],[107.3542,25.3961],[107.3106,25.4069],[107.3007,25.4318],[107.3312,25.4631],[107.3253,25.4988],[107.2288,25.5543],[107.2369,25.5964],[107.2031,25.6133],[107.1721,25.5773],[107.0615,25.5604],[107.0669,25.5156],[107.0113,25.4986],[106.9943,25.4477],[106.96,25.4405],[106.9828,25.3634],[107.0096,25.3534],[107.0097,25.2785],[106.9845,25.2621],[106.9927,25.2432],[106.9161,25.251],[106.8841,25.1857],[106.7902,25.1743],[106.7619,25.1861],[106.7236,25.1643],[106.6931,25.1818],[106.6452,25.1703],[106.6365,25.1347],[106.5866,25.0908],[106.538,25.0811],[106.4389,25.0219],[106.3017,24.9773],[106.2141,24.985],[106.1847,24.955],[106.1455,24.9608],[106.2013,24.8626],[106.1842,24.7915],[106.1652,24.761],[106.1397,24.7593],[106.1316,24.7325],[106.0434,24.6862],[106.0195,24.6356],[105.9504,24.6901],[105.9351,24.7297],[105.8614,24.7326],[105.8252,24.7059],[105.7977,24.7053],[105.7015,24.7723],[105.6256,24.7794],[105.5955,24.8105],[105.565,24.8002],[105.4963,24.8108],[105.4384,24.9257],[105.3656,24.9465],[105.3228,24.9271],[105.2636,24.933],[105.2579,24.9654],[105.2326,24.9688],[105.2083,24.9986],[105.154,24.9618],[105.1308,24.9656],[105.0694,24.9127],[105.06,24.8898],[105.0336,24.8732],[105.0313,24.7912],[104.8787,24.7462],[104.8377,24.6789],[104.7599,24.6601],[104.7313,24.6211],[104.7006,24.6323],[104.6938,24.6542],[104.6278,24.6636],[104.5939,24.7129],[104.5266,24.7401],[104.5448,24.827],[104.5945,24.8881],[104.6331,24.9073],[104.6617,24.9675],[104.7117,25.0015],[104.6823,25.0575],[104.6174,25.0622],[104.6836,25.0807],[104.6934,25.1257],[104.7325,25.1765],[104.721,25.195],[104.7394,25.211],[104.8153,25.1582],[104.8053,25.2262],[104.8277,25.2403],[104.8123,25.2689],[104.79,25.2541],[104.7657,25.2786],[104.7524,25.2659],[104.7067,25.2833],[104.7053,25.2998],[104.6618,25.2846],[104.6396,25.2965],[104.6438,25.36],[104.6131,25.3676],[104.571,25.4064],[104.5578,25.3951],[104.5354,25.41],[104.5546,25.5276],[104.5437,25.5311],[104.5468,25.5143],[104.5213,25.5295],[104.4827,25.4971],[104.4484,25.4985],[104.434,25.476],[104.4169,25.5026],[104.434,25.5212],[104.4228,25.5817],[104.4025,25.5975],[104.3622,25.5775],[104.3646,25.6045],[104.3358,25.6022],[104.3091,25.6635],[104.3264,25.7661],[104.369,25.7345],[104.3981,25.7659],[104.3998,25.8003],[104.428,25.822],[104.4217,25.8444],[104.4391,25.8732],[104.4121,25.9171],[104.4444,25.944],[104.4678,26.0142],[104.4535,26.0822],[104.4679,26.09],[104.4941,26.0741],[104.5245,26.1037],[104.5164,26.1685],[104.5478,26.2203],[104.54,26.2571],[104.5901,26.321],[104.6572,26.3392],[104.6574,26.3604],[104.6815,26.3726],[104.6615,26.4044],[104.6629,26.438],[104.6306,26.4546],[104.6362,26.4819],[104.6129,26.5122],[104.5688,26.5285],[104.579,26.5611],[104.562,26.59],[104.4852,26.5828],[104.4617,26.5985],[104.4652,26.6551],[104.4185,26.7151],[104.3966,26.7117],[104.3786,26.6537],[104.3463,26.6231],[104.3051,26.6169],[104.28,26.637],[104.228,26.6235],[104.1577,26.6499],[104.1249,26.6471],[104.0663,26.5773],[104.0716,26.5259],[104.0486,26.5091],[103.9993,26.5243],[103.8633,26.5159],[103.8169,26.5338],[103.8138,26.5565],[103.7654,26.5855],[103.7675,26.6077],[103.7466,26.6272],[103.767,26.7369],[103.7289,26.7389],[103.7013,26.8122],[103.7201,26.855],[103.7772,26.8777],[103.7614,26.9096],[103.7759,26.9472],[103.7031,27.0526],[103.6726,27.0548],[103.6519,27.0262],[103.6113,27.0083],[103.6274,27.0209],[103.5994,27.0638],[103.6108,27.0818],[103.6584,27.0721],[103.6509,27.0958],[103.6194,27.1014],[103.6256,27.1207],[103.6957,27.1305],[103.7065,27.1646],[103.7871,27.2571],[103.798,27.2504],[103.8016,27.2708],[103.8329,27.2706],[103.862,27.2928],[103.8735,27.3362],[103.9028,27.3481],[103.9027,27.3867],[103.9308,27.448],[103.9782,27.4204],[104.0132,27.4327],[104.0191,27.3789],[104.0821,27.3342],[104.1277,27.3302],[104.1292,27.3096],[104.1711,27.2667],[104.1906,27.2915],[104.2155,27.2832],[104.2114,27.3036],[104.2518,27.2981],[104.246,27.3401],[104.3388,27.4301],[104.3309,27.4476],[104.3601,27.4717],[104.4083,27.4615],[104.4142,27.4381],[104.5147,27.403],[104.5058,27.3895],[104.5399,27.3287],[104.5683,27.336],[104.609,27.3106],[104.7495,27.3492],[104.7718,27.3211],[104.8039,27.3559],[104.8215,27.3554],[104.8544,27.3348],[104.8508,27.3048],[104.8686,27.2945],[105.068,27.4229],[105.1612,27.4137],[105.1886,27.3759],[105.2273,27.4311],[105.2327,27.4909],[105.2578,27.5174],[105.2472,27.5462],[105.2294,27.5484],[105.2407,27.5788],[105.301,27.6153],[105.2983,27.7002],[105.3498,27.7517],[105.4372,27.7788],[105.5068,27.7718],[105.5556,27.7242],[105.6018,27.7195],[105.6341,27.6625],[105.6625,27.6879],[105.715,27.6859],[105.7185,27.7082],[105.7366,27.7155],[105.8414,27.7092],[105.8773,27.7423],[105.919,27.7506],[105.9287,27.7312],[106.0513,27.7623],[106.0604,27.7809],[106.1209,27.7825],[106.1898,27.7577],[106.245,27.7734],[106.3395,27.8281],[106.3126,27.8378],[106.3349,27.8785],[106.3227,27.8998],[106.2983,27.9041],[106.3247,27.9619],[106.2899,28.0071],[106.2373,28.0234],[106.2617,28.0525],[106.2469,28.0951],[106.2031,28.138],[106.122,28.1702],[106.0241,28.135],[106.031,28.1106],[106.0086,28.1235],[105.9783,28.1101],[105.9654,28.1377],[105.9385,28.1478],[105.876,28.1256],[105.8565,28.1718],[105.8879,28.2405],[105.847,28.2572],[105.8207,28.3087],[105.7974,28.312],[105.7846,28.3394],[105.7674,28.3324],[105.7757,28.3128],[105.7351,28.3081],[105.7325,28.274],[105.6854,28.2875],[105.6646,28.316],[105.6364,28.3157],[105.6509,28.3665],[105.6366,28.4034],[105.6444,28.4245],[105.6058,28.4462],[105.6214,28.5233],[105.6797,28.5388],[105.691,28.594],[105.713,28.5909],[105.7428,28.6199],[105.754,28.5933],[105.7813,28.6146],[105.8794,28.5977],[105.9017,28.6062],[105.8879,28.6716],[105.9322,28.6845],[105.9287,28.7059],[105.953,28.7178],[105.9636,28.766],[106.0079,28.7393],[106.0341,28.6927],[106.0816,28.6843],[106.104,28.6338],[106.1246,28.6467],[106.1611,28.6394],[106.1911,28.5779],[106.2162,28.5764],[106.2714,28.5364],[106.287,28.5413],[106.3276,28.4836],[106.374,28.4811],[106.3684,28.5291],[106.3864,28.5706],[106.4373,28.5623],[106.4751,28.5333],[106.5038,28.5423],[106.4625,28.5874],[106.4707,28.6025],[106.5032,28.5702],[106.5218,28.5787],[106.4896,28.6099],[106.4991,28.6637],[106.525,28.6779],[106.4507,28.7813],[106.448,28.7961],[106.4626,28.7973],[106.446,28.8174],[106.47,28.8379],[106.5308,28.7698],[106.5556,28.7639],[106.5694,28.7074],[106.6471,28.6545],[106.6139,28.6466],[106.6331,28.6275],[106.6017,28.5963],[106.6121,28.5544],[106.5607,28.5251],[106.5601,28.4892],[106.5871,28.4937],[106.5887,28.5166],[106.6286,28.5076],[106.6436,28.4826],[106.6603,28.497],[106.6847,28.4889],[106.7045,28.4539],[106.7417,28.472],[106.7246,28.5469],[106.7768,28.5673],[106.753,28.6132],[106.7818,28.6285],[106.8079,28.5915],[106.826,28.6268],[106.8633,28.6295],[106.8823,28.698],[106.855,28.6943],[106.8509,28.7269],[106.8231,28.7416],[106.838,28.7839],[106.8601,28.7778],[106.9218,28.8131],[106.9469,28.7696],[106.9895,28.7748],[106.9796,28.8544],[107.0133,28.8647],[107.013,28.889],[107.0486,28.8715],[107.0457,28.8882],[107.0642,28.8989],[107.0621,28.8693],[107.0902,28.8942],[107.1408,28.8788],[107.1869,28.8928],[107.1992,28.8704],[107.1886,28.8413],[107.2214,28.8389],[107.2068,28.8214],[107.2135,28.7769],[107.2455,28.7646],[107.2501,28.797],[107.3296,28.8141],[107.341,28.8305],[107.3267,28.8462],[107.3903,28.8614],[107.4353,28.9498],[107.3595,29.0125],[107.391,29.0431],[107.3699,29.1057],[107.4071,29.0972],[107.4235,29.1313],[107.4035,29.144],[107.3977,29.1881],[107.4399,29.2077],[107.4589,29.198],[107.4583,29.1792],[107.4808,29.1764],[107.5559,29.2243]],[[109.478,26.8397],[109.458,26.8355],[109.4569,26.8334],[109.478,26.8397]]]]}},{"type":"Feature","properties":{"name":"云南省","adcode":"530000","region_code":"530000","population":47209277,"elderly_65plus":5073259,"aging_rate":0.1075,"youth_rate":0.1957,"source_year":"2020","source_name":"第七次全国人口普查（省市分年龄性别）","license":"普查数据，来源标注 required"},"geometry":{"type":"Polygon","coordinates":[[[99.11308740016347,29.22426528011863],[99.13018841985973,28.948183954725778],[99.10747217989723,28.803069389840516],[99.13522698044085,28.722915825005373],[99.12918374043733,28.693076090189436],[99.17962130997552,28.588004340328098],[99.17005573038773,28.561316999979624],[99.19092256042791,28.498943780231343],[99.18631355023024,28.443486829953315],[99.16428339496275,28.428366010383115],[99.22989450502746,28.353585785055998],[99.23739994465177,28.321476229744235],[99.28599069971108,28.296587500213036],[99.28102590512151,28.264090820035392],[99.2989656100749,28.26055505986818],[99.30750791495836,28.230034485203362],[99.40106947487641,28.153671110433436],[99.38554205022552,28.212819860448235],[99.41734307512286,28.27996221468453],[99.39189068470739,28.32246752006006],[99.43697540489109,28.403273239968087],[99.40249340025031,28.437493534698945],[99.42076512501058,28.4600263453396],[99.39464750967488,28.495605020155608],[99.4029328054047,28.550676740439258],[99.46163763476909,28.55230790468613],[99.46424018014028,28.582795735035177],[99.49614256043088,28.604156675090508],[99.49522344520591,28.61999664472944],[99.54101784469782,28.629441084738346],[99.53073649469354,28.684031635351744],[99.56010215998674,28.720891020304407],[99.61673602964413,28.744492175173775],[99.60540995520535,28.780956934914684],[99.62280399021205,28.815802200011547],[99.68839779012598,28.81574937473391],[99.71702967517945,28.84938323504832],[99.73210092501773,28.722942565447113],[99.80297743526052,28.69548254018713],[99.84196142987616,28.659116519711688],[99.83240621497492,28.630327229917782],[99.86973720980444,28.637653824964104],[99.87788760542873,28.61109499503806],[99.9479311348141,28.581201330577017],[99.9638763098439,28.540911370163656],[99.98554347984776,28.53103054042714],[99.98810989495576,28.479938615175],[100.05903407016626,28.452340140185356],[100.07354798495163,28.42896687981772],[100.05628974487587,28.372629584987408],[100.133818044767,28.355255284703674],[100.17188166510681,28.326236889920608],[100.16723228524182,28.299808434711565],[100.14636247484839,28.292504499882796],[100.1865002798641,28.25610872533747],[100.16205897474197,28.219785105198525],[100.1045704748476,28.20662570970876],[100.08666445490076,28.183145789746447],[100.05984899983156,28.19655211029169],[100.03048400003661,28.18800386988272],[100.01949168019695,28.149233070349965],[100.08511621534115,28.03394791516422],[100.12144148034008,28.020579845483553],[100.19074840021858,27.94973327547035],[100.16824062490497,27.900793165272432],[100.23261606467969,27.87272753025138],[100.30630647986021,27.865784069779068],[100.30693764475654,27.835198420171025],[100.28566923504724,27.80762727557834],[100.30432877535276,27.794338775214328],[100.3024152050977,27.74001344996077],[100.32615484477031,27.723997929960547],[100.34949025986765,27.75939352529099],[100.37493636042473,27.75759947043929],[100.42968675473998,27.867566150157757],[100.50424761473568,27.854744260339373],[100.50969445043859,27.82953286484991],[100.54538887969312,27.81231836510051],[100.60673333977189,27.85990150984685],[100.63233520020935,27.91819731495417],[100.67838083520746,27.92658541488504],[100.70246374970236,27.89286099553857],[100.69944530026044,27.872237514849473],[100.71941398007118,27.861411709882532],[100.70490911516362,27.805319095399966],[100.75485180037037,27.77261447487814],[100.7892725899581,27.68654285476896],[100.84722304011126,27.675167369778364],[100.8306724351848,27.654217429790606],[100.85052131540647,27.64588362552894],[100.82579177037394,27.61757160504561],[100.85430847475635,27.627237965359882],[100.85313631009268,27.59997148049945],[100.90902621019148,27.527528585076197],[100.89991173503859,27.457388695132238],[100.93556507516814,27.472824940218857],[100.96201484520901,27.405836575097908],[101.01891454546995,27.346750964685327],[101.00685470967716,27.31446607484952],[101.02941285511923,27.29903975558028],[101.0401360798163,27.22430826541415],[101.07621381991191,27.19598854493546],[101.1138357795976,27.210168085488817],[101.168588924939,27.194256005510283],[101.13376735517937,27.02650300550937],[101.22007403468899,26.992121224914627],[101.22954580509492,26.957952205030267],[101.26336018542429,26.95847504029092],[101.25323661967434,26.927638020278437],[101.26434081967312,26.90710978049202],[101.36575061020255,26.886821450149853],[101.39849516961647,26.844583575271827],[101.36935482496528,26.80493480989361],[101.3778228647335,26.790662989905115],[101.35508120543335,26.774391799841737],[101.3873815699036,26.756122815315734],[101.38689284502885,26.726498205527832],[101.41487023497342,26.72501121519548],[101.43092448517689,26.7440591349212],[101.45521332463528,26.734195529899864],[101.44937878040645,26.78610644975288],[101.51157223017435,26.77426186489322],[101.49054194475502,26.75123877984589],[101.4984632048131,26.73704973975373],[101.45312080548086,26.707178870408598],[101.47891034004022,26.67624737481657],[101.45896637000203,26.644139559692974],[101.46061366988499,26.60921847005642],[101.39692785543622,26.607312615085164],[101.39805371041047,26.544678840156394],[101.41384286025988,26.554533319756956],[101.42114542991771,26.53420681049596],[101.43778145515012,26.541996755146158],[101.43838910996953,26.515849884864338],[101.45716584992408,26.499286899870583],[101.50842480536056,26.500559290378987],[101.52619866543614,26.470564905446054],[101.63581775988177,26.39922392504417],[101.62761098485913,26.361594269859722],[101.66117055487729,26.352427480244046],[101.63784853518183,26.32599298518818],[101.65825147512555,26.31002483517807],[101.6063208897973,26.313888794832053],[101.58413406003888,26.283688060455688],[101.62843820465946,26.227935049762777],[101.69157862975004,26.247215185232676],[101.70062014020738,26.227453920562027],[101.7343366895866,26.223486519986977],[101.76969589474982,26.182177655574378],[101.81031975545244,26.167794975257948],[101.79637290458595,26.11665842474656],[101.8384156697474,26.08651128546751],[101.83448411524978,26.04820739505527],[101.86268513960755,26.056190120177973],[101.91593991999139,26.112999290185144],[101.95549825494055,26.089072374790305],[102.02383344475771,26.09980828982077],[102.06850108995337,26.0681835554268],[102.10591881000516,26.07074732023267],[102.17289673039983,26.150220795253574],[102.23876490987277,26.190148895455195],[102.24721054483086,26.218821804882452],[102.34816465967134,26.248056765407455],[102.38909007474723,26.29876069524994],[102.531288489872,26.337096950463945],[102.54999864492157,26.366030999630993],[102.62564809468387,26.34333455464605],[102.6370121798683,26.310406330287947],[102.61035842470159,26.28650425956397],[102.60158271517025,26.251832294724693],[102.67422395517144,26.20891774475814],[102.71165407957216,26.21589456018586],[102.73857579044045,26.272961695326046],[102.7749707052339,26.296922200399308],[102.83339085960057,26.310730454946565],[102.87831656975396,26.369470470286046],[102.89302387475209,26.342127355093396],[102.98801438455627,26.354741139991688],[102.98801581987425,26.483800575136456],[103.03126284020794,26.490343910143395],[103.05462899503215,26.550275805084368],[103.01619635497786,26.59543144490533],[103.02808269536018,26.605298715563322],[103.02618390995951,26.66609416021737],[103.0042781947829,26.680680960557936],[103.00831615526641,26.710180225537044],[102.96922517010557,26.834879000065825],[102.89525809018875,26.914802885245024],[102.89355430478741,27.004717005385544],[102.86970776540113,27.030182909913435],[102.91196891473368,27.14378768994999],[102.88122278020722,27.300557745543585],[102.94624934533107,27.41609664534394],[102.98505411045892,27.370972845120775],[103.05309109497813,27.412566670515503],[103.09764167542306,27.40078650049668],[103.1405954996826,27.42521368985996],[103.14854057468784,27.46681213507202],[103.21745819513967,27.56726119514809],[103.2927287398395,27.56910095534488],[103.29671030473685,27.604279285260873],[103.2773925398339,27.63595030506258],[103.48723861487025,27.800389734998305],[103.5072562600684,27.84402378037322],[103.5002468496125,27.913997175229497],[103.56111997500687,27.96456567526576],[103.56185833459455,27.98066459029866],[103.51223821012536,27.96996178470863],[103.48591088008311,28.035869564928532],[103.45661001004402,28.02417702484985],[103.43087596545348,28.043640284771357],[103.43026304510352,28.074764450219277],[103.4565895001054,28.10169699522021],[103.44909967990634,28.125565764948135],[103.53129381006136,28.171980005073237],[103.5687771752265,28.23307018004482],[103.63455234501475,28.264946635578838],[103.68985776042734,28.235655765101512],[103.70991222476943,28.200621295236658],[103.7346523997885,28.23756838027657],[103.76959338512665,28.237029920194686],[103.87110704465442,28.306902755557758],[103.85174272994311,28.357431375157887],[103.85440637975069,28.400787684703914],[103.81037343468631,28.496179464810496],[103.77978832467153,28.527609780167268],[103.80116497498369,28.538270349996708],[103.79873058484867,28.565133425067586],[103.8353493597852,28.588183229872186],[103.84913538489013,28.671242884651463],[103.87044565534279,28.659343850338473],[103.87477085029457,28.62878205524771],[103.91122252489964,28.636192805253813],[103.94217340987501,28.60479852483212],[104.0571583003154,28.631117094578315],[104.09185662518314,28.606356809818976],[104.12338534525753,28.640555019898272],[104.23154589043054,28.639744475327348],[104.24476903526283,28.66758919998165],[104.30549648037834,28.61800504479703],[104.3708983397866,28.65270918018456],[104.42649410042247,28.627560675185066],[104.41367527009771,28.60027583965831],[104.37237015495873,28.59755740495035],[104.35429161536581,28.559055154671682],[104.33100577000033,28.563927290312222],[104.31919547539093,28.54293281499747],[104.24446164518884,28.527629430353954],[104.26581653460545,28.503482899616188],[104.26553418525452,28.424878710184373],[104.25268403514019,28.404508164720085],[104.27251882028736,28.394298870196735],[104.26679146985049,28.37706908556987],[104.29880681038605,28.331878065520357],[104.28587978982051,28.3164970648877],[104.31518247469154,28.310994144764038],[104.34456934959587,28.33959728029032],[104.36887619528022,28.33946546036276],[104.40372752000911,28.27422897998349],[104.445724784871,28.27361440488096],[104.44043688995055,28.259720214716197],[104.46327584960085,28.249073214757118],[104.44074385464523,28.214920774773987],[104.39747812031908,28.20164170470099],[104.41923113510887,28.17324809502361],[104.4569209999043,28.17297651055759],[104.44199559492085,28.14781641509552],[104.44886392962673,28.12069217510384],[104.39521463464774,28.094536455493085],[104.39702559495532,28.07439268037797],[104.3744171702163,28.055871620379037],[104.29629611547341,28.04831622971028],[104.3527427103079,28.023599910107805],[104.39433406976156,27.956312200247908],[104.50633010475059,27.882006084912916],[104.53607075496143,27.89100502506193],[104.56772895492736,27.84526828470365],[104.61399403529657,27.862374110376948],[104.63122280009219,27.854269414701776],[104.73941353460702,27.904802010204662],[104.76429490498595,27.88687525998529],[104.79480449982788,27.90593208479794],[104.87380592520333,27.91026114503586],[104.8865101801008,27.934832160276017],[104.91867483507565,27.944232379720574],[104.90120360046586,27.967402785410286],[104.92705460008978,27.990429744736957],[104.94631759538078,27.984324339996363],[104.9701199447797,28.02050711551101],[104.97309967031362,28.065400934805325],[105.01027519484444,28.070494999744483],[105.0445708653532,28.102252255537223],[105.12997543042184,28.070565949958677],[105.17708208017393,28.070423455078412],[105.1815154950441,28.044988675187255],[105.16441759959258,28.026710895291615],[105.17909215038247,28.000121019869198],[105.21835427473007,27.99393546035327],[105.24250346026656,28.011912610378715],[105.26493673484248,28.001762805109422],[105.28044772528233,27.937410445535704],[105.22878989533746,27.895773084860025],[105.24533687509677,27.862035855570355],[105.23979526973596,27.82541265507001],[105.31211128970432,27.82212389999802],[105.26969183990656,27.79887584054768],[105.2903905704685,27.77105680053097],[105.28678013959183,27.715118989949474],[105.30497570526467,27.708804744643317],[105.3059150804167,27.655915605221082],[105.29099541040995,27.636804070151754],[105.30190056975556,27.618837124733545],[105.24074272979323,27.57877895468505],[105.22939226484124,27.548365220378685],[105.24722829504987,27.546223154874724],[105.25783608996363,27.517420160312213],[105.23274215492654,27.49093096039553],[105.22731956044942,27.431062564785577],[105.18861375042428,27.3758571000252],[105.1612165446079,27.41374935994503],[105.06801929465479,27.422921040074016],[104.86857364975418,27.29450996036644],[104.85078861020628,27.304769150176185],[104.85442874029417,27.334789319571485],[104.82149945473611,27.355369245194538],[104.80189024024247,27.354217614751178],[104.78396700457364,27.322712689838795],[104.76738706466136,27.322793584756198],[104.74954656032554,27.349150480010678],[104.60670000020491,27.310694954908286],[104.56825071999481,27.335994119732902],[104.53684200995087,27.330125994818843],[104.50577504498239,27.38953120000491],[104.51472181456018,27.403046534569967],[104.48831052471098,27.406084715137524],[104.49503796532991,27.41752100509035],[104.43075866488056,27.431062394813694],[104.40834742998999,27.461459155315822],[104.36008836468636,27.471748990423634],[104.33088476981635,27.4476031152916],[104.33876673489698,27.43005459024721],[104.24596775510787,27.340081220072307],[104.25176768982709,27.298143219633914],[104.21143414017348,27.303592130072786],[104.21551640036165,27.283160949618207],[104.19063359016809,27.291497555267995],[104.17110082524295,27.266734884607274],[104.12923915026664,27.3096165796415],[104.12774975514714,27.330165309581446],[104.08206874038012,27.334222164821085],[104.01914181524262,27.378898459696188],[104.0132454246367,27.432707860079745],[103.97817682999676,27.420403715359214],[103.93075998968186,27.44798699540354],[103.90271116478846,27.386677109760853],[103.90284992478428,27.348103529754155],[103.87346394020875,27.336241880258626],[103.86196421028012,27.292799000173773],[103.8329315153772,27.27059773000127],[103.80156449970195,27.27075090523016],[103.79796955515093,27.250414519614424],[103.78710772963808,27.257135655086472],[103.70649002469497,27.164590105149273],[103.69568736018357,27.130466734852007],[103.62563544012352,27.120677555025168],[103.61939531514173,27.101398544607207],[103.65089045543021,27.095758235054575],[103.65665826456734,27.06834684513086],[103.61320586515859,27.083365404589813],[103.59941715467801,27.063849474973324],[103.62737577037558,27.020949815081963],[103.6119146446452,27.012787450380586],[103.61161908964931,27.00818891998273],[103.65186924966622,27.026244829935024],[103.67262349537805,27.054767289978486],[103.70312806031177,27.052616779840548],[103.77361095528141,26.953191884797718],[103.7614381700356,26.909593084753112],[103.77715806039623,26.877695434896452],[103.7201166395713,26.854985924560822],[103.70130352473791,26.81222269002518],[103.72890596034188,26.73892189532927],[103.76700794036424,26.7369095498359],[103.74659880499092,26.627212475175668],[103.76747288536541,26.60774242537269],[103.7653962302519,26.585514529871716],[103.81378968034954,26.556513679962393],[103.81688075544258,26.533843485288685],[103.86328712470112,26.515901360259647],[103.99932955001879,26.52434526492209],[104.04859033957257,26.509083144771353],[104.07162807457604,26.52594979484718],[104.06634031005734,26.577314310007466],[104.12487439503735,26.6471064150291],[104.15766873462445,26.649906840028677],[104.22804008488208,26.623528999563746],[104.27996858018588,26.636971140106084],[104.30512748494556,26.616892969634875],[104.34626889469382,26.623088284996413],[104.37864185963417,26.653651340037356],[104.39660993460086,26.711742699566003],[104.41848864043845,26.715117074593365],[104.46518583515825,26.65513222037572],[104.461712675,26.598533964770695],[104.48517924002994,26.58283044027263],[104.56201365990256,26.589966749565917],[104.579011035431,26.561063444622334],[104.568777575225,26.52852349536306],[104.61291799466977,26.51216443524055],[104.6362246098779,26.481883934595942],[104.63064945980477,26.454563424762284],[104.66291670494206,26.437972110224734],[104.66150652030973,26.404360525218124],[104.6814993649038,26.37260079539044],[104.65743135037656,26.36036196483286],[104.65719178537267,26.339201359555148],[104.59008148477278,26.321010209553606],[104.53997808981705,26.25711043469886],[104.54782529969788,26.220277460136742],[104.51644851468728,26.16847620001664],[104.52445793978217,26.103727555082628],[104.49407800469623,26.074095464733944],[104.46788751459718,26.089986710118637],[104.45349440484296,26.082166544650363],[104.46776582013655,26.014226739972116],[104.44436363037732,25.944030774600606],[104.41209445979155,25.917119469787735],[104.43911972489542,25.873238885166472],[104.42166917469274,25.84436854037591],[104.42796835455596,25.82198056465137],[104.39975906992521,25.800282684598244],[104.39807540955258,25.765931085251452],[104.36904739472158,25.734474644589227],[104.32644744019728,25.766142514965168],[104.30910721522588,25.663467974567425],[104.33584825499304,25.602176575388683],[104.36456537509207,25.604502500090348],[104.36215823531438,25.57749638964674],[104.4025388851615,25.59753488023057],[104.42281090539905,25.581740884834005],[104.43399170964972,25.521171334589496],[104.41694026508122,25.502578714636],[104.43401501468122,25.47599552477368],[104.44843908539553,25.49852581011811],[104.48269980015573,25.497147939925526],[104.52132570541704,25.52950611461557],[104.54681159018281,25.514274104666242],[104.54367582957593,25.531083574947104],[104.554615000382,25.527645000016776],[104.53536791499732,25.409952039555037],[104.55778321032693,25.395069069981673],[104.57102362034385,25.406398384677743],[104.61306712025146,25.36757098001675],[104.64384538485666,25.360036489592346],[104.6395957797215,25.296512615165113],[104.66176543962342,25.284596085441024],[104.70528734043847,25.299821569909568],[104.70665806461807,25.283329365158124],[104.75243089027344,25.265921270150557],[104.76570280983685,25.278602985339546],[104.79004094473385,25.254061619847903],[104.81229370469077,25.2689173552518],[104.8276620851372,25.240262735337012],[104.80533221011348,25.226242985425472],[104.81532620514031,25.15821939540882],[104.73940677979908,25.211025985161143],[104.7209638951677,25.194979149867947],[104.73249598540144,25.17649289992744],[104.69340785019222,25.12573846505819],[104.68355366466994,25.080708935369103],[104.61737323518673,25.062175534873063],[104.6823489148706,25.057517179774095],[104.7117132248855,25.001455265448215],[104.66168621025048,24.96752600032471],[104.63308971981479,24.907338965021268],[104.59454978524445,24.888112994818925],[104.54478008463326,24.82702260490936],[104.53980793988455,24.758847069936394],[104.49786250025426,24.673496430016257],[104.46805485504757,24.6454309901481],[104.44688744459995,24.64563408044853],[104.46641925984102,24.637420164808816],[104.48373258968735,24.648895544693687],[104.50346370998227,24.630518035379055],[104.51762950529746,24.538975379710052],[104.54757322512432,24.523016990042095],[104.53927076493392,24.50915554509237],[104.56503831016994,24.475488114884627],[104.57298640509856,24.426005725184098],[104.61493509038218,24.422717194942663],[104.62659024024742,24.40437680514549],[104.6065647349746,24.378227805269034],[104.64797775526927,24.367124615208866],[104.70133274531003,24.31999152988527],[104.72406090488693,24.34651716493528],[104.70029240507051,24.423520859699977],[104.71357050027842,24.44583715496077],[104.75023165037044,24.43807623503028],[104.75323811994332,24.460250330388476],[104.81065421991639,24.438935955430054],[104.84318750519924,24.44996633997465],[104.94117851037998,24.408918810454793],[105.0501875650042,24.443867140556165],[105.10774609510628,24.414484194789793],[105.09472676003202,24.391659490293307],[105.10833251963015,24.36849543471658],[105.14117502960397,24.37149950489828],[105.1945263998735,24.338094680325298],[105.16877646965838,24.30538068527045],[105.17549249518254,24.290217569685126],[105.15596902025413,24.283043495161223],[105.17477866010717,24.255624965519814],[105.19766907536757,24.254340055549164],[105.21267932958744,24.21655811996129],[105.2302294797068,24.22209542476412],[105.24175453544353,24.207574130142063],[105.22466690035725,24.16589921557636],[105.174441534849,24.160104024780992],[105.19948952981798,24.105975455003318],[105.27347589479677,24.06480780483639],[105.290206480145,24.08113983043887],[105.27063243543859,24.103771474773794],[105.31717548995698,24.11954918974334],[105.32945971019751,24.09719264982101],[105.3939551402176,24.067346689897875],[105.41543572517861,24.030756525093636],[105.50668405522504,24.0283996897939],[105.52746223009791,24.13243938486977],[105.62323348543708,24.131634704777866],[105.64380537022174,24.033873380152443],[105.69731245990215,24.065528595268518],[105.73827010488151,24.059213439848406],[105.75733535544236,24.074572540190616],[105.7977640650596,24.056429330349374],[105.78427803040682,24.033878919976246],[105.79520349014899,24.026327200340063],[105.83996534022833,24.03337600469888],[105.8468582650969,24.05887609515571],[105.8930175249389,24.04399578038101],[105.89754049969434,24.111605055429038],[105.91844178546012,24.123830655160646],[105.95550524547076,24.114904489950277],[106.0012850004025,24.128356460082614],[106.00385392012237,24.107189529872983],[106.04554897500526,24.090820565516708],[106.05242366522003,24.04798886469439],[106.0928425596365,24.02700288977161],[106.078165055473,23.995411580480095],[106.13438164509688,23.957873409730098],[106.15810295478758,23.886516864761575],[106.19689626525047,23.87622313468995],[106.1897115598407,23.861899359967538],[106.16946458032618,23.865215830346358],[106.19386488985282,23.839863305147446],[106.18969970497744,23.82279411515634],[106.1331668750513,23.802006220410817],[106.14520153971932,23.73416730527697],[106.16012880540012,23.724289550322567],[106.15091924492725,23.661461459778593],[106.1155838753956,23.603562485020745],[106.13883495476938,23.57588333005168],[106.12131720542476,23.547404669689797],[106.10402555013911,23.530044120040145],[106.08501060495553,23.534124374740145],[106.0688211749573,23.49080355514002],[106.0325597654209,23.489372439686406],[105.99563680469487,23.449022320024085],[105.98279082024021,23.45863782007939],[105.98962047960151,23.493878109687046],[105.90329520031332,23.500385470013498],[105.8837568002362,23.532901230207642],[105.83774406963317,23.529141994807276],[105.81257977973308,23.50462620513531],[105.80914616006731,23.468619155349813],[105.75655881963388,23.4633925851997],[105.6963166603856,23.40064579516735],[105.62626580512284,23.40475518520367],[105.69087106035124,23.369617460577388],[105.66696844463809,23.35432592989781],[105.69774773986637,23.331822890414117],[105.67669100988223,23.324345665220335],[105.6489471352022,23.349888225261452],[105.58305346534519,23.310407130384817],[105.56297898029578,23.25891548526147],[105.52754173466337,23.23807943991426],[105.54470553513238,23.187555139757933],[105.50089004523943,23.20570338490336],[105.44016620011013,23.29802647044528],[105.41246927004084,23.28574845013094],[105.37088115983772,23.319191160443722],[105.32301190477563,23.39262443516958],[105.27835582486148,23.341943324724696],[105.25469524998584,23.33851576469084],[105.23449305491062,23.265998929706882],[105.17825859036174,23.281979770050384],[105.10890777007756,23.248359699940238],[105.08161973026642,23.26464206497934],[104.99399465003313,23.200027705014634],[104.95858827003269,23.19774342521896],[104.94216998955346,23.15448482521458],[104.90527741512068,23.177747645237673],[104.88193489987577,23.171465869953977],[104.86929996022502,23.12578021468522],[104.80001600543437,23.114204140408788],[104.81714416037477,23.03606561543586],[104.86162646518926,22.97302574983854],[104.86104521536447,22.949691180103912],[104.77447165034647,22.904833464992464],[104.75595130980514,22.86247006004527],[104.72911637542046,22.854950394944808],[104.73261692982749,22.82462183542941],[104.67008469465299,22.82062433994139],[104.62339241023159,22.847019899748602],[104.62332469038222,22.82759554539814],[104.60007533500874,22.81624506515766],[104.59801012466755,22.8443406251198],[104.57412033508547,22.84843330035659],[104.36949507543744,22.691826585028934],[104.32480211972211,22.729780630172],[104.26957971533164,22.742030335331776],[104.25728861977404,22.776450630292402],[104.27111379506567,22.829221745387315],[104.25865878997126,22.843226240098943],[104.11874648476254,22.809247534745964],[104.03686625487381,22.718694170199853],[104.03189080511663,22.632316169955345],[104.00532158981957,22.57598998984622],[104.01249803495642,22.523856680241636],[103.97732601018726,22.50701487483667],[103.87465218025397,22.56738991521246],[103.65909654516946,22.78954605520636],[103.61915353510761,22.785743610079578],[103.57503244479153,22.722365645258378],[103.56262655527138,22.700058370197667],[103.57721220987565,22.6572892397067],[103.52582752022391,22.596166424740773],[103.45825614980151,22.6607493453061],[103.43123792998654,22.722626134788356],[103.43902619470316,22.760828099637138],[103.37110210028175,22.8050575195889],[103.33155546011648,22.813052509665624],[103.28644087524623,22.737813950253667],[103.28354272002059,22.68488628027768],[103.22740403506822,22.647806449907762],[103.18485367995345,22.6444371200771],[103.15776383543272,22.59427729536094],[103.18230290495518,22.558046079662915],[103.0810747352109,22.511280954652364],[103.07450742517761,22.45227032521541],[103.02929766505525,22.447987294977736],[102.98827332995029,22.48052073044738],[102.93286499522338,22.489382114792818],[102.86623545510224,22.608932740053945],[102.8239762303188,22.630205120270148],[102.7869515652626,22.62676074471267],[102.78373846026182,22.652482875084672],[102.69261361522621,22.705779320159536],[102.65520848478383,22.696213885362567],[102.60681025029288,22.735474989878924],[102.57740010992717,22.708920205103425],[102.53692098521537,22.762190725421704],[102.49839751543306,22.78303480531207],[102.46195163515989,22.76679888486069],[102.43160813520734,22.701958384971533],[102.39016044964512,22.687635069802695],[102.41878513022965,22.636931815351033],[102.37184230547808,22.593530845472173],[102.34742455000304,22.58992408472875],[102.35534012005058,22.566654374999473],[102.32151564483121,22.55742252033309],[102.27831200509502,22.496596014894237],[102.28195258034737,22.481020065523637],[102.25356599977113,22.462280620454294],[102.26574809030217,22.41715943545961],[102.17561411020307,22.432863875467547],[102.14381799470476,22.400625215281536],[102.12007569034091,22.439177535315025],[102.02281521974663,22.456577344868606],[101.97831613538142,22.429116834874094],[101.90366619034245,22.439700715016045],[101.91014898029124,22.40035166489747],[101.88904221022989,22.386481500121192],[101.82903867529467,22.42070462052186],[101.82234003996092,22.459243439932834],[101.77751490009263,22.506212370204764],[101.672402269749,22.47868462509541],[101.64525842004014,22.40448083012626],[101.66981342015328,22.37060950472494],[101.64725612996648,22.364232549692474],[101.62348729470295,22.2835252003278],[101.56414948471104,22.272520194651293],[101.54644420513603,22.233906205407095],[101.60207214531334,22.134957604809642],[101.57263004034417,22.118699554740715],[101.62438883537652,22.012864175241532],[101.60548214518491,21.967091050111947],[101.6656943749955,21.937474810314313],[101.69677608524819,21.942679880372225],[101.70418806013095,21.893188670121106],[101.73642537043457,21.87527018017471],[101.74166457516009,21.84292255543164],[101.77348986466558,21.832809845398117],[101.74716707530035,21.733913495411514],[101.76501551525388,21.718280039792035],[101.77899237020176,21.64319654508455],[101.80561258964934,21.64706317032909],[101.8267747498549,21.6180115096235],[101.79179782041314,21.577607120372363],[101.74340300514461,21.579416270344666],[101.7685803702879,21.518508160423323],[101.73676945015006,21.485189615008778],[101.74842130489935,21.419468675239216],[101.7253702752181,21.35031558979267],[101.74508402960436,21.29720147506805],[101.7885933498033,21.289308790068674],[101.83123328998443,21.255234904966926],[101.83408864467526,21.210501039991073],[101.79163002490577,21.20971955970998],[101.74939458988848,21.144730529590333],[101.69823617955609,21.150976615278637],[101.6689959696883,21.198869214942363],[101.59894463508692,21.176407105403655],[101.58771358031754,21.19296815505635],[101.60427462997023,21.23237202514889],[101.54019396008323,21.253353835311316],[101.38332681997684,21.227117739692005],[101.29106997489947,21.181220789607778],[101.22304559977465,21.228042794939086],[101.2465090099829,21.29814754477343],[101.18154972493994,21.336409280364023],[101.14109888480573,21.410515790271575],[101.19078203466324,21.422888984938766],[101.19209867001769,21.47830068492874],[101.22265094488523,21.503237434659923],[101.20678093519206,21.5186285850412],[101.20561689500374,21.55899970027599],[101.13804321961896,21.572359345107714],[101.17008444534093,21.60243237485429],[101.1528030045551,21.6705601900008],[101.11516428510373,21.692855295435606],[101.1206174700203,21.776205879997406],[101.08579787966846,21.774498035056297],[101.01036774487557,21.707767789751756],[100.88447999465609,21.687242319877214],[100.72774072015818,21.520576045348264],[100.6871864004321,21.511068784996496],[100.66006054525803,21.483514630395916],[100.57340057517644,21.45410449003026],[100.52400296456523,21.475947945141627],[100.48217204010763,21.463098855327985],[100.42504118530252,21.54278105490181],[100.3874456998592,21.525708419607952],[100.34989126487005,21.531910399845117],[100.2972058749512,21.480758800078604],[100.23638038484694,21.46841850980644],[100.19809691534044,21.516685445077258],[100.17863038458466,21.516791539897724],[100.16760306492955,21.486024565381456],[100.12512207002754,21.51210849031463],[100.10686704477837,21.594236040061276],[100.15254458006837,21.649946039777944],[100.17310647518372,21.65145005517593],[100.149572884581,21.68726992456743],[100.11006796036816,21.705581879600118],[100.04129188960906,21.668998580220375],[100.03178052025487,21.69454304502557],[99.98563825490163,21.713926779697204],[99.94322132500423,21.825100825342872],[99.95911752475405,21.9100396953757],[99.98072447525436,21.921087050127312],[99.99665787006472,21.97013994969899],[99.95934340477436,22.03068840544563],[99.9712161501053,22.055950195345304],[99.8739621798108,22.06975183987555],[99.86220268970243,22.060706080121577],[99.87109768980662,22.03387033005174],[99.84727719029019,22.02633220007101],[99.74976830536303,22.07185186027516],[99.7230833149431,22.066122874870814],[99.7051527048335,22.038638094872226],[99.6867578700797,22.04813629455441],[99.6916959404154,22.074413490090535],[99.6413941298353,22.105298890031804],[99.61219974042575,22.09696847981155],[99.5925368498958,22.115228355104534],[99.57295444509163,22.09723142988662],[99.55727904958854,22.114647535155655],[99.51903331023914,22.100546214935946],[99.47164624018188,22.134147750018712],[99.39863085972644,22.101640029763587],[99.26443439992767,22.100559944885617],[99.16491774975441,22.153240679913495],[99.15872291463086,22.16950868008155],[99.1991621103432,22.171184680029],[99.17445391521608,22.191364785056862],[99.23314949505323,22.249859944680736],[99.2325417700867,22.298905985123156],[99.27713498019523,22.34874123462032],[99.24910159036614,22.39415590976745],[99.29689044963459,22.415441320260754],[99.38087850513898,22.496592024602307],[99.35784299955486,22.527514955051174],[99.38317581970836,22.587967954957207],[99.33846321470565,22.711230379978076],[99.31412655020017,22.73953505030238],[99.34338628974552,22.761128799654443],[99.38476910540993,22.765161140274472],[99.39461289476935,22.8245700003053],[99.4614830503026,22.84754110004178],[99.43973087458028,22.93572088481102],[99.52695968024511,22.899149884559563],[99.5547041952425,22.910595094887753],[99.56091672992318,22.931451749998303],[99.51103423004577,23.00192985967533],[99.52655358507997,23.05526455471545],[99.51509130471999,23.074392919697516],[99.39350476543262,23.09561564024966],[99.32573771512352,23.13616165473661],[99.3148873703559,23.109702045213282],[99.27315877525734,23.10059040022685],[99.25716879960049,23.077937930291284],[99.21234289530844,23.091841504881586],[99.20035433528443,23.11187402486638],[99.11222364000906,23.105303165208966],[99.10374681026713,23.090877685257],[99.04574744958518,23.120323515218104],[99.0562616295706,23.167515960293372],[98.88499149975797,23.182817754935513],[98.93577860969515,23.314845514908654],[98.90519343492912,23.33536243043187],[98.87184186011382,23.33288764994512],[98.89973295021554,23.359723400014957],[98.91992423471572,23.356649914761817],[98.91364775014364,23.42546938500419],[98.87224227516094,23.48818324006453],[98.82891265479526,23.474889400425525],[98.80066246989713,23.53705240544423],[98.88487604029706,23.615012455460487],[98.84529913524693,23.637475424751074],[98.83353964513856,23.686925575554937],[98.81220623512968,23.699993085512517],[98.82230585463157,23.730042790442496],[98.79309069537936,23.779621580271737],[98.71647050031339,23.795413169981884],[98.704422690255,23.78577974014297],[98.66995823498462,23.811291689959546],[98.69900555016608,23.836885264943078],[98.68160573971318,23.908566529921472],[98.69916084509697,23.94806055974709],[98.67236070548222,23.96396483001297],[98.69520977531096,23.98570662486088],[98.72517962044321,23.97429914019324],[98.76405789975234,23.999999999800195],[98.77174679477884,24.023850589733],[98.85376167476153,24.062144299819636],[98.89145233995356,24.10239793032025],[98.8811466902676,24.15143278499511],[98.84109612488629,24.129760749658942],[98.71097239515996,24.128681475070096],[98.69139658958102,24.10771200000886],[98.63736535522702,24.10484450536967],[98.59201393029872,24.0811856751788],[98.54327896535204,24.130515985024715],[98.37309991462939,24.11880903510894],[98.35939832956933,24.103321030441236],[98.21634513492012,24.116883959826907],[98.10584296468113,24.09632541468619],[97.9771847746577,24.03282652522404],[97.90420855518073,24.016368445247622],[97.88632809036915,24.001287749829828],[97.89436871474447,23.976018835500895],[97.86863667474279,23.987476580579767],[97.83993854472811,23.960552339918593],[97.82583307503643,23.971262375158517],[97.81986018000339,23.94528519525562],[97.81639263521203,23.961718319944566],[97.79639698023652,23.954601820018013],[97.75985664506817,23.910760544763377],[97.70380707483667,23.88727538984739],[97.71046956461879,23.86100613982154],[97.68645878474518,23.886948425129788],[97.67634809458895,23.863880530462154],[97.6563606198468,23.86852048003618],[97.64399081472436,23.853368495359803],[97.62462188469226,23.888377224829128],[97.52727828976134,23.93640544045877],[97.57366892987727,23.987582995558853],[97.62820532961234,24.005669200073555],[97.63320676528008,24.04935898992551],[97.72869597973573,24.114933195410686],[97.73324612480889,24.152225489714624],[97.75226519518264,24.165873299812972],[97.72625310539655,24.1888951150176],[97.72590487980642,24.222590755159274],[97.76602698535714,24.261879129818055],[97.71986316505308,24.29749100490602],[97.66393441514123,24.30019283992766],[97.65678436510643,24.3241023003809],[97.66047252978348,24.339330849738985],[97.6999715850207,24.343613879976658],[97.71531910479291,24.361816759835676],[97.68237995996725,24.39640872458301],[97.67395812466776,24.451038240122728],[97.53120163974393,24.43757035019155],[97.55369656464478,24.490273519707216],[97.57395337015197,24.66114255008864],[97.5677175700099,24.722645639784503],[97.54614921481448,24.7413105949081],[97.5723138053379,24.770987309616714],[97.6511804601102,24.79584524006583],[97.70035280044146,24.843043129636783],[97.76215579965049,24.82817640002088],[97.79748363016546,24.85008496514905],[97.78199915533679,24.880193744745554],[97.7294022946802,24.911725849868105],[97.71975675996657,25.08361891488107],[97.74368635983768,25.08173618957352],[97.77581972020397,25.121854695138097],[97.8382730101913,25.273411110134703],[97.86800611958682,25.265509434612795],[97.90964668994286,25.216968430049064],[97.94614644500251,25.22150702962574],[98.01172556528269,25.308577675119636],[98.06550138498102,25.313574544929338],[98.10047946015902,25.393762380229703],[98.13855083535282,25.388289619770205],[98.15628408474277,25.45594145523404],[98.12903299537652,25.517120440056317],[98.18342067512413,25.565967375094317],[98.17091150476222,25.626473669724135],[98.24802644476466,25.61122423541019],[98.31320327491125,25.55152064506177],[98.40243306493409,25.6052964647601],[98.40885761029057,25.664782990242884],[98.45564794959324,25.69044418974761],[98.47381689533353,25.784707825206],[98.52354763011908,25.84229077999555],[98.5570980297503,25.84942916492406],[98.63747622005155,25.802411014756558],[98.67440545534754,25.817544385265194],[98.70542966025067,25.871859549978296],[98.68145664470842,25.94228037014301],[98.6393758247346,25.976936550081746],[98.61501014540193,25.973319764595487],[98.60142881498786,26.05809275018032],[98.58022031001934,26.074494934593588],[98.57257707537178,26.12146052478346],[98.58616290959066,26.141961110416958],[98.64737081481132,26.14749631530276],[98.6657196348533,26.127174264880466],[98.66156173538582,26.09093995011864],[98.71894500021165,26.132838835443977],[98.70904644034101,26.153016659791092],[98.7326506951735,26.179856980215504],[98.72380775502393,26.21597287494825],[98.70485858985211,26.24362653503664],[98.67192685004414,26.24381689543344],[98.68240713458164,26.311797444796298],[98.72949725479452,26.350631419904175],[98.7419606748453,26.38867927512848],[98.75535653537588,26.565077559581766],[98.77947849034013,26.624911369963797],[98.76201864474473,26.66247832531451],[98.76962079476391,26.69224303508804],[98.7437346001717,26.702745149768873],[98.76353352035574,26.806601515347722],[98.73002890520985,26.8536981547461],[98.75651692971257,26.88209032011224],[98.73333211508509,27.005129084639577],[98.7594075198412,27.023273545437803],[98.76513649984963,27.0508631099446],[98.74319644496,27.073529835033924],[98.71577823997387,27.075800654676527],[98.69457957988374,27.201475000271103],[98.72985625965873,27.247054075085543],[98.71622556995413,27.264293559800024],[98.74037643992085,27.328694079867944],[98.73345018977449,27.35397241009872],[98.70517560536996,27.36885008985979],[98.68889567479562,27.432535600337758],[98.70644419984,27.459453249867636],[98.68651621525117,27.489940094559756],[98.69047902029064,27.515497079726515],[98.70633614989345,27.52149828541758],[98.7038182496126,27.561474670219923],[98.66364862028763,27.588028015180782],[98.64846903991435,27.569249650151278],[98.61153842505831,27.581175165001923],[98.58998051009252,27.570324824730903],[98.55732630016865,27.648572885330452],[98.52830488006623,27.623577159858087],[98.43593420509956,27.666407460436005],[98.42890898546136,27.55324666040508],[98.37724831995405,27.511128155240215],[98.32014963030127,27.519214000225986],[98.29973385523328,27.632428755083026],[98.22239677459152,27.71443163001578],[98.24547020998227,27.74504610469404],[98.2174996854622,27.76520267985984],[98.22392422991936,27.80803298043776],[98.17309894016404,27.844581500336005],[98.20265184520656,27.890267150208842],[98.18751847469792,27.94094966989138],[98.14925674000659,27.944947165379403],[98.1326956948505,27.98406550521895],[98.1591442148337,28.086662604995297],[98.13551889518095,28.144372370488554],[98.16882176541219,28.16440240474725],[98.16704489030951,28.2125665753872],[98.2651523001386,28.243384025252624],[98.20371855536712,28.352678170361344],[98.27894547485386,28.397491619942343],[98.3014644548208,28.38871976490526],[98.32177750033145,28.319303189790446],[98.37760642459688,28.249652170411366],[98.36989017489174,28.186592445085296],[98.38889935002504,28.170608670253955],[98.39529723497947,28.108831770270058],[98.42827432490026,28.10717856004254],[98.46439228537571,28.154590394730974],[98.50128794538244,28.14528841992467],[98.5581086797718,28.18711208055811],[98.62601698479608,28.16912116011349],[98.64918097472224,28.203762955396144],[98.71098130024689,28.23249786498451],[98.7138201451836,28.30903467041378],[98.75284179980929,28.341247205294337],[98.68436685984278,28.439325084984716],[98.67478608530968,28.47784800528126],[98.61875092041868,28.502894890486857],[98.63470884513714,28.538817885137348],[98.59443932541461,28.68366758529089],[98.63378160993341,28.689711114876104],[98.68295581995517,28.744197825269453],[98.6521396848986,28.814935499973387],[98.66272309469514,28.843488130472906],[98.64327468977518,28.895860864787153],[98.65738731986897,28.933457819722662],[98.63016733535432,28.976131419729313],[98.70518674976876,28.966919225142192],[98.76696666967615,29.009216949902395],[98.81535783459645,28.950416660200744],[98.83894979030066,28.805582650518943],[98.91104048962694,28.80354022989775],[98.93391390500278,28.829085799969732],[98.96998699020747,28.831684954896787],[98.97260820010843,28.870583035478774],[98.91685897466203,28.890581845276017],[98.91288367983799,28.91092683020912],[98.92474587971861,28.980279889805104],[99.01466946972033,29.043025870447593],[98.9949021652028,29.102451115226813],[98.9668543646373,29.133110119836203],[98.96096704009688,29.176456339888205],[98.97448822475184,29.207660755439576],[99.0242720348266,29.199937089924788],[99.09007073537617,29.225285975567374],[99.11308740016347,29.22426528011863]]]}},{"type":"Feature","properties":{"name":"西藏自治区","adcode":"540000","region_code":"540000","population":3648100,"elderly_65plus":206963,"aging_rate":0.0567,"youth_rate":0.2453,"source_year":"2020","source_name":"第七次全国人口普查（省市分年龄性别）","license":"普查数据，来源标注 required"},"geometry":{"type":"Polygon","coordinates":[[[88.35956274472494,36.481197999887854],[88.47266131976414,36.48150336468859],[88.47795493527212,36.45603364973323],[88.5037738551793,36.451318450286294],[88.58449023463669,36.461038900325036],[88.61442079468401,36.420757235258236],[88.6140619849727,36.39204061518228],[88.71454758989944,36.35554790990818],[88.72475688981865,36.317754145537435],[88.76383201543524,36.292826145310414],[88.78585770466941,36.29679959472554],[88.79690381475928,36.33690447556114],[88.8431112000219,36.36015698485704],[88.8669672551348,36.34908393017929],[88.92438186043455,36.36348816544654],[88.96454045507801,36.3143782704409],[89.03156930497948,36.31080266491114],[89.09745368034311,36.282674825582774],[89.12527744989444,36.25152576510203],[89.19855289000395,36.26057791004257],[89.23881741489186,36.292898215180514],[89.29342607964992,36.22980349993162],[89.36129182515765,36.233091274742605],[89.51304020494155,36.14085316973802],[89.55783853961697,36.14142388490444],[89.64809361522822,36.09841555003766],[89.70688504480904,36.09698471517254],[89.60180552030857,36.039015970110995],[89.47298086037847,36.02258515038443],[89.41725953010331,36.046737249724345],[89.40099000468501,36.01968571542346],[89.43222076047977,35.992901824759485],[89.42133196519808,35.91915981007725],[89.55001021459981,35.88190030055847],[89.52724477992274,35.87302894992615],[89.54799998521122,35.85687056542429],[89.70426090491691,35.84914979482721],[89.77591210016334,35.86240543486298],[89.80007725496142,35.848519045417675],[89.76542441510475,35.801134805526885],[89.7776352650555,35.76278277530491],[89.7448050946794,35.757311514914534],[89.74577071025016,35.6622350353187],[89.72262265541127,35.65049920997063],[89.76249646533967,35.589932780373545],[89.7093062850571,35.58332931489599],[89.69650684501494,35.54384128534707],[89.7033157102519,35.50861047009715],[89.73891658483257,35.507865600317245],[89.76422396496406,35.48394512496759],[89.72504038470606,35.46911366046709],[89.6855381251844,35.417012360432125],[89.65532772489462,35.42687637014842],[89.58930882983867,35.38566514513042],[89.5040880996861,35.372472409973795],[89.49648005011426,35.35614763020902],[89.51386455500528,35.33233139527772],[89.49311319521786,35.295934135052335],[89.53080436492957,35.28083866557199],[89.44677866020709,35.22613367982552],[89.47286692526842,35.2091550003031],[89.51148556490693,35.138432255244425],[89.58987880486302,35.10911072507997],[89.55884123963159,34.939912095466866],[89.58277814469568,34.910989570212564],[89.57719930020761,34.89591169506872],[89.65257276512108,34.88423495517907],[89.70436025032535,34.92076364502623],[89.74415604496556,34.904235175113286],[89.78490396534579,34.92361195982414],[89.81960672477061,34.90483787556758],[89.8088813704789,34.874063475349146],[89.83868375015498,34.86514222493378],[89.84856487037251,34.82378430969817],[89.86679129538203,34.817753679988414],[89.82404647536458,34.79931042483628],[89.79864022017006,34.745009144756295],[89.7678108803679,34.75060968988532],[89.72956812496903,34.73352953985642],[89.73508108512402,34.714914725534186],[89.72114153495392,34.70484894032637],[89.74066186495315,34.645214294703976],[89.78101396492258,34.644700584864154],[89.79631871024037,34.62867255979086],[89.77542047047837,34.57727221024436],[89.81321176980737,34.55091838977194],[89.80641418027028,34.477022490295724],[89.82150848962516,34.45557161533782],[89.79752837033806,34.39629707534982],[89.82270695046543,34.38670396031955],[89.82989540514887,34.361197900163006],[89.8587545246017,34.36095199493866],[89.86935993541277,34.33496957468617],[89.82289328010086,34.29650024049374],[89.83604476515387,34.26339062018104],[89.82165766017295,34.206163320281064],[89.80194463963346,34.19098065972969],[89.81375685519475,34.170641965554296],[89.78840871958681,34.15282631488259],[89.75733450518334,34.15430433987342],[89.75308923028382,34.12461651044367],[89.6925177402016,34.13129853529921],[89.65326726027592,34.09693383552815],[89.653926305055,34.06026473542926],[89.63397092981461,34.04408782489327],[89.68250293036601,33.993275005137434],[89.684029704907,33.960117020184384],[89.76176165537618,33.91332164018161],[89.7926151302841,33.866468754829214],[89.84335523535589,33.86765984482605],[89.89977745496566,33.80952170526251],[89.93938095476733,33.804010815346885],[89.9002202397723,33.76170093984655],[89.9046610048016,33.74127177027606],[89.98030712977027,33.72796200544224],[89.98393519545294,33.70425541045887],[90.0064289854094,33.69125034043094],[89.99176565006474,33.67200022523025],[89.98581919509985,33.58763701033979],[90.01068825465927,33.55480514474169],[90.08108000513818,33.531309570280484],[90.09020448524888,33.470386750148464],[90.2218451752147,33.43944942515088],[90.36194489014463,33.28454887483076],[90.40496554482411,33.26379997468911],[90.48788282523225,33.26720016025922],[90.70131937518909,33.138240104697104],[90.74608848459593,33.144559705466065],[90.84186689044469,33.11281765990714],[90.88066706543276,33.122672894938205],[90.90038855039137,33.08817749489555],[90.9275148849041,33.123570324810714],[91.01114758499313,33.123582005205435],[91.03619554488853,33.10084111482564],[91.06825215531279,33.11554688558033],[91.14511857486241,33.07423467029383],[91.16046284988067,33.11173537978402],[91.18620185513157,33.10837633549954],[91.22930130481143,33.144615395084486],[91.379603459632,33.09959651516709],[91.4342150453881,33.06814135513946],[91.4971545646315,33.11100486048599],[91.55403029975861,33.086408030206485],[91.55172952459793,33.06268052508619],[91.5794933750193,33.041559794848695],[91.66125394021725,33.01419046531777],[91.67911227001531,32.99374377515517],[91.79510267984483,32.94305468502574],[91.83685936976417,32.950248915155385],[91.85670701521661,32.904881285343095],[91.89352558533756,32.90869207527908],[91.89304035522827,32.888142835423594],[91.95674817518818,32.82142530023748],[91.99709128463513,32.83803496544135],[92.02720941987889,32.832486670023854],[92.03709489011715,32.86303526036903],[92.09885645486156,32.86069823983195],[92.13589717011837,32.886524124988455],[92.19728961982014,32.869716609833745],[92.22930866016657,32.839550170204234],[92.22659803517126,32.82338332488058],[92.19307218523323,32.80600302971612],[92.2112436050084,32.78769470974311],[92.19823420024818,32.75634075492195],[92.25433806524956,32.72451017020825],[92.30100585483638,32.753383679713124],[92.35251815019251,32.74360986480349],[92.35499260962132,32.76493540034852],[92.41225962538147,32.748333415354864],[92.45442855013755,32.76676723032347],[92.52377277479377,32.735942540016254],[92.59748446973254,32.74586738976825],[92.64942265972803,32.7232341347476],[92.68614035469369,32.767624165522875],[92.78497057483224,32.721215980533145],[92.82497507513966,32.72975945993119],[92.87268120037714,32.69889117049115],[92.87804123981141,32.71295345473817],[92.96261645458577,32.715496345380075],[93.0095330802875,32.74186355495914],[93.02253456471846,32.70314904489254],[93.04541010519227,32.69765118975067],[93.03814077987317,32.67727602986491],[93.06464315485778,32.628532069899165],[93.11645380030268,32.64947452033289],[93.1566923149984,32.64676671021556],[93.17268820459702,32.67165615021122],[93.2409766098827,32.6652224947224],[93.26273738042585,32.627039260053834],[93.30294898021134,32.61774219015001],[93.30849139496195,32.575677879930254],[93.33676382459089,32.57307482014687],[93.38057779462957,32.526786250385214],[93.40975698010061,32.5585523851845],[93.4551973650664,32.56109481537351],[93.47527353994195,32.50452697034348],[93.501605245186,32.505734550309285],[93.52119374469561,32.47613057006981],[93.6187078996499,32.527746434950075],[93.62297386525177,32.554002915502224],[93.65191602540432,32.57589602488167],[93.71718958033495,32.58027805968476],[93.82340448003276,32.548684404961364],[93.82535046545166,32.52233493990559],[93.85021354991545,32.512712739901076],[93.85674228532827,32.467601405180744],[93.89336774042891,32.47571982540967],[93.91211667514449,32.46386886525596],[93.96000559478244,32.48653540508491],[93.97493219496488,32.4624101253271],[93.99342853529873,32.46599810013225],[94.01114627498066,32.44794205977831],[94.05538356489967,32.47204676484637],[94.13826041988256,32.43401166020999],[94.15297963999842,32.456251680370826],[94.17980151982437,32.45751705976454],[94.17833832015742,32.49409518534458],[94.19606146026825,32.517138944906435],[94.28934206478453,32.50499403055011],[94.31751353022531,32.532893889941136],[94.3671952951268,32.5230448953057],[94.39239459473481,32.60514713003607],[94.43985895972327,32.5651470453999],[94.4620820348581,32.57379889490312],[94.46363163509193,32.60880557032084],[94.5309133698562,32.59976971480057],[94.56676847018883,32.63161065970422],[94.59525504458469,32.63154490487352],[94.61126646997167,32.67685447535382],[94.69086592022609,32.61650175974847],[94.68580636497182,32.606651780355435],[94.72084362992962,32.606400335307285],[94.74320610987411,32.56426936553885],[94.772416275191,32.55640112501197],[94.75523284521967,32.535028050404264],[94.78633446466387,32.52463901018223],[94.79743875009831,32.49723666024374],[94.85184732469435,32.4650178651824],[94.89086822478879,32.474259580015655],[94.92038478013353,32.412242230094876],[94.97910790980228,32.411640644799945],[94.9870436399521,32.4251165252075],[95.07368734039852,32.37821659541959],[95.15298155985118,32.40377330989037],[95.1549042995938,32.38753003478331],[95.22240215493554,32.391349790060815],[95.2301988849706,32.367309294788186],[95.25813538543974,32.35143462480812],[95.095536230113,32.324754274889926],[95.07789753544296,32.28245885509216],[95.11153019965906,32.262839255227505],[95.20497553029657,32.29871432050953],[95.21457316981599,32.324783705203856],[95.23995810028617,32.322904940510625],[95.26168178458676,32.214193029984415],[95.31172653475181,32.151183094724104],[95.3619910549433,32.14982572547689],[95.36451897996699,32.179144215033546],[95.38527557021143,32.185278460132906],[95.43932901961864,32.159938199888074],[95.43040658479612,32.12648463026153],[95.4490613748826,32.10982019544571],[95.45363045967804,32.06477156055911],[95.418146364763,32.04632012517368],[95.45322250021826,32.00944656510694],[95.39490198533844,32.0038830801401],[95.35962347993973,31.940837904945397],[95.40821136526233,31.919718055144187],[95.42275917999223,31.863065674741165],[95.46233161990841,31.815724759689942],[95.4530493204698,31.804298395554554],[95.48663278007882,31.790384490451913],[95.51350345532029,31.75048661556491],[95.56563017469284,31.7420426002858],[95.58068904536321,31.770390070245583],[95.61681526521238,31.786220755283694],[95.74059617547317,31.7639235400394],[95.77976137988384,31.749380100511303],[95.82381174481623,31.68321206008858],[95.8505996851274,31.708612765566727],[95.85153539464278,31.740959865105765],[95.89835333503845,31.819046755503393],[95.98109125016111,31.81905455982013],[95.99312194971827,31.77528676547189],[96.03753880996817,31.738270240179475],[96.14304975993855,31.694379905108576],[96.16213649979966,31.602060924971738],[96.21093933478255,31.604116235575873],[96.2235593501839,31.655689705515556],[96.25052301982157,31.666937119852264],[96.25173263495321,31.69932059516941],[96.22183509531345,31.73489451526973],[96.23142679031417,31.750768335390433],[96.17602809991695,31.777716430568887],[96.17528208530007,31.822179454818013],[96.21413713961738,31.878053255253576],[96.1873638546582,31.90581486006778],[96.21840212495817,31.907789219996573],[96.24381646505788,31.930679660438045],[96.38584647493491,31.925595020393928],[96.41222009038495,31.8356763200062],[96.47397738514826,31.77091952541582],[96.56748717019678,31.71444789525424],[96.61505780537345,31.73941596477499],[96.65933945974831,31.70780577511647],[96.67554337962332,31.73051110989985],[96.73010562047807,31.682491835329984],[96.77334041542787,31.67574342521897],[96.7879457301114,31.700355704951846],[96.81962755526752,31.70307689518262],[96.84128171028277,31.72582342970759],[96.79926679982299,31.77334928044496],[96.79720313541645,31.79862072546615],[96.76447136975798,31.82299782978606],[96.7616757651245,31.868926704903572],[96.79540702021785,31.87167010029492],[96.81084285521365,31.899871465495778],[96.75658034041044,31.94620915532829],[96.72376007966403,32.02642852985281],[96.82015009465118,32.01260494995853],[96.86618046545618,31.96764822488575],[96.86349582996866,31.998572530398008],[96.89422310481251,32.01761420972804],[96.95583710969493,31.99662392525397],[96.96624004534186,32.01664342035764],[96.93463081526,32.05027650006048],[96.96636366974764,32.06792047015364],[97.00452328462194,32.071278439748255],[97.02770197036972,32.051851374841135],[97.09836483047263,32.04001659978633],[97.13054325496728,32.046251739826005],[97.16630918032445,32.026680449743026],[97.18659879040189,32.057675469847084],[97.2347213853837,32.048613919796594],[97.23315522503367,32.06734427541801],[97.20068582489097,32.09302020042196],[97.22058291506954,32.11072327485931],[97.25680731030917,32.07480501513936],[97.30712147037963,32.078044950514084],[97.29214499469583,32.09845590971253],[97.31349840472768,32.13296325005399],[97.27102459990545,32.14251156985313],[97.2637486546767,32.18591412523676],[97.29244067020085,32.291869315116855],[97.32729293472124,32.3049842103531],[97.34425717023225,32.29881103000508],[97.3407357254734,32.28299632052381],[97.3707309000111,32.27560453002508],[97.41501000480793,32.29771240020716],[97.42665629545172,32.32470544530014],[97.40739616000485,32.3351707498303],[97.41261602480978,32.379783289966895],[97.38870795021177,32.42771444536544],[97.34098095980352,32.441292469871655],[97.38844095498615,32.50360275056653],[97.3279253703596,32.52053435507645],[97.34724232497337,32.56467987008],[97.3861961302473,32.55131976479538],[97.44688516981478,32.58935816005112],[97.47144740497384,32.54747571972871],[97.51959251538233,32.528262314853976],[97.54112502539965,32.53974203037046],[97.67069303975205,32.52015791505579],[97.68407367476033,32.532937550227814],[97.75812333492405,32.53318628471931],[97.79762999482847,32.52268788513783],[97.80656928474474,32.502118485180006],[97.92399736968292,32.48905173514953],[98.02312695524483,32.45489600005044],[98.03580197498121,32.43111153007311],[98.07768388020696,32.419204755295254],[98.0778894049721,32.404007555404405],[98.10811227526136,32.39330716989002],[98.12690103015848,32.40294772056092],[98.13855524023222,32.38140975525607],[98.2181043752168,32.345451240082696],[98.20819922961084,32.321696380283754],[98.22976200001636,32.26451472997087],[98.21847323485196,32.23709669495656],[98.25987786537127,32.21079701007403],[98.3112823697856,32.11390483524002],[98.35795389515619,32.08897956985135],[98.43596530005863,32.00562582507183],[98.4207856504375,31.9453608752043],[98.43291637978717,31.92585532016693],[98.39818592484062,31.90211161555868],[98.42495791027937,31.858713885037844],[98.41508884007794,31.832277979844946],[98.44289355029719,31.83017980485414],[98.45973350040077,31.78390953000087],[98.4934066853703,31.773880540554558],[98.52244423031703,31.71814186055849],[98.54611716547487,31.719417424774406],[98.55354250967912,31.659312510164284],[98.61865154982922,31.594040035319438],[98.83719993982544,31.43894580970141],[98.88663130019438,31.377481170519673],[98.8138180747444,31.314521445308515],[98.77598711980977,31.250977470134217],[98.74114915001331,31.270380030314186],[98.69234313502773,31.334983549851017],[98.63821529460023,31.338992445145266],[98.60307603483119,31.25889880033941],[98.62084432000944,31.206578885007616],[98.60088601028122,31.19386898506565],[98.66987202507397,31.1585935004897],[98.70990689458756,31.120413095088338],[98.71184993472679,31.085274685178604],[98.73485245497687,31.053135610520087],[98.79677156475594,31.013719560009747],[98.80581327036617,30.98231060984682],[98.77970895510424,30.896113670109855],[98.84992056508207,30.851520325102967],[98.90277927504354,30.786539399673586],[98.95742673475604,30.767325060403266],[98.96125262520854,30.72808486512446],[98.90461742995052,30.69049115494289],[98.92138984006914,30.61201356487419],[98.94106146031822,30.599008354551984],[98.92593364492183,30.572914840147803],[98.93165314517654,30.523614574852786],[98.97468376524364,30.39403430004296],[98.96677414511078,30.33813004496568],[98.98577604472877,30.282500885307684],[98.96887444519956,30.259414704724918],[98.99308797003386,30.21586892511084],[98.98578242541868,30.159581885295836],[99.01032057493467,30.145611789652435],[99.00964344478922,30.123054125347664],[99.04410686044332,30.081829614645073],[99.05025648484894,29.94445475468325],[99.06756711493045,29.931624125253222],[99.0126326500768,29.820390780110472],[98.99058437976538,29.664479669701052],[99.05085875003135,29.567136840093156],[99.07495479013153,29.318836124887298],[99.06569662040278,29.303510269783203],[99.09500603490068,29.27958821522401],[99.11535128963038,29.22792170502271],[99.0242720348266,29.199937089924788],[98.97448822475184,29.207660755439576],[98.96096704009688,29.176456339888205],[98.9668543646373,29.133110119836203],[98.9949021652028,29.102451115226813],[99.01466946972033,29.043025870447593],[98.92474587971861,28.980279889805104],[98.91288367983799,28.91092683020912],[98.91685897466203,28.890581845276017],[98.97260820010843,28.870583035478774],[98.97202494479541,28.835415650312086],[98.92874461986838,28.826419204882427],[98.91104048962694,28.80354022989775],[98.83894979030066,28.805582650518943],[98.81535783459645,28.950416660200744],[98.76696666967615,29.009216949902395],[98.70518674976876,28.966919225142192],[98.63016733535432,28.976131419729313],[98.65738731986897,28.933457819722662],[98.64327468977518,28.895860864787153],[98.66272309469514,28.843488130472906],[98.6521396848986,28.814935499973387],[98.68295581995517,28.744197825269453],[98.63378160993341,28.689711114876104],[98.59443932541461,28.68366758529089],[98.63470884513714,28.538817885137348],[98.61875092041868,28.502894890486857],[98.67478608530968,28.47784800528126],[98.68436685984278,28.439325084984716],[98.75284179980929,28.341247205294337],[98.7138201451836,28.30903467041378],[98.71098130024689,28.23249786498451],[98.64918097472224,28.203762955396144],[98.62601698479608,28.16912116011349],[98.5581086797718,28.18711208055811],[98.50128794538244,28.14528841992467],[98.46439228537571,28.154590394730974],[98.42827432490026,28.10717856004254],[98.39529723497947,28.108831770270058],[98.38889935002504,28.170608670253955],[98.36989017489174,28.186592445085296],[98.37760642459688,28.249652170411366],[98.32177750033145,28.319303189790446],[98.3014644548208,28.38871976490526],[98.27894547485386,28.397491619942343],[98.20371855536712,28.352678170361344],[98.2651523001386,28.243384025252624],[98.16704489030951,28.2125665753872],[98.16882176541219,28.16440240474725],[98.13551889518095,28.144372370488554],[98.09798908992462,28.16910512969804],[98.08359240986186,28.201589945119906],[98.04077151978987,28.188792895475785],[98.01160901494416,28.204420060337554],[98.01837668493613,28.259791905072404],[97.9915520999495,28.28944660527668],[97.95599106983207,28.299290485467566],[97.9632509351826,28.318978254842648],[97.91243189031957,28.3636448748112],[97.8645660050172,28.36143000019439],[97.84475519039978,28.33042176994877],[97.79811978989642,28.32980652485128],[97.73979478020499,28.398590659831143],[97.73721075996866,28.470574060144827],[97.7202300650655,28.495306814857656],[97.66473516969239,28.53394406056998],[97.60222651024532,28.51831689480889],[97.57638706511102,28.546222700517262],[97.50686388975674,28.493461090357073],[97.52113752008057,28.44571825479369],[97.48200808530493,28.3823482552678],[97.5162155799851,28.32279275987804],[97.47081066518012,28.309380465136428],[97.48003930477017,28.283786370344785],[97.46490433526691,28.27148151515985],[97.41543882044527,28.29363025503227],[97.40104214038251,28.278987475491647],[97.41125516979031,28.249824969746612],[97.34776211962617,28.230260255506437],[97.35752196986306,28.161938284824032],[97.32839736514632,28.141893704930567],[97.34318717035171,28.11395378973566],[97.31029442514767,28.093067164717922],[97.30652536015731,28.07176623012748],[97.32057370041599,28.058346069915274],[97.37573912016433,28.06736898509064],[97.37596743464945,28.03710221529508],[97.41034600466446,28.01848533972668],[97.3804364150086,27.970608409850286],[97.38348212470038,27.882853884798976],[97.3271364850608,27.883044245195833],[97.3088389254761,27.915869405448746],[97.26449192006612,27.9006704347928],[97.16766358990282,27.814084085012553],[97.10214386534716,27.780847244804534],[97.0871593551202,27.741092729945592],[97.05280786998725,27.744693650491627],[97.047183679883,27.821547550579055],[96.99856976997899,27.81077454031282],[96.97128173016779,27.856757145425945],[96.93117886471288,27.878014680533113],[96.85689695463083,27.87879754487085],[96.81711898545285,27.895943535166055],[96.79428638041219,27.930630845137443],[96.67819913967861,27.95822041054356],[96.62530322026748,28.029061920071626],[96.57714293020211,28.06370687557188],[96.51886608010557,28.080167675098153],[96.50363904970243,28.067654375049415],[96.45097620488798,28.155774675061252],[96.39694446961164,28.153245675347705],[96.3956119702163,28.124692145526126],[96.29710856011201,28.144048629840427],[96.26845760493455,28.23237338982011],[96.09732274035224,28.216063445271857],[96.06077421505802,28.19683740042575],[95.98354941027713,28.19958270507783],[95.9390534897268,28.238129970022158],[95.9080216046134,28.242348035033842],[95.87552188023062,28.296664709708637],[95.826742930342,28.29452319548915],[95.79128896001754,28.272870099875263],[95.68302348464618,28.259069230560613],[95.53882814470319,28.18673361526419],[95.3955845950531,28.143665370260692],[95.36988641542581,28.11082880480552],[95.35013688960584,28.038969085554925],[95.27928471501764,27.936209634766897],[95.06537117543945,27.839127624740115],[95.00374313483786,27.825802645175997],[94.89024284523117,27.746328644951063],[94.52880271497338,27.59927795481383],[94.27015530502337,27.578576644996247],[93.8756422548862,27.21110062039736],[93.84708872506468,27.168746214965893],[93.84375747972399,27.05667360000666],[93.81996286989062,27.027644175038688],[93.73596789500243,27.012177680355705],[93.57035741016642,26.939604119734383],[93.24884463996824,26.911050585416262],[93.09536940537384,26.88011759515092],[92.92119286006249,26.91509567032898],[92.79341579969946,26.896773820055785],[92.64945841047734,26.954142625581767],[92.10544858528402,26.857036820392977],[92.12227375502982,26.962146560315546],[92.0777987751934,27.019587129942124],[92.07689420020722,27.042050764731073],[92.03618827996519,27.0619514351107],[92.02307192962593,27.107481754979062],[92.0315146399887,27.173365034968413],[92.05639047504047,27.190853499689297],[92.07773329015924,27.25658449477868],[92.1251083596631,27.283317734725756],[92.0440887351071,27.429525420162065],[92.01187083037456,27.477614324741353],[91.9497669000225,27.467335054868954],[91.83488651979712,27.493023715172342],[91.7419923647559,27.465612325248685],[91.58377019993486,27.544374389766347],[91.56145733019167,27.58402496547984],[91.5781919804756,27.60287029492821],[91.56100504045031,27.64041019507448],[91.62010400039935,27.696795425568496],[91.64317068547882,27.762226414917166],[91.61030442530904,27.821325374866205],[91.57213876519194,27.814660545048184],[91.54144372025155,27.82879454033582],[91.55900413972932,27.859346819700022],[91.59169793511165,27.853778880391076],[91.61996593468018,27.87433742553179],[91.60040676476046,27.899607300336697],[91.55429281006519,27.89375382537878],[91.54902451047286,27.916578080214265],[91.48376558481397,27.941723760443267],[91.48804861505158,27.97398925010384],[91.46066199515502,28.007702964819998],[91.43248917983186,28.00656082492219],[91.34187930458631,28.06366788996121],[91.31465826966348,28.063477534960327],[91.3104704200739,28.03340114534666],[91.25739705003389,27.975553744909462],[91.21426932027299,27.99191253973197],[91.16599422005726,27.968051010445834],[91.15463407480274,27.895395654685785],[91.11581912035615,27.850483330041698],[91.04988425525426,27.857136894951793],[90.96289915507202,27.904506215089782],[90.97872923486636,27.939332390277627],[90.96335144481338,27.95561475531673],[90.89822198016032,27.94867967023066],[90.84439971497494,27.971595594760913],[90.80336464466268,28.016935275442677],[90.80050929536776,28.044418049953094],[90.7542287754377,28.04715442973321],[90.70128577022217,28.07773050515874],[90.59230645527873,28.02454955012172],[90.50968873544684,28.066654010574155],[90.46131712538511,28.04786827020456],[90.43787943488809,28.06535731049155],[90.37958263962719,28.063810660033994],[90.2952148948516,28.157394835203547],[90.21968285967631,28.145783090217492],[90.17205795041411,28.186757410426196],[90.12610663541295,28.193381949717264],[90.10195902998532,28.142642199877685],[90.07099912480982,28.156460569999354],[90.03664319522733,28.138245294784554],[89.98707993039454,28.187074200214226],[89.90283012990665,28.18323571025985],[89.86520490478262,28.22740445475182],[89.80155432037566,28.24867089044926],[89.77181106033225,28.226363440020805],[89.78564167472359,28.21416870502179],[89.77731356047252,28.200338085234478],[89.72407311977872,28.172974284735517],[89.68391971961944,28.183979294908568],[89.60510006971248,28.165389755133162],[89.53665421022367,28.088930620551764],[89.51619084483167,28.0917859752426],[89.46098734958656,28.03420301505713],[89.47169492518071,28.01207402969277],[89.37798686480204,27.88055700550143],[89.29898875972356,27.84867223033922],[89.23759866534618,27.79204106044665],[89.22950850001735,27.73041301984506],[89.20214470041765,27.721133119797685],[89.18263311992263,27.67401978988147],[89.13028497487176,27.634044844893708],[89.12372846030024,27.61493122519596],[89.16076086492205,27.573032560204524],[89.10625241971348,27.537438730013434],[89.09459306012167,27.484852640536985],[89.17858803500985,27.373731814971336],[89.15027244961391,27.320669834845035],[89.0707984502883,27.28592970049533],[89.0677051502725,27.245478864857773],[88.98284557526313,27.213086215556473],[88.94858133965715,27.261436865119265],[88.90880740034129,27.2752139050977],[88.91682638972617,27.328817445268953],[88.8938537350619,27.334914620313555],[88.86244484965016,27.38554955057134],[88.83884059481767,27.379648485289408],[88.80781242480361,27.407630944712366],[88.78192389017545,27.466070510046052],[88.79581994013819,27.529268995367886],[88.76974104960982,27.564865730369206],[88.80895456470148,27.60141425026751],[88.81314241968698,27.641579554752695],[88.85045236498473,27.672227010268386],[88.83960202471371,27.71220195525609],[88.86587127473962,27.73180871549988],[88.86225449464928,27.814423599769384],[88.88776231477908,27.855540685554274],[88.8744373352149,27.911315254795227],[88.84093452500838,27.925592020155648],[88.83937695498253,28.013236000541042],[88.7567620698137,28.074530915169646],[88.67833503513384,28.069771995181497],[88.63988294544163,28.11488657555509],[88.60085978535085,28.084619830041163],[88.5633594796563,28.085000545438845],[88.55231877988786,28.03055847469392],[88.50187421002681,28.044644885053458],[88.40677974039278,27.981535509955847],[88.33923807547689,27.986209149932392],[88.25679187974151,27.93788297541903],[88.24310997994166,27.97416975483037],[88.21336671989826,27.96851853470264],[88.20444374008662,27.947995685452554],[88.14479347503891,27.961333824796213],[88.11909529541163,27.918884240515354],[88.14097045522237,27.880145205037252],[88.10365733531785,27.868595614895753],[88.08345514024256,27.891813065020983],[88.03747252973352,27.90357254973344],[87.98229340521652,27.88789323498486],[87.94249206535659,27.91126144475993],[87.87329200472232,27.91186449505045],[87.86123099531426,27.94066016553427],[87.83710897020285,27.950610500274422],[87.72976596542702,27.806481405292686],[87.67066700547798,27.80602911555127],[87.65875675482044,27.836332410412467],[87.6008638999491,27.81477334971038],[87.58428001021434,27.854574690469633],[87.56036109518845,27.86594689473344],[87.53663901028216,27.84583045541126],[87.45477489534522,27.825929785031633],[87.40449107480333,27.829746770397207],[87.43200120039512,27.84266233539853],[87.41990411018662,27.860345265022033],[87.35917447971855,27.824457820572036],[87.26916917461779,27.846770694811767],[87.1921294602065,27.817221215286906],[87.1215725402406,27.839081799785276],[87.07513764538606,27.917327614777662],[87.03428096999085,27.948083194883566],[86.93477761989129,27.96195336055922],[86.92814406489674,27.983210890270414],[86.8870126052476,27.995985929906794],[86.8625755404289,28.026139650424568],[86.82307648968833,28.015432074830414],[86.76025871526753,28.035419550471943],[86.75002703481988,28.04922042518251],[86.76287612463352,28.074204765237766],[86.70719673514128,28.104899810178154],[86.66627000975319,28.096333749702865],[86.63414728476943,28.069207895428065],[86.61106651001148,28.07444271056272],[86.59607591047495,28.102044459983915],[86.56633264503557,28.10704132529696],[86.56252550994441,28.065638704762478],[86.532068404933,28.044461499798444],[86.5125222500019,27.961467099826848],[86.47549189043843,27.944959590412793],[86.4582407954764,27.915662475043234],[86.41139516045837,27.90926767476344],[86.37838013533502,27.937672489993474],[86.34938045544374,27.939605800367417],[86.33512246522963,27.965745725185116],[86.315191705333,27.948923310062753],[86.28989392996095,27.97767717556127],[86.22698693020271,27.977528460070403],[86.2079271403253,28.074328025418083],[86.22177559996402,28.10373816038782],[86.18598850996182,28.17188592519534],[86.12545501983334,28.090793895322065],[86.08122083976997,28.084845239716117],[86.08229159508113,28.009535300213997],[86.12560269031195,27.928869944692224],[86.05157822465543,27.902034195521765],[85.99594681039702,27.91394444527998],[85.94934981993828,27.94054791485445],[85.97750869037384,27.994234990352595],[85.89929961538502,28.052583244820937],[85.89834782958872,28.10041040981264],[85.87027019041699,28.12134966495512],[85.84909298545296,28.176791105525126],[85.77723326530298,28.204630800271275],[85.75201097992283,28.2341361203857],[85.70894273491933,28.385231890039734],[85.67999249975412,28.38118614052803],[85.68050313481189,28.346561444954773],[85.6475252247094,28.288623189608586],[85.59987366044112,28.25579655536677],[85.59669688984962,28.30012007498152],[85.5022586600092,28.332228730071904],[85.42475031967155,28.328811649837803],[85.37541207960385,28.27955490993122],[85.34270647522374,28.29860732986441],[85.27459254021363,28.28501344041797],[85.20398746964605,28.34156937482686],[85.16541238957018,28.326895719761694],[85.12713986481299,28.334308184774954],[85.11413022982629,28.347922915110473],[85.1263834900061,28.38438015022382],[85.10656648985167,28.46470707467182],[85.15845375034036,28.500256654620955],[85.18598576543081,28.546698024594207],[85.18432174535235,28.64548047994026],[85.15694099982733,28.646388125211843],[85.11655062471164,28.682845354929213],[85.05725090010901,28.678609659608128],[84.981916040393,28.59313939007086],[84.90779138036794,28.5975263603533],[84.85706173531088,28.57303524538031],[84.69797321489199,28.641547335441203],[84.70220891021307,28.671651020378363],[84.67059247476294,28.686022130017363],[84.63549671520133,28.730496924593467],[84.5550185148926,28.748952450095544],[84.48089385486759,28.74184253500505],[84.44110857959731,28.767861804978395],[84.43324228969999,28.82368220996608],[84.40313860026623,28.831548499863402],[84.40389497507311,28.861047090351008],[84.32145020026661,28.863770035159064],[84.27047059044543,28.897655595029732],[84.22947511458494,28.89463010029897],[84.22176009964892,28.929877130325337],[84.24808191504837,29.036677149630805],[84.18908474036851,29.05014060500497],[84.20542242000874,29.121088495337858],[84.17622638034322,29.132282829888766],[84.1639731201634,29.179480574668844],[84.20012779995807,29.240595599707206],[84.1246416652807,29.24483129502829],[84.11813685003568,29.282498725335984],[84.09816857491984,29.297172380401094],[84.01769037011456,29.289911190349187],[83.98031941480923,29.329208860400627],[83.94872017529593,29.316454950335753],[83.91293307989775,29.328066720502818],[83.82022927985741,29.30122640007835],[83.79167574463997,29.24983003992446],[83.71724620544808,29.243738620540967],[83.66605067469891,29.20470227009372],[83.64605273544544,29.16740550975652],[83.57885675463558,29.18377620530765],[83.57352675975221,29.20833224054053],[83.53831074014857,29.208903310039773],[83.51242220462109,29.259728599795096],[83.44827193530165,29.305414250567253],[83.44454398461727,29.347563835402752],[83.41876357008277,29.364147725137457],[83.417557470401,29.422643630299376],[83.3776053699919,29.429277189790525],[83.34066852013615,29.49953258506082],[83.27306660513977,29.511451399962198],[83.26093135489816,29.550474560052976],[83.28091882514371,29.560230349850826],[83.27021125044888,29.574507115211247],[83.20073098984335,29.61186465532961],[83.16813237510911,29.598063779719723],[83.15909042488323,29.621382495305966],[83.12887126969338,29.632328019822296],[83.08207069520648,29.612939315497044],[83.01812267981785,29.6715335453369],[82.95447209990755,29.670641245197373],[82.94540040460504,29.714512560506307],[82.82850938040366,29.694287140439258],[82.82166843005405,29.723584254909497],[82.77095616979148,29.733696960446423],[82.75504352503873,29.768050430383084],[82.69451598482487,29.767901714892275],[82.70180308524425,29.79169632472565],[82.73228992543977,29.810137145412966],[82.72976175040452,29.828280535118665],[82.69600314512911,29.8547520399747],[82.62729620975233,29.839136829800907],[82.64082939496069,29.87810049973831],[82.60811180531562,29.891484970355123],[82.55957421008179,29.960063020292182],[82.50311808962817,29.950971494938585],[82.40389078013544,30.02082799501602],[82.35863342968906,30.022826740062044],[82.33507676518064,30.049952595236107],[82.3088075196514,30.04067269518879],[82.24641805005302,30.074508634965582],[82.17246439971234,30.073366490571118],[82.18945375508679,30.11062885004145],[82.18174429975966,30.1266188301949],[82.20829908543448,30.156314499914288],[82.19002482458603,30.164452260063797],[82.18645563481977,30.191007044839296],[82.15761656485262,30.194433469928754],[82.1046497653744,30.23921492522868],[82.13006537981346,30.305121035407524],[82.10166056458343,30.349141065307947],[82.07801467024092,30.35598201475824],[81.99205664529802,30.3250490199963],[81.95532371491754,30.361038370224662],[81.9352470103413,30.348546199747375],[81.86824475519137,30.37804971492244],[81.76093106471694,30.389233180267126],[81.62428277513004,30.44659055540984],[81.61419386025852,30.413468459701733],[81.56698535509014,30.426412724767488],[81.55270858972966,30.37139958991918],[81.4181262749077,30.421463449778457],[81.40689522013838,30.39843026534453],[81.43107053997352,30.380156005395406],[81.40308807965124,30.370638160023134],[81.40099415485639,30.326285010444906],[81.4249791196907,30.308201104597345],[81.40118450985727,30.288403990251993],[81.41964913020325,30.275459719790263],[81.39775809016379,30.242908695380038],[81.39566415997308,30.205979460084052],[81.33302091518317,30.152786884906845],[81.30497237537486,30.16418211001644],[81.2593686348547,30.153250605031474],[81.29249073505946,30.10375781467144],[81.27631039990507,30.054455384708262],[81.24604365529052,30.034658264966993],[81.25346756957276,30.015812934619305],[81.14496414977577,30.015241865120004],[81.09623279021116,30.0540746702099],[81.10955776977534,30.090623190108204],[81.08614387533964,30.10623245486397],[81.08119459495464,30.150204895339698],[81.03817394027516,30.201220534699985],[81.03147573481738,30.249081935083268],[81.00799466012552,30.265403165223972],[80.93387185989849,30.26971020466226],[80.91221876518392,30.301832929646025],[80.80647389975076,30.329222180059617],[80.71509138995572,30.419378299668836],[80.69378424464725,30.416047055227466],[80.6117388146946,30.473131985252962],[80.54378140488797,30.453715580010055],[80.50437753029883,30.489312320407294],[80.4238565699248,30.520150135420465],[80.35037881473056,30.524909055408614],[80.31046653989898,30.57161033484914],[80.20665936993402,30.588488255228867],[80.1389541902837,30.561551094907145],[80.09493416038327,30.577255540311],[80.04085853009713,30.60809501007668],[80.0163024903677,30.665963505011803],[79.96680970000773,30.696230250525673],[79.96207193477204,30.706862454838472],[79.97619905474266,30.708411430043498],[79.95348472044356,30.74933982007667],[79.9569111446337,30.778845134795176],[79.89656801490202,30.80796973501532],[79.91122549476086,30.832525774744738],[79.8927608753142,30.85479753018194],[79.82461310960736,30.85593967007975],[79.7536099946056,30.940648480043365],[79.67385046502699,30.982336639824098],[79.59887364520262,30.931773095052336],[79.54802456478188,30.962349165081946],[79.50024499011425,31.032019785185014],[79.42562508962624,31.026118719903025],[79.42048545513973,31.065141879993803],[79.40106905529274,31.074659725366075],[79.31445667463589,31.022121225314322],[79.32740093970165,30.974912720145994],[79.31807345472623,30.963681665376612],[79.22498894018747,30.95416382000434],[79.18387185530196,31.02040801501795],[79.09097769486476,31.000420544772396],[79.0588073804563,31.031639069787275],[79.00817245019846,31.049151905236272],[78.97105285990165,31.11691895554543],[78.99084997514632,31.17364530518671],[78.92841291972053,31.22504165994468],[78.87244799547864,31.30936975990653],[78.86178801020856,31.31641296508633],[78.84103911006696,31.294331565549385],[78.78964275530899,31.30746619011262],[78.75613993970649,31.356387910074034],[78.75766279500203,31.395791785562494],[78.79097525020768,31.442238859935514],[78.7540460149117,31.48050059552611],[78.7230178448977,31.48221380492322],[78.72606355458942,31.514003404833318],[78.8438944647578,31.609718305055765],[78.80410987477097,31.643826800566444],[78.79687631459029,31.68056567546563],[78.75709172460347,31.677519964874534],[78.71540357021865,31.762228780234068],[78.65410865469073,31.8252369051591],[78.67333470043616,31.862166140455088],[78.73786567975736,31.88786432008237],[78.76699028537342,31.945542455519956],[78.59629743038215,32.032680900003584],[78.60463551002084,32.061638284779065],[78.5240397197573,32.120451500436445],[78.50762144017739,32.14971887522597],[78.4514661600353,32.14210460054693],[78.42767155020192,32.21420226512248],[78.48263710012213,32.24608704478135],[78.50928706014975,32.300338755129474],[78.47787817473801,32.32556104050968],[78.48382683034401,32.350069489915086],[78.45836659514231,32.3779091855605],[78.46812238494016,32.43739571014396],[78.39412114967138,32.53352593527376],[78.41791576040407,32.56398303488919],[78.49715180990813,32.58087720511895],[78.5149977704308,32.604671814952326],[78.56687002033522,32.61347582524917],[78.57900526967751,32.63274945502337],[78.62445297512477,32.630607939904564],[78.73319434474325,32.70556096546625],[78.7405706696008,32.6517851448686],[78.77816615504406,32.60728922521764],[78.75698895547595,32.56541071043597],[78.78006972483797,32.478560385353546],[78.81504780001603,32.42692607987476],[78.89428385491601,32.38956853975634],[78.96757124971344,32.330082015172934],[79.00064575959419,32.37148464020402],[79.09867955541722,32.36934312508521],[79.12961254478319,32.47070815995369],[79.18790934004409,32.5125866747353],[79.24763380995245,32.516869704972976],[79.3056926598884,32.60086467986116],[79.26952485538783,32.67557975470197],[79.29807838520935,32.7305453055215],[79.27071458471039,32.7826554998515],[79.22312536504364,32.79145950475237],[79.22931195967925,32.901152660167156],[79.24899010540912,32.94729040552784],[79.17582002987052,32.98855624457508],[79.16116960968981,33.013901729880956],[79.13558901462136,33.1213598703618],[79.15342877971449,33.183058120136195],[79.07109943019458,33.22945760958106],[79.07823781512315,33.250634815444414],[79.03742297529016,33.27315694483718],[79.02337322489444,33.3239370247739],[78.97229350973777,33.3316528499991],[78.9446914446545,33.38096263461796],[78.89269083001784,33.41607993474122],[78.83766246515069,33.430251625112476],[78.81323891534373,33.48512923032979],[78.73613919007164,33.563639300313525],[78.7532713101229,33.62303064964482],[78.70891815514881,33.627599214632085],[78.68302961962132,33.65520095955668],[78.68360069001989,33.677282359992944],[78.77554306466078,33.744287980406],[78.75441345002076,33.793971124867596],[78.76316986459761,33.907804540447216],[78.73099955468575,33.92645951489476],[78.73823311486643,33.997272274895636],[78.64990752031588,34.03724721988334],[78.65542787020013,34.08121966035907],[78.66856249476336,34.09511571032181],[78.74165953995583,34.09587714021791],[78.79620273496829,34.140432544626265],[78.82713572523357,34.12942753984913],[78.8663968351459,34.166904050381675],[78.90149388523469,34.14697606489352],[78.92052956968394,34.1573862050094],[78.97371052472101,34.316036769981],[79.03866980976397,34.3262684504287],[79.04626096017523,34.35120012978223],[79.00832551481074,34.40331361023499],[79.04988942965349,34.42887109002885],[79.07758681028315,34.41263016485027],[79.15646089975075,34.449317389885664],[79.19333501469924,34.41814972512975],[79.24869265464235,34.419109024761724],[79.28175101000119,34.44246741034277],[79.3584649746789,34.430842840125024],[79.41725610028885,34.450403144989195],[79.48539771013628,34.44682230000922],[79.52392257476708,34.45945888541928],[79.53778366988053,34.48014464056274],[79.5622768901664,34.456854644826024],[79.6015995847531,34.466009270211714],[79.62798834478633,34.44916244479106],[79.6743705546574,34.45516360551602],[79.70233302484928,34.48468453516324],[79.72730488501247,34.4716878854876],[79.81964213038009,34.49348713532311],[79.84312207462409,34.53828476492998],[79.85878518988466,34.53445423037846],[79.83817953016126,34.550891224850204],[79.8635726597505,34.58592719478429],[79.84997961476745,34.59091462980638],[79.86497691515257,34.62022089038186],[79.8879398148706,34.62533960034233],[79.89044077012551,34.65000224031121],[79.86646740474697,34.65774211520653],[79.86505999542248,34.67256727545947],[79.90550730481834,34.68582680056642],[79.89637949991402,34.733938340182306],[79.94151831971476,34.81682043011881],[79.92379631994424,34.852571184812405],[79.988369249941,34.85869232499084],[80.00222954465784,34.8967597701473],[80.03483671014612,34.904853135264034],[80.04015537986692,34.942943975384196],[80.02285235984857,34.97305243482208],[80.04055984546056,34.98216185038916],[80.02675761007572,35.00163592016162],[80.040901565355,35.025428885135],[80.02808011980176,35.03956302521351],[80.07312576983844,35.07804248037621],[80.11808661020893,35.06949737500389],[80.2079965053345,35.12465482496026],[80.23600911542837,35.15168911026427],[80.2197526499649,35.17743506008003],[80.25553808971114,35.204259025433714],[80.35831783010383,35.20268363534154],[80.2704810449643,35.29307455984309],[80.27526279963854,35.329260515360545],[80.30315755537691,35.38101565554814],[80.37470997538509,35.38951896492836],[80.42824917535921,35.449366020525474],[80.44166663490734,35.418244300334266],[80.51201331046599,35.39221095507156],[80.52994869507626,35.40589170014192],[80.5646505947492,35.39285992024918],[80.59374454517467,35.4081767848308],[80.6521806652056,35.39862185501465],[80.6873838550809,35.337986739696305],[80.85533602523742,35.34260175556659],[80.8841918351851,35.322650115210706],[80.92613306508895,35.33207760030109],[80.96664891991179,35.31111286556637],[81.02290407965961,35.311903464973],[81.00040760522688,35.33549323532458],[81.0304931796166,35.341717845202425],[81.03027915985541,35.38417279483866],[81.04881466026842,35.40428684016558],[81.08849976005592,35.41084226026214],[81.09618545979117,35.38415684985881],[81.12132760028857,35.386848349871514],[81.15105645499148,35.363032690506316],[81.19155844496635,35.36608058015469],[81.21421171979512,35.32433328005686],[81.25884796246356,35.32532604526085],[81.27215208495079,35.34785155520518],[81.32279661547147,35.33903708039702],[81.36346116959737,35.354117370220536],[81.44058419990097,35.33351734025308],[81.49911134481277,35.28533804481498],[81.49714956999674,35.2527928704946],[81.5127314647853,35.235272389908914],[81.68044074964092,35.23553048994023],[81.72457276042462,35.2615630698798],[81.79720955507696,35.27628927053348],[81.85744139010814,35.26107747554511],[81.92572551731882,35.27219808547329],[81.95418505000009,35.30943715520061],[82.01056808524902,35.3113374046975],[82.04978562480682,35.349270244726085],[82.02526537000091,35.42935750974135],[82.03115630531931,35.454753259955055],[82.0770802647425,35.45168474975145],[82.158124179987,35.49937348030193],[82.17791404040071,35.48726874495668],[82.18766357001778,35.51519436003173],[82.24197189988331,35.5226299798897],[82.26849313005397,35.5522902747764],[82.31063828482905,35.54298075016152],[82.35060657033699,35.61302511052048],[82.33382839466475,35.654256445278804],[82.39335179504934,35.65489655483219],[82.41257824009375,35.709598615084076],[82.4624614648248,35.715375510071794],[82.50868519526563,35.69808546007596],[82.54417928974249,35.70871163533377],[82.60749998483647,35.69832124522935],[82.73159605531379,35.63810864489807],[82.79420414020893,35.69079247539247],[82.96504500022661,35.67218721007174],[82.95544290546576,35.6328309653768],[82.98081124524282,35.6090662553035],[82.98368592996178,35.554779289732494],[82.96760166038837,35.53961893056925],[82.98185591481865,35.50557203052483],[83.00744821995943,35.47750081970713],[83.05110371506447,35.4763922002399],[83.11576154465962,35.40070379544386],[83.17735315012783,35.38941417502423],[83.2386854297888,35.424477680400685],[83.29016124504545,35.39888234004803],[83.3605785497603,35.39633537008132],[83.35810059017018,35.378297399805206],[83.44785321005764,35.38319577496509],[83.49034022502144,35.360683980581314],[83.53689831530505,35.3653050353991],[83.53382031545527,35.345061285350084],[83.57439286983515,35.353080004938306],[83.61435606518035,35.33629390533952],[83.69113543035587,35.365453790460094],[83.85508136541273,35.35946281006068],[83.87954729037523,35.36728398546762],[83.91009022038742,35.4086565452634],[84.00389644986132,35.422120380151455],[84.0631758704701,35.41078046514639],[84.0923390552033,35.363552584983836],[84.13729857986561,35.379637715208446],[84.17237772984839,35.35847431483779],[84.23208497504163,35.39721441511324],[84.33460304509452,35.416513095503035],[84.45144992967056,35.474616045494145],[84.47479893981927,35.51793593519528],[84.44563466510778,35.53419871030229],[84.44638993015121,35.55184725974328],[84.76000006974749,35.62403501480412],[84.86061763039936,35.6765193396958],[84.97099556469362,35.70963475523979],[84.99534228991479,35.74025984011956],[85.03523767008244,35.75100943024108],[85.14662542971985,35.743811404972405],[85.21697042984152,35.7667699852467],[85.21840954026811,35.78057013510369],[85.28125949962629,35.78796116477599],[85.27952696469771,35.77633770522095],[85.35321518013649,35.74284063538704],[85.37127185001594,35.7009561751874],[85.50643057990737,35.68508462495555],[85.56972991970008,35.640207585211954],[85.61204535480931,35.6531342802229],[85.64957996514335,35.72992809480576],[85.68927557980425,35.75179945048433],[85.8058136704646,35.78003625526901],[85.94684741497628,35.77911202020363],[86.00993386005968,35.83342833514962],[86.07838889982793,35.86226519548245],[86.14337567534722,35.99887816509528],[86.19742779016042,36.033081754919124],[86.17675623531204,36.074912520196676],[86.18424745035958,36.131392354873356],[86.26051464263668,36.1513283002609],[86.27620704971565,36.17250180991067],[86.36314082019277,36.16379047475067],[86.38932123518691,36.20268169530402],[86.43078651508569,36.20811634968982],[86.43776938474934,36.22696389506774],[86.50000032995132,36.19866268983134],[86.52305284531263,36.20154328039814],[86.51362000475945,36.20968201990934],[86.52553563516148,36.229424705485826],[86.61528939538937,36.21938508515359],[86.65501985518222,36.24617643479468],[86.69795805462059,36.24509152055725],[86.70502273021486,36.2645803005405],[86.73019296013706,36.26714171541789],[86.73172381490218,36.286151234991564],[86.76483643984989,36.298206424886644],[86.86095379028524,36.3004252097557],[86.89029419991743,36.26222131046518],[87.00242523483678,36.302124520130576],[87.05045850465632,36.29210801057627],[87.07444437510787,36.30936964469339],[87.14129315015879,36.293124554754456],[87.19595451518876,36.35297890025612],[87.29851478502934,36.35826719987142],[87.36056146004341,36.421162780038344],[87.42361617524637,36.42618185500868],[87.45674373973185,36.41150891040792],[87.46694621019952,36.35546833519555],[87.562398920274,36.3400106151978],[87.70392794481887,36.38252159979203],[87.77837708473476,36.376382664728226],[87.80223884514663,36.39126366478638],[87.94939780016841,36.4009446103056],[87.96766046515842,36.40726968974445],[87.9673191103887,36.432196650355195],[88.13652700481748,36.42943487551912],[88.18281543518424,36.455703229820244],[88.22087205520126,36.44875422502753],[88.24193823975804,36.471480139896585],[88.3561056446598,36.457771944819456],[88.35956274472494,36.481197999887854]]]}},{"type":"Feature","properties":{"name":"陕西省","adcode":"610000","region_code":"610000","population":39528999,"elderly_65plus":5266597,"aging_rate":0.1332,"youth_rate":0.1733,"source_year":"2020","source_name":"第七次全国人口普查（省市分年龄性别）","license":"普查数据，来源标注 required"},"geometry":{"type":"Polygon","coordinates":[[[108.13453828501389,36.57918607058076],[108.11650517467416,36.57633820004793],[108.10970607967192,36.59308991496766],[108.0883942354057,36.583523650096424],[108.0788720247242,36.61408725552246],[108.0533693100457,36.594294689948015],[107.99870584959535,36.633981980484066],[108.0208116099679,36.661325625377344],[108.00697273530358,36.68144481482642],[107.98121944522126,36.67506325526506],[107.9805302551672,36.651909465449535],[107.96943240528134,36.66665311474952],[107.9342018697206,36.65557512009576],[107.93474144046519,36.70460742519259],[107.90089081475935,36.74517636969375],[107.82532674483349,36.78613888989793],[107.79994540985285,36.77888990004891],[107.73251288036522,36.8125148354913],[107.70054796481679,36.803804725207954],[107.66178213493765,36.83075394543829],[107.62765746511997,36.81785621489246],[107.57654212961563,36.83764965550722],[107.53369006004829,36.8259635500778],[107.52730604983441,36.867138554900464],[107.48628884995054,36.8944986753736],[107.48144189982389,36.914013124706],[107.43902053986608,36.88871462987635],[107.42953152495994,36.90853120015481],[107.35839738503137,36.903583815540685],[107.3342670600768,36.92692286030183],[107.30284049039636,36.91280060476413],[107.26373908029439,37.099045034800554],[107.27619312041622,37.09853216043092],[107.27384326475493,37.128227455133015],[107.30195978971261,37.100249330442296],[107.33367823526243,37.15872955052839],[107.31374795020781,37.199158090173796],[107.25484161514851,37.22706432485876],[107.30471036529116,37.24242116520469],[107.25127366464795,37.33358635022995],[107.25938536963918,37.39356923493227],[107.27901062534016,37.41604379018884],[107.28060431034072,37.481867345301794],[107.31391375011953,37.50470893007309],[107.32523671020607,37.49504441516768],[107.3666981050336,37.578211959814155],[107.32572169030385,37.5832085598272],[107.30755376979073,37.60853373484406],[107.34295644548365,37.60673075512028],[107.39372424517785,37.65314347988772],[107.41597992523344,37.65057023532813],[107.41694323044578,37.66478498523895],[107.38214005991591,37.67074815050677],[107.38072048006615,37.6918456602491],[107.41529361031195,37.67760230020605],[107.46601344016818,37.686594019698305],[107.4983684402514,37.73457159000691],[107.4922481247512,37.76426764553548],[107.53448303546378,37.78142413991219],[107.54373512487615,37.7703417997343],[107.58418026960379,37.77811439016705],[107.57943765522367,37.798114865508694],[107.62368819035777,37.77225220977169],[107.66171280530176,37.83681074971639],[107.64505840961795,37.864201560453694],[107.6874837400826,37.88777516549152],[107.68680281479811,37.87447118509715],[107.73758726993663,37.844272980513665],[107.97751852006371,37.78658524481324],[107.98780297003111,37.73478137486063],[108.00291470464998,37.732987270546175],[108.02006474009573,37.696865889948924],[108.01806277997338,37.65055317968557],[108.10511721968402,37.63903994553709],[108.1288831852109,37.621006590581715],[108.23521425033744,37.665283135008735],[108.27872543033442,37.66119603017273],[108.29731249967216,37.63780370058038],[108.33000350985418,37.63155727494831],[108.52905459969008,37.69080362478752],[108.63119529982328,37.65312629024618],[108.7124907446522,37.683852434642176],[108.760952279724,37.677485954912925],[108.78841882956539,37.70161095498162],[108.77724529003814,37.75416927968854],[108.79709708496256,37.78341984524974],[108.79126699507583,37.919409584684615],[108.82410651030727,37.98269990967316],[108.82165305004827,38.01348280039099],[108.79219810006231,38.05148473533234],[108.8304146797937,38.05103003001193],[108.87077066033777,38.028878889848954],[108.93227943015165,37.920407830357135],[108.96731207978871,37.929464120272996],[108.97785825495458,37.961530265309534],[109.06290790977226,38.02182063541403],[109.04195849498859,38.05490776458174],[109.06206833508566,38.09376882457167],[108.93868476508987,38.1790273847061],[108.9711085048537,38.293505109673106],[109.00863439536113,38.360685390118704],[109.05848809534939,38.398329195236215],[109.04611907533513,38.431553655376945],[109.11849149988285,38.47027472959513],[109.26441393025874,38.61658935971121],[109.3189697103839,38.59492734462128],[109.3577901399031,38.62371336537956],[109.32161025480946,38.66454268519681],[109.32937412001968,38.68836500494109],[109.39985417493028,38.7300003196591],[109.50373246957787,38.82995983018208],[109.547242600066,38.80355175540922],[109.6216959497084,38.85711479011553],[109.6807578701796,38.93648877493706],[109.68106624501127,38.961176864820516],[109.65721564518594,38.9817241603418],[109.66744452964139,38.99773062506836],[109.68635298520218,38.98862449022812],[109.69803554460475,39.01845106976111],[109.72126181977723,39.01870898992797],[109.85130866016658,39.12302414554796],[109.87980794468098,39.10271962021437],[109.91528645480611,39.10226531509227],[109.89140323027493,39.14523661048122],[109.9549251846496,39.19101973517269],[109.86538741459759,39.241741289928655],[109.87763843546549,39.26370743055355],[109.90083677499723,39.27043319033953],[109.95647025499835,39.21149639524248],[109.99209075998067,39.207829264808765],[110.20983683959855,39.28150562988094],[110.17159980029061,39.36753018037359],[110.12035585004253,39.41381978975153],[110.12402948976921,39.4464075397762],[110.14021353013038,39.454636910265265],[110.21107037489793,39.442517114873],[110.23286428545845,39.42312077530357],[110.26942464043486,39.42515760034303],[110.26341475538669,39.40045861517302],[110.38005326974269,39.3091212954115],[110.42293173531141,39.33831335467761],[110.41016765031685,39.34781730012833],[110.42384578465527,39.37793748492703],[110.49239819492084,39.35821798477224],[110.51722422461836,39.382087970383566],[110.55231056468085,39.35284077997807],[110.59456588460796,39.278260845361785],[110.68221351534152,39.26759696512789],[110.72056038975023,39.29839095977502],[110.73952246019343,39.35794282010511],[110.87802491981427,39.506847264789485],[110.95391185984454,39.517685660265045],[111.02847548525551,39.55709944538313],[111.01868705006734,39.569761549955615],[111.03832358506548,39.55075918988473],[111.08463627014783,39.550322845123276],[111.13519499005679,39.58354820548533],[111.15012802488849,39.56194816987221],[111.14218111526634,39.530918399964264],[111.05136385545762,39.44540272005952],[111.053777685292,39.40363900553575],[111.08509062023597,39.4104099355701],[111.07949010028796,39.38024038518569],[111.09434724043285,39.357535634961664],[111.14856940985044,39.36750660014951],[111.15177394970806,39.33523413534709],[111.18754820998197,39.34625789998216],[111.17258491026547,39.326855970226916],[111.18857713512676,39.30871894502337],[111.24190680475527,39.30029541000522],[111.21093517511832,39.2678394951966],[111.21274780007099,39.23893982980934],[111.15698975497327,39.15336953497609],[111.16772412496846,39.134322955240236],[111.13074906471763,39.061982284854594],[111.0816763953494,39.02563449543567],[111.02367416493081,39.015529130165305],[110.97534728534902,38.97504484514354],[111.00553220514723,38.929879519624194],[111.01032152042188,38.887710204562325],[110.98920506016543,38.86599092514115],[111.00177582509434,38.840168225383366],[110.97925235481239,38.79577226537782],[110.95013278989637,38.77528347525225],[110.9588769503111,38.75416464528223],[110.91022995974492,38.704201590431126],[110.90985738501035,38.670735920426466],[110.87341261989656,38.622524199931945],[110.89085891540668,38.588292785084036],[110.91502486970205,38.57904353483133],[110.90375306035548,38.52494426046928],[110.86413211010887,38.509024920263926],[110.86838672536715,38.453497394789],[110.83873612966869,38.43875525994736],[110.78010954042304,38.44883903968997],[110.74572857011748,38.37089595988067],[110.66256127997917,38.31240131017239],[110.57751929547919,38.30302700469258],[110.5618287347084,38.21865806471794],[110.51609591989086,38.207095660136645],[110.5004140645575,38.18456715994654],[110.51578195037678,38.12214705494267],[110.49591473477727,38.097161294857926],[110.49568047037747,38.038159844801044],[110.52213039510173,37.99435539498552],[110.5123019949412,37.96091045974998],[110.58699194991863,37.92277829488245],[110.66874468022286,37.79099191024852],[110.75130377504922,37.75347613981205],[110.74917026479596,37.73764533516413],[110.69649904459527,37.71387058955611],[110.79100298519967,37.66036719968656],[110.75745271956742,37.63564380511758],[110.79053590970454,37.56114623041424],[110.76519364037426,37.53704161977498],[110.74246835503061,37.45190727040426],[110.63719168025193,37.431492054714624],[110.63038663533501,37.36363147041607],[110.69476179542056,37.34623100975335],[110.67237721014021,37.315186185194364],[110.68376902502052,37.284257419944026],[110.65192898483485,37.278197475033494],[110.62744460488466,37.232092035119365],[110.53206802961591,37.142738084694884],[110.52351226457938,37.105346704886585],[110.45367685989925,37.043726920061374],[110.41301316012931,37.03490430459004],[110.44309270996064,37.00927212530837],[110.39116578487312,37.0221856452514],[110.3707165451325,37.01311541494448],[110.41994467041025,36.95738355540681],[110.40331261478542,36.892485310049096],[110.36922853496895,36.8803494446712],[110.41854434504558,36.85573861464542],[110.40076441544545,36.827197900163014],[110.41734005030315,36.81837937031173],[110.41242691457052,36.79416924041817],[110.37679220479646,36.769466264956236],[110.42530333478112,36.750134654990404],[110.41066012986118,36.72277290494566],[110.44703137539773,36.73032608957743],[110.4292379101015,36.680015599640285],[110.39833588978956,36.69669088027996],[110.38666091976569,36.68001164981786],[110.4917258698531,36.58201764989468],[110.48239390535451,36.55538451528321],[110.49641446465586,36.533485265332786],[110.49750817516224,36.483776535158995],[110.46731123502553,36.451446410323626],[110.48631504480352,36.418343650039446],[110.45430611013893,36.3348721300448],[110.47148620542413,36.25954564481572],[110.44695032489761,36.21849146031269],[110.4443135648192,36.13433342484774],[110.48704751023445,36.033746885410494],[110.48666189982686,35.99233238483174],[110.51129772021369,35.97221591043598],[110.49727251501463,35.94942336479647],[110.51113184475889,35.92341984015354],[110.50593201505052,35.88003798986142],[110.54602794493377,35.8754052501522],[110.57238137510046,35.70179727962079],[110.60909229457377,35.64453726957936],[110.60822651004548,35.58889487459885],[110.56734137470477,35.54795450020009],[110.5292115498732,35.46496930478963],[110.47975964539137,35.43088933037836],[110.41628728503025,35.34873345468526],[110.40307244543709,35.29276929486713],[110.36426435461635,35.252908495430745],[110.35362844959332,35.186178744753306],[110.37000890458734,35.13939452533714],[110.33485866499547,35.05235887965864],[110.23513790019399,34.93661064466556],[110.23024068515957,34.90797107040862],[110.25338303020277,34.76263635958037],[110.23738337514271,34.649875390037266],[110.28515533525058,34.61399546481891],[110.37169402455964,34.60063893973535],[110.36004035497848,34.56799628969708],[110.39895917032953,34.559281414805525],[110.35681949512366,34.53484301539288],[110.3630965597585,34.4977747646937],[110.40557725968284,34.42122751993418],[110.44564427456368,34.40279134964112],[110.47140900492172,34.40953770030467],[110.48126736959347,34.35691207033585],[110.5011830253764,34.34247505477998],[110.49603796977652,34.32237471961764],[110.47122814496299,34.32338086493502],[110.44996002033872,34.29611887038959],[110.42326765457864,34.28996725488497],[110.43272165977686,34.245429034722235],[110.54370314978058,34.21628493000554],[110.55371785529485,34.19417457499668],[110.63775522962021,34.16205571979566],[110.58473396989683,34.101640690165766],[110.57602499995386,34.0448840000966],[110.58042720025514,34.02505812992882],[110.61994060507493,34.03449122499012],[110.67192010542857,33.950360510029554],[110.64549853542911,33.94613074483806],[110.62072051963634,33.927055674579776],[110.62301361009008,33.90895710978282],[110.58215937995146,33.88789765035631],[110.60648622475952,33.870595749993925],[110.60577622978923,33.85347306023357],[110.66213230516183,33.8540321102937],[110.70650284493041,33.83572177494],[110.73282101537762,33.80068625466697],[110.77721089506679,33.79664536958819],[110.81165553467525,33.753444130142555],[110.83226106039967,33.66705554038094],[110.87447181981867,33.63302508983605],[110.96819265956367,33.60628663022385],[110.99997677990456,33.576692959812306],[110.99658231492197,33.535061510380444],[111.0267905946103,33.48531972022897],[111.00780992528786,33.43777437039091],[110.99091839007173,33.43653687537653],[111.03147203530625,33.37068507525606],[111.0201135448043,33.35447786026509],[111.02937233506526,33.33507156520062],[111.00577514530676,33.32773038494935],[110.9754853249878,33.27184532050518],[110.98824928497658,33.25396253004675],[110.96262074525123,33.26056535520701],[110.91400005985491,33.203976289774005],[110.87006104987762,33.21655535544534],[110.82321891502096,33.20385817011851],[110.80931434038456,33.17418565974043],[110.81725615534737,33.15576825470123],[110.73401881971284,33.1420717346229],[110.70509075463468,33.095968905440714],[110.64973412013359,33.16309000959632],[110.62530922044425,33.14394592986082],[110.5891530648621,33.15690765976075],[110.5824178001414,33.2359241847534],[110.5309084950311,33.258353739733366],[110.52651875483673,33.23134909518467],[110.50886381031665,33.23683291011076],[110.46587185480234,33.17435116467459],[110.36525034972391,33.186847654595624],[110.33663854473309,33.175865849629304],[110.33386730992845,33.160140539954],[110.28084284502137,33.17229923012542],[110.22587409531332,33.160097570346636],[110.15766231496394,33.21274953516297],[110.06433786490061,33.207657605214365],[110.04912561035871,33.19362157037921],[110.00727935965477,33.210632530167175],[109.97995116511424,33.2003100451725],[109.8649092099921,33.2502318948861],[109.70707115461016,33.23469779007098],[109.69455418532743,33.25811502458879],[109.65206256043888,33.24816100982281],[109.61999090975274,33.27287610994455],[109.60619774043346,33.23308433527393],[109.51375430491731,33.24292971013807],[109.50301026541149,33.21226988984358],[109.44864040483088,33.170944194618926],[109.4377223653949,33.149917885102354],[109.46180793019187,33.13925041027824],[109.54499838956411,33.13318156028083],[109.6044275949576,33.10634024970284],[109.68171105981764,33.11775585524856],[109.7966404450006,33.06891436020959],[109.76076670531927,32.91070970968542],[109.78423002469594,32.8848742053803],[109.83965827041288,32.89391976998144],[109.86484008989828,32.91489606999767],[109.92614061539712,32.88744123472526],[109.98516277504211,32.888140445025556],[110.09962456492178,32.8343065552034],[110.13627208488884,32.809739565328755],[110.12576708967953,32.77433191008964],[110.15842325023289,32.76369577484019],[110.1663431451201,32.71968791006907],[110.14878558998305,32.68068551982094],[110.2012248300619,32.637721615060514],[110.14818776025697,32.59152652982556],[110.12366099975537,32.6190611601445],[110.08634424479112,32.621343650289305],[110.08928911530052,32.586864420057],[110.02407912535142,32.5442998403654],[109.977717869684,32.55403075041886],[109.96838771012477,32.576681605171984],[109.94080811460287,32.57321239483622],[109.92135157981164,32.59269391549185],[109.8236103703224,32.57439847470988],[109.75046750467169,32.58447180972627],[109.72436622462163,32.607694650387884],[109.6159595502931,32.59337117513968],[109.61259396523934,32.56204819476841],[109.63176665960373,32.555349634977745],[109.63350606535272,32.536881695234115],[109.57713740486741,32.51401591510245],[109.5652861002734,32.4844948604495],[109.54697451486203,32.48247487521536],[109.52024977980358,32.428385245182994],[109.52520703537647,32.40094107497066],[109.49638642489367,32.39282322041532],[109.51349353030224,32.33777344538822],[109.48622193009805,32.29046603008328],[109.5118142945941,32.28538519507077],[109.55476126961696,32.221144440463604],[109.603582334757,32.20470973476648],[109.58644710035344,32.17434861979302],[109.58781677502424,32.135149775341915],[109.61806903515793,32.10023265531282],[109.5814389854209,32.03047263990044],[109.6276810548369,31.94254335499187],[109.57871620518875,31.896154390312915],[109.6056104201848,31.884651164719514],[109.63593492465714,31.812112960045113],[109.59700177501196,31.798879700537782],[109.58747134542631,31.757727874841578],[109.6002162847538,31.74512149046444],[109.57960248976315,31.728486619961586],[109.41515996975687,31.722844189807574],[109.38393615492964,31.706874914745583],[109.27613933965887,31.719319990425277],[109.27496142023341,31.748472945370168],[109.24900044521445,31.762423270317697],[109.27501611969825,31.78003113982527],[109.27053209997649,31.802057644744536],[109.18857996479358,31.8215887000585],[109.19558284976875,31.846238115496703],[109.16180850995482,31.87799030990493],[109.11755307981082,31.894918725418904],[109.03483691479187,31.96300198994993],[108.86731728526456,32.00280809531739],[108.83120643033254,32.040949864944366],[108.75029697002918,32.072473265528856],[108.73153085466527,32.10876402983615],[108.66924224043709,32.10490670538019],[108.58146827474116,32.17413436530876],[108.50612422485318,32.20268699490896],[108.50293280970146,32.245589189989175],[108.46757808046408,32.27361734486465],[108.34607065993305,32.25637187516196],[108.32520473461085,32.23458796506259],[108.23812108042358,32.27637658001521],[108.18372240466533,32.2223445605531],[108.14931815990519,32.24119776536463],[108.13599789998318,32.22006495543337],[108.06669218969284,32.23453257491843],[108.02506013501727,32.22179277521644],[108.02051371493604,32.17640124502151],[107.9720674098831,32.147966494957814],[107.8998407753316,32.21076703477087],[107.8613628849892,32.20406635977474],[107.82973342016129,32.22443042022775],[107.75104638518258,32.33795918057177],[107.70161806991803,32.33429215535875],[107.6746847946676,32.40027125001825],[107.60184260475245,32.416712605302564],[107.53137619975189,32.385503805556255],[107.4935499752512,32.4001270949895],[107.48128071523286,32.42733557987316],[107.45202853538865,32.4197640104008],[107.45584659004817,32.45600217516028],[107.42830472018676,32.48021992500958],[107.42981971990423,32.540908380017754],[107.371946745446,32.54863079547488],[107.3422042003636,32.51269751977475],[107.29429152513381,32.49035854541057],[107.2758376903572,32.465258100181245],[107.27474210476436,32.42470972047727],[107.26017103536503,32.42282970482705],[107.26649059026857,32.40656379558277],[107.23785106547433,32.41200648990764],[107.19910802531518,32.44091920985369],[107.18993717526047,32.4692946154542],[107.16948606043343,32.482916894698974],[107.12245474958706,32.480515409858356],[107.11512429465051,32.512979674872156],[107.06524700994163,32.53367559055613],[107.10086052539299,32.592349260210256],[107.0854519848213,32.62550500495206],[107.09363564546874,32.65570850474376],[107.05793470961919,32.67841966983195],[107.06173406017882,32.71070632054034],[107.0273674250667,32.71180497551927],[107.00399484008983,32.73072658546357],[106.98554367989698,32.71311593974889],[106.91186073988132,32.705303190090206],[106.89437463498149,32.72588263997193],[106.86130367472487,32.72727590475927],[106.81896954001235,32.706671510381966],[106.79056977537488,32.71319849031812],[106.78111054961221,32.699040055054525],[106.77743087993122,32.73902207051219],[106.7276466651615,32.7408787001919],[106.65884191502244,32.69128168020541],[106.58175881461767,32.69027253474974],[106.49409564000183,32.651532170073665],[106.45302973463458,32.65812497049103],[106.4290995852777,32.626509955070446],[106.39979009973337,32.618865775235406],[106.3444529346553,32.673500899846715],[106.26879376502029,32.672906369733255],[106.2540890545663,32.69686849988142],[106.17786302515856,32.695538274871524],[106.10873051979769,32.72261500457887],[106.05837122994836,32.77548826017511],[106.09657111466527,32.79492071471924],[106.08938318518591,32.82549267484711],[106.06609054004645,32.82600641526392],[106.0386690849104,32.86707719495661],[106.00703671976885,32.83174443975412],[105.9616878947806,32.851790435180476],[105.9288122447893,32.82937327465697],[105.82336529956899,32.826760559752074],[105.81976227460933,32.77157204541362],[105.79350644516637,32.756493899573854],[105.745006714988,32.76967696971644],[105.63847720006277,32.71126118965225],[105.59304862499408,32.702312505417865],[105.58389310478304,32.73121998501432],[105.5546387998408,32.73469067023831],[105.56594567015662,32.763881810397265],[105.5524694947714,32.79713426463468],[105.532082015073,32.79381134521748],[105.5207375297133,32.84967911030276],[105.48831291490916,32.884908439872675],[105.49263252507103,32.909222730144904],[105.5210409196028,32.9226405098517],[105.56116442539798,32.91018844464105],[105.58869585502975,32.88075805514018],[105.70235571044776,32.9153201003424],[105.72570419539238,32.90656840990425],[105.81990497543433,32.9591327699614],[105.85847740970473,32.94332713014302],[105.9162206452666,32.996911905060415],[105.92583653023172,33.02898395504553],[105.90821724473011,33.05772929497101],[105.9287049952394,33.078409784583926],[105.9141018596132,33.107376239921564],[105.93416553481165,33.120786280062816],[105.90573933010609,33.132607049975434],[105.92432411516586,33.149993574743746],[105.9028944597116,33.138998565031784],[105.89099394511453,33.14848342507008],[105.9217917600817,33.16967223488581],[105.91344114029647,33.179863329828834],[105.92805139045936,33.20177273492385],[105.94191573032674,33.15579754022434],[105.96790842983023,33.14937022045933],[105.95859805535605,33.21234127982626],[105.93663988542244,33.21411334985129],[105.94418576036463,33.221021765542105],[105.91880157003646,33.243490365488015],[105.85851688005005,33.2344940405676],[105.79132007546116,33.265622594707054],[105.78702794498372,33.28418378515363],[105.74718731014633,33.28763824031262],[105.73505459509357,33.31511429508868],[105.75432897040571,33.323070670075424],[105.69886656484016,33.39132385970839],[105.81962240035358,33.38255175555912],[105.83739776499493,33.496385289849286],[105.89745602547526,33.565988240465],[105.91361669515442,33.55681111494107],[105.93167241984634,33.57070518010005],[105.95590865526032,33.59657037552245],[105.9523974897524,33.61518813512441],[106.01404545033733,33.61165732482573],[106.02393298541898,33.59658686998813],[106.08235894490946,33.6191049452371],[106.12611300031477,33.60346737971588],[106.10220509029273,33.572833055201386],[106.14316545032534,33.583330489810294],[106.14516491033243,33.56082841979577],[106.18265966001536,33.54566601557423],[106.28521038535104,33.610412285398695],[106.34129503993421,33.587010764735055],[106.37292597515369,33.60484222998497],[106.3688211150025,33.618824100451945],[106.4333503451424,33.622703715504144],[106.45421522545234,33.541618550156045],[106.46544103987213,33.526502104888266],[106.4923809350322,33.538986355036286],[106.5131582996159,33.51477577008575],[106.55515364982114,33.532135604774396],[106.54842374955643,33.57886880025495],[106.57757053515212,33.5784632150054],[106.5767115746795,33.62790150015417],[106.54597803515827,33.66082417479589],[106.55100376511172,33.675167634778575],[106.47683926512008,33.716972424937524],[106.47983244990769,33.776135195383006],[106.45486789044082,33.79246632526076],[106.45662258016802,33.81880502003571],[106.49074146015033,33.857196275088086],[106.45888261963722,33.886052919606584],[106.42284978988596,33.870322294938035],[106.40376997480456,33.907709904788305],[106.46213923024135,33.95961845043121],[106.47571961456862,33.99587322476958],[106.46641519540498,34.03282043031868],[106.50483775495849,34.07352966006579],[106.49680211462595,34.11264289535342],[106.55632291507055,34.11120486501255],[106.58107933993966,34.15061816989265],[106.53712211509361,34.24850004504111],[106.48418486463987,34.25033881508432],[106.50528655982691,34.28409285540101],[106.52341553519886,34.29762320504693],[106.56669671987777,34.28431893507087],[106.58568232467962,34.25166502012462],[106.61469040963476,34.266226295007584],[106.64345666509308,34.247945850420706],[106.67458994966648,34.255558060256305],[106.70121533481989,34.28410496027573],[106.696287085081,34.32731086540417],[106.6818562595588,34.3361555448426],[106.7101214352561,34.35017071990285],[106.71419098982238,34.37258046012022],[106.63416496504118,34.39313849534534],[106.61589342464191,34.45004530025045],[106.5868617954356,34.45575467503829],[106.59893786489062,34.46600382032011],[106.50988352990106,34.49920445472185],[106.48179602516649,34.526003200387436],[106.4100018745869,34.52565137031456],[106.39359987003803,34.51070050462465],[106.32928799524484,34.518804724558436],[106.33701622032237,34.56913533502774],[106.30680624541196,34.58240414473556],[106.38427030493068,34.62198251028468],[106.41788554478211,34.65665277990195],[106.45829503498794,34.638959630382715],[106.4682103950937,34.65222940506305],[106.44638041002798,34.66711478481949],[106.45285400980475,34.71264314956176],[106.48132954502256,34.71749085961551],[106.49607788518631,34.74865545498534],[106.54191071001134,34.749196489826204],[106.5712014096174,34.77158668507752],[106.57405298985367,34.79078651018932],[106.54676512541027,34.82997283967484],[106.55423129973474,34.857930604613784],[106.50824165023204,34.89190650498125],[106.51541114001219,34.922219640224284],[106.48505544525267,34.94114843035584],[106.47881186957216,34.981022480403226],[106.49740528002968,34.99639062972386],[106.48427932493098,35.02202403478145],[106.52269146493921,35.03138687480447],[106.53965161033364,35.08673178484406],[106.65935682995382,35.0694312451559],[106.73068150025108,35.10426152035291],[106.82133484962367,35.08122045965655],[106.89658380969513,35.09648079465302],[106.92132421494063,35.07672219467361],[106.98453355507957,35.07158344511993],[107.0047882795555,35.030301615227415],[107.03592618484561,35.043270625139314],[107.04266180030191,35.02773277015126],[107.08290590968005,35.017244909724866],[107.08157158466099,34.98048412014606],[107.10155375520168,34.957893045128],[107.17034025539851,34.93730932976183],[107.18945223023627,34.88126426513378],[107.24793733993636,34.88337019497857],[107.29141292027009,34.94462468508118],[107.33761423960556,34.941470095368686],[107.36348668985892,34.91264717003094],[107.3878965996484,34.936446735128754],[107.44848982004919,34.91587669485364],[107.47379946017702,34.924142405147904],[107.49362631959906,34.907654335479265],[107.52447655514896,34.91404886506314],[107.52520551502255,34.93153314523852],[107.56889918994574,34.968822014924115],[107.59317100973436,34.95234451498743],[107.60646010544957,34.968496970259025],[107.62824280506146,34.96095198474637],[107.6218397247236,34.92247180473004],[107.63484321464273,34.919313540387634],[107.63458945024297,34.936642819710414],[107.69993333485559,34.95095448056486],[107.7086216896393,34.96519960507777],[107.71565858967222,34.9520814902686],[107.79978827490902,34.957394639950735],[107.80194044519544,34.97445738000414],[107.85946125503295,34.997881460161295],[107.83919055500019,35.00455365003097],[107.8441054453101,35.02513029492724],[107.7941821099165,35.035570410346224],[107.755185725341,35.071447724832694],[107.76137485516551,35.087810390337324],[107.7168780254006,35.11407657997023],[107.71344541027753,35.17810229498497],[107.64835228542967,35.24136275528696],[107.66007209475146,35.257735664969005],[107.71617794005994,35.24499537513651],[107.70549024038235,35.257477904881455],[107.7373109703251,35.27412387481701],[107.73767983535618,35.29356301492123],[107.70766542971586,35.29281244973481],[107.71055605042147,35.305138844582075],[107.77284623036928,35.302473049891375],[107.86201835046654,35.257786240142934],[107.92415732470084,35.24976471017328],[107.93036033466177,35.26904215487161],[107.9526684397967,35.26822778008801],[107.94777131469448,35.24882109022121],[107.96310637975569,35.24258587553777],[108.14323991019376,35.28491873501167],[108.16640246030533,35.3064443751079],[108.2176546798197,35.30026002518008],[108.24983661526767,35.25286886500618],[108.25217963967867,35.268238140278015],[108.29303100547656,35.269014390102086],[108.30314599529152,35.29740521547836],[108.32069636034879,35.28701186480578],[108.340909555032,35.301964365463164],[108.35941071483268,35.278264949767674],[108.37623092481738,35.28947987969275],[108.44481096495412,35.27361062992668],[108.51623621992564,35.28729183005396],[108.53910504965836,35.30691000539247],[108.57606787463277,35.29184529992068],[108.6021133499512,35.31331222058259],[108.61586606506688,35.33354167500835],[108.61094826545013,35.380385809957204],[108.63402625500771,35.40187470015735],[108.60009566967949,35.50206844000655],[108.62030316985545,35.53604927495411],[108.61473611278143,35.55785303488972],[108.53736701987214,35.604284110323476],[108.5140787202568,35.64903354526194],[108.52669153028995,35.682442320556675],[108.51313331515041,35.699245505475744],[108.53029632511539,35.709167480095175],[108.51065558488739,35.719240155009174],[108.52718666463295,35.73786023036541],[108.52260050980573,35.82239730489175],[108.49253612973865,35.87375940986891],[108.581508760421,35.950234490329535],[108.6465870050863,35.94400612488283],[108.65707033023159,35.992451120522844],[108.68207329974302,36.021236965014],[108.67835353468791,36.082507570068344],[108.70361653507507,36.10966586019134],[108.69202390967575,36.11794169055662],[108.70900667481823,36.14319973028336],[108.64540435522684,36.24264917501944],[108.64550767024286,36.38615779534604],[108.61053880502192,36.438536119846106],[108.55948852467571,36.43333299502177],[108.50665097486268,36.47482535530594],[108.51011964470592,36.44573889983042],[108.49119225032217,36.42125795529046],[108.396325739941,36.44629174996436],[108.40053916984687,36.4745296896935],[108.34467111967649,36.555841684745985],[108.29190130500126,36.56742836472728],[108.28389370463083,36.552701090283165],[108.26333520535553,36.56814758044652],[108.25492792018741,36.546893420494996],[108.23982989483386,36.56996170007244],[108.20431951543333,36.57384911494478],[108.21653992967407,36.631561949824174],[108.19406189044395,36.62575332045941],[108.15395270545304,36.55973581035943],[108.13300778008505,36.56374679477881],[108.13453828501389,36.57918607058076]]]}},{"type":"Feature","properties":{"name":"甘肃省","adcode":"620000","region_code":"620000","population":25019831,"elderly_65plus":3147817,"aging_rate":0.1258,"youth_rate":0.194,"source_year":"2020","source_name":"第七次全国人口普查（省市分年龄性别）","license":"普查数据，来源标注 required"},"geometry":{"type":"Polygon","coordinates":[[[97.17172008991037,42.79453242503149],[97.84645337032686,41.65509064981376],[97.61433078513767,41.47647326033274],[97.61575689046822,41.4633304348518],[97.97152747511308,41.09666136473038],[98.24964407961062,40.9379493949487],[98.33231865548163,40.91781326047368],[98.34340005047204,40.56728529977693],[98.627350024684,40.677057205225935],[98.56946218982824,40.74595843013748],[98.66783509481394,40.771913310451055],[98.69671511541043,40.6791856001355],[98.80181214971111,40.606134959960514],[98.80611758475891,40.65819095035221],[98.78812052464258,40.678542449974145],[98.79000875020375,40.70451188491563],[98.98392756470554,40.78180184018282],[99.04025317464436,40.6926243502337],[99.10054338466966,40.67517039969425],[99.12407811021671,40.71395925041924],[99.1716191846777,40.74610983999719],[99.173246194956,40.85706069999145],[99.56456907460324,40.84574631494053],[99.6716340854448,40.93179891528786],[100.05537212522347,40.90664501975192],[100.10622278485374,40.87414370536777],[100.23571317961967,40.71571918049591],[100.24101813467928,40.61762886048365],[100.1680300396547,40.54022789470167],[100.16794693959969,40.276594965285426],[99.9882428354386,40.18737563527742],[99.95494898001152,40.15121262506278],[99.9263165103988,40.06324678001505],[99.87190519017247,40.025236510156844],[99.74966306040204,40.005986260057966],[99.69365457030221,39.96032374974129],[99.51995954000097,39.8855115750992],[99.45621901529546,39.89632476527572],[99.44086068027627,39.88346534045314],[99.67773030540934,39.888332455178784],[99.81355964985795,39.86456996553153],[99.90372031014425,39.787385194970796],[100.03491737983336,39.755421895504185],[100.11442760025363,39.70472787529127],[100.26235961970082,39.67670440498449],[100.31081399976642,39.60805542551765],[100.29806326520753,39.57181306002474],[100.32359847958628,39.508266504695484],[100.49777723003518,39.48027536051961],[100.49681460471032,39.39983890044499],[100.6072143097926,39.387473164754795],[100.82975448997792,39.40407667050198],[100.83882130465952,39.1996373654722],[100.86648451015208,39.1096549750971],[100.82675881047078,39.0728324200802],[100.82875839548376,39.02761571988975],[100.88045310482698,38.99571991004592],[100.90007077024995,39.03007813020167],[100.95782874480079,39.00570508002551],[100.9615425248677,38.94372101491308],[101.12543692967063,38.97681111004482],[101.22660951501723,39.0211622100681],[101.19649219545863,38.948137945210135],[101.23428946538661,38.90623469997149],[101.23782872481593,38.858796005231625],[101.33217877972703,38.84652451489444],[101.34085843536855,38.824134660486266],[101.30363977485587,38.80075221534264],[101.3070285696129,38.786430965017075],[101.39452840036557,38.772372010060224],[101.55779436971454,38.71295009547066],[101.60371745499663,38.64813682525431],[101.66817429960435,38.6901969500293],[101.7733285199954,38.65882390979573],[101.85466501977504,38.717740489931714],[101.93726674966081,38.81214990009789],[102.07145386010762,38.89054478491403],[101.82853124991738,39.092839980280985],[102.28184875541581,39.19175770535401],[102.350984185372,39.2311762200066],[102.45407012513624,39.254968874713825],[102.60227480463868,39.17279073540419],[103.01005465000213,39.098543440227616],[103.13566504480605,39.197023975176364],[103.35795228526973,39.33367755547488],[103.84781604527439,39.46069023976281],[103.94298956531622,39.45868651517071],[104.08739779996858,39.419292329877294],[104.04430106983858,39.296640405130745],[104.17423453539561,39.15433907518826],[104.20021847460299,39.08396176512349],[104.18757468022744,39.0454924300318],[104.19403119468399,38.98760597473597],[104.16922289961724,38.939123964799194],[104.0320632051529,38.89186229530884],[103.8594194598403,38.646256074858],[103.4118416551683,38.40452035483054],[103.46392804534315,38.351109645493864],[103.55009604489675,38.15951593011613],[103.36074399044293,38.08649935985767],[103.3500462102644,38.06643754535662],[103.39749591000833,37.86143672972139],[103.67168570033482,37.784988185556415],[103.83766293499656,37.647270125416014],[103.86723977009939,37.60660537523802],[104.1794727751485,37.40694535984056],[104.28249508518019,37.42997393524888],[104.29458499969809,37.41357065995811],[104.36188709511339,37.41756199509007],[104.43356996987825,37.445872439961306],[104.45712949962683,37.41936654503007],[104.51706163468674,37.43456459478034],[104.67574947475862,37.40842720964804],[104.65747384514185,37.374245059661746],[104.66465609000664,37.355917610209644],[104.7145570403751,37.34914781961629],[104.71491592473024,37.33727345010976],[104.65013249491886,37.290555620445616],[104.6180696701793,37.29611095485677],[104.62302307035856,37.28038332493054],[104.59687619468082,37.24463287510724],[104.62352979516396,37.20514587977863],[104.7157985400707,37.2072733852587],[104.77173704492878,37.24631921545961],[104.79035644039755,37.22803393521798],[104.82414106036174,37.22756680486424],[104.85516251963458,37.21198238028262],[104.85531922470255,37.18264133033313],[104.91702709002834,37.11123770045964],[104.9131027804691,37.094522595141825],[104.95115204493112,37.07822193969076],[104.96249119461305,37.031187540572546],[105.00470882485257,37.03377523004292],[105.02777241986132,37.00653332994932],[105.05433807024588,37.02252793981273],[105.16155731032165,36.9946318800574],[105.18227213515098,36.94144778998361],[105.17511209005102,36.892134919790806],[105.23661400523224,36.896624980258764],[105.27551150485209,36.8694314403088],[105.2972832201446,36.82240836995038],[105.32893423542669,36.805814020200955],[105.33683575986254,36.76888805034332],[105.31176493020735,36.741851270319955],[105.27372949012397,36.75286436989484],[105.26789685965241,36.73900534052416],[105.23518270541757,36.740723405360995],[105.1990384595573,36.70496624029977],[105.2244468452459,36.65997057458253],[105.21650828043289,36.631076160336534],[105.26717413477866,36.5931527901692],[105.27185056535143,36.56275973487391],[105.2453665698115,36.547570215193275],[105.27773428540905,36.52250217973199],[105.31763537537239,36.536526144765844],[105.35763837471137,36.49761717519266],[105.3589062398313,36.43894903457044],[105.39458620528916,36.43064149500913],[105.39782683044405,36.38511978525008],[105.41535065470896,36.377605284956076],[105.39864828469075,36.36514052491543],[105.47394222525367,36.29159321525481],[105.45677507480985,36.26715129499638],[105.4568310998755,36.223140209752955],[105.51091500482369,36.14789391976865],[105.48747442030827,36.10127054499975],[105.42701664500225,36.10397010473673],[105.35920919984477,36.04862664530356],[105.36186686016754,36.03465701550891],[105.33995275521556,36.0338169551884],[105.32138903047945,35.94187386019064],[105.33331478005312,35.913455420231514],[105.32125031994644,35.9053312848111],[105.34080773978542,35.87877658996774],[105.39560209476093,35.85770881540958],[105.36956596519713,35.84695633037052],[105.37857541482367,35.79274210556383],[105.4066079700819,35.822749974931526],[105.42543548485986,35.82028217048588],[105.4501224397988,35.74761045515851],[105.4693995049833,35.74898891530631],[105.47697773033809,35.727765905172475],[105.50173140508042,35.718520790002515],[105.55182369520747,35.726663450557965],[105.56658994536986,35.715444655346744],[105.56045743506263,35.689033235095906],[105.5757241246688,35.71620727504586],[105.66599401031539,35.75147020508604],[105.73349062009623,35.723421509695015],[105.75251677982573,35.73109046045653],[105.73430285988917,35.69890572002305],[105.71730638008546,35.72819168469863],[105.68736719464039,35.685312040118674],[105.7163404353629,35.68041173051705],[105.70951244963993,35.64714769031383],[105.7450509247605,35.624523280125345],[105.76105734002431,35.63164802053984],[105.74110905503903,35.614975560174116],[105.77646098019017,35.59959767029636],[105.79600946526477,35.56568187521856],[105.81253017043116,35.57604687476362],[105.8337570152741,35.49299457014337],[105.84567938519564,35.492983840332045],[105.86553102543661,35.543235580257885],[105.88609673997274,35.5486001855503],[106.00641298507139,35.52632440474764],[106.01740036493493,35.49493574508858],[106.06188956035504,35.50463772485131],[106.06704946016447,35.49241727014089],[106.09101002009635,35.51037265027776],[106.08349706034124,35.48971055989455],[106.06261271510476,35.4910238497709],[106.06424767538999,35.45541374544797],[106.08398434540135,35.402906344852],[106.09885837031766,35.40163820993541],[106.10353500503658,35.364897985154016],[106.16880102005109,35.43737474544827],[106.18806216993323,35.411813269966615],[106.23448983963453,35.411083855036],[106.25139161543086,35.334993730276494],[106.35938719526303,35.23864369015433],[106.3630200552314,35.27060692486987],[106.46946997475959,35.3118274551731],[106.50142303544482,35.360138149655995],[106.48934017520907,35.392089679695005],[106.50045768517413,35.417989824570896],[106.47798573525353,35.44956394961662],[106.4850365702817,35.48415760508942],[106.46111329534233,35.48145676471802],[106.43547037006158,35.52469000473991],[106.45417783523908,35.57633160462001],[106.47678221482744,35.577443465243846],[106.42982137036012,35.68887982514394],[106.48803269045641,35.73650600514816],[106.59267595023499,35.72798892534871],[106.59839249531746,35.74829193982134],[106.61487366988405,35.74416144989118],[106.62607053512721,35.714992505000225],[106.6691734202173,35.700664605087525],[106.67667836521451,35.73141756996489],[106.7263335353644,35.68813154513481],[106.7481943545859,35.68859329034825],[106.73532237522761,35.702038070400704],[106.76128961042718,35.72958943980086],[106.80040795026679,35.708968909787416],[106.81702440535207,35.71959399506693],[106.81664142006554,35.74496421532626],[106.85993706494372,35.73641104483386],[106.87016393491785,35.77936637995458],[106.8841576053893,35.76252733007232],[106.90736056024173,35.76876416983072],[106.91087624034628,35.79506457057346],[106.88737372042084,35.81062361538761],[106.92503374031492,35.807675855356536],[106.87175160525243,35.8555918598766],[106.87460743028879,35.88286757537844],[106.84759922532407,35.88723665544734],[106.94144012995821,35.9410177100994],[106.92491697503851,35.95261444540051],[106.91425733960466,35.93711627479638],[106.9039069999082,35.93813172989559],[106.89779609041722,35.94284250557729],[106.8853681845942,35.97172267995779],[106.90713254523098,35.9672896949636],[106.89907462959064,35.951933424787796],[106.91142395535138,35.94068580540562],[106.91423333490064,35.965332000371575],[106.94536185036918,35.99154899529003],[106.9236868499683,36.0158565199626],[106.93474412514144,36.063926590040126],[106.95487821545731,36.075765789759544],[106.93108274047614,36.107562090518115],[106.94223095959126,36.12229664497431],[106.92485720519596,36.11343536495025],[106.92608017525998,36.13872924535855],[106.90507737042446,36.131219149944],[106.89466652973675,36.16914287984014],[106.86465587516858,36.18319737505897],[106.85356976503272,36.2070102896933],[106.84004144515666,36.202846190299624],[106.8296651798043,36.22949253505254],[106.80352958971895,36.21105274049171],[106.78446835463103,36.22650624536698],[106.7587981196375,36.21507797017233],[106.7316149102,36.23733198018681],[106.69766907506784,36.239597445265986],[106.68032652534902,36.27384699044637],[106.64931099980294,36.257275000540915],[106.63951531967638,36.28518431540397],[106.63354804990274,36.265874885417816],[106.60743384029968,36.27293171982319],[106.60087153499342,36.296092970414406],[106.59031060015423,36.27063163983843],[106.55545878979137,36.29232601523353],[106.55398759964817,36.26361730469495],[106.5366274501967,36.254040390052126],[106.49951791971631,36.26878361487212],[106.46573888004536,36.31191675045784],[106.50741299961038,36.291992999877095],[106.49496758038964,36.31204008528181],[106.50079033990244,36.36336086011568],[106.52790935483301,36.37536897050177],[106.52218258535822,36.39107592051738],[106.48308519972232,36.402086785277106],[106.488076445172,36.422866245281114],[106.50766844034632,36.422981524877514],[106.49605063482903,36.43421995498704],[106.51846720539737,36.477759635399025],[106.48979919997322,36.4945215504294],[106.47988417981117,36.48066558055217],[106.40640790490107,36.51917104500785],[106.41146225038261,36.53193722991938],[106.36716148991087,36.54873334526786],[106.35705050028042,36.5732902897152],[106.38710779458921,36.556336585265285],[106.39138324983719,36.57719327994596],[106.45155547510524,36.55978925526995],[106.46340075963747,36.58193938009845],[106.43893151527732,36.60094192003368],[106.4406562701709,36.62481240027216],[106.48817601001497,36.62946471462493],[106.48656287987313,36.68548021494013],[106.5263673853467,36.68973252973245],[106.51104032515093,36.71689239456839],[106.57268138973438,36.746191545103784],[106.641439474952,36.72346843971678],[106.62297778010054,36.75278632492899],[106.6376043646498,36.802697190323215],[106.65389663032539,36.81149825534021],[106.6225705796686,36.861939760311714],[106.6358314753424,36.88222506533447],[106.62193165002572,36.89245199016733],[106.60495854000482,36.88106571511082],[106.6046258699879,36.909745554713766],[106.54673827525124,36.9392151096896],[106.53461285999555,36.97856668510457],[106.57531104516875,36.93479234998699],[106.59083445524595,36.968979410271686],[106.63894568009925,36.962551460081954],[106.63725975523357,37.01177806010952],[106.66243805477257,37.01716459536982],[106.6011363799401,37.12653869020846],[106.6095159551972,37.13428882456975],[106.63655088531527,37.11863210978413],[106.65842892475507,37.125601829560935],[106.66688868536465,37.110684010358966],[106.68313444979503,37.12970795955482],[106.72435482991159,37.120884514908596],[106.75570735031403,37.080489254675456],[106.77633175011022,37.158304715290456],[106.89149812014233,37.099976450053134],[106.91266423017021,37.12313440013247],[106.88654329543681,37.13952040034627],[106.9002821852747,37.151029014677476],[106.99206730985861,37.10578952027032],[106.98914580463531,37.121650355079964],[107.02467640529193,37.10663613484985],[107.02586046978496,37.14019306985443],[107.08949523961377,37.11669070461238],[107.17757507463011,37.14084106016685],[107.232010459815,37.09699981998574],[107.26974820991211,37.0930965698509],[107.30383313509117,36.9120157151533],[107.3342670600768,36.92692286030183],[107.35839738503131,36.90358381554063],[107.42953152496,36.90853120015481],[107.43902053986608,36.888714629876404],[107.48144189982384,36.914013124706116],[107.48628884995065,36.89449867537371],[107.52730604983452,36.86713855490052],[107.53369006004829,36.825963550077915],[107.57654212961575,36.83764965550722],[107.62765746511997,36.817856214892515],[107.66178213493765,36.83075394543829],[107.70054796481679,36.803804725207954],[107.73251288036522,36.8125148354913],[107.79994540985297,36.77888990004891],[107.82532674483355,36.786138889897984],[107.9008908147594,36.74517636969375],[107.9347414404653,36.704607425192535],[107.9342018697206,36.655575120095705],[107.96943240528145,36.66665311474958],[107.98053025516731,36.65190946544959],[107.98121944522131,36.67506325526517],[108.00724628029172,36.681325355181116],[108.020811609968,36.66132562537746],[107.99870584959535,36.633981980484066],[108.05336931004575,36.594294689948015],[108.07887202472432,36.61408725552258],[108.08827992977507,36.58362891034608],[108.11189342514155,36.592180005203204],[108.11650517467422,36.57633820004804],[108.13320969497153,36.58150072048193],[108.13351831531804,36.56339242052394],[108.15407163989443,36.55981424023514],[108.194061890444,36.62575332045941],[108.21679984004078,36.631439714871135],[108.20431951543338,36.573849114944835],[108.23982989483392,36.569961700072554],[108.25492792018741,36.54689342049494],[108.26333520535553,36.568147580446634],[108.28389370463094,36.55270109028322],[108.29190130500132,36.56742836472728],[108.34467111967655,36.555841684745985],[108.40053916984687,36.47452968969344],[108.39632573994106,36.44629174996436],[108.49119225032223,36.421257955290514],[108.51011964470592,36.44573889983053],[108.50665097486268,36.474825355305995],[108.55948852467577,36.43333299502183],[108.60999898516519,36.438643530374804],[108.62448995464786,36.42180768477698],[108.64588300499685,36.384705735581406],[108.6454043552269,36.24264917501955],[108.70623896535602,36.151831309967065],[108.69202390967575,36.11794169055656],[108.70364363524556,36.109731935180776],[108.67863322024698,36.083458729936524],[108.68207329974308,36.021236965014054],[108.65707033023159,35.992451120522844],[108.64672690002647,35.944132994941924],[108.581508760421,35.95023449032959],[108.49253612973865,35.87375940986897],[108.52260050980573,35.822397304891865],[108.527186664633,35.73786023036547],[108.51065558488739,35.71924015500923],[108.53029632511539,35.709167480095175],[108.51313331515053,35.6992455054758],[108.52669153029007,35.68244232055679],[108.51407872025686,35.64903354526194],[108.53736701987219,35.60428411032353],[108.61473611278143,35.55785303488983],[108.62030316985539,35.536049274954166],[108.60009566967949,35.50206844000667],[108.63404283490894,35.402123305146574],[108.60426385469333,35.358943220453455],[108.61138940539678,35.32630326028732],[108.57669142047274,35.29202458516653],[108.53910504965842,35.30691000539258],[108.51623621992576,35.28729183005407],[108.44481096495412,35.27361062992679],[108.37623092481738,35.289479879692806],[108.35941071483273,35.27826494976762],[108.34090955503211,35.301964365463164],[108.3206963603489,35.28701186480578],[108.30314599529146,35.29740521547848],[108.29303100547668,35.26901439010214],[108.25217963967867,35.26823814027807],[108.24983661526772,35.252868865006235],[108.21765467981982,35.300260025180194],[108.16640246030539,35.306444375108015],[108.14323991019387,35.28491873501167],[107.96310637975563,35.24258587553783],[107.94777131469448,35.24882109022121],[107.9526684397967,35.26822778008807],[107.93036033466183,35.26904215487167],[107.92415732470084,35.24976471017334],[107.86201835046666,35.25778624014305],[107.77284623036928,35.30247304989143],[107.71055605042147,35.30513884458219],[107.70766542971586,35.292812449734754],[107.73767983535618,35.29356301492129],[107.73731097032521,35.27412387481712],[107.70549024038229,35.25747790488151],[107.71617794005994,35.24499537513657],[107.66007209475157,35.25773566496912],[107.64835228542961,35.241362755287014],[107.71344541027759,35.17810229498508],[107.71687802540055,35.114076579970344],[107.76137485516557,35.08781039033744],[107.75518572534111,35.07144772483281],[107.79418210991662,35.035570410346224],[107.8441054453101,35.025130294927294],[107.8391905550003,35.00455365003103],[107.85946125503295,34.997881460161295],[107.80194044519556,34.97445738000414],[107.79978827490913,34.957394639950735],[107.71565858967233,34.9520814902686],[107.70862168963936,34.96519960507777],[107.69993333485564,34.95095448056486],[107.63458945024308,34.936642819710414],[107.63484321464284,34.919313540387634],[107.62183972472366,34.922471804730094],[107.62824280506146,34.96095198474637],[107.60646010544957,34.968496970259025],[107.5931710097343,34.952344514987544],[107.5688991899458,34.968822014924115],[107.52520551502266,34.93153314523863],[107.52447655514902,34.91404886506314],[107.49362631959906,34.90765433547921],[107.47379946017702,34.924142405147904],[107.44848982004919,34.91587669485375],[107.38789659964851,34.936446735128754],[107.36348668985903,34.91264717003088],[107.33761423960556,34.94147009536874],[107.29141292027009,34.94462468508118],[107.24793733993641,34.883370194978625],[107.18945223023633,34.88126426513389],[107.17034025539857,34.93730932976183],[107.10155375520179,34.957893045127946],[107.08157158466099,34.980484120146116],[107.08290590968016,35.017244909724866],[107.04266180030186,35.027732770151204],[107.03592618484572,35.043270625139314],[107.00478827955561,35.030301615227415],[106.98453355507968,35.07158344512004],[106.92132421494074,35.07672219467361],[106.89658380969519,35.09648079465302],[106.82133484962361,35.08122045965666],[106.7306815002512,35.10426152035302],[106.65935682995382,35.06943124515584],[106.53965161033375,35.086731784844176],[106.52269146493933,35.03138687480458],[106.48427932493104,35.02202403478145],[106.49740528002968,34.99639062972386],[106.47881186957216,34.98102248040328],[106.48505544525261,34.941148430355895],[106.51541114001225,34.922219640224284],[106.5082416502321,34.89190650498131],[106.5542312997348,34.85793060461384],[106.54676512541027,34.82997283967478],[106.57405298985373,34.79078651018932],[106.57120140961746,34.77158668507752],[106.5419107100114,34.749196489826204],[106.49607788518637,34.74865545498528],[106.48132954502267,34.717490859615566],[106.4528540098047,34.7126431495617],[106.44638041002793,34.66711478481949],[106.46821039509376,34.65222940506311],[106.458295034988,34.63895963038277],[106.41788554478211,34.65665277990195],[106.38427030493068,34.621982510284795],[106.30680624541196,34.58240414473562],[106.33701622032243,34.56913533502774],[106.3292879952449,34.51880472455855],[106.39359987003797,34.51070050462465],[106.41000187458684,34.52565137031468],[106.4817960251666,34.52600320038749],[106.50988352990112,34.49920445472185],[106.59893786489062,34.46600382032017],[106.5868617954356,34.45575467503835],[106.61589342464202,34.45004530025045],[106.6341649650413,34.39313849534534],[106.71419098982238,34.372580460120275],[106.71012143525616,34.35017071990296],[106.68185625955891,34.336155544842654],[106.696287085081,34.32731086540423],[106.70121533482,34.28410496027573],[106.67458994966648,34.25555806025642],[106.64345666509314,34.24794585042076],[106.61469040963476,34.26622629500764],[106.58568232467968,34.25166502012473],[106.56669671987783,34.28431893507093],[106.52341553519892,34.29762320504693],[106.50528655982697,34.28409285540113],[106.48418486463987,34.250338815084376],[106.53712211509367,34.24850004504111],[106.58107933993966,34.15061816989265],[106.55632291507061,34.11120486501261],[106.496802114626,34.112642895353474],[106.50483775495854,34.0735296600659],[106.46641519540498,34.032820430318736],[106.47571961456862,33.99587322476964],[106.46213923024135,33.959618450431265],[106.40376997480467,33.90770990478842],[106.42284978988596,33.870322294938035],[106.45888261963722,33.8860529196067],[106.49330402526061,33.85152195497426],[106.46014977968878,33.83093303523151],[106.45439380473044,33.79370478524777],[106.47771235034486,33.786037500030716],[106.47998819539896,33.71191216461483],[106.51947624473303,33.70288068969211],[106.57567262029539,33.631617524928856],[106.57757053515212,33.57846321500551],[106.54815926523804,33.578406185397284],[106.5551536498212,33.53213560477445],[106.5131582996159,33.51477577008575],[106.48805660972494,33.540800880256484],[106.46544103987219,33.52650210488832],[106.4333503451424,33.62270371550426],[106.36882111500262,33.618824100451945],[106.3729259751538,33.604842229985024],[106.34129503993427,33.587010764735055],[106.28521038535098,33.610412285398695],[106.18265966001542,33.54566601557423],[106.14516491033254,33.560828419795826],[106.1431654503254,33.58333048981041],[106.10220509029273,33.572833055201386],[106.12611300031477,33.603467379715994],[106.08235894490946,33.61910494523721],[106.0239329854191,33.59658686998813],[106.01404545033739,33.61165732482584],[105.95239748975246,33.61518813512453],[105.95590865526032,33.59657037552245],[105.9316724198464,33.57070518010016],[105.91361669515447,33.55681111494118],[105.89745602547538,33.565988240465],[105.83739776499499,33.49638528984934],[105.81962240035364,33.382551755559234],[105.69886656484027,33.39132385970839],[105.75432897040571,33.32307067007548],[105.73505459509357,33.31511429508873],[105.74718731014644,33.287638240312674],[105.78702794498366,33.28418378515374],[105.79132007546121,33.265622594707054],[105.85851688005016,33.2344940405676],[105.91880157003641,33.24349036548796],[105.94418576036463,33.22102176554222],[105.9366398854225,33.214113349851345],[105.95859805535605,33.212341279826205],[105.96790842983023,33.14937022045933],[105.94191573032674,33.155797540224455],[105.92805139045947,33.20177273492391],[105.91344114029653,33.17986332982895],[105.9217917600817,33.169672234885866],[105.89099394511459,33.1484834250702],[105.90289445971166,33.13899856503184],[105.92432411516592,33.149993574743746],[105.9057393301062,33.132607049975434],[105.93416553481171,33.120786280062816],[105.91410185961331,33.107376239921564],[105.92870499523951,33.078409784583926],[105.90821724473011,33.05772929497107],[105.92583653023178,33.028983955045646],[105.91622064526672,32.996911905060415],[105.85847740970473,32.943327130143075],[105.81990497543427,32.9591327699614],[105.72570419539244,32.906568409904196],[105.6628927701853,32.906674879741956],[105.63250525471392,32.88494206462468],[105.58869585502975,32.88075805514018],[105.55902528988526,32.91114582961649],[105.42233711986239,32.93334690013944],[105.40458197467842,32.887481609788495],[105.38489378981666,32.88080005977497],[105.38880521478899,32.83763249544336],[105.42537435973907,32.775058949910715],[105.45276827493592,32.76623144032874],[105.4493820603339,32.73742989997004],[105.36458054465658,32.71448076977174],[105.34318424505693,32.68503055021978],[105.2875347652174,32.65682385024053],[105.21740365535447,32.668129295130996],[105.19987776984328,32.630086549854525],[105.13573416000366,32.602571379965354],[105.10764886040675,32.5963894698981],[105.07679376492047,32.639337175170624],[105.02764727020553,32.65258318976248],[104.87940598020202,32.603420820214865],[104.82647682994184,32.665134589589684],[104.7412021449631,32.63763451032452],[104.7029090302276,32.67630142467118],[104.64310591010974,32.662020429798986],[104.59054398991333,32.69661480023291],[104.56888985468316,32.73140912503118],[104.5312377398298,32.727031630005854],[104.5076037848869,32.75737764985871],[104.45435141018959,32.75095436535179],[104.36450505036788,32.823007455030165],[104.29793699959299,32.83290686476016],[104.27452901010577,32.88800045026062],[104.28329059488505,32.94122148538338],[104.30225557013858,32.95432831460016],[104.36796218011057,32.94740853957251],[104.38161183022191,32.996160909998025],[104.42399661475201,33.01691253508545],[104.41424255974636,33.034779035224346],[104.36569585977617,33.03076543018051],[104.33065254957563,33.04544727537149],[104.3679165646978,33.083492199705404],[104.35093317992249,33.08806239966003],[104.35725878456537,33.10127498465289],[104.38050952039822,33.110180024788406],[104.3246955347712,33.21671993497705],[104.32092227534292,33.26959304488321],[104.3000247901121,33.30475507009038],[104.3285411797317,33.31721846496032],[104.40843899986004,33.28378299958581],[104.39163607484511,33.31445136523837],[104.43410876990384,33.32386054013199],[104.37114899972676,33.350215119632196],[104.327826949854,33.32994965455299],[104.2935313000296,33.332472699855316],[104.26409405499669,33.39642559496542],[104.21983477485509,33.405484140380906],[104.21517655015771,33.44369391044563],[104.1790347495542,33.469448074668946],[104.15320676987659,33.54388590471086],[104.17893812459482,33.58027869530565],[104.16587636490249,33.61472243469274],[104.10873430994059,33.66423496966814],[104.03612291484075,33.68885426501237],[103.9648455201048,33.67549818958986],[103.86277113507987,33.688554740409074],[103.76337041021645,33.657437225447666],[103.6883419998835,33.69527356012668],[103.64784504521276,33.69736095494426],[103.66411964010939,33.72124998010264],[103.63302836466738,33.71022236007394],[103.63104891997176,33.72570193989259],[103.61000305469742,33.71502872469597],[103.59504632992423,33.73137360520781],[103.54826031456184,33.67367379970625],[103.51872553985186,33.68002253041561],[103.54725785016984,33.7422457999038],[103.52898060986729,33.7511999250367],[103.53785180042024,33.76822211465901],[103.51824211018527,33.81178129507077],[103.47399180977436,33.8117125499943],[103.43087763459522,33.74540452020261],[103.33779463991078,33.743023569582135],[103.2771239698954,33.77487863024464],[103.28402103973923,33.79993411476772],[103.26911663482502,33.81152272469416],[103.24434706006895,33.81458241974292],[103.21575254004784,33.793853265116184],[103.15833686995074,33.80703191509082],[103.15033174541384,33.82268182020988],[103.18373749988581,33.90406534464],[103.1662865099147,33.93218113485153],[103.12202554534264,33.93526977008389],[103.1181228051235,33.963682439992624],[103.15711899544533,34.00583861506021],[103.14538708484628,34.03686430024743],[103.11651892990488,34.036374249771995],[103.12802247475759,34.068205970329416],[103.16908653021937,34.066704429865695],[103.17703969462639,34.08081010460273],[103.12078499533129,34.112401674697594],[103.11361568991231,34.176761315182716],[103.04826415027043,34.19681358967546],[103.00676501988983,34.18543604523734],[102.97062708996839,34.19838085529233],[102.95687690014893,34.296443995094364],[102.9084896652659,34.31523870530208],[102.85877651042767,34.305789839729414],[102.85415244467976,34.27239636010398],[102.79294225967772,34.277099210060555],[102.7766942046739,34.23943778992219],[102.72834198039823,34.23858941536935],[102.69484845029592,34.19982092979211],[102.64570236477243,34.18272508479487],[102.6471995201419,34.16730188527379],[102.59630227023365,34.15303651522305],[102.63448551029819,34.1153260946237],[102.66176014481499,34.114180430282715],[102.6568094399039,34.07564119538495],[102.6021240548813,34.10271332955671],[102.49313929993883,34.076299630423705],[102.4357968598373,34.088077339897325],[102.38982878507056,33.97180059492155],[102.34199289035979,33.97074792497693],[102.3256088551646,33.98542715044283],[102.31075917489602,33.96824318987137],[102.30832979038752,33.99652135987293],[102.28891729989351,33.978619930065804],[102.26564662968832,33.991352720451744],[102.2600192703731,33.967095674725726],[102.24732452041036,33.988202645335946],[102.22759018503905,33.97073643523834],[102.2384956699392,33.96578094053808],[102.21427032981205,33.96024612505869],[102.19500501516944,33.980450580130196],[102.17247112983881,33.9698471802032],[102.16576601488981,33.98482316485723],[102.12967560514522,33.968001895471275],[102.1864425501837,33.93147531003763],[102.26253446998982,33.84640553468773],[102.23667745480077,33.79209823994188],[102.28347138509633,33.787609860306816],[102.31928570027492,33.759465969878704],[102.2845463699191,33.71806986493249],[102.3043599301667,33.71212311498988],[102.32389507469804,33.735596645269084],[102.34010807502773,33.730782350425216],[102.31371849031615,33.67063447520093],[102.338086440437,33.61292560003653],[102.44337762487754,33.57434977981853],[102.47592535507124,33.54536897489845],[102.47062622042387,33.530640915346055],[102.44424851485724,33.53288241529134],[102.46026114533572,33.506084114790156],[102.44852471024723,33.46619903995389],[102.46721218529427,33.45391368027231],[102.44078256006725,33.455058955206766],[102.39261496031219,33.40664705012131],[102.36652569520481,33.41407285477851],[102.36597433524747,33.39355756522957],[102.34382087483363,33.41378050496644],[102.31183056962522,33.39900214992946],[102.26490545971939,33.42375754057815],[102.26040765968577,33.3992579755751],[102.23370181039041,33.38964506556738],[102.23349218022014,33.37202325476943],[102.18587829484756,33.332338105519284],[102.20343484544185,33.32178572053476],[102.20684049529268,33.22675370971592],[102.16038593046636,33.24286153523184],[102.10699222011499,33.29771238471881],[102.09718595496804,33.27664519472006],[102.10809939976764,33.260621464808764],[102.0797232603204,33.19480189549108],[101.99574811008728,33.20481704527049],[101.93333423468738,33.18828813019309],[101.91778331524796,33.15336672039791],[101.861493949786,33.10640259970029],[101.82313542016368,33.122876489758255],[101.84078417465014,33.184587275182764],[101.8294464503935,33.21469236486081],[101.77381740045274,33.2441172154372],[101.76563496468202,33.266057284716055],[101.80762502507503,33.29040748042098],[101.82214788002068,33.27302405021993],[101.83012745032175,33.2937523801682],[101.8758652500814,33.31681929547426],[101.88439520547445,33.38445579030258],[101.91217906491198,33.40773810492976],[101.91359160486877,33.427738340152416],[101.94505194499129,33.44356375516321],[101.92466308033693,33.44927582971593],[101.92730019474823,33.47283321997719],[101.90133619980594,33.4896320647681],[101.905662515313,33.54283968020724],[101.88086665517204,33.581870350536406],[101.84231784968921,33.60503152018862],[101.83008495016048,33.55687643989586],[101.78148579992978,33.55887638014093],[101.73350206476852,33.498496410580856],[101.63038346522484,33.49416032034253],[101.61552582505686,33.52009348472666],[101.60584057987893,33.63134903053344],[101.58569076491693,33.64206664525966],[101.58593306475933,33.672561185450434],[101.55834225469141,33.67071761482606],[101.54257728041728,33.69657010552612],[101.49866091986564,33.70472530532868],[101.43169087483415,33.68627030053409],[101.42157229042891,33.65589827048882],[101.3891910454305,33.64674258480261],[101.2803023200961,33.664045469922655],[101.23338561525406,33.687158520449486],[101.16606743006798,33.66063413545709],[101.16107083994734,33.722148960406344],[101.18766239530339,33.745189084908475],[101.19023409482764,33.78898332022419],[101.14810877999628,33.828748664719285],[101.15268852535519,33.84500838033267],[101.05189980033555,33.86538734974653],[101.0186161953813,33.89936323482556],[100.9940074949501,33.892681655134254],[100.89654996041247,34.03818682975856],[100.88205129543098,34.03456022997079],[100.87045089988925,34.084714585010204],[100.84661645458579,34.091640675077144],[100.80686891486863,34.15581819475403],[100.76258122514349,34.180329830457424],[100.80773006968701,34.247450324872716],[100.79679225505856,34.2580569947346],[100.82046393026633,34.320751205004285],[100.86979446044603,34.33594411512894],[100.89302696971902,34.37651418558136],[100.94891710993676,34.38487575551187],[101.00106066461814,34.367675050463276],[101.05253387004217,34.32604270530675],[101.22639958986923,34.33125936043132],[101.22794428520069,34.29875809550981],[101.32254513495019,34.2706993052289],[101.32403348505733,34.245984435333526],[101.36829937521605,34.249180044923264],[101.48313474527237,34.21980673988912],[101.48930805512265,34.19770234019097],[101.53677225013934,34.21361490490398],[101.55734276525658,34.19282058540176],[101.5786344746013,34.198556474901466],[101.64903433516662,34.156997505430525],[101.65115491047078,34.12361601017079],[101.68581799540436,34.10912004495418],[101.70241290543129,34.12052523005542],[101.71414460468992,34.08528812045046],[101.72708621495696,34.10130476999916],[101.73586473486972,34.08123664495531],[101.76177207971779,34.124221565073185],[101.78600283016658,34.133103364928445],[101.838637685381,34.12665521056954],[101.84759889537281,34.1547701500225],[101.87264515465023,34.13182566482271],[101.95576451002421,34.109592795171466],[101.96719552994989,34.15642451048285],[101.9574163101147,34.16419839054345],[102.0011857250413,34.16268417503471],[102.02856082462245,34.19230827041042],[102.01472465961547,34.22654962006902],[102.06176997020805,34.23173109551368],[102.0652881450319,34.29391298989265],[102.14507307506238,34.27301403516975],[102.18648021019374,34.35609530515433],[102.21971951993999,34.3408353298866],[102.2575368753266,34.357102620489684],[102.17254348479406,34.45151193982434],[102.15387163546762,34.50911304023464],[102.13591923478498,34.50550606005663],[102.090020590378,34.538082109901495],[101.97281989991859,34.54951956537576],[101.95489275489678,34.58528139522025],[101.93261422037006,34.589438534760745],[101.91421331519234,34.71839767031639],[101.93231172980256,34.84603155501242],[101.91605990034418,34.87805490491007],[101.97698371512655,34.9032924104165],[102.06590164004882,34.89377328530895],[102.05060662989212,34.90391042542598],[102.049584089934,34.93211037509383],[102.09381802987832,34.989365849854266],[102.12994309499788,35.01583365040267],[102.156348704729,35.01097983035493],[102.1719207753236,35.033366359969705],[102.21106932968593,35.03599560980956],[102.21685367016079,35.060656540167315],[102.25031197022145,35.04905121004549],[102.27846858965376,35.058381390289014],[102.30932001500685,35.12945186990794],[102.33784829546266,35.14079667542626],[102.34238391468597,35.162778445368986],[102.40451017520456,35.17930620032104],[102.36173172503908,35.23948608511489],[102.36834944027464,35.26137919539366],[102.2760774901842,35.30571552045495],[102.30899535974822,35.31284164042955],[102.316703289825,35.343157880132196],[102.28483311515629,35.36771735527179],[102.29202565006386,35.42532977005288],[102.31320775543367,35.43541165042751],[102.40586544993062,35.40901914471789],[102.44692963039819,35.43820842507887],[102.43922313024336,35.46665826486702],[102.46056683479168,35.48084543526869],[102.45978147033873,35.50714306520035],[102.48336667033567,35.51659569533513],[102.49597652969322,35.572468535294774],[102.5128768153129,35.57045545505525],[102.50270754511718,35.589431609781],[102.58427868521323,35.5424532303324],[102.69052846961324,35.531385774833666],[102.7432236198743,35.49443557544157],[102.78060481486051,35.53073792031893],[102.73946446001696,35.521747024605475],[102.72547280492608,35.53274541486911],[102.80512346977241,35.563324590257764],[102.76103499966564,35.61302497022626],[102.7647029349925,35.651468144938974],[102.74021369510604,35.65984772469278],[102.69736919962895,35.7183702497872],[102.6834827400366,35.769258385066564],[102.69438550988355,35.7970898303314],[102.78208263030916,35.862226430205624],[102.94839526982588,35.8369521154479],[102.94312568959896,35.94508543544458],[102.97155869497789,35.995070654986876],[102.95008309046239,36.023962560124176],[102.97371671985081,36.036334940005474],[102.87998865045597,36.083393735032814],[102.93983704514369,36.10621273512976],[102.94724659545409,36.150676445561544],[102.96423548048318,36.15164011499928],[102.9851176151858,36.194086129871096],[103.06036054530307,36.201153130212845],[103.06548794990903,36.21522645543661],[103.01925397978732,36.232140470106685],[103.02208731547734,36.257162120335636],[102.92099259972872,36.29891513472569],[102.89505741546742,36.332463665565854],[102.83660000038975,36.3409097798625],[102.81630283510788,36.3920627897661],[102.82452173479032,36.407195505568154],[102.80770017492313,36.40828191537827],[102.76481837466844,36.4654469651054],[102.7913186650245,36.49940049034052],[102.75149840972392,36.52549777020596],[102.73269605527878,36.56205551534981],[102.76255783967264,36.57551211968871],[102.7132091548786,36.599326570365065],[102.72183856539755,36.61472500525491],[102.68293198532291,36.61876323553503],[102.63182574466254,36.649543740351476],[102.60513957972802,36.68191080483979],[102.61219786473976,36.738499409820065],[102.64262688482296,36.733995235391944],[102.6908760153159,36.77538911001949],[102.71546785525737,36.76746275979866],[102.7190404156828,36.76946291228376],[102.63733968507847,36.852900984692724],[102.585491400308,36.86957874476332],[102.5595112697294,36.9192479848067],[102.4488132550278,36.96861621546611],[102.50474823544289,37.01949804469905],[102.48522704479245,37.078539570345015],[102.49536507523817,37.087148604924266],[102.64047709504194,37.09990646031508],[102.63623367994052,37.12085111498703],[102.6002692301409,37.17359227995979],[102.57817216980987,37.171560445258365],[102.54321866500948,37.20799177989687],[102.48783650505084,37.22297244012617],[102.45568955502904,37.2497663699221],[102.45142400041726,37.27096387528269],[102.4177143002749,37.29313954985042],[102.42570005521344,37.30796256971695],[102.30936047460625,37.359576740274406],[102.29850723042443,37.39048999042075],[102.19553575996741,37.41903712516324],[102.15693269478817,37.46894659031295],[102.10121881989272,37.48159873489385],[102.128178754646,37.54687072050746],[102.03749500459088,37.62072212512601],[102.04599703963186,37.6518613101515],[101.99676660039836,37.7257504449272],[101.93436191517031,37.723859329844345],[101.87187284475596,37.68604755025427],[101.86188841491855,37.65864586491483],[101.81272577467479,37.65350794003945],[101.81269191969642,37.68148403496025],[101.78923792539007,37.69544740007757],[101.65698799959665,37.73218999996857],[101.6675560004092,37.7589019997277],[101.59075100005879,37.83019400035295],[101.43825162970899,37.86777006044008],[101.35342793045476,37.78966136058341],[101.27663874468237,37.83604365499082],[101.1964969097047,37.84849083508402],[101.14802259976335,37.876101465310455],[101.1495486602426,37.894177785376655],[101.1141791947141,37.917148615316535],[101.10098432007032,37.946452790364106],[101.07372651007046,37.94178479003614],[100.9766797345822,38.00722498484532],[100.91523936540449,37.99987001978576],[100.89652314532708,38.01245197497883],[100.88596369526852,38.054316640200966],[100.921274155378,38.08545002459914],[100.91742862013484,38.128331744814204],[100.93688270517288,38.16016347526431],[100.91024341470188,38.17811796507209],[100.84232604001483,38.14772065508424],[100.75522400998017,38.235487320083905],[100.71355479981429,38.252777665057295],[100.6248320349705,38.26670444485438],[100.59387603465132,38.242849914991666],[100.54502025028444,38.24527577955371],[100.51870483985664,38.27398620959599],[100.47320204014216,38.28805742501015],[100.46682548530794,38.269200715540705],[100.43590030475542,38.26738724972182],[100.42208891966806,38.30696043517605],[100.39524865500141,38.29213389985978],[100.3181713651166,38.3252061254625],[100.33120018534038,38.34060613506517],[100.30033561999295,38.38813780531552],[100.26000812547477,38.36415231977384],[100.24752529535624,38.37281974553491],[100.23820430528457,38.441913400183296],[100.16420365007849,38.45966459554472],[100.11107541509841,38.4966476948353],[100.08603259482845,38.49306200970409],[100.05601198026886,38.52018515522087],[100.02204996993026,38.507136649736765],[99.99926499028714,38.467510160565496],[100.02933869542454,38.444151100492945],[100.02123921491801,38.431623410392206],[100.09034794490185,38.40749948501326],[100.11687554047393,38.342840200315095],[100.16734843538211,38.320493525056236],[100.1585076401156,38.289321285449034],[100.18032045982147,38.21985570987323],[100.1271142401302,38.228906940203274],[100.0757800204317,38.28487044981159],[99.95765425044334,38.31502864985248],[99.94234330519942,38.34071722022367],[99.81444274004048,38.36729812490859],[99.77080848962015,38.40697035000176],[99.65733933004623,38.439645720074],[99.65199670508406,38.4706845605441],[99.59807377968133,38.489005030358044],[99.52457351985214,38.54898490053279],[99.50930370510207,38.609702595198655],[99.45259516023856,38.60518091546703],[99.42894411547854,38.620489724821084],[99.41623172531405,38.66979457036325],[99.38561058486073,38.676103210195095],[99.34939763978929,38.73666778988678],[99.17878768970013,38.81521726546458],[99.06394450003882,38.90469883508325],[99.09836853527986,38.954955764996555],[99.05623340974415,38.95443494511676],[99.02096437510596,38.982286619731894],[98.9946024850168,38.975403654854915],[98.93465218994669,38.99412591477932],[98.88298314006005,39.042127270357355],[98.81839450520232,39.06327564035848],[98.81105604000436,39.087108599981946],[98.74231924983371,39.08541153521429],[98.66482334981794,38.994357810364704],[98.61276770026916,38.97916986000121],[98.62421558518122,38.95423513554323],[98.58044955530278,38.92834271044785],[98.52533667035118,38.955492330206994],[98.48319297517577,38.94870532029432],[98.44248544964387,38.96349474508651],[98.42852158989962,38.977875605175086],[98.43520416963685,38.99805382522385],[98.40841181005703,38.99711046517581],[98.38127541482856,39.0323659497289],[98.29076626005497,39.03726334552715],[98.27571819024229,38.97507426556501],[98.23670014999203,38.922733635249244],[98.25205417006407,38.90753736525738],[98.24707107966668,38.88136951469147],[98.09320261021242,38.78486168042235],[98.01143180983036,38.85896093010285],[97.90972058004087,38.881703205438725],[97.81165399043948,38.93934144515168],[97.68513127029195,38.969595709874284],[97.68532388978582,39.00525801984179],[97.54911950016486,39.06851859525699],[97.49157633498004,39.079656144815374],[97.46323736990871,39.1194273205146],[97.44333930036856,39.112434585287986],[97.40284702487043,39.14832903545681],[97.36529749478359,39.148978854990276],[97.34541586035374,39.17469867050727],[97.30626623040234,39.16111678521156],[97.21122239979411,39.196780429773185],[96.9789690351929,39.205354505006426],[96.9618381651992,39.19427514518185],[97.01251229960303,39.14135866996668],[96.96053476966392,39.074888565255264],[96.95555961488435,39.042035624944276],[96.97067834982602,39.02425669988696],[96.93417520971826,38.97089801003517],[96.94751583029148,38.93465320018521],[96.938926890164,38.90855317019282],[96.95529832046128,38.88800282057383],[96.99353456027194,38.8839865598319],[96.98732093471347,38.79184455997853],[97.00007404528105,38.76078331469836],[97.0222630846738,38.75499005474728],[97.01621624018753,38.68602731530842],[97.05566230017519,38.67200619483009],[97.03421372028697,38.64978665043367],[97.05203665996402,38.64421665527453],[97.05529698476806,38.59281771046915],[96.93552537539586,38.55432114030856],[96.79441831545307,38.607769895464344],[96.81540676980677,38.56427682511537],[96.7616098996773,38.555328595038645],[96.79081994988098,38.52694420521095],[96.77876032992538,38.504852084856],[96.70110522022986,38.50625039483987],[96.65760608035646,38.48860430054816],[96.69848440513124,38.45758946028536],[96.68725891536684,38.41437631471524],[96.62364396030068,38.34655254056736],[96.65519225501862,38.296026520007956],[96.66532536527353,38.22214947481848],[96.39609648986124,38.280710145556895],[96.33895722459636,38.25500909529359],[96.30155266522348,38.18215158992399],[96.31231473973344,38.16121822983757],[96.26516574000698,38.144713275397464],[96.23537043979411,38.16997638010588],[96.1914802998761,38.14898576018476],[96.10602941972212,38.1872238400083],[96.04883186489877,38.17729510518501],[95.93866966986951,38.2371800249382],[95.89739190491252,38.28919916021306],[95.85540820002848,38.284344045141665],[95.82537379976122,38.35400526013473],[95.77448282981891,38.35550314035777],[95.70192027959729,38.39967652535154],[95.67316319002936,38.39024052547995],[95.66107501480019,38.364487659877796],[95.63797106990904,38.3655268300991],[95.61147548480591,38.33994885475602],[95.58118190981747,38.34173870527718],[95.51691446513058,38.2950941101052],[95.49378659467573,38.31532000051766],[95.45367086981497,38.291365670189634],[95.4402785202376,38.31052421012424],[95.38677430479049,38.3012174401328],[95.32102849516912,38.320441525356216],[95.2674244154046,38.29729193987123],[95.22824422469131,38.330645995016766],[95.20342453521431,38.33129926974567],[95.19085346991181,38.37160945501239],[95.12257420983195,38.41344396057042],[95.07154352481388,38.40197851999284],[94.9712015497118,38.43035051536407],[94.88340791044686,38.414417439813064],[94.854551739871,38.39123643471379],[94.6500158602438,38.383852780381574],[94.55054508538757,38.350268874708945],[94.52837406031483,38.36139189032366],[94.52778707461391,38.422233954933176],[94.36965677464053,38.761648440023464],[93.94939502995675,38.71435322042487],[93.87422394038259,38.72044258036095],[93.79883855495535,38.750523400035036],[93.75450819959389,38.80604357984737],[93.76851545522413,38.82056428001766],[93.88295301017348,38.82603529489313],[93.88346593040848,38.86747070470943],[93.83299768499535,38.867391194747995],[93.73034058964663,38.92369834520258],[93.49364015037264,38.91837796047463],[93.28245309533418,38.89361160978808],[93.18761017506955,38.919062455168216],[93.19661547972072,39.04571022514688],[93.1639907100033,39.09011801483456],[93.13010685524733,39.107668295355666],[93.14078558508675,39.159782520447095],[93.1153707197829,39.17895844517625],[93.0443696354505,39.14603067047915],[92.97607924985766,39.143712544698246],[92.93831927481477,39.16858745974349],[92.89013540002884,39.16060723473612],[92.86504800036505,39.13823009044643],[92.4927883747838,39.10168948548147],[92.4578379852349,39.06377268036499],[92.45646810012289,39.04185236469499],[92.40689321514992,39.03731408527699],[92.38646528484509,39.059962994796365],[92.35572343468891,39.06360130555589],[92.34936975501034,39.08293227520437],[92.36469355516357,39.09538373517131],[92.34264380546745,39.145621569779735],[92.33851887514601,39.23742327516419],[92.52452113034605,39.36789544541864],[92.63882495520761,39.51382324025053],[92.74431294009025,39.86756313053411],[92.79531504015705,40.15316676013805],[92.90580101540456,40.310079809735555],[92.92734340987056,40.57200803554258],[93.50483234004054,40.647566880407396],[93.75927812008928,40.66397164497545],[93.8196825997723,40.79280104523218],[93.80611419531402,40.87599945011459],[94.00931986971625,41.113524484967115],[94.1826627848597,41.267100100089635],[94.53303515474863,41.50453806977623],[94.74887329476684,41.536782554871195],[94.86105688516716,41.66715603981942],[95.1356331303648,41.77136635517314],[95.19722859032737,41.719234024930415],[95.19297895461506,41.6922350047418],[95.24910860048158,41.60665768980073],[95.29630895509428,41.564997610451485],[95.36012414960987,41.668286930097736],[95.5700697751002,41.79378370545379],[95.671528879954,41.827289745125825],[95.85060853535566,41.84688049473914],[96.04162585005298,41.9255703005291],[96.13650593030451,42.01784950994704],[96.13794361530574,42.052430480482315],[96.07614414503638,42.147903955003585],[96.17757175023627,42.216310190363174],[96.04005788026694,42.32485010015205],[96.06506316013679,42.41279052046633],[95.97788262468345,42.43524162050443],[96.01659797022035,42.48047367482036],[96.02300246968838,42.54071537001846],[96.10274951038173,42.60243883048781],[96.38478322536554,42.7253513400924],[96.74831728041829,42.75690299018089],[96.97772722972803,42.75433211983159],[97.17172008991037,42.79453242503149]],[[106.05420188031258,35.48971351506685],[105.89219989460952,35.45279229542825],[105.88948620022813,35.41817020519085],[105.96325263959778,35.42688667008383],[105.99265793531566,35.449469675485204],[106.00123374624047,35.44034605332786],[106.02717019494872,35.47103931041596],[106.04867863461146,35.448971170483276],[106.05420188031258,35.48971351506685]],[[106.0581939996535,35.4390460005726],[106.06854999968289,35.420870999696945],[106.06146500030957,35.43959699990165],[106.0581939996535,35.4390460005726]]]}},{"type":"Feature","properties":{"name":"青海省","adcode":"630000","region_code":"630000","population":5923957,"elderly_65plus":514093,"aging_rate":0.0868,"youth_rate":0.2081,"source_year":"2020","source_name":"第七次全国人口普查（省市分年龄性别）","license":"普查数据，来源标注 required"},"geometry":{"type":"Polygon","coordinates":[[[100.89853547013593,38.17909159540085],[100.93688270517276,38.1601634752642],[100.91742862013479,38.128331744814204],[100.921274155378,38.08545002459903],[100.8859636952684,38.05431664020085],[100.89652314532697,38.01245197497872],[100.91523936540443,37.99987001978565],[100.97667973458215,38.00722498484521],[101.07372651007046,37.94178479003608],[101.10098432007038,37.94645279036405],[101.1141791947141,37.91714861531642],[101.14954866024254,37.89417778537654],[101.14802259976324,37.876101465310455],[101.1964969097047,37.84849083508402],[101.27663874468237,37.83604365499076],[101.3534279304547,37.78966136058335],[101.43825162970899,37.867770060439966],[101.59075100005867,37.83019400035289],[101.66755600040915,37.758901999727584],[101.65698799959654,37.73218999996857],[101.78923792539001,37.69544740007751],[101.81269191969642,37.681484034960306],[101.81272577467485,37.65350794003945],[101.8618884149185,37.658645864914774],[101.87187284475601,37.68604755025427],[101.93436191517031,37.72385932984423],[101.99676660039836,37.725750444927144],[102.04599703963174,37.65186131015139],[102.03749500459082,37.62072212512601],[102.12817875464589,37.5468707205074],[102.10121881989267,37.48159873489374],[102.17133582029192,37.46004504044629],[102.19553575996741,37.41903712516324],[102.29850723042438,37.39048999042075],[102.30936047460625,37.359576740274406],[102.42570005521344,37.30796256971689],[102.41771430027478,37.29313954985042],[102.48783650505072,37.22297244012606],[102.53498463513284,37.212718835106216],[102.57817216980987,37.17156044525842],[102.60206418971063,37.17121522969916],[102.64047709504194,37.09990646031497],[102.49536507523811,37.08714860492421],[102.48522704479234,37.07853957034496],[102.50474823544278,37.01949804469905],[102.44881325502774,36.968616215466],[102.5595112697294,36.9192479848067],[102.58549140030794,36.86957874476332],[102.63733968507847,36.852900984692724],[102.71904040848813,36.76946290329039],[102.6908760153159,36.77538911001949],[102.64262688482296,36.73399523539183],[102.6121978647397,36.73849940981995],[102.6051395797279,36.681910804839845],[102.63182574466242,36.64954374035136],[102.68293198532291,36.61876323553497],[102.72183856539755,36.614725005254854],[102.71320915487865,36.59932657036501],[102.76255783967264,36.5755121196886],[102.73269605527878,36.56205551534981],[102.75149840972387,36.52549777020596],[102.79131866502445,36.499400490340406],[102.76481837466832,36.4654469651054],[102.80770017492318,36.408281915378154],[102.82452173479027,36.407195505568154],[102.81630283510782,36.39206278976599],[102.83660000038975,36.3409097798625],[102.89505741546742,36.33246366556574],[102.92099259972878,36.298915134725746],[103.02208731547728,36.257162120335636],[103.01925397978738,36.232140470106685],[103.06889724471216,36.20707824516495],[102.98511761518586,36.19408612987104],[102.96423548048313,36.15164011499934],[102.94724659545409,36.150676445561544],[102.93983704514358,36.1062127351297],[102.87998865045591,36.08339373503287],[102.97371671985081,36.03633494000553],[102.95008309046233,36.02396256012412],[102.97155869497783,35.99507065498676],[102.94312568959896,35.945085435444526],[102.94465773506647,35.83169047983182],[102.78208263030922,35.862226430205624],[102.69438550988343,35.79708983033146],[102.68348274003648,35.76925838506645],[102.6973691996289,35.718370249787256],[102.74021369510598,35.65984772469278],[102.7647029349925,35.651468144938974],[102.76103499966558,35.61302497022626],[102.80512346977235,35.56332459025771],[102.74169454037082,35.546157515357095],[102.72629208461206,35.52430289965912],[102.78094666965313,35.52794802008509],[102.74150767473947,35.49413174038756],[102.69052846961324,35.531385774833666],[102.58427868521323,35.54245323033234],[102.50270754511718,35.589431609781],[102.51287681531284,35.57045545505525],[102.49597652969317,35.57246853529472],[102.48336667033561,35.51659569533513],[102.45978147033867,35.50714306520035],[102.46056683479168,35.48084543526869],[102.4392231302433,35.46665826486708],[102.44700090976426,35.43826933526168],[102.40586544993062,35.40901914471783],[102.31320775543361,35.4354116504274],[102.29202565006375,35.42532977005288],[102.2820088797061,35.39491432973256],[102.28538236980057,35.3661617250836],[102.316703289825,35.34315788013214],[102.30899535974811,35.31284164042944],[102.2760774901841,35.30571552045495],[102.36834944027453,35.2613791953936],[102.36173172503914,35.23948608511478],[102.4045101752045,35.17930620032092],[102.34238391468597,35.162778445368986],[102.33784829546255,35.14079667542626],[102.30932001500673,35.12945186990794],[102.27846858965376,35.05838139028896],[102.25031197022133,35.04905121004538],[102.21685367016079,35.06065654016726],[102.21106932968587,35.03599560980962],[102.1719207753236,35.03336635996959],[102.156348704729,35.01097983035493],[102.12994309499788,35.01583365040267],[102.09381802987826,34.98936584985415],[102.04958408993389,34.93211037509377],[102.05060662989212,34.90391042542586],[102.06590164004871,34.893773285308896],[101.97698371512644,34.90329241041644],[101.91605990034418,34.87805490490996],[101.93231172980256,34.8460315550123],[101.9142133151924,34.71839767031628],[101.93261422037006,34.58943853476063],[101.95489275489678,34.58528139522025],[101.97281989991853,34.549519565375704],[102.090020590378,34.538082109901495],[102.13591923478492,34.50550606005669],[102.15387163546768,34.509113040234695],[102.17254348479406,34.45151193982423],[102.25728957975036,34.35587032535528],[102.21971951993993,34.3408353298866],[102.18648021019362,34.35609530515427],[102.14507307506244,34.27301403516964],[102.0652881450319,34.29391298989265],[102.06176997020799,34.23173109551368],[102.01472465961541,34.226549620068965],[102.02856082462245,34.19230827041042],[102.00118572504124,34.16268417503471],[101.9574163101147,34.16419839054333],[101.96719552994983,34.15642451048285],[101.95576451002415,34.10959279517141],[101.87264515465023,34.1318256648226],[101.84759889537276,34.15477015002244],[101.83863768538095,34.12665521056954],[101.76177207971779,34.12422156507324],[101.73523969975241,34.08104610469405],[101.7270862149569,34.10130476999916],[101.71011834978208,34.08730433482725],[101.70023263043163,34.12186797003085],[101.68581799540425,34.10912004495418],[101.65115491047078,34.12361601017079],[101.6490343351665,34.15699750543058],[101.57863447460136,34.198556474901466],[101.55734276525646,34.19282058540176],[101.53677225013928,34.21361490490398],[101.4893080551227,34.197702340190915],[101.48313474527231,34.21980673988918],[101.36829937521605,34.24918004492321],[101.32403348505733,34.24598443533347],[101.32254513495008,34.27069930522879],[101.22794428520064,34.298758095509754],[101.22639958986923,34.331259360431204],[101.05253387004211,34.326042705306634],[101.00106066461802,34.367675050463276],[100.94891710993676,34.38487575551176],[100.89302696971896,34.37651418558124],[100.86979446044603,34.33594411512888],[100.82031170022486,34.320548909704485],[100.79679225505856,34.258056994734545],[100.80773006968701,34.24745032487266],[100.76275646973534,34.179671694892875],[100.80686891486857,34.15581819475392],[100.84661645458579,34.091640675077144],[100.87045089988919,34.08471458501015],[100.88205129543098,34.03456022997068],[100.89654996041241,34.038186829758445],[100.99400749494998,33.89268165513431],[101.01861619538118,33.8993632348255],[101.0518998003356,33.86538734974647],[101.15268852535525,33.84500838033256],[101.14810877999628,33.82874866471917],[101.1902340948277,33.78898332022408],[101.18766239530333,33.74518908490842],[101.16107083994734,33.72214896040623],[101.17399689464105,33.686117170271245],[101.16531657529976,33.661199770353164],[101.18114569461818,33.65600962994051],[101.23338561525401,33.68715852044943],[101.28030232009604,33.66404546992254],[101.38919104543044,33.646742584802496],[101.42157229042891,33.65589827048882],[101.43169087483409,33.68627030053398],[101.49866091986564,33.70472530532862],[101.53884797535386,33.69733933973879],[101.55834225469135,33.67071761482612],[101.58593306475922,33.67256118545038],[101.58569076491693,33.64206664525955],[101.60584057987893,33.631349030533386],[101.62989308469815,33.494271360534924],[101.73350206476852,33.49849641058091],[101.75754011478455,33.53850726010205],[101.77604398963848,33.53667377987108],[101.77334694530532,33.45441054041419],[101.69485263504112,33.436844500173606],[101.65974628506308,33.38518902015721],[101.65236055509558,33.318109350466216],[101.67862668986993,33.29887905992075],[101.70814102029192,33.30010837470178],[101.73901076483497,33.269280054730814],[101.71567846498925,33.222892055024374],[101.67647397999025,33.20317648490692],[101.68675116523417,33.18766243497345],[101.65369504469061,33.165430470040235],[101.6581961749136,33.13781077554688],[101.63120357498508,33.103355985290534],[101.48619667963311,33.22881679495919],[101.39818544490242,33.22613642045951],[101.38202589487918,33.154433284868276],[101.32378684508689,33.24288660473309],[101.27138242495903,33.27071393020378],[101.22608767530602,33.27396616021019],[101.20456997532415,33.25759775523227],[101.20235635975826,33.27152372024352],[101.18249890540022,33.272259780264676],[101.12375664984955,33.22463217033845],[101.11462607503341,33.19757374543207],[101.13563080531748,33.18989332022062],[101.12825338508571,33.17113512518591],[101.15803960484396,33.14876983036345],[101.14844417046214,33.1323616150965],[101.1676021303341,33.102495530144665],[101.1410952200684,33.08764470054257],[101.14127174979149,33.06041521019387],[101.1827660202357,33.04415986978222],[101.16948763005013,33.01547482490332],[101.1840907099184,32.98798352032327],[101.12702808038165,32.991347445228485],[101.11955825480965,32.91330860021179],[101.17659975027829,32.89496400518476],[101.21914245036385,32.86436331531479],[101.23687530495141,32.82910921481846],[101.22007317493711,32.72285850051941],[101.15730366533194,32.66172210489128],[101.1239845047811,32.660235754876226],[101.12165122992036,32.635555095191535],[101.10990334466368,32.639591695000775],[101.11077648025042,32.67432204023004],[101.070595444824,32.68360110480717],[100.9990334704184,32.63141752489889],[100.9259912047304,32.60185924550785],[100.86969307987181,32.64179932557846],[100.79752620527023,32.658236445055934],[100.77734668480173,32.64116110010474],[100.76648779467604,32.66620777486895],[100.75115238337582,32.65321921009854],[100.6861694848339,32.684678970158416],[100.71905560473243,32.62425703553379],[100.70639497504811,32.612147239703404],[100.66383503046234,32.62513720471827],[100.65577030965215,32.54800412988675],[100.66877564498009,32.525588575552376],[100.64540423541717,32.52803078529257],[100.54393287999847,32.57242726510623],[100.52480485496017,32.61294764981426],[100.50730351014892,32.6123026200699],[100.51575072521587,32.63436219036282],[100.469607045229,32.69609632488556],[100.44300976478888,32.697614295063715],[100.4188385152853,32.733853879852745],[100.37820895018297,32.699727010293316],[100.40093922496533,32.757113234787994],[100.33564769528499,32.72061379539042],[100.25824850476477,32.745055810077645],[100.2609502651427,32.72915579000778],[100.2395947497979,32.725095959810744],[100.2290667247496,32.696263475578974],[100.21447199508657,32.6096458347875],[100.18753216018109,32.633451220297616],[100.12953303512154,32.634004914894945],[100.08614112501294,32.67094312542497],[100.13575775471668,32.71962072531625],[100.11041750526374,32.86220099527975],[100.08754168510075,32.86735822050554],[100.06853376991762,32.89710247519912],[100.02682946460817,32.89776727024338],[100.03903946469961,32.93191914545224],[99.95802905010066,32.94824673020247],[99.94732046007124,32.990595684843015],[99.90926843019395,33.0208654152068],[99.90166643485816,33.04932188479722],[99.87640657490357,33.04797195024537],[99.87687438514484,32.997971845124596],[99.85096418045265,32.94494062990617],[99.82855199048203,32.953505749690635],[99.80566056528295,32.94074962009893],[99.78223901491867,32.958780109814256],[99.76533378032974,32.94259155485645],[99.76049354544085,32.92732023554049],[99.77827713528166,32.92298613010587],[99.79118821986054,32.88643300028281],[99.76450046042794,32.82723792978669],[99.76482995044194,32.782722690000185],[99.72914386509734,32.728082940175625],[99.69705318026013,32.770723265266554],[99.65001797534933,32.773849515542736],[99.64121373482607,32.79432824045597],[99.6069866052477,32.78153981531028],[99.58734997042484,32.792864625302286],[99.55273222031576,32.84555403519062],[99.44858494024288,32.8652911899365],[99.38319640519,32.90261996523924],[99.26460598517815,32.88197983000521],[99.24482867480356,32.92755493970873],[99.25053667542727,32.95286916458031],[99.23139329986094,32.957856165229884],[99.2345479750091,32.98688537975653],[99.213505160235,32.99501818014494],[99.19548080029875,33.03558314964272],[99.12360787000728,33.04765954465233],[99.06084326980113,33.08976479021294],[99.00114099516088,33.08335794531297],[98.96551688029984,33.1182616348666],[98.90622445459496,33.12499940959515],[98.82812859525853,33.18229838995876],[98.82948011981176,33.20118759013525],[98.80536925978356,33.22047766491238],[98.80308187013225,33.27232582018053],[98.75738754539896,33.28252809999185],[98.77179336527166,33.29920584027735],[98.76274277525891,33.32448750519427],[98.77870705998288,33.37011271972631],[98.7331662396303,33.411861390390925],[98.74264151469418,33.48047399497892],[98.67096642536029,33.54539625493328],[98.6505922502322,33.54575356997134],[98.66488919008412,33.58893146481529],[98.62261831458363,33.61218192455624],[98.61177090520317,33.63550602528289],[98.64908506022743,33.65920348495291],[98.59730602505306,33.698271934901925],[98.58213098535674,33.73425735958955],[98.5377171099567,33.749345969940634],[98.51763955462178,33.77556691018481],[98.4911012301377,33.772608295336624],[98.49251670997825,33.79720530458121],[98.46113639512862,33.85063980997927],[98.438824225058,33.84284605490154],[98.40742729523356,33.868089329558984],[98.42884030513602,33.90121622494888],[98.40591012005603,33.927883950184196],[98.40964786525683,33.95505523461145],[98.44031264531242,33.987504989963384],[98.43916830477349,34.01330048972585],[98.39107471022976,34.058211194690955],[98.40201752508875,34.087921095282354],[98.32849765464312,34.09855214036901],[98.20699636479048,34.08039458004589],[98.09844976044815,34.124733354860496],[98.04386127467814,34.11741982516486],[97.94514237532042,34.198215604866334],[97.81041178477608,34.209257890139554],[97.77330026499527,34.16370854511331],[97.66537040492034,34.1286893951995],[97.70230971532118,34.044391390150565],[97.68779308997915,34.01810065981766],[97.65493099996576,34.010241065372895],[97.6604302697412,33.96051734529931],[97.6419254703842,33.92584744980002],[97.6006354449699,33.93242085543818],[97.52437465496644,33.903044159960075],[97.50412112029352,33.91442238518499],[97.46824413495892,33.904860644802966],[97.4596348953342,33.88894204024302],[97.3902845651806,33.89065451039738],[97.39978364979567,33.85208886960572],[97.37059626970216,33.84416793510218],[97.36782658532871,33.82693495518407],[97.39731109513099,33.80872643477721],[97.42137051034086,33.75817669459883],[97.43491277510452,33.682265540322476],[97.40456230001018,33.628755615079626],[97.41482168497282,33.60746432032215],[97.45243905991475,33.58102120526445],[97.52479768526501,33.578475284806586],[97.5104840998614,33.52269688984961],[97.5527613200789,33.466644344660835],[97.58089111992928,33.47251730972613],[97.60244340513907,33.453545770321114],[97.62727776975333,33.46335430985357],[97.75823297037533,33.40506301034969],[97.72028987987414,33.388711859764555],[97.70171700543551,33.361349275148996],[97.6764572048362,33.359537170004444],[97.67642506036827,33.34272195485437],[97.622388885139,33.34131926517199],[97.60808606462024,33.26714673963039],[97.57539839002374,33.22302063469459],[97.48636249473338,33.16993407519749],[97.498538194682,33.139327799638295],[97.48463161006083,33.110529770232745],[97.51558142034634,33.0959926997034],[97.54341407519945,33.038829234581556],[97.49773259997954,33.0211136802522],[97.52188110023263,32.9900821800486],[97.37300855000461,32.95829927469185],[97.34749306045643,32.89740544510528],[97.38827299040622,32.8664202204169],[97.38113932961642,32.795084340070275],[97.42713121483376,32.70240837044997],[97.54781528534721,32.62213101483451],[97.60652270026247,32.61756342021573],[97.63005290042105,32.57807028971217],[97.73023030498467,32.52944709520733],[97.62141628543327,32.52203169480691],[97.54112502539965,32.53974203037046],[97.51924586000848,32.52833394495565],[97.47144740497384,32.54747571972871],[97.44688516981478,32.58935816005112],[97.3861961302473,32.55131976479538],[97.34118956025009,32.559786684907635],[97.3279253703596,32.52053435507645],[97.38844095498615,32.50360275056653],[97.34098095980352,32.441292469871655],[97.38870795021177,32.42771444536544],[97.41261602480978,32.379783289966895],[97.40739616000485,32.3351707498303],[97.42665629545172,32.32470544530014],[97.41501000480793,32.29771240020716],[97.3707309000111,32.27560453002508],[97.3407357254734,32.28299632052381],[97.34425717023225,32.29881103000508],[97.32729293472124,32.3049842103531],[97.29244067020085,32.291869315116855],[97.2637486546767,32.18591412523676],[97.27102459990545,32.14251156985313],[97.31349840472768,32.13296325005399],[97.29235981485363,32.10005114514428],[97.30205172041065,32.07478703499373],[97.25680731030917,32.07480501513936],[97.22058291506954,32.11072327485931],[97.20068582489097,32.09302020042196],[97.23315522503367,32.06734427541801],[97.2347213853837,32.048613919796594],[97.18659879040189,32.057675469847084],[97.16630918032445,32.026680449743026],[97.13054325496728,32.046251739826005],[97.09836483047263,32.04001659978633],[97.02770197036972,32.051851374841135],[97.00452328462194,32.071278439748255],[96.96636366974764,32.06792047015364],[96.93463081526,32.05027650006048],[96.96624004534186,32.01664342035764],[96.95583710969493,31.99662392525397],[96.89422310481251,32.01761420972804],[96.86349582996866,31.998572530398008],[96.86618046545618,31.96764822488575],[96.82015009465118,32.01260494995853],[96.72376007966403,32.02642852985281],[96.75658034041044,31.94620915532829],[96.81084285521365,31.899871465495778],[96.79540702021785,31.87167010029492],[96.7616757651245,31.868926704903572],[96.76447136975798,31.82299782978606],[96.79720313541645,31.79862072546615],[96.79926679982299,31.77334928044496],[96.84128171028277,31.72582342970759],[96.81962755526752,31.70307689518262],[96.7879457301114,31.700355704951846],[96.77334041542787,31.67574342521897],[96.73010562047807,31.682491835329984],[96.67554337962332,31.73051110989985],[96.65933945974831,31.70780577511647],[96.61505780537345,31.73941596477499],[96.56748717019678,31.71444789525424],[96.47397738514826,31.77091952541582],[96.41222009038495,31.8356763200062],[96.38584647493491,31.925595020393928],[96.25200021473819,31.932338289980123],[96.1873638546582,31.90581486006778],[96.21413713961738,31.878053255253576],[96.17528208530007,31.822179454818013],[96.17602809991695,31.777716430568887],[96.23142679031417,31.750768335390433],[96.22183509531345,31.73489451526973],[96.25173263495321,31.69932059516941],[96.25052301982157,31.666937119852264],[96.2235593501839,31.655689705515556],[96.21093933478255,31.604116235575873],[96.16213649979966,31.602060924971738],[96.14304975993855,31.694379905108576],[96.03753880996817,31.738270240179475],[95.99312194971827,31.77528676547189],[95.98109125016111,31.81905455982013],[95.89835333503845,31.819046755503393],[95.85153539464278,31.740959865105765],[95.8505996851274,31.708612765566727],[95.82381174481623,31.68321206008858],[95.77976137988384,31.749380100511303],[95.74059617547317,31.7639235400394],[95.61681526521238,31.786220755283694],[95.58068904536321,31.770390070245583],[95.56563017469284,31.7420426002858],[95.51350345532029,31.75048661556491],[95.48663278007882,31.790384490451913],[95.4530493204698,31.804298395554554],[95.46233161990841,31.815724759689942],[95.42275917999223,31.863065674741165],[95.40821136526233,31.919718055144187],[95.35962347993973,31.940837904945397],[95.39490198533844,32.0038830801401],[95.45322250021826,32.00944656510694],[95.418146364763,32.04632012517368],[95.45363045967804,32.06477156055911],[95.4490613748826,32.10982019544571],[95.43040658479612,32.12648463026153],[95.43932901961864,32.159938199888074],[95.38527557021143,32.185278460132906],[95.36451897996699,32.179144215033546],[95.3619910549433,32.14982572547689],[95.31172653475181,32.151183094724104],[95.26168178458676,32.214193029984415],[95.23995810028617,32.322904940510625],[95.21457316981599,32.324783705203856],[95.20497553029657,32.29871432050953],[95.11153019965906,32.262839255227505],[95.07789753544296,32.28245885509216],[95.095536230113,32.324754274889926],[95.25813538543974,32.35143462480812],[95.2301988849706,32.367309294788186],[95.22240215493554,32.391349790060815],[95.1549042995938,32.38753003478331],[95.15298155985118,32.40377330989037],[95.07368734039852,32.37821659541959],[94.9870436399521,32.4251165252075],[94.97910790980228,32.411640644799945],[94.92038478013353,32.412242230094876],[94.89086822478879,32.474259580015655],[94.85184732469435,32.4650178651824],[94.79743875009831,32.49723666024374],[94.78633446466387,32.52463901018223],[94.75523284521967,32.535028050404264],[94.772416275191,32.55640112501197],[94.74320610987411,32.56426936553885],[94.72084362992962,32.606400335307285],[94.68580636497182,32.606651780355435],[94.69086592022609,32.61650175974847],[94.61126646997167,32.67685447535382],[94.59525504458469,32.63154490487352],[94.56676847018883,32.63161065970422],[94.5309133698562,32.59976971480057],[94.46363163509193,32.60880557032084],[94.4620820348581,32.57379889490312],[94.43985895972327,32.5651470453999],[94.39239459473481,32.60514713003607],[94.3671952951268,32.5230448953057],[94.31751353022531,32.532893889941136],[94.28934206478453,32.50499403055011],[94.19606146026825,32.517138944906435],[94.17833832015742,32.49409518534458],[94.17980151982437,32.45751705976454],[94.15297963999842,32.456251680370826],[94.13826041988256,32.43401166020999],[94.05538356489967,32.47204676484637],[94.01114627498066,32.44794205977831],[93.99342853529873,32.46599810013225],[93.97493219496488,32.4624101253271],[93.96000559478244,32.48653540508491],[93.91211667514449,32.46386886525596],[93.89336774042891,32.47571982540967],[93.85674228532827,32.467601405180744],[93.85021354991545,32.512712739901076],[93.82535046545166,32.52233493990559],[93.82340448003276,32.548684404961364],[93.71718958033495,32.58027805968476],[93.65191602540432,32.57589602488167],[93.62297386525177,32.554002915502224],[93.6187078996499,32.527746434950075],[93.52119374469561,32.47613057006981],[93.501605245186,32.505734550309285],[93.47527353994195,32.50452697034348],[93.4551973650664,32.56109481537351],[93.40975698010061,32.5585523851845],[93.38057779462957,32.526786250385214],[93.33676382459089,32.57307482014687],[93.30849139496195,32.575677879930254],[93.30294898021134,32.61774219015001],[93.26273738042585,32.627039260053834],[93.2409766098827,32.6652224947224],[93.17268820459702,32.67165615021122],[93.1566923149984,32.64676671021556],[93.11645380030268,32.64947452033289],[93.06464315485778,32.628532069899165],[93.03814077987317,32.67727602986491],[93.04541010519227,32.69765118975067],[93.02253456471846,32.70314904489254],[93.0095330802875,32.74186355495914],[92.96261645458577,32.715496345380075],[92.87804123981141,32.71295345473817],[92.87268120037714,32.69889117049115],[92.82497507513966,32.72975945993119],[92.78497057483224,32.721215980533145],[92.68614035469369,32.767624165522875],[92.64942265972803,32.7232341347476],[92.59748446973254,32.74586738976825],[92.52377277479377,32.735942540016254],[92.45442855013755,32.76676723032347],[92.41225962538147,32.748333415354864],[92.35499260962132,32.76493540034852],[92.35251815019251,32.74360986480349],[92.30100585483638,32.753383679713124],[92.25433806524956,32.72451017020825],[92.19823420024818,32.75634075492195],[92.2112436050084,32.78769470974311],[92.19307218523323,32.80600302971612],[92.22659803517126,32.82338332488058],[92.22930866016657,32.839550170204234],[92.19728961982014,32.869716609833745],[92.13589717011837,32.886524124988455],[92.09885645486156,32.86069823983195],[92.03709489011715,32.86303526036903],[92.02720941987889,32.832486670023854],[91.99709128463513,32.83803496544135],[91.95674817518818,32.82142530023748],[91.89304035522827,32.888142835423594],[91.89352558533756,32.90869207527908],[91.85670701521661,32.904881285343095],[91.83685936976417,32.950248915155385],[91.79510267984483,32.94305468502574],[91.67911227001531,32.99374377515517],[91.66125394021725,33.01419046531777],[91.5794933750193,33.041559794848695],[91.55172952459793,33.06268052508619],[91.55403029975861,33.086408030206485],[91.4971545646315,33.11100486048599],[91.4342150453881,33.06814135513946],[91.379603459632,33.09959651516709],[91.22930130481143,33.144615395084486],[91.18620185513157,33.10837633549954],[91.16046284988067,33.11173537978402],[91.14511857486241,33.07423467029383],[91.06825215531279,33.11554688558033],[91.03619554488853,33.10084111482564],[91.01114758499313,33.123582005205435],[90.9275148849041,33.123570324810714],[90.90038855039137,33.08817749489555],[90.88066706543276,33.122672894938205],[90.84186689044469,33.11281765990714],[90.74608848459593,33.144559705466065],[90.70131937518909,33.138240104697104],[90.48788282523225,33.26720016025922],[90.40496554482411,33.26379997468911],[90.36194489014463,33.28454887483076],[90.2218451752147,33.43944942515088],[90.09020448524888,33.470386750148464],[90.08108000513818,33.531309570280484],[90.01068825465927,33.55480514474169],[89.98581919509985,33.58763701033979],[89.99176565006474,33.67200022523025],[90.0064289854094,33.69125034043094],[89.98393519545294,33.70425541045887],[89.98030712977027,33.72796200544224],[89.9046610048016,33.74127177027606],[89.9002202397723,33.76170093984655],[89.93938095476733,33.804010815346885],[89.89977745496566,33.80952170526251],[89.84335523535589,33.86765984482605],[89.7926151302841,33.866468754829214],[89.76176165537618,33.91332164018161],[89.684029704907,33.960117020184384],[89.68250293036601,33.993275005137434],[89.63403920004907,34.04389587989101],[89.653926305055,34.06026473542926],[89.65326726027592,34.09693383552815],[89.6925177402016,34.13129853529921],[89.75308923028382,34.12461651044367],[89.75733450518334,34.15430433987342],[89.78840871958681,34.15282631488259],[89.81375685519475,34.170641965554296],[89.80194463963346,34.19098065972969],[89.82165766017295,34.206163320281064],[89.83604476515387,34.26339062018104],[89.82289328010086,34.29650024049374],[89.86935993541277,34.33496957468617],[89.8587545246017,34.36095199493866],[89.82989540514887,34.361197900163006],[89.82270695046543,34.38670396031955],[89.79752837033806,34.39629707534982],[89.82150848962516,34.45557161533782],[89.80641418027028,34.477022490295724],[89.81321176980737,34.55091838977194],[89.77542047047837,34.57727221024436],[89.79631871024037,34.62867255979086],[89.78101396492258,34.644700584864154],[89.74066186495315,34.645214294703976],[89.72114153495392,34.70484894032637],[89.73508108512402,34.714914725534186],[89.72956812496903,34.73352953985642],[89.7678108803679,34.75060968988532],[89.79864022017006,34.745009144756295],[89.82404647536458,34.79931042483628],[89.86679129538203,34.817753679988414],[89.84856487037251,34.82378430969817],[89.83868375015498,34.86514222493378],[89.8088813704789,34.874063475349146],[89.81960672477061,34.90483787556758],[89.78490396534579,34.92361195982414],[89.74415604496556,34.904235175113286],[89.70436025032535,34.92076364502623],[89.65257276512108,34.88423495517907],[89.57719930020761,34.89591169506872],[89.58277814469568,34.910989570212564],[89.55884123963159,34.939912095466866],[89.58987880486302,35.10911072507997],[89.51148556490693,35.138432255244425],[89.47286692526842,35.2091550003031],[89.44677866020709,35.22613367982552],[89.53080436492957,35.28083866557199],[89.49311319521786,35.295934135052335],[89.51386455500528,35.33233139527772],[89.49648005011426,35.35614763020902],[89.5040880996861,35.372472409973795],[89.58930882983867,35.38566514513042],[89.65532772489462,35.42687637014842],[89.6855381251844,35.417012360432125],[89.72504038470606,35.46911366046709],[89.76422396496406,35.48394512496759],[89.73891658483257,35.507865600317245],[89.7033157102519,35.50861047009715],[89.69650684501494,35.54384128534707],[89.7093062850571,35.58332931489599],[89.76249646533967,35.589932780373545],[89.72262265541127,35.65049920997063],[89.74577071025016,35.6622350353187],[89.7448050946794,35.757311514914534],[89.7776352650555,35.76278277530491],[89.76542441510475,35.801134805526885],[89.80007725496142,35.848519045417675],[89.77591210016334,35.86240543486298],[89.70426090491691,35.84914979482721],[89.54739192479752,35.85714243047886],[89.52724477992274,35.87302894992615],[89.55001021459981,35.88190030055847],[89.42133196519808,35.91915981007725],[89.43222076047977,35.992901824759485],[89.40188623486193,36.017288880077786],[89.40868439007261,36.03582799486611],[89.42149348973282,36.04671173056198],[89.47517565493257,36.022495215481854],[89.59603355540429,36.03789528983583],[89.70932380474983,36.09319327055306],[89.76138721005174,36.07313862544726],[89.85857510535686,36.08212913535135],[89.94083658034396,36.06794891491057],[89.93556193513524,36.13131333054582],[89.99110375983071,36.16401825054186],[90.01671282024051,36.21257512004581],[90.0257542497589,36.25738580511086],[90.00314848521447,36.28049181484545],[90.1415110346066,36.2419583455013],[90.1269798654285,36.20888323487344],[90.23570404540544,36.16138011000413],[90.47342159992695,36.13130040998601],[90.52753265001184,36.14899040018685],[90.57494594519926,36.13103255500846],[90.68328689527408,36.12808381021972],[90.77347164480062,36.08790733525535],[90.84008364994054,36.018357865523114],[90.92533501010269,36.0312280102645],[90.97606924979613,36.10656655540225],[91.1061042452148,36.09381571472352],[91.12366074544713,36.11302494494532],[91.09209204960848,36.16511820504115],[91.09683099025807,36.2174839947906],[91.04466536981101,36.24590871471548],[91.07584046026909,36.293013115263136],[91.0249310497282,36.32418622001808],[91.04169435960705,36.385012350439695],[91.03145652959523,36.39715867043634],[91.05133277528739,36.43008280557706],[91.02576122470083,36.44273092029579],[91.03919127026097,36.47598232052775],[91.02578770523849,36.507156019734566],[91.03368943022309,36.53128609557689],[90.90278796499263,36.56046956002223],[90.81718249497624,36.560262385001124],[90.82551428475648,36.57832970555154],[90.81083831483642,36.58522482476593],[90.73926375531812,36.58578634526367],[90.72141401494491,36.61766534048314],[90.73345487504253,36.62389579055832],[90.73052531998758,36.65530790003959],[90.70464320022359,36.66105447978049],[90.71971797540431,36.706740334698736],[90.75571202009371,36.72223636041974],[90.7256972996907,36.75477576468984],[90.72096408502455,36.79798041976062],[90.7314525300103,36.82648869479749],[90.77898939474483,36.83661086030304],[90.85465622030836,36.916262904709356],[90.98129107512307,36.913303049696026],[91.03680160970657,36.928993505246126],[91.04783213544476,36.96570756515206],[91.11460357959157,36.970255874708926],[91.12995756009337,37.00576357502899],[91.17919639989401,37.02521088547405],[91.2151082996084,37.00963401969432],[91.31282602510106,37.02057459973804],[91.28759347485902,37.043152819846796],[91.30170848545828,37.08350313556133],[91.27762552509796,37.160185265137955],[91.18844681476872,37.20533612056556],[91.1913821398739,37.275549065137284],[91.13285107032067,37.32294322005362],[91.1074871749932,37.428817575270955],[91.07312335475905,37.476164815254094],[90.99963805964882,37.49519588977853],[90.93568405027878,37.481741944735006],[90.93870690999597,37.49999182046622],[90.86168285008353,37.532617435546285],[90.87734947989463,37.5817995452129],[90.7752535201339,37.649951280527205],[90.67426817004008,37.68289327530448],[90.6568011901229,37.704623355583465],[90.61718208978169,37.696641320240815],[90.58240715976268,37.704562625265],[90.57832069974057,37.72186698527321],[90.51829642014371,37.73028445976007],[90.51472673035437,38.204315250448474],[90.52927732488871,38.319773019709146],[90.35971788007618,38.299872000392554],[90.35095404519308,38.23321141477504],[90.27895798512299,38.23792208523611],[90.1356315854294,38.340299014787774],[90.17719552545321,38.3968054154376],[90.12620019008676,38.399932484996214],[90.11212262995548,38.414022829889745],[90.10967106546735,38.47638210025377],[90.12672131483686,38.49253789470811],[90.30378836484124,38.50223069509053],[90.35372987463404,38.481623375218646],[90.42210773548368,38.49102921542601],[90.46343986535754,38.520399260417605],[90.46269377969423,38.5544302397638],[90.527096094809,38.56106245027189],[90.53037816522021,38.58008286513217],[90.55926556475407,38.59452942968949],[90.60974952042409,38.5962389851411],[90.60872409544072,38.61423091552439],[90.64496603465483,38.634140830035335],[90.62121188532029,38.666252309896265],[90.80572116519966,38.65624515508989],[90.96629689538548,38.69704561476334],[91.1145562203933,38.70745721537821],[91.2355613048104,38.75002384552408],[91.30363569033489,38.748413340503305],[91.44993737471015,38.81382486042901],[91.71118984543506,38.86894868473405],[91.77838768514363,38.862932870455666],[91.87483857524012,38.881442365173086],[91.88072924525852,38.89993873518455],[91.99065961484939,38.93963075525522],[92.10659904031354,38.96316815538614],[92.1694606854623,38.959251335380884],[92.19299564033662,38.98202368044855],[92.2560081251749,39.00089713979122],[92.37990277539285,38.998516850172564],[92.41714793532901,39.00997534978262],[92.40508127997714,39.03521555505387],[92.42222109013125,39.046672135510676],[92.4593710253526,39.04277768973867],[92.4578379852349,39.063772680364934],[92.49278837478374,39.101689485481415],[92.865048000365,39.13823009044637],[92.89013540002873,39.16060723473612],[92.93831927481472,39.16858745974355],[92.97607924985755,39.143712544698246],[93.04436963545038,39.14603067047909],[93.11441590507002,39.17914110557763],[93.14078558508675,39.15978252044704],[93.13010685524722,39.10766829535561],[93.1639907100033,39.09011801483456],[93.19661547972066,39.04571022514682],[93.18761017506961,38.919062455168216],[93.28245309533412,38.893611609788024],[93.4936401503727,38.91837796047457],[93.73034058964657,38.923698345202524],[93.83299768499523,38.86739119474788],[93.88346593040842,38.86747070470932],[93.88295301017337,38.82603529489302],[93.76851545522413,38.82056428001755],[93.75450819959377,38.80604357984737],[93.79883855495541,38.75052340003492],[93.87422394038259,38.72044258036084],[93.94939502995675,38.71435322042481],[94.36965677464048,38.76164844002352],[94.52778707461385,38.42223395493312],[94.52837406031472,38.361391890323546],[94.55054508538745,38.35026887470883],[94.6500158602438,38.383852780381574],[94.85455173987094,38.39123643471373],[94.88340791044675,38.414417439813064],[94.9712015497118,38.43035051536407],[95.07154352481388,38.40197851999278],[95.12257420983195,38.41344396057036],[95.19085346991176,38.37160945501239],[95.2034245352142,38.33129926974556],[95.22824422469125,38.33064599501671],[95.26742441540449,38.29729193987117],[95.321028495169,38.32044152535616],[95.38677430479038,38.3012174401328],[95.4402785202376,38.31052421012424],[95.45367086981486,38.29136567018958],[95.49378659467567,38.31532000051766],[95.51691446513053,38.29509411010514],[95.58118190981736,38.341738705277066],[95.61147548480585,38.3399488547559],[95.63797106990899,38.36552683009916],[95.66107501480013,38.36448765987768],[95.67316319002924,38.390240525479896],[95.70192027959729,38.399676525351424],[95.7744828298188,38.35550314035771],[95.82537379976111,38.35400526013473],[95.85540820002848,38.28434404514161],[95.89739190491252,38.289199160213116],[95.93866966986945,38.237180024938255],[96.04883186489872,38.17729510518501],[96.106029419722,38.187223840008244],[96.19148029987599,38.14898576018476],[96.235370439794,38.169976380105936],[96.27248171046261,38.145325034722646],[96.3123147397335,38.161218229837516],[96.30155266522337,38.18215158992399],[96.3389572245963,38.25500909529359],[96.39609648986118,38.28071014555684],[96.66532536527347,38.22214947481848],[96.65519225501862,38.296026520007956],[96.62364396030057,38.34655254056736],[96.68725891536673,38.414376314715184],[96.69848440513124,38.45758946028542],[96.6576060803564,38.488604300548104],[96.7011052202298,38.506250394839924],[96.77876032992532,38.504852084855884],[96.79081994988087,38.52694420521095],[96.76160989967718,38.5553285950387],[96.81540676980666,38.56427682511543],[96.79441831545296,38.607769895464344],[96.9355253753958,38.554321140308446],[97.05529698476812,38.592817710469035],[97.05203665996396,38.64421665527448],[97.03421372028703,38.64978665043361],[97.05566230017507,38.67200619483009],[97.01621624018742,38.68602731530842],[97.02226308467368,38.75499005474728],[97.000074045281,38.760783314698244],[96.98732093471341,38.79184455997853],[96.99353456027183,38.8839865598319],[96.95529832046117,38.888002820573774],[96.94017156536552,38.90657862500359],[96.9341752097182,38.97089801003517],[96.96976455499026,39.01949659009563],[96.95510486010124,39.044559555179376],[96.97114457546184,39.102654400480276],[97.01251229960303,39.14135866996668],[96.96173746990837,39.19694531507429],[97.01221755489632,39.21259912504962],[97.06231222462952,39.19783605039345],[97.211222399794,39.19678042977307],[97.30626623040229,39.161116785211505],[97.34541586035374,39.17469867050727],[97.36529749478359,39.14897885499022],[97.40284702487037,39.1483290354567],[97.44333930036845,39.11243458528793],[97.46323736990877,39.11942732051449],[97.49157633497992,39.07965614481526],[97.54911950016486,39.06851859525699],[97.68532388978576,39.00525801984179],[97.68513127029195,38.96959570987417],[97.81165399043937,38.939341445151626],[97.90972058004081,38.88170320543861],[98.01143180983024,38.85896093010291],[98.09320261021236,38.78486168042224],[98.24707107966663,38.881369514691414],[98.25205417006396,38.90753736525727],[98.23670014999198,38.92273363524913],[98.27571819024234,38.975074265564956],[98.29076626005491,39.03726334552704],[98.38127541482856,39.03236594972884],[98.40841181005703,38.997110465175865],[98.43520416963679,38.998053825223906],[98.4285215898995,38.977875605175086],[98.44248544964387,38.96349474508645],[98.48319297517571,38.94870532029432],[98.52533667035112,38.95549233020694],[98.58044955530278,38.928342710447794],[98.62421558518116,38.954235135543115],[98.61276770026922,38.97916986000109],[98.66482334981782,38.994357810364704],[98.7423192498336,39.085411535214234],[98.81168586491077,39.08699561995195],[98.81839450520232,39.06327564035854],[98.88298314005993,39.0421272703573],[98.93465218994669,38.994125914779204],[98.99460248501674,38.97540365485486],[99.0209643751059,38.98228661973178],[99.05623340974415,38.9544349451167],[99.09836853527975,38.95495576499661],[99.0639445000387,38.90469883508325],[99.17878768970019,38.81521726546447],[99.34939763978929,38.73666778988667],[99.38561058486067,38.67610321019504],[99.41623172531393,38.669794570363194],[99.4289441154786,38.62048972482097],[99.4525951602385,38.60518091546692],[99.50930370510196,38.609702595198655],[99.52457351985214,38.54898490053279],[99.59807377968127,38.48900503035793],[99.65199670508395,38.4706845605441],[99.65733933004611,38.439645720074],[99.77080848962015,38.4069703500017],[99.81444274004048,38.36729812490859],[99.94234330519942,38.34071722022361],[99.95765425044334,38.315028649852366],[100.07578002043164,38.28487044981148],[100.12711424013014,38.22890694020316],[100.18032045982142,38.21985570987317],[100.15850764011554,38.289321285449034],[100.16734843538205,38.32049352505618],[100.11687554047387,38.34284020031504],[100.0903479449018,38.40749948501326],[100.0212392149179,38.43162341039215],[100.02933869542454,38.444151100492945],[99.99926499028714,38.467510160565496],[100.02204996993021,38.50713664973665],[100.05601198026875,38.520185155220815],[100.08603259482845,38.49306200970403],[100.11107541509841,38.4966476948353],[100.16420365007843,38.45966459554472],[100.23820430528451,38.441913400183296],[100.24752529535618,38.372819745534855],[100.26000812547466,38.36415231977378],[100.30033561999295,38.38813780531552],[100.33120018534032,38.340606135065116],[100.31817136511648,38.32520612546239],[100.39524865500147,38.292133899859664],[100.42208891966794,38.306960435175995],[100.43590030475531,38.26738724972182],[100.46682548530794,38.26920071554065],[100.4732020401421,38.28805742501021],[100.51870483985653,38.27398620959593],[100.54502025028438,38.24527577955365],[100.59387603465132,38.24284991499161],[100.6248320349705,38.26670444485433],[100.71355479981423,38.25277766505724],[100.75522400998011,38.23548732008379],[100.84232604001477,38.14772065508424],[100.89853547013593,38.17909159540085]]]}},{"type":"Feature","properties":{"name":"宁夏回族自治区","adcode":"640000","region_code":"640000","population":7202654,"elderly_65plus":692824,"aging_rate":0.0962,"youth_rate":0.2038,"source_year":"2020","source_name":"第七次全国人口普查（省市分年龄性别）","license":"普查数据，来源标注 required"},"geometry":{"type":"MultiPolygon","coordinates":[[[[106.0591,35.4278],[106.0709,35.4315],[106.068,35.4206],[106.0591,35.4278]]],[[[106.0523,35.4806],[106.0487,35.449],[106.0272,35.471],[106.0012,35.4403],[105.9927,35.4495],[105.9633,35.4269],[105.8895,35.4182],[105.8922,35.4528],[106.0307,35.4893],[106.0523,35.4806]]],[[[106.7513,39.3725],[106.7786,39.3704],[106.7944,39.3475],[106.8019,39.2764],[106.7863,39.244],[106.8288,39.1867],[106.86,39.0914],[106.9663,39.0527],[106.9537,38.9443],[106.6999,38.7141],[106.6592,38.6007],[106.6451,38.4729],[106.5962,38.3904],[106.4791,38.3198],[106.4844,38.3046],[106.5498,38.2625],[106.7238,38.2029],[106.7674,38.1727],[106.9437,38.1302],[107.0278,38.1161],[107.119,38.1416],[107.1343,38.1591],[107.185,38.1542],[107.2397,38.1104],[107.3298,38.0874],[107.3535,38.0505],[107.4355,37.9953],[107.4062,37.948],[107.4152,37.9395],[107.4892,37.944],[107.5549,37.8931],[107.6451,37.8642],[107.6617,37.8368],[107.6237,37.7723],[107.5794,37.7981],[107.5842,37.7781],[107.5437,37.7703],[107.5345,37.7814],[107.4922,37.7643],[107.4984,37.7346],[107.466,37.6866],[107.4153,37.6776],[107.3807,37.6918],[107.3821,37.6707],[107.4169,37.6648],[107.416,37.6506],[107.3937,37.6531],[107.343,37.6067],[107.3076,37.6085],[107.3257,37.5832],[107.3667,37.5782],[107.3252,37.495],[107.3139,37.5047],[107.2806,37.4819],[107.279,37.416],[107.2589,37.3915],[107.2549,37.3183],[107.3047,37.2356],[107.2544,37.2283],[107.3137,37.1992],[107.3337,37.1587],[107.302,37.1002],[107.2738,37.1282],[107.2762,37.0985],[107.232,37.097],[107.1776,37.1408],[107.0895,37.1167],[107.0259,37.1402],[107.0247,37.1066],[106.9891,37.1217],[106.9955,37.108],[106.9797,37.1072],[106.9019,37.1511],[106.8865,37.1395],[106.9127,37.1231],[106.8915,37.1],[106.7763,37.1583],[106.7557,37.0805],[106.7244,37.1209],[106.6831,37.1297],[106.6669,37.1107],[106.6584,37.1256],[106.6011,37.1272],[106.6624,37.0172],[106.6373,37.0118],[106.6389,36.9626],[106.5908,36.969],[106.5753,36.9348],[106.5346,36.9786],[106.5467,36.9392],[106.6046,36.9097],[106.605,36.8811],[106.6219,36.8925],[106.6358,36.8822],[106.6226,36.8619],[106.6539,36.8115],[106.6376,36.8027],[106.623,36.7528],[106.6414,36.7235],[106.5727,36.7462],[106.5131,36.7185],[106.5264,36.6897],[106.4866,36.6855],[106.4882,36.6295],[106.4407,36.6248],[106.4389,36.6009],[106.4634,36.5819],[106.4516,36.5598],[106.3914,36.5772],[106.3871,36.5563],[106.3576,36.571],[106.3672,36.5487],[106.4115,36.5319],[106.4064,36.5192],[106.4799,36.4807],[106.4898,36.4945],[106.5185,36.4778],[106.4961,36.4342],[106.5077,36.423],[106.4881,36.4229],[106.4831,36.4021],[106.5222,36.3911],[106.5279,36.3754],[106.5008,36.3634],[106.495,36.312],[106.5074,36.292],[106.4657,36.3119],[106.4995,36.2688],[106.5366,36.254],[106.554,36.2636],[106.5555,36.2923],[106.5903,36.2706],[106.6009,36.2961],[106.6074,36.2729],[106.6335,36.2659],[106.6395,36.2852],[106.6493,36.2573],[106.6803,36.2738],[106.6977,36.2396],[106.7316,36.2373],[106.7588,36.2151],[106.7845,36.2265],[106.8035,36.2111],[106.8297,36.2295],[106.84,36.2028],[106.8536,36.207],[106.8647,36.1832],[106.8947,36.1691],[106.9051,36.1312],[106.9261,36.1387],[106.9249,36.1134],[106.9422,36.1223],[106.9311,36.1076],[106.9549,36.0758],[106.9347,36.0639],[106.9237,36.0159],[106.9454,35.9915],[106.9142,35.9653],[106.9114,35.9407],[106.8991,35.9519],[106.9071,35.9673],[106.8854,35.9717],[106.9039,35.9381],[106.9143,35.9371],[106.9249,35.9526],[106.9414,35.941],[106.8476,35.8872],[106.8746,35.8829],[106.8718,35.8556],[106.925,35.8077],[106.8874,35.8106],[106.9109,35.7951],[106.9092,35.7715],[106.8842,35.7625],[106.8702,35.7794],[106.8599,35.7364],[106.8166,35.745],[106.817,35.7196],[106.8004,35.709],[106.7613,35.7296],[106.7353,35.702],[106.7482,35.6886],[106.7263,35.6881],[106.6767,35.7314],[106.6692,35.7007],[106.6261,35.715],[106.6149,35.7442],[106.5984,35.7483],[106.5927,35.728],[106.488,35.7365],[106.4298,35.6889],[106.4768,35.5774],[106.4542,35.5763],[106.4355,35.5247],[106.4611,35.4815],[106.485,35.4842],[106.478,35.4496],[106.5005,35.418],[106.4893,35.3921],[106.5014,35.3601],[106.4695,35.3118],[106.363,35.2706],[106.3711,35.2553],[106.3587,35.2385],[106.2514,35.335],[106.2345,35.4111],[106.1881,35.4118],[106.1688,35.4374],[106.1035,35.3649],[106.0989,35.4016],[106.084,35.4029],[106.0642,35.4554],[106.0626,35.491],[106.0835,35.4897],[106.091,35.5104],[106.067,35.4924],[106.0619,35.5046],[106.0174,35.4949],[106.0064,35.5263],[105.8861,35.5486],[105.8655,35.5432],[105.8457,35.493],[105.8338,35.493],[105.8125,35.576],[105.796,35.5657],[105.7765,35.5996],[105.7411,35.615],[105.7611,35.6316],[105.7451,35.6245],[105.7095,35.6471],[105.7163,35.6804],[105.6874,35.6853],[105.7173,35.7282],[105.7343,35.6989],[105.7525,35.7311],[105.7335,35.7234],[105.666,35.7515],[105.5757,35.7162],[105.5625,35.6886],[105.5666,35.7154],[105.5518,35.7267],[105.5017,35.7185],[105.477,35.7278],[105.4694,35.749],[105.4501,35.7476],[105.4254,35.8203],[105.4109,35.8249],[105.3744,35.7969],[105.3696,35.847],[105.3956,35.8577],[105.3408,35.8788],[105.3209,35.9065],[105.3333,35.9135],[105.3214,35.9419],[105.3378,36.0287],[105.3619,36.0347],[105.3592,36.0486],[105.427,36.104],[105.4875,36.1013],[105.5109,36.1479],[105.4568,36.2231],[105.4568,36.2672],[105.4739,36.2916],[105.3986,36.3651],[105.4154,36.3776],[105.3978,36.3851],[105.3946,36.4306],[105.3589,36.4389],[105.3576,36.4976],[105.3176,36.5365],[105.2777,36.5225],[105.2454,36.5476],[105.2719,36.5628],[105.2672,36.5932],[105.2165,36.6311],[105.2244,36.66],[105.199,36.705],[105.2352,36.7407],[105.2679,36.739],[105.2737,36.7529],[105.3118,36.7419],[105.3368,36.7689],[105.3289,36.8058],[105.2973,36.8224],[105.2755,36.8694],[105.2366,36.8966],[105.1751,36.8921],[105.1823,36.9414],[105.1616,36.9946],[105.0543,37.0225],[105.0278,37.0065],[105.0047,37.0338],[104.9625,37.0312],[104.9512,37.0782],[104.9131,37.0945],[104.917,37.1112],[104.8553,37.1826],[104.8552,37.212],[104.8241,37.2276],[104.7904,37.228],[104.7717,37.2463],[104.7158,37.2073],[104.6235,37.2051],[104.5969,37.2446],[104.623,37.2804],[104.6181,37.2961],[104.6501,37.2906],[104.7149,37.3373],[104.7146,37.3491],[104.6647,37.3559],[104.6575,37.3742],[104.6757,37.4084],[104.5171,37.4346],[104.4571,37.4194],[104.4336,37.4459],[104.3619,37.4176],[104.2946,37.4136],[104.2845,37.4273],[104.4046,37.4643],[104.4166,37.5111],[104.4301,37.5146],[104.8019,37.5386],[104.864,37.5664],[105.0214,37.5793],[105.1702,37.6634],[105.3662,37.7148],[105.4455,37.6998],[105.5969,37.7066],[105.6123,37.7185],[105.6186,37.7781],[105.6602,37.7689],[105.7387,37.7988],[105.7682,37.7944],[105.7692,37.8198],[105.8026,37.8612],[105.7954,37.9541],[105.8406,38.0043],[105.7778,38.0786],[105.761,38.1214],[105.777,38.2105],[105.8298,38.2282],[105.8623,38.2951],[105.8173,38.3606],[105.8311,38.3845],[105.8222,38.4322],[105.846,38.4445],[105.8311,38.4717],[105.8589,38.5254],[105.8519,38.5729],[105.8711,38.5903],[105.8487,38.6401],[105.8886,38.6894],[105.8815,38.7136],[105.9049,38.738],[105.8929,38.7871],[105.9323,38.8015],[105.9889,38.8547],[105.9996,38.8746],[105.9799,38.8741],[105.9659,38.898],[106.0838,39.0048],[106.0714,39.0287],[106.0847,39.0675],[106.108,39.1202],[106.1454,39.155],[106.2121,39.1318],[106.2833,39.1429],[106.2771,39.2735],[106.4285,39.2867],[106.5038,39.2694],[106.5983,39.3746],[106.6694,39.3537],[106.7458,39.3878],[106.7513,39.3725]]]]}},{"type":"Feature","properties":{"name":"新疆维吾尔自治区","adcode":"650000","region_code":"650000","population":25852345,"elderly_65plus":2005885,"aging_rate":0.0776,"youth_rate":0.2246,"source_year":"2020","source_name":"第七次全国人口普查（省市分年龄性别）","license":"普查数据，来源标注 required"},"geometry":{"type":"Polygon","coordinates":[[[87.79720229994626,49.180598660000214],[87.86528225497216,49.11656474047044],[87.84380365031825,49.09427117557436],[87.85132671485604,49.072143969968295],[87.83443254012968,49.04537503053331],[87.87753944968591,49.03065211510307],[87.88229837507004,48.995436095499485],[87.90769016017282,48.97912645492204],[87.8776054554275,48.970716340486774],[87.86884569537261,48.94504684473617],[87.81605140474858,48.949210900063065],[87.79252370470527,48.927243775579825],[87.75682791477652,48.926251524788086],[87.73893437022508,48.87475998488543],[87.78158119021981,48.86971173500859],[87.82525988513567,48.82930307487703],[87.79613528491552,48.82054665490426],[87.82457633023353,48.79892288528299],[87.87145171482484,48.79892288528299],[87.93688688961834,48.7579961553983],[87.97828951015282,48.768941675418034],[88.04800771968058,48.73669998002009],[88.05907221461109,48.71219152971537],[88.09699567021408,48.714779180514824],[88.02410642507152,48.65103404498524],[88.02623604485763,48.62888360539415],[87.95796660987122,48.598180690486515],[87.98190731996692,48.56832439015852],[88.10524111518538,48.54601739029039],[88.12361055488327,48.52336492035482],[88.14971323967433,48.5256016152224],[88.19673400507031,48.49201490546358],[88.25030668500557,48.4978380597787],[88.33953647502835,48.46999837042853],[88.35695412982926,48.46014739998259],[88.35709689540545,48.43487752517768],[88.44347132983808,48.39076231552849],[88.51246120991698,48.410400339803914],[88.5309020351009,48.369057204926094],[88.57016809488175,48.36771876011272],[88.57314242538268,48.349991775400156],[88.60588963959526,48.335552999871084],[88.57206076039586,48.28289196539197],[88.59799688534804,48.220312139893394],[88.62690733540524,48.20639229476865],[88.63907590013275,48.18054659035289],[88.70367788003017,48.17958518001211],[88.81945560019585,48.10724137998574],[88.93755976487131,48.10941228045243],[89.03274421977,48.04191692972256],[89.06246564517346,47.98787816534508],[89.15321161032762,47.99365303056294],[89.22019344007526,47.979733180042274],[89.37906646494548,48.044940950464536],[89.48440007490359,48.02597265041754],[89.5614675046217,48.03713293034053],[89.59144871538598,48.018715904815224],[89.59549482462654,47.963535795540565],[89.64432136483919,47.94278689539897],[89.64527314973611,47.91252014988504],[89.73835766517419,47.89186643039153],[89.76274694541524,47.830222825223245],[89.94634144480187,47.83251851022112],[89.96017206009253,47.88471793528453],[90.06738556519173,47.88186968523786],[90.08327041010142,47.863121764957555],[90.0757912999286,47.7823723399116],[90.13029315040865,47.72628387040436],[90.24704431474339,47.706348510475436],[90.39172869971975,47.64522351015694],[90.35546036990019,47.64483561996792],[90.34723255973489,47.63165156506773],[90.40047356520296,47.54441542992822],[90.46786439492593,47.49760237015329],[90.4606487753208,47.41055122555866],[90.52216126473064,47.381676045113466],[90.48746937541142,47.319305355158065],[90.55980285481797,47.22881282525174],[90.56105445479932,47.20590634989816],[90.65336228514138,47.12952602020971],[90.66436168534358,47.09685599031178],[90.7617343247793,46.99205707497407],[90.82577587505665,46.99405172540685],[90.9037400097937,46.95640626553677],[90.92214366959473,46.90136550531389],[90.95447674510575,46.87855355500261],[90.94083251520846,46.8247273552833],[91.02064277014779,46.76097001055757],[91.05290504023549,46.714989974807565],[91.01467888991891,46.5845987102623],[91.06470500523187,46.57861049527821],[91.07382353542789,46.554099060123576],[90.97762507513715,46.374096225460505],[90.89608849508801,46.310612695519524],[90.98191764987968,46.15404913505961],[91.0140528052928,46.125743294717324],[91.02227468532851,46.02357321553154],[90.84746590043102,45.887242159997754],[90.71406056973956,45.726144470490965],[90.66665787036447,45.54117173039111],[90.67022073519882,45.486901834851835],[90.76980692005338,45.42817548471089],[90.80847465008509,45.32406870470703],[90.80401960022442,45.289773200572824],[90.83267503042839,45.29737567524728],[90.87522996489105,45.278516339757346],[90.89404188542471,45.24769395531183],[90.86536687518122,45.20350278532533],[90.87950670976693,45.18938401016396],[90.99320546536,45.21605697484955],[91.12367236468793,45.21420454050718],[91.16756289041513,45.19768639481134],[91.17616114482104,45.173531170327294],[91.24205115983324,45.13348231545655],[91.33063841033442,45.12816285972826],[91.37316446486824,45.10898205977429],[91.44595177005817,45.15477877502053],[91.49977543458868,45.100095800181066],[91.55968555964091,45.07022684998918],[92.09644037492342,45.079485019717936],[92.23997549017679,45.012999325258704],[92.31509241538271,45.02667491001915],[92.487002529743,45.000028194745425],[92.75059786479966,45.04291651508515],[92.88357073490153,45.04507268555602],[92.9830594197565,45.00119759039654],[93.04689614494117,45.0157553255479],[93.1682007098949,45.013402885234996],[93.28809286979015,44.98163050554342],[93.36484121015377,44.98462015509614],[93.43562785024517,44.953163010264745],[93.50324290523594,44.954213484964384],[93.50833691981308,44.96876352012043],[93.7133966698205,44.89443315546583],[93.73365023507034,44.85972687519518],[94.21488616016819,44.667451870307616],[94.26129352047963,44.61740555981879],[94.33164221501625,44.58039135477725],[94.35202745989943,44.51842234521513],[94.48690345013415,44.50355713995009],[94.60686196021135,44.44976990515704],[94.72954106966472,44.33907289050154],[94.77658331536776,44.34090154497039],[94.91412732521593,44.30337509508462],[94.99753120989749,44.25087261557877],[95.40981424043491,44.29392374468512],[95.4283860500762,44.28195721984986],[95.40393696491907,44.24259434535281],[95.37157776500192,44.22527968001327],[95.348388975371,44.087123140120866],[95.3231532046567,44.02591240473373],[95.52280433025572,44.00506077503479],[95.62200538044402,43.8518579801617],[95.73386724018104,43.594776504831884],[95.85564986045273,43.41442695993629],[95.87588855001661,43.27894302979706],[95.93457872492826,43.21637823556716],[96.36070164006867,42.89762265995785],[96.3847832253656,42.725351340092345],[96.10217575011086,42.60207181985868],[96.02300246968827,42.54071537001835],[96.01659797022023,42.4804736748203],[95.97788262468345,42.43524162050443],[96.06506316013679,42.41279052046622],[96.040057880267,42.32485010015205],[96.17757175023615,42.21631019036306],[96.07614414503632,42.147903955003585],[96.13794361530569,42.052430480482315],[96.13650593030451,42.017849509946984],[96.05432462538124,41.93406554478912],[95.85060853535566,41.84688049473908],[95.67152887995388,41.82728974512571],[95.57006977510008,41.79378370545368],[95.36012414960987,41.66828693009779],[95.29630895509428,41.56499761045143],[95.24910860048158,41.60665768980061],[95.19297895461511,41.69223500474175],[95.19722859032726,41.71923402493036],[95.13563313036474,41.7713663551732],[94.86105688516716,41.66715603981942],[94.74887329476678,41.53678255487108],[94.53303515474863,41.504538069776174],[94.1826627848597,41.26710010008958],[94.00931986971625,41.11352448496706],[93.80611419531391,40.87599945011459],[93.8196825997722,40.792801045232125],[93.75927812008922,40.663971644975504],[93.50483234004054,40.64756688040728],[92.9273434098705,40.57200803554247],[92.90580101540462,40.3100798097355],[92.79531504015705,40.153166760137935],[92.7443129400902,39.86756313053411],[92.63882495520755,39.51382324025042],[92.52452113034593,39.367895445418526],[92.33851887514601,39.237423275164076],[92.34264380546733,39.14562156977968],[92.36469355516351,39.09538373517131],[92.35285059537875,39.06805453518871],[92.38931186035416,39.05827539988985],[92.41672612990703,39.00964200977097],[92.2560081251749,39.00089713979122],[92.19299564033662,38.98202368044855],[92.1694606854623,38.959251335380884],[92.03782483474839,38.95064756003694],[91.88072924525852,38.89993873518455],[91.87483857524012,38.881442365173086],[91.77838768514363,38.862932870455666],[91.71118984543506,38.86894868473405],[91.44993737471015,38.81382486042901],[91.30363569033489,38.748413340503305],[91.2355613048104,38.75002384552408],[91.1145562203933,38.70745721537821],[90.96629689538548,38.69704561476334],[90.80572116519966,38.65624515508989],[90.62121188532029,38.666252309896265],[90.64496603465483,38.634140830035335],[90.60872409544072,38.61423091552439],[90.60974952042409,38.5962389851411],[90.55926556475407,38.59452942968949],[90.53037816522021,38.58008286513217],[90.527096094809,38.56106245027189],[90.46269377969423,38.5544302397638],[90.46343986535754,38.520399260417605],[90.42303166477956,38.49133006473073],[90.35372987463404,38.481623375218646],[90.30369914040307,38.50223097028311],[90.13292249467747,38.494640579798954],[90.11103665541737,38.482009570185596],[90.11331965547777,38.41246183524555],[90.17719552545321,38.3968054154376],[90.1356315854294,38.340299014787774],[90.27895798512299,38.23792208523611],[90.35095404519308,38.23321141477504],[90.35971788007618,38.299872000392554],[90.52927732488871,38.319773019709146],[90.51472673035437,38.204315250448474],[90.51920573006043,37.728849765004725],[90.57832069974057,37.72186698527321],[90.58240715976268,37.704562625265],[90.61718208978169,37.696641320240815],[90.6568011901229,37.704623355583465],[90.67426817004008,37.68289327530448],[90.7752535201339,37.649951280527205],[90.87734947989463,37.5817995452129],[90.86168285008353,37.532617435546285],[90.93870690999597,37.49999182046622],[90.93568405027878,37.481741944735006],[90.99963805964882,37.49519588977853],[91.07312335475905,37.476164815254094],[91.1074871749932,37.428817575270955],[91.13285107032067,37.32294322005362],[91.1913821398739,37.275549065137284],[91.18844681476872,37.20533612056556],[91.2784574447553,37.158457900411804],[91.30170848545828,37.08350313556133],[91.28759347485902,37.043152819846796],[91.30774070516946,37.032303900504644],[91.30538864976643,37.01302167501035],[91.21488974996203,37.0096427251317],[91.17919639989401,37.02521088547405],[91.12995756009337,37.00576357502899],[91.11460357959157,36.970255874708926],[91.04783213544476,36.96570756515206],[91.03680160970657,36.928993505246126],[90.98129107512307,36.913303049696026],[90.85465622030836,36.916262904709356],[90.77898939474483,36.83661086030304],[90.7314525300103,36.82648869479749],[90.72096408502455,36.79798041976062],[90.7256972996907,36.75477576468984],[90.75571202009371,36.72223636041974],[90.71971797540431,36.706740334698736],[90.70464320022359,36.66105447978049],[90.73052531998758,36.65530790003959],[90.73345487504253,36.62389579055832],[90.72141401494491,36.61766534048314],[90.73926375531812,36.58578634526367],[90.81083831483642,36.58522482476593],[90.82551428475648,36.57832970555154],[90.81718249497624,36.560262385001124],[90.90278796499263,36.56046956002223],[91.03368943022309,36.53128609557689],[91.02578770523849,36.507156019734566],[91.03919127026097,36.47598232052775],[91.02576122470083,36.44273092029579],[91.05133277528739,36.43008280557706],[91.03145652959523,36.39715867043634],[91.04169435960705,36.385012350439695],[91.0249310497282,36.32418622001808],[91.07584046026909,36.293013115263136],[91.04466536981101,36.24590871471548],[91.09683099025807,36.2174839947906],[91.09209204960848,36.16511820504115],[91.12366074544713,36.11302494494532],[91.11136442033177,36.097075960387315],[91.07932645465223,36.08823666968664],[90.9757712252619,36.1064803050221],[90.92533501010269,36.0312280102645],[90.84008364994054,36.018357865523114],[90.77347164480062,36.08790733525535],[90.68328689527408,36.12808381021972],[90.57494594519926,36.13103255500846],[90.52753265001184,36.14899040018685],[90.47342159992695,36.13130040998601],[90.23570404540544,36.16138011000413],[90.1269798654285,36.20888323487344],[90.1415110346066,36.2419583455013],[90.00314848521447,36.28049181484545],[90.0257542497589,36.25738580511086],[90.01671282024051,36.21257512004581],[89.99110375983071,36.16401825054186],[89.93556193513524,36.13131333054582],[89.94569155512124,36.070106730241434],[89.85836074475264,36.08213424979584],[89.76138721005174,36.07313862544726],[89.70558453519823,36.09777790013004],[89.61542231458822,36.10929522529449],[89.55783853961697,36.14142388490444],[89.51304020494155,36.14085316973802],[89.36129182515765,36.233091274742605],[89.29342607964992,36.22980349993162],[89.2410757096763,36.292280139916556],[89.19855289000395,36.26057791004257],[89.12527744989444,36.25152576510203],[89.09745368034311,36.282674825582774],[89.03156930497948,36.31080266491114],[88.96454045507801,36.3143782704409],[88.92438186043455,36.36348816544654],[88.8669672551348,36.34908393017929],[88.8431112000219,36.36015698485704],[88.79690381475928,36.33690447556114],[88.78585770466941,36.29679959472554],[88.76383201543524,36.292826145310414],[88.72475688981865,36.317754145537435],[88.71454758989944,36.35554790990818],[88.6140619849727,36.39204061518228],[88.61442079468401,36.420757235258236],[88.58449023463669,36.461038900325036],[88.5037738551793,36.451318450286294],[88.47795493527212,36.45603364973323],[88.47391573462352,36.48119296008707],[88.40615718020973,36.472096494757466],[88.37533554489954,36.48451149980593],[88.35452295027397,36.4771502502839],[88.36332479500334,36.45829520545942],[88.24193823975804,36.471480139896585],[88.22087205520126,36.44875422502753],[88.18281543518424,36.455703229820244],[88.13652700481748,36.42943487551912],[87.9673191103887,36.432196650355195],[87.96766046515842,36.40726968974445],[87.94939780016841,36.4009446103056],[87.80223884514663,36.39126366478638],[87.77837708473476,36.376382664728226],[87.70392794481887,36.38252159979203],[87.562398920274,36.3400106151978],[87.46694621019952,36.35546833519555],[87.45674373973185,36.41150891040792],[87.42361617524637,36.42618185500868],[87.36056146004341,36.421162780038344],[87.29851478502934,36.35826719987142],[87.19595451518876,36.35297890025612],[87.14129315015879,36.293124554754456],[87.07444437510787,36.30936964469339],[87.05045850465632,36.29210801057627],[87.00242523483678,36.302124520130576],[86.89029419991743,36.26222131046518],[86.86095379028524,36.3004252097557],[86.76483643984989,36.298206424886644],[86.73172381490218,36.286151234991564],[86.73019296013706,36.26714171541789],[86.70502273021486,36.2645803005405],[86.69795805462059,36.24509152055725],[86.65501985518222,36.24617643479468],[86.61528939538937,36.21938508515359],[86.52553563516148,36.229424705485826],[86.51362000475945,36.20968201990934],[86.52305284531263,36.20154328039814],[86.50000032995132,36.19866268983134],[86.43776938474934,36.22696389506774],[86.43078651508569,36.20811634968982],[86.38932123518691,36.20268169530402],[86.36314082019277,36.16379047475067],[86.27620704971565,36.17250180991067],[86.26051464263668,36.1513283002609],[86.18424745035958,36.131392354873356],[86.17675623531204,36.074912520196676],[86.19742779016042,36.033081754919124],[86.14337567534722,35.99887816509528],[86.07838889982793,35.86226519548245],[86.00993386005968,35.83342833514962],[85.94684741497628,35.77911202020363],[85.8058136704646,35.78003625526901],[85.68927557980425,35.75179945048433],[85.64957996514335,35.72992809480576],[85.61204535480931,35.6531342802229],[85.56972991970008,35.640207585211954],[85.50643057990737,35.68508462495555],[85.37127185001594,35.7009561751874],[85.35321518013649,35.74284063538704],[85.27952696469771,35.77633770522095],[85.28125949962629,35.78796116477599],[85.21840954026811,35.78057013510369],[85.21697042984152,35.7667699852467],[85.14662542971985,35.743811404972405],[85.03523767008244,35.75100943024108],[84.99534228991479,35.74025984011956],[84.97099556469362,35.70963475523979],[84.86061763039936,35.6765193396958],[84.76000006974749,35.62403501480412],[84.44638993015121,35.55184725974328],[84.44563466510778,35.53419871030229],[84.47479893981927,35.51793593519528],[84.45144992967056,35.474616045494145],[84.33460304509452,35.416513095503035],[84.23208497504163,35.39721441511324],[84.17237772984839,35.35847431483779],[84.13729857986561,35.379637715208446],[84.0923390552033,35.363552584983836],[84.0631758704701,35.41078046514639],[84.00389644986132,35.422120380151455],[83.91009022038742,35.4086565452634],[83.87954729037523,35.36728398546762],[83.85508136541273,35.35946281006068],[83.69113543035587,35.365453790460094],[83.61435606518035,35.33629390533952],[83.57439286983515,35.353080004938306],[83.53382031545527,35.345061285350084],[83.53689831530505,35.3653050353991],[83.49034022502144,35.360683980581314],[83.44785321005764,35.38319577496509],[83.35810059017018,35.378297399805206],[83.3605785497603,35.39633537008132],[83.29016124504545,35.39888234004803],[83.2386854297888,35.424477680400685],[83.17735315012783,35.38941417502423],[83.11576154465962,35.40070379544386],[83.05110371506447,35.4763922002399],[83.00744821995943,35.47750081970713],[82.98185591481865,35.50557203052483],[82.96760166038837,35.53961893056925],[82.98368592996178,35.554779289732494],[82.98081124524282,35.6090662553035],[82.95544290546576,35.6328309653768],[82.96504500022661,35.67218721007174],[82.79420414020893,35.69079247539247],[82.73159605531379,35.63810864489807],[82.60749998483647,35.69832124522935],[82.54417928974249,35.70871163533377],[82.50868519526563,35.69808546007596],[82.4624614648248,35.715375510071794],[82.41257824009375,35.709598615084076],[82.39335179504934,35.65489655483219],[82.33382839466475,35.654256445278804],[82.35060657033699,35.61302511052048],[82.31063828482905,35.54298075016152],[82.26849313005397,35.5522902747764],[82.24197189988331,35.5226299798897],[82.18766357001778,35.51519436003173],[82.17791404040071,35.48726874495668],[82.158124179987,35.49937348030193],[82.0770802647425,35.45168474975145],[82.03115630531931,35.454753259955055],[82.02526537000091,35.42935750974135],[82.04978562480682,35.349270244726085],[82.01056808524902,35.3113374046975],[81.95418505000009,35.30943715520061],[81.92572551731882,35.27219808547329],[81.85744139010814,35.26107747554511],[81.79720955507696,35.27628927053348],[81.72457276042462,35.2615630698798],[81.68044074964092,35.23553048994023],[81.5127314647853,35.235272389908914],[81.49714956999674,35.2527928704946],[81.49911134481277,35.28533804481498],[81.44058419990097,35.33351734025308],[81.36346116959737,35.354117370220536],[81.32279661547147,35.33903708039702],[81.27215208495079,35.34785155520518],[81.25884796246356,35.32532604526085],[81.21421171979512,35.32433328005686],[81.19155844496635,35.36608058015469],[81.15105645499148,35.363032690506316],[81.12132760028857,35.386848349871514],[81.09618545979117,35.38415684985881],[81.08849976005592,35.41084226026214],[81.04881466026842,35.40428684016558],[81.03027915985541,35.38417279483866],[81.0304931796166,35.341717845202425],[81.00040760522688,35.33549323532458],[81.02290407965961,35.311903464973],[80.96601972543004,35.31115019552516],[80.92613306508895,35.33207760030109],[80.8841918351851,35.322650115210706],[80.85533602523742,35.34260175556659],[80.6873838550809,35.337986739696305],[80.6521806652056,35.39862185501465],[80.59374454517467,35.4081767848308],[80.5646505947492,35.39285992024918],[80.52994869507626,35.40589170014192],[80.51201331046599,35.39221095507156],[80.44166663490734,35.418244300334266],[80.42956045974745,35.44996427023494],[80.37470997538509,35.38951896492836],[80.30315755537691,35.38101565554814],[80.27526279963854,35.329260515360545],[80.2704810449643,35.29307455984309],[80.35831783010383,35.20268363534154],[80.25553808971114,35.204259025433714],[80.2197526499649,35.17743506008003],[80.23600911542837,35.15168911026427],[80.2079965053345,35.12465482496026],[80.11808661020893,35.06949737500389],[80.07312576983844,35.07804248037621],[80.02808011980176,35.03956302521351],[80.040901565355,35.025428885135],[80.02675761007572,35.00163592016162],[80.04055984546056,34.98216185038916],[80.02285235984857,34.97305243482208],[80.04015537986692,34.942943975384196],[80.03483671014612,34.904853135264034],[80.00222954465784,34.8967597701473],[79.988369249941,34.85869232499084],[79.92379631994424,34.852571184812405],[79.94151831971476,34.81682043011881],[79.89637949991402,34.733938340182306],[79.90550730481834,34.68582680056642],[79.86505999542248,34.67256727545947],[79.86646740474697,34.65774211520653],[79.89044077012551,34.65000224031121],[79.8879398148706,34.62533960034233],[79.86497691515257,34.62022089038186],[79.84997961476745,34.59091462980638],[79.8635726597505,34.58592719478429],[79.83817953016126,34.550891224850204],[79.85878518988466,34.53445423037846],[79.84312207462409,34.53828476492998],[79.81964213038009,34.49348713532311],[79.72730488501247,34.4716878854876],[79.70233302484928,34.48468453516324],[79.6743705546574,34.45516360551602],[79.62798834478633,34.44916244479106],[79.6015995847531,34.466009270211714],[79.5622768901664,34.456854644826024],[79.53778366988053,34.48014464056274],[79.52392257476708,34.45945888541928],[79.48539771013628,34.44682230000922],[79.41725610028885,34.450403144989195],[79.3584649746789,34.430842840125024],[79.28175101000119,34.44246741034277],[79.24869265464235,34.419109024761724],[79.19333501469924,34.41814972512975],[79.15646089975075,34.449317389885664],[79.07758681028315,34.41263016485027],[79.05081898960475,34.42919652499967],[79.00832551481074,34.40331361023499],[79.04626096017523,34.35120012978223],[79.0353734797024,34.3343159078529],[78.96799981983588,34.366243395416404],[78.95634046024412,34.388610329703],[78.8894776054072,34.35743939051554],[78.8595304699553,34.40921569984471],[78.74645848517099,34.45263534504517],[78.75550424042842,34.48399397544165],[78.70439570469807,34.52590598996949],[78.62418997468762,34.539173105354564],[78.56999118494531,34.51054685545307],[78.55619031023468,34.55980170048815],[78.53287159015184,34.57669586981859],[78.48385469493826,34.57669586981859],[78.43793109524393,34.54504903998128],[78.41056729474491,34.59882486057893],[78.27160677533249,34.625236875281644],[78.26970320463926,34.69757249057801],[78.20386199043855,34.726228155505],[78.20426802534917,34.75539339518912],[78.22473138984185,34.77752238055348],[78.23234566542016,34.87817358034653],[78.19927116003606,34.88507401995014],[78.20117472533337,34.90506149019569],[78.17595243995322,34.92861815470411],[78.19831937513914,34.96930694016322],[78.15572701988611,34.990008249980804],[78.12170072960504,35.03426622520618],[78.14558787518035,35.07065775045487],[78.12860116471205,35.10255675469051],[78.06031063522767,35.110646920019406],[78.0536481454456,35.18702762022855],[78.01010400979226,35.23390300032327],[78.01368540515739,35.36243190470867],[78.10002582003563,35.43027622027142],[78.11225516004765,35.470875355013675],[78.13760754495229,35.491802945049926],[78.04518366969069,35.49184896515766],[78.03071654483273,35.47071935051764],[77.9999999998002,35.49481521974667],[77.95297665964517,35.481538520286506],[77.91965811512995,35.49616250039912],[77.90277269980032,35.46661301997494],[77.81338409490013,35.520987155033254],[77.79733700959537,35.495003439757],[77.75639243536267,35.497674384865036],[77.72873120478135,35.46183375552346],[77.69005519019493,35.450430045310384],[77.6505561349577,35.47826974005653],[77.63366196472793,35.457568424842975],[77.52587238000638,35.48398044494161],[77.44089587964118,35.46282108972156],[77.38550202489859,35.47138714480093],[77.37293847523051,35.49575283042884],[77.35104742979513,35.49499140053274],[77.30136428533353,35.54353240509647],[77.1890537250494,35.51916672486453],[77.06132426040637,35.595690189750485],[77.00012623513771,35.61086877007773],[76.96182880995167,35.59141667973603],[76.90434103491089,35.61273665027625],[76.84514004507707,35.669082285419165],[76.76214444540989,35.656518730355174],[76.69283074464323,35.74612923487632],[76.59217954485018,35.77158946558143],[76.56624341989794,35.816561280378835],[76.58908624483439,35.84416302530343],[76.5949820949478,35.8968730449551],[76.56975981046696,35.923760954804266],[76.54953439039986,35.92280916990734],[76.51588633518628,35.88126490974781],[76.45869846516212,35.88378600981656],[76.431572609988,35.85142534040716],[76.36256824003232,35.860229345308085],[76.36352002492924,35.82358564476175],[76.29689511991393,35.84143160528441],[76.15936226975299,35.82691689010244],[76.14556140043834,35.841907495034945],[76.16055199997487,35.918526140568986],[76.10296904518532,35.99276532476],[76.10060364024588,36.0172750952695],[76.04390132498622,36.02685015551032],[76.00380575483177,36.01607821004143],[75.94934759971204,36.070386760240865],[75.93289046042645,36.13471919983124],[75.97171433974506,36.14728646999464],[75.9695200551065,36.16045217512783],[76.01271588513004,36.16532836491217],[76.00786607515931,36.22966129553242],[76.0671528000617,36.23442248001351],[75.9853510450148,36.33702930505842],[76.0319851397025,36.40511862472482],[76.01226350995307,36.47257464000768],[75.93285367545684,36.57090187022516],[75.9400235996095,36.604028129794415],[75.85930589005483,36.670494815283575],[75.72521316525541,36.75110432020824],[75.69994564487564,36.74631679008786],[75.64169735544863,36.77185029035866],[75.58238517523569,36.76200925472335],[75.53530779032235,36.77318015474037],[75.52892441502979,36.72823056488869],[75.50185101461267,36.744249455548015],[75.45126003512257,36.725570825333364],[75.42126408536927,36.784735245135494],[75.42392382492466,36.87889001046568],[75.39120903486912,36.909477009956106],[75.41450570537404,36.94013322037188],[75.40264591028057,36.95602244497991],[75.28414704035367,36.975193745395075],[75.23494934004009,36.96479298970479],[75.16867564996136,36.98892848036513],[75.16966480978323,37.016031450491084],[75.1382095400383,37.02730786976241],[75.12337214540827,37.01167914997285],[75.02940199470635,37.01662494548492],[75.000518539599,36.99486344019567],[74.94423784540032,36.98760070510849],[74.92672724027,36.976662904869215],[74.9354318449038,36.94540546529004],[74.89883294498446,36.93571169993504],[74.85072682018665,37.018009770134825],[74.84925300492228,37.05609454972375],[74.79929052473796,37.05388329038158],[74.79084970025355,37.029615910545886],[74.75946036970038,37.025395494706345],[74.72675216538016,37.03515520015242],[74.70353988995402,37.09160323480148],[74.5690791553788,37.03216725481502],[74.5292127504681,37.08198457003192],[74.50065731498313,37.066824969896516],[74.4910724602259,37.1166599954625],[74.46010774997274,37.141186495160696],[74.48961335966885,37.162564864976616],[74.47390391043717,37.19821061482804],[74.51559895992409,37.24419780468497],[74.58519291012476,37.2331608748745],[74.5977627397587,37.260753190407456],[74.6333261701667,37.26657823509754],[74.66280587489126,37.238372759994945],[74.73506324467309,37.287483244955865],[74.79613782540036,37.24818266020168],[74.81438068012437,37.217717089871826],[74.88023740043576,37.22537908977324],[74.91236617515892,37.23839162507352],[74.93291150476222,37.2822847552373],[75.11929071529431,37.31769723533921],[75.13867243458526,37.35646067032371],[75.1303868402805,37.39099005484718],[75.1512867051174,37.42308157515464],[75.07601475028054,37.51081233472155],[75.00333838006225,37.509774099794924],[75.00333838006225,37.52898142525265],[74.9420825850433,37.555975505465256],[74.89276647998912,37.65979889020667],[74.91865743469293,37.68445694543175],[74.92060412518026,37.71482528555856],[75.0096928502449,37.77753660543004],[74.91924144004048,37.838375110522975],[74.93585317998031,37.88198092977615],[74.91111401489991,37.96396896049919],[74.92391349541157,38.02785278497811],[74.87459738496142,38.03096748975787],[74.81832186546177,38.106466554887675],[74.81510982975487,38.22414386984377],[74.79408559497426,38.266192340304315],[74.8054429298474,38.28538495555131],[74.79099636978668,38.33623967022464],[74.86530321537117,38.410892129768],[74.85526140518976,38.491625965066305],[74.81872702982861,38.493119280330575],[74.78632579020314,38.5384810150868],[74.71970883519464,38.540295485448326],[74.63067022485103,38.60501156503176],[74.60371239001483,38.59602562008632],[74.5135265352215,38.63265102482501],[74.40949695032407,38.64993168499933],[74.13847856523364,38.67554547044716],[74.11369521466247,38.61693522458103],[74.08184479540103,38.61090858965974],[74.06304184020883,38.587273749783776],[74.08342525497159,38.54321880010758],[74.03262011003011,38.54270037961885],[73.99840440004306,38.52507410458634],[73.91779010982577,38.53647934004954],[73.89433348500239,38.577775610356184],[73.80124502513786,38.609009119875054],[73.80641358541868,38.63783970024201],[73.75078119539592,38.72104508026632],[73.76251209965375,38.779418475282455],[73.69572016985,38.86684176473568],[73.74085471966964,38.93486786026358],[73.76767677036673,38.943117044615974],[73.82230781475391,38.92061362022247],[73.84262527503648,38.94741221030529],[73.83649132491479,39.00463347035844],[73.81178017461542,39.04092951998143],[73.73428921007906,39.024874869579605],[73.70572672031193,39.130836414968655],[73.68711535488978,39.15467399980531],[73.65004564009428,39.16277171494272],[73.6508598296175,39.189462499694685],[73.61708224504963,39.2394272947339],[73.5748165253624,39.23873724492796],[73.56481076000864,39.26651186023423],[73.54100394997238,39.26961709515285],[73.55064154996762,39.352990009881125],[73.50114210012788,39.379088064962275],[73.57669813461126,39.396656095402534],[73.59997385990579,39.45470211021427],[73.62711113467117,39.47068294965845],[73.74502615033663,39.45874825003176],[73.8640229649879,39.4765959849168],[73.89208521046413,39.523733879814756],[73.88348706487619,39.54064308041387],[73.91854728502926,39.56771349508176],[73.91716399462268,39.58812730513108],[73.94869339998047,39.59444688521563],[73.92096546488438,39.723376239721745],[73.90506674973079,39.74304421052193],[73.84122619523276,39.76119882556537],[73.84840825483712,39.82384221514616],[73.9132463148656,39.871323515268045],[73.91235686467763,39.92651885995747],[73.97226556970031,39.99574579503246],[73.9415107351324,40.02182220523065],[73.9992221499823,40.04539963508512],[74.01292784494416,40.079092804789184],[74.03890607975183,40.09489343988042],[74.08788086510987,40.07952111051088],[74.12392970009563,40.10507652006538],[74.25249198012085,40.126277514795504],[74.2806885897067,40.099579965343196],[74.36499765461815,40.09643907500339],[74.53273568990022,40.2087031799079],[74.58396827001968,40.27000083027417],[74.6169852898393,40.280704980350606],[74.65980188025264,40.26985006972501],[74.68813498983798,40.2871210199192],[74.70477649014299,40.348005220464586],[74.80743651008692,40.34833586970467],[74.8606769498814,40.327961735046074],[74.90276366491128,40.336884714857774],[74.9087008199869,40.34948586518061],[74.79336834517306,40.44294811476374],[74.81314761517035,40.46168637003001],[74.8172669849834,40.50622838982838],[74.837351420132,40.52079272510423],[74.98544907041833,40.45607138538617],[75.01681598986607,40.4666951747426],[75.09538890987034,40.44179797000038],[75.12908848004935,40.46183393528793],[75.23787743459599,40.45022692523247],[75.34674426503585,40.534559350034044],[75.41714527043791,40.5566233198104],[75.57853035988825,40.66024828982677],[75.63256976997894,40.624027874986496],[75.62757290016924,40.54907485482073],[75.64713207008901,40.513240169997914],[75.72879517485751,40.47198032043548],[75.67925479507278,40.41173236505665],[75.6667857902321,40.36233097549416],[75.70338252997982,40.3110811652636],[75.70238315475882,40.281671024897946],[75.78247581480707,40.30065912531842],[75.82359289969264,40.32678560527154],[75.92082719461939,40.293539779936964],[75.92563370493161,40.33127803005709],[75.95504722045291,40.37539141498189],[75.98856449985186,40.379633634884385],[76.04123779029186,40.355521075137574],[76.04152332504145,40.385597460254644],[76.06655383539123,40.39567363982667],[76.17838991965914,40.382361395561986],[76.2740442550384,40.43851667480476],[76.27946942517389,40.410629389734595],[76.32287079525105,40.38988049049232],[76.32306115025193,40.35475964524147],[76.33857523525893,40.34076841553002],[76.3620385204614,40.38200768500673],[76.43116006488515,40.38696961975222],[76.53808709004721,40.464599534940646],[76.55280432535938,40.54219048520281],[76.61535195512869,40.60807002041514],[76.65518413004361,40.62520213507054],[76.65532690011639,40.67916831516567],[76.67203071534527,40.6941589147022],[76.64213873531446,40.75775595976978],[76.66783691494174,40.78059878470623],[76.69025143505576,40.77945664480836],[76.72679996034992,40.82014543026747],[76.71666345515439,40.840989504761865],[76.72967109544476,40.84555224484029],[76.73246307491104,40.89985737042139],[76.75682875514298,40.9522055154722],[76.84667720498908,40.97609530505434],[76.87716602998836,41.02717519018296],[76.93584353974762,41.02803179982777],[76.99866130967177,41.071861470230715],[77.01629311463557,41.054372429943726],[77.09901508028179,41.05685896996556],[77.10645089529265,41.03425409035401],[77.16504863968305,41.00851244469362],[77.22780340490328,41.026074689795166],[77.28847965970857,41.002577515440066],[77.36268060472617,41.04312207482394],[77.4673853853273,41.021018335228064],[77.46693923525754,40.99796731004335],[77.48746208540695,40.99395197020732],[77.689890470369,41.00779151036994],[77.73433879969593,41.031395759806514],[77.76593804460515,41.019688815286656],[77.78687729974763,41.045767704915704],[77.82306097008774,41.054809660537444],[77.79921876993035,41.101351915558496],[77.82898949976567,41.14973075976678],[77.90139864543119,41.1837130803944],[78.01470480468305,41.191213290461064],[78.12937974467951,41.22968695039248],[78.15903049506136,41.37818168553639],[78.22713066504821,41.39645594548557],[78.3816052748636,41.392601220070276],[78.3958816795959,41.40891229056979],[78.50413704478882,41.43110946522967],[78.5637121103257,41.47838769483633],[78.64576256479057,41.46784834012885],[78.70115642043254,41.520101305430956],[78.70334552497604,41.54960662014946],[78.81527536986249,41.56150392506612],[78.95014322033342,41.64925845011743],[79.02181258458319,41.65658719004682],[79.0381832747384,41.67952519473198],[79.10400907995512,41.697585300021615],[79.13579141514174,41.724181184713984],[79.2107444398041,41.72560886026076],[79.32174569960443,41.80930818482494],[79.3549391798993,41.79288990524498],[79.41347391958578,41.83815915012474],[79.46423736476265,41.8498235549132],[79.54681265008378,41.83397844025285],[79.60615923026432,41.85263211967663],[79.64086798456987,41.88663114970785],[79.77004416520612,41.89245607029147],[79.81153388508079,41.958616649938506],[79.85311495539094,41.986514260125034],[79.84954576472529,42.01413980470829],[79.91536165491652,42.04262195533903],[80.15505666033664,42.03664950457102],[80.18870419484279,42.0824443249457],[80.13535472034414,42.15022117966379],[80.15919691960221,42.15143470504768],[80.1677629800775,42.20311659995116],[80.2315339198546,42.21161382991437],[80.28599076016553,42.23912917966794],[80.26866828511334,42.28576661533708],[80.27851925465995,42.317603804671876],[80.23364847509708,42.348665514901654],[80.23195023041887,42.39240513528881],[80.20453360014557,42.43444793012793],[80.21880458016727,42.47915401504582],[80.27776849521996,42.50915221490283],[80.22119649981869,42.53274114528767],[80.16248683030301,42.62149606988777],[80.17574852007817,42.671839475011836],[80.22761897043921,42.69400739472553],[80.21591201962406,42.713281029895654],[80.26009736020507,42.78019977489976],[80.25803816992567,42.82336255034147],[80.27489673959292,42.835419299661],[80.399033220207,42.830922120159755],[80.49827099960703,42.876117474941566],[80.59297947482298,42.88958659514532],[80.57198073042645,42.92432672499842],[80.47665124455932,42.94523797525238],[80.39946244503585,42.99078280478267],[80.37408009472063,43.02394002531196],[80.41017935019693,43.05496479498936],[80.4802782697264,43.070098169994594],[80.63104091970274,43.14290967504155],[80.78594383523983,43.13520021971442],[80.79866205031345,43.17388926457795],[80.7666880453171,43.25969858032528],[80.77248798003632,43.3063954998525],[80.69314247494532,43.31535535996193],[80.68343427457216,43.3299176645686],[80.73211804471202,43.3871674951838],[80.75653131526803,43.447558215239496],[80.75174266998829,43.490712564933006],[80.51882295541509,43.813981309989515],[80.50966917539216,43.896147345323755],[80.45623745969107,43.98570092995402],[80.4431844504021,44.08169829553998],[80.39071904544767,44.11592141504133],[80.40406304027715,44.2900150797322],[80.34667371042343,44.4802417302717],[80.37065867525769,44.513792129902924],[80.40293526974693,44.62337914463188],[80.32826328502262,44.69868072493557],[80.2168671895692,44.73900911967519],[80.18102379481235,44.790517709824485],[80.18526996993324,44.819170499618906],[80.1665312398249,44.84543213508499],[80.12170891483458,44.8155678946427],[80.0014003202686,44.79415959988569],[79.99476676527405,44.82717661970531],[79.94932769961372,44.8539822200035],[79.96500701975822,44.8794611053458],[79.89339475976044,44.89649728482186],[79.89098255500096,44.91323193960238],[80.10499276540384,45.05370896509669],[80.13321227982289,45.04425140038188],[80.15310546964179,45.06094252527737],[80.2062998047922,45.028927670375765],[80.31648921960186,45.07230238994339],[80.34136505465358,45.04878341512256],[80.37513588980954,45.04350672485555],[80.43696343961113,45.076181874593885],[80.44465244975083,45.101740619733846],[80.48402281020458,45.127406609927164],[80.59006394019872,45.104857124956425],[80.69655978540584,45.136074360343514],[80.72610825499203,45.155693929631184],[80.71331787022359,45.173156740291404],[80.7230166546949,45.17824136504703],[80.76893855467063,45.154266254983725],[80.82931083502706,45.14880390507619],[80.8493875351067,45.12857848500914],[80.89623317462139,45.12961949974016],[80.94229557478099,45.163306720428864],[81.07827762501245,45.183317984937105],[81.10695012974475,45.22019962990902],[81.16215362498986,45.20961103012502],[81.17143351964125,45.22888466529514],[81.22746983026849,45.24649267509693],[81.27398829012753,45.236379965063406],[81.3389475751705,45.26338684982329],[81.37666203462527,45.257676144938216],[81.40504968989131,45.278621850018396],[81.46208468506023,45.26481452537013],[81.51740714982014,45.28039999496383],[81.53263570457415,45.305860230165536],[81.57137339466647,45.310566740362844],[81.57569004515949,45.33366556001761],[81.62105368467985,45.35363593505042],[81.72658278027114,45.36291583509774],[81.77681223499673,45.385657614907075],[81.92407515524428,45.232212180247984],[82.06064950976713,45.255041314804885],[82.08890561040567,45.250579824899035],[82.08753960496887,45.222402049814775],[82.11537710986579,45.21057514023062],[82.29087402991263,45.24429019493658],[82.47928301479936,45.17856134023373],[82.54937486026165,45.19972077459414],[82.58453000025935,45.222828924715145],[82.5968407352118,45.34680542043384],[82.54466767467352,45.424777845121525],[82.27784207465209,45.538715594649034],[82.26275001989757,45.61825343504802],[82.28228092502474,45.64438782993443],[82.29100016972211,45.726596240424215],[82.3379707295656,45.783417769814264],[82.33868457003695,45.93617916483663],[82.39345769471691,45.971681675169236],[82.45568669018866,45.97724525456488],[82.51785307036295,46.160353104712044],[82.72492241483764,46.49292807477087],[82.8241186653442,46.77375042004593],[82.87456323970179,46.7975450298793],[82.93529430009193,47.0155407352168],[82.98968482979114,47.06566282527922],[83.00987665478385,47.114111169994544],[83.0251854596413,47.221794114906515],[83.147061274858,47.23710890025558],[83.24499989003294,47.1775747853481],[83.36418068529048,47.17759750492098],[83.4146945847873,47.12098235015537],[83.46079799493157,47.13224438027396],[83.53766053480587,47.08334645457529],[83.56578576520099,47.0814904751054],[83.57049709486512,47.06121747011019],[83.69382455975568,47.034713284790314],[83.6978220552437,47.014820989796874],[83.77261596015848,47.025253854881555],[83.90702444502216,46.98464939525343],[83.9178033998071,46.96823111027754],[83.99309906526969,46.99141896011696],[84.09351256525275,46.96642418972465],[84.19287886047107,47.00340100994873],[84.37662083518347,46.995406025267926],[84.42930210530795,47.00725573986057],[84.5110172403534,46.97206250997692],[84.58679016523399,46.99726564519341],[84.74736411476215,47.00819128030338],[84.77353818503929,46.98112490988672],[84.84596303016974,46.9568841553795],[84.92909544999509,46.863044159960054],[84.97202980483166,46.88095746531485],[84.98981979514747,46.920909564824626],[85.07183467962682,46.9329705796286],[85.08903401500783,46.95999799501152],[85.16800237500968,46.99583862974902],[85.21497689996403,47.0533918403612],[85.2645172797487,47.054676750331794],[85.27308334022405,47.06795414496787],[85.32319479040729,47.04425471038661],[85.44297685529767,47.06181513526036],[85.53710071992236,47.05555620005862],[85.54913946031792,47.1158875900403],[85.68776685465667,47.23909608002015],[85.69646426021751,47.291805900022325],[85.67013790504035,47.322072644636876],[85.70005286994405,47.38268227496707],[85.68629006983093,47.43790480526263],[85.61295289036366,47.509156724902994],[85.55221764992467,47.96614207489688],[85.54255778541352,48.014445695312645],[85.52653477046334,48.024151900090146],[85.5655282403361,48.15309975994603],[85.59182128462464,48.19830951557174],[85.62560963048014,48.207470439809015],[85.66748814526176,48.25184738994517],[85.71819010019306,48.36505256522378],[85.7690755653851,48.40744519993609],[85.82500850973497,48.426441295329596],[86.0641014100521,48.441028500365064],[86.2242954652636,48.43194642508752],[86.31014308043888,48.48962255054033],[86.37607686995165,48.5028836449643],[86.40656521471294,48.47848176971797],[86.58700794466097,48.54107082495864],[86.59349411516132,48.57606714018641],[86.63641814488153,48.628420825061085],[86.68829570528266,48.64098340525999],[86.70007634025097,48.668225755014646],[86.77217363970175,48.71980571536153],[86.75063326511315,48.78350450972539],[86.76441740973576,48.80723480004605],[86.81793275519254,48.83174743489627],[86.82004046029908,48.84798137054389],[86.74087594466914,48.914490360142054],[86.73283752003556,48.99231467008599],[86.76008685032792,49.021743949823474],[86.83404793536397,49.05019798494908],[86.84413458034669,49.100916589928715],[86.88692725958543,49.131808439807685],[86.99942422504802,49.14296742470691],[87.08285988007947,49.13368610552942],[87.10698761498651,49.15529161531583],[87.13834891007417,49.15453018541979],[87.20549291996235,49.13872925984754],[87.23171896026184,49.114555240432026],[87.29089520974617,49.11950961997303],[87.43283544030339,49.07640206020699],[87.5102393046003,49.10302823046851],[87.4963194549789,49.142289334984866],[87.67323238546629,49.156447129931166],[87.71368322020453,49.18071763041439],[87.79720229994626,49.180598660000214]]]}},{"type":"Feature","properties":{"name":"江苏省","adcode":"320000","region_code":"320000","population":84748016,"elderly_65plus":13726531,"aging_rate":0.162,"youth_rate":0.1521,"source_year":"2020","source_name":"第七次全国人口普查（省市分年龄性别）","license":"普查数据，来源标注 required"},"geometry":{"type":"MultiPolygon","coordinates":[[[[121.5662,32.2293],[121.5669,32.1773],[121.5569,32.2163],[121.5438,32.2164],[121.5349,32.1842],[121.5341,32.2288],[121.5662,32.2293]]],[[[121.4303,32.5227],[121.3998,32.5315],[121.4311,32.5292],[121.4303,32.5227]]],[[[119.4384,34.778],[119.4963,34.7558],[119.3756,34.7619],[119.4384,34.778]]],[[[119.2397,35.1269],[119.2866,35.11],[119.2961,35.0837],[119.281,35.0767],[119.2998,35.0347],[119.2871,35.031],[119.2803,35.0765],[119.2144,35.0407],[119.2012,34.9204],[119.1844,34.8869],[119.2021,34.8812],[119.1986,34.8544],[119.1829,34.852],[119.2099,34.8522],[119.1926,34.8283],[119.2067,34.8287],[119.22,34.7907],[119.2645,34.7961],[119.3266,34.7627],[119.3642,34.7654],[119.3724,34.7491],[119.4455,34.7448],[119.4599,34.7301],[119.519,34.7331],[119.502,34.7137],[119.4744,34.7166],[119.478,34.7001],[119.4494,34.6755],[119.525,34.6198],[119.5552,34.6284],[119.5602,34.5963],[119.6421,34.5599],[119.6419,34.5151],[119.7156,34.5255],[119.7782,34.4995],[119.7918,34.4669],[120.0088,34.4254],[120.0869,34.3692],[120.2762,34.2972],[120.2756,34.2549],[120.3234,34.1031],[120.476,33.8436],[120.4681,33.7994],[120.4873,33.8096],[120.5136,33.7936],[120.5811,33.6571],[120.562,33.6308],[120.5817,33.6261],[120.5804,33.5942],[120.5418,33.5556],[120.5937,33.5127],[120.6507,33.4989],[120.6549,33.4694],[120.6699,33.4769],[120.6911,33.4247],[120.7053,33.4253],[120.7195,33.348],[120.6712,33.3301],[120.7262,33.3492],[120.7946,33.2248],[120.829,33.2311],[120.8362,33.2153],[120.8248,33.2113],[120.8374,33.1825],[120.8234,33.1781],[120.8516,33.1295],[120.8612,33.0558],[120.8123,33.0467],[120.8838,33.0202],[120.8801,33.0101],[120.9053,33.0252],[120.9242,32.968],[120.8927,32.953],[120.9174,32.9477],[120.9329,32.9023],[120.9099,32.8723],[120.9687,32.876],[120.9453,32.7225],[120.9079,32.7204],[120.8924,32.6969],[120.8976,32.6859],[120.9447,32.689],[120.9679,32.6495],[120.9416,32.602],[121.0154,32.6028],[121.0405,32.5885],[121.0274,32.5664],[121.041,32.5596],[121.2609,32.4706],[121.2477,32.4565],[121.2826,32.4481],[121.2915,32.4606],[121.4127,32.4042],[121.4188,32.3149],[121.4365,32.3092],[121.4364,32.2775],[121.4788,32.2598],[121.479,32.245],[121.4581,32.2403],[121.4832,32.2323],[121.4533,32.1993],[121.4369,32.2098],[121.4121,32.1972],[121.4122,32.1761],[121.4531,32.1524],[121.4903,32.1683],[121.5148,32.158],[121.4399,32.134],[121.4767,32.1362],[121.4814,32.1156],[121.486,32.1364],[121.4997,32.1368],[121.5051,32.1159],[121.5083,32.137],[121.5197,32.1355],[121.5135,32.1126],[121.5645,32.0958],[121.573,32.1122],[121.6705,32.0874],[121.6221,32.0835],[121.6594,32.0728],[121.6648,32.0574],[121.6749,32.0688],[121.7025,32.0563],[121.6827,32.0836],[121.7324,32.0584],[121.7513,32.0412],[121.7337,32.0191],[121.8265,31.9586],[121.9319,31.7372],[121.9582,31.733],[121.9514,31.7072],[121.882,31.6908],[121.8748,31.6352],[121.5998,31.7031],[121.446,31.7634],[121.4176,31.7801],[121.3704,31.8491],[121.3014,31.8725],[121.1711,31.8194],[121.097,31.7651],[121.3822,31.5471],[121.32,31.5019],[121.3012,31.5071],[121.2562,31.4799],[121.2363,31.4956],[121.1429,31.4453],[121.1598,31.4333],[121.1433,31.4234],[121.1539,31.4121],[121.1442,31.389],[121.1091,31.3762],[121.1024,31.3573],[121.1257,31.3461],[121.1253,31.3045],[121.1389,31.3118],[121.1565,31.284],[121.1102,31.2876],[121.1,31.2757],[121.0827,31.2941],[121.0778,31.2736],[121.0577,31.27],[121.064,31.1517],[121.0401,31.1563],[121.0362,31.1397],[121.0135,31.1364],[120.8744,31.1354],[120.8524,31.1053],[120.8982,31.0879],[120.8894,31.0071],[120.8433,30.992],[120.8174,31.0083],[120.769,31.0036],[120.766,30.9805],[120.7415,30.9653],[120.685,30.9674],[120.7082,30.9226],[120.6948,30.8711],[120.6804,30.887],[120.6512,30.8494],[120.5848,30.8584],[120.5,30.7603],[120.4357,30.8601],[120.4473,30.8702],[120.4321,30.8862],[120.4315,30.9259],[120.4135,30.9285],[120.4195,30.9028],[120.361,30.8823],[120.3493,30.9118],[120.3655,30.9503],[120.2512,30.9285],[120.1274,30.9459],[119.9896,31.0344],[119.9154,31.1736],[119.8728,31.1637],[119.8256,31.1742],[119.8027,31.1502],[119.7836,31.1566],[119.7753,31.1824],[119.7104,31.1725],[119.6981,31.1535],[119.6631,31.1657],[119.6366,31.1503],[119.6333,31.1364],[119.6466,31.1421],[119.6477,31.1332],[119.6105,31.1322],[119.5968,31.1135],[119.6017,31.1148],[119.6061,31.1051],[119.5853,31.1052],[119.5657,31.124],[119.5724,31.1357],[119.5275,31.1613],[119.4551,31.1585],[119.4251,31.1867],[119.3807,31.1707],[119.4028,31.1968],[119.3581,31.2],[119.3567,31.2385],[119.3758,31.2678],[119.3487,31.3046],[119.3423,31.2597],[119.2979,31.2715],[119.2339,31.2562],[119.2093,31.277],[119.1945,31.2695],[119.1956,31.2961],[119.1807,31.3035],[119.1013,31.2552],[119.099,31.2357],[119.0144,31.2451],[118.9862,31.232],[118.9136,31.2465],[118.8793,31.2316],[118.8649,31.2445],[118.7975,31.2306],[118.7575,31.2788],[118.6965,31.3019],[118.7133,31.2972],[118.7495,31.3874],[118.7603,31.3911],[118.7642,31.3651],[118.8063,31.3735],[118.8475,31.3994],[118.8713,31.4364],[118.8825,31.5313],[118.864,31.5572],[118.879,31.5676],[118.8625,31.5733],[118.8722,31.5923],[118.855,31.5971],[118.8668,31.6113],[118.8375,31.6348],[118.7958,31.623],[118.7772,31.656],[118.7904,31.6715],[118.769,31.6841],[118.7427,31.679],[118.7217,31.6301],[118.7077,31.6451],[118.6518,31.6435],[118.6402,31.6808],[118.6597,31.6827],[118.6862,31.7176],[118.6474,31.7345],[118.6373,31.7613],[118.5967,31.7597],[118.55,31.7322],[118.5155,31.7452],[118.5417,31.7611],[118.478,31.7831],[118.499,31.8426],[118.4615,31.8598],[118.4731,31.8852],[118.4296,31.9016],[118.4092,31.8889],[118.4047,31.9119],[118.3704,31.9127],[118.3542,31.9338],[118.363,31.9678],[118.3772,31.969],[118.3663,31.986],[118.384,31.9858],[118.3833,32.0148],[118.3965,32.0188],[118.3769,32.0331],[118.3779,32.0615],[118.4954,32.123],[118.4899,32.1755],[118.5043,32.1967],[118.6386,32.2118],[118.6705,32.2537],[118.6545,32.2663],[118.6658,32.2883],[118.6528,32.305],[118.7025,32.337],[118.6876,32.3544],[118.6964,32.3818],[118.6732,32.395],[118.6859,32.4751],[118.5886,32.4824],[118.5882,32.5049],[118.6106,32.5204],[118.604,32.5397],[118.5594,32.5648],[118.5643,32.5881],[118.5973,32.6008],[118.6304,32.5819],[118.6498,32.6004],[118.694,32.589],[118.6912,32.6077],[118.7146,32.6122],[118.7283,32.5925],[118.7564,32.6068],[118.7822,32.5848],[118.8197,32.6041],[118.8124,32.5829],[118.8397,32.5694],[118.8799,32.5921],[118.8976,32.586],[118.8826,32.5549],[118.9293,32.5597],[118.9704,32.5072],[119.0349,32.5161],[119.0561,32.4632],[119.0797,32.4526],[119.0891,32.4771],[119.1472,32.5059],[119.146,32.5354],[119.1619,32.5384],[119.147,32.5586],[119.1713,32.5956],[119.1829,32.6003],[119.2061,32.5705],[119.2233,32.6056],[119.2034,32.6164],[119.2146,32.6302],[119.2051,32.7287],[119.1795,32.8278],[119.0948,32.8335],[119.048,32.8736],[119.0394,32.9128],[119.0098,32.9088],[119.0246,32.9297],[119.0038,32.9617],[118.9295,32.9393],[118.8871,32.9426],[118.8863,32.962],[118.8434,32.9601],[118.8422,32.9244],[118.8025,32.917],[118.8054,32.8559],[118.7336,32.8536],[118.7301,32.7726],[118.7546,32.7392],[118.6999,32.7232],[118.6324,32.7479],[118.5757,32.7241],[118.4786,32.7225],[118.4535,32.7272],[118.4464,32.7455],[118.4184,32.718],[118.3648,32.7207],[118.3583,32.7741],[118.3198,32.7627],[118.3196,32.7767],[118.2961,32.7848],[118.3002,32.8182],[118.2809,32.859],[118.2389,32.8552],[118.2229,32.9267],[118.3048,32.9649],[118.2511,32.9797],[118.2268,33.0646],[118.2059,33.0632],[118.2228,33.0739],[118.2003,33.0911],[118.2193,33.0895],[118.2163,33.1078],[118.1977,33.1119],[118.2155,33.1161],[118.2073,33.1992],[118.1657,33.2164],[118.1454,33.1707],[118.065,33.1417],[118.0368,33.1535],[118.0323,33.1371],[118.0305,33.1549],[117.9854,33.1801],[117.9739,33.2287],[117.9353,33.232],[117.9393,33.266],[117.9784,33.298],[117.9861,33.3353],[117.9646,33.3512],[117.9907,33.3487],[118.0187,33.3717],[118.019,33.4466],[118.0442,33.4934],[118.1013,33.4768],[118.1064,33.6182],[118.163,33.6653],[118.151,33.7234],[118.1804,33.7461],[118.136,33.7489],[118.1056,33.7716],[118.06,33.767],[118.0168,33.7399],[117.9551,33.762],[117.9474,33.7313],[117.9266,33.7275],[117.9103,33.74],[117.8924,33.7351],[117.8963,33.7241],[117.8213,33.7388],[117.7541,33.7182],[117.7326,33.7269],[117.7173,33.742],[117.7384,33.765],[117.753,33.8874],[117.7044,33.8832],[117.6653,33.9339],[117.6546,33.973],[117.6647,33.9961],[117.6177,34.0343],[117.6012,34.0352],[117.6072,33.9997],[117.5588,33.9797],[117.5607,33.9973],[117.5376,34.0091],[117.5406,34.0461],[117.5084,34.0623],[117.4507,34.0268],[117.4086,34.0224],[117.3525,34.0887],[117.3139,34.0851],[117.3007,34.0645],[117.2864,34.0775],[117.2276,34.0656],[117.1436,34.0799],[117.1525,34.101],[117.1138,34.105],[117.1308,34.1114],[117.1238,34.1271],[117.02,34.1685],[117.0425,34.2049],[117.0439,34.2448],[117.0139,34.2439],[117.0145,34.26],[116.9986,34.2562],[116.9696,34.2888],[116.9776,34.355],[116.9539,34.3656],[116.9654,34.3927],[116.877,34.4119],[116.8664,34.3931],[116.8284,34.3859],[116.7515,34.4653],[116.5677,34.4866],[116.5642,34.4976],[116.5895,34.4964],[116.5941,34.5136],[116.5152,34.5425],[116.5202,34.5544],[116.487,34.5702],[116.4954,34.5903],[116.4329,34.6252],[116.4249,34.6523],[116.3817,34.6346],[116.3621,34.6472],[116.3891,34.7026],[116.3552,34.7201],[116.3574,34.7473],[116.3903,34.7518],[116.4036,34.8531],[116.4386,34.8969],[116.5538,34.9096],[116.6266,34.9417],[116.6507,34.93],[116.6997,34.9371],[116.7498,34.9085],[116.7759,34.9175],[116.781,34.9401],[116.7929,34.9348],[116.7925,34.9452],[116.7775,34.9502],[116.7731,34.9628],[116.7809,34.9758],[116.7961,34.9706],[116.7935,34.9293],[116.8062,34.9289],[116.8002,34.9682],[116.8099,34.9278],[116.8933,34.9007],[116.9027,34.9112],[116.9209,34.9014],[116.9198,34.8725],[116.9636,34.8701],[116.9892,34.8015],[117.0415,34.767],[117.0743,34.7033],[117.0545,34.6483],[117.1227,34.6447],[117.1538,34.5632],[117.149,34.5057],[117.1685,34.5081],[117.1733,34.4832],[117.2224,34.4714],[117.2315,34.4458],[117.2616,34.4769],[117.2625,34.5343],[117.2968,34.5455],[117.2668,34.5574],[117.2994,34.5744],[117.3052,34.5557],[117.325,34.5607],[117.3118,34.5742],[117.3693,34.5848],[117.3969,34.5702],[117.4033,34.5406],[117.422,34.5372],[117.4196,34.5183],[117.4362,34.5291],[117.4822,34.4708],[117.5453,34.4774],[117.5833,34.4633],[117.6072,34.4931],[117.6551,34.5034],[117.6787,34.548],[117.7914,34.5227],[117.7881,34.655],[117.8978,34.6456],[117.9045,34.6724],[117.9263,34.6578],[117.9571,34.6804],[118.0064,34.6496],[118.0958,34.6564],[118.0898,34.6359],[118.1093,34.6149],[118.0723,34.5712],[118.1839,34.5448],[118.1582,34.5024],[118.1334,34.5026],[118.1216,34.4862],[118.1758,34.4513],[118.1649,34.3825],[118.2115,34.3784],[118.2147,34.4073],[118.263,34.4062],[118.2946,34.4261],[118.3701,34.4154],[118.4032,34.4341],[118.4337,34.519],[118.4176,34.6092],[118.4316,34.6283],[118.4705,34.6223],[118.4588,34.6695],[118.4889,34.6638],[118.5023,34.6899],[118.5254,34.6862],[118.5213,34.7135],[118.5893,34.7199],[118.5995,34.6904],[118.6676,34.6975],[118.6744,34.6795],[118.7667,34.7157],[118.7563,34.7457],[118.7309,34.7349],[118.7047,34.7514],[118.7104,34.7661],[118.7344,34.7681],[118.7255,34.7915],[118.769,34.7978],[118.7829,34.8294],[118.7591,34.8499],[118.7991,34.8482],[118.7941,34.8755],[118.8184,34.91],[118.8569,34.9283],[118.8632,35.0331],[118.9208,35.0525],[119.1105,35.0513],[119.127,35.0971],[119.2184,35.1084],[119.2397,35.1269]]]]}},{"type":"Feature","properties":{"name":"台湾省","adcode":"710000","region_code":"710000","population":null,"elderly_65plus":null,"aging_rate":null,"youth_rate":null,"source_year":"2020","source_name":"台湾省边界；同口径年龄结构数据暂缺","license":"边界仅用于完整地图表达；不得将空值解释为零","data_status":"同口径数据暂缺"},"geometry":{"type":"MultiPolygon","coordinates":[[[[123.7003,25.9353],[123.6905,25.931],[123.6916,25.9373],[123.7003,25.9353]]],[[[123.4923,25.7419],[123.4644,25.7353],[123.4586,25.7394],[123.477,25.7518],[123.4923,25.7419]]],[[[122.0767,25.6354],[122.0649,25.6293],[122.0662,25.6343],[122.0767,25.6354]]],[[[121.5103,25.2905],[121.577,25.2983],[121.618,25.2771],[121.6568,25.2121],[121.6923,25.2079],[121.6861,25.189],[121.7072,25.1648],[121.7492,25.1568],[121.7422,25.1305],[121.7727,25.1554],[121.8064,25.1482],[121.8215,25.1214],[121.9243,25.1292],[121.9133,25.0852],[121.9355,25.0227],[121.9764,25.0254],[122.0049,25.0072],[121.9262,24.9692],[121.8335,24.8653],[121.8188,24.7593],[121.8498,24.6297],[121.8857,24.5994],[121.857,24.5996],[121.8771,24.5793],[121.8735,24.5345],[121.8414,24.52],[121.8516,24.4838],[121.7964,24.4263],[121.7715,24.3058],[121.7592,24.3067],[121.741,24.2587],[121.6649,24.1961],[121.6634,24.1363],[121.6171,24.0832],[121.6469,24.0077],[121.6063,23.9573],[121.602,23.8779],[121.5495,23.718],[121.5028,23.5193],[121.5144,23.4888],[121.4658,23.3219],[121.4299,23.2861],[121.4201,23.226],[121.3961,23.2046],[121.3988,23.1366],[121.412,23.1232],[121.3593,23.0891],[121.3157,22.9809],[121.2349,22.8669],[121.1895,22.8484],[121.1999,22.7969],[121.1741,22.7579],[121.0343,22.6672],[121.0074,22.5898],[120.9789,22.5589],[120.8934,22.3317],[120.8853,22.1291],[120.9,22.1043],[120.8999,22.0344],[120.8455,21.9876],[120.84,21.9571],[120.8662,21.9005],[120.766,21.9593],[120.7285,21.9185],[120.7113,21.9347],[120.7149,21.979],[120.6859,22.027],[120.7067,22.0563],[120.7009,22.0834],[120.7176,22.0944],[120.6427,22.3031],[120.585,22.3722],[120.454,22.4472],[120.4838,22.4334],[120.4796,22.4538],[120.4522,22.4483],[120.4455,22.4719],[120.3035,22.5266],[120.325,22.5303],[120.3193,22.551],[120.3415,22.5436],[120.2517,22.6454],[120.2749,22.7068],[120.2616,22.7016],[120.2037,22.8063],[120.1898,22.8582],[120.2184,22.8488],[120.205,22.8616],[120.2109,22.8794],[120.193,22.8632],[120.1796,22.8987],[120.1627,22.9673],[120.1752,22.9767],[120.0386,23.0635],[120.0364,23.1021],[120.0858,23.1265],[120.069,23.1846],[120.0879,23.2072],[120.084,23.2328],[120.0952,23.2188],[120.1178,23.2717],[120.0981,23.2714],[120.0973,23.2904],[120.1143,23.2935],[120.1053,23.3001],[120.1322,23.3688],[120.155,23.3628],[120.1316,23.3845],[120.1634,23.3929],[120.1455,23.4286],[120.1543,23.4471],[120.1333,23.4515],[120.1547,23.4929],[120.1252,23.4886],[120.1192,23.516],[120.1533,23.5179],[120.1555,23.5185],[120.1571,23.522],[120.1396,23.5497],[120.1418,23.6413],[120.1875,23.7003],[120.1697,23.7071],[120.1801,23.755],[120.2017,23.7565],[120.1656,23.7673],[120.1841,23.7978],[120.1752,23.8044],[120.2237,23.8188],[120.2225,23.8331],[120.243,23.8224],[120.2605,23.8352],[120.2523,23.8606],[120.2875,23.8756],[120.3303,23.9888],[120.4344,24.09],[120.4378,24.1253],[120.3798,24.0941],[120.4293,24.158],[120.4676,24.1657],[120.4887,24.2053],[120.4612,24.2162],[120.4721,24.2408],[120.4822,24.2372],[120.4948,24.2697],[120.5084,24.2837],[120.4786,24.2227],[120.492,24.2394],[120.5061,24.2309],[120.517,24.2774],[120.5202,24.2596],[120.5338,24.2848],[120.5114,24.2946],[120.5276,24.3135],[120.5495,24.3071],[120.5899,24.3949],[120.6874,24.5238],[120.7233,24.6056],[120.7717,24.6086],[120.7553,24.6239],[120.7798,24.6608],[120.829,24.6731],[120.866,24.7248],[120.9035,24.7482],[120.9191,24.8471],[120.9462,24.8439],[120.9372,24.8534],[120.9503,24.8601],[120.9347,24.8588],[121.038,25.0271],[121.2121,25.1086],[121.3361,25.1255],[121.3896,25.1473],[121.4158,25.1693],[121.4615,25.1222],[121.4456,25.1663],[121.407,25.1868],[121.4527,25.2498],[121.5103,25.2905]]],[[[121.3751,25.1717],[121.3938,25.1659],[121.3718,25.1565],[121.3751,25.1717]]],[[[121.764,25.1532],[121.7574,25.1609],[121.776,25.1579],[121.764,25.1532]]],[[[121.3791,25.1523],[121.3662,25.1399],[121.3645,25.1431],[121.3791,25.1523]]],[[[121.962,24.8355],[121.9423,24.8377],[121.9396,24.8438],[121.9556,24.8496],[121.962,24.8355]]],[[[120.3986,24.0586],[120.3654,24.0595],[120.3774,24.085],[120.4194,24.086],[120.3986,24.0586]]],[[[120.2378,23.8352],[120.2444,23.8255],[120.2309,23.8347],[120.2378,23.8352]]],[[[119.6223,23.7434],[119.602,23.7307],[119.5965,23.7377],[119.6101,23.7559],[119.6223,23.7434]]],[[[120.1686,23.737],[120.1535,23.7176],[120.1564,23.7385],[120.1686,23.737]]],[[[120.1374,23.6454],[120.1378,23.6647],[120.1503,23.6847],[120.1406,23.6663],[120.1374,23.6454]]],[[[119.5876,23.6728],[119.6122,23.6528],[119.5974,23.6413],[119.6104,23.6357],[119.6036,23.6243],[119.5885,23.6227],[119.5809,23.6618],[119.5511,23.6619],[119.5876,23.6728]]],[[[119.5198,23.6553],[119.5198,23.6479],[119.5136,23.6541],[119.5198,23.6553]]],[[[119.5124,23.6485],[119.5437,23.6407],[119.5175,23.6274],[119.5179,23.5669],[119.468,23.5608],[119.503,23.5784],[119.4924,23.5949],[119.5089,23.612],[119.5022,23.6311],[119.5124,23.6485]]],[[[119.6069,23.6223],[119.6051,23.6091],[119.597,23.6167],[119.6069,23.6223]]],[[[119.6559,23.6073],[119.6934,23.5552],[119.643,23.5591],[119.6056,23.5287],[119.6065,23.508],[119.5727,23.5081],[119.5412,23.539],[119.5481,23.5543],[119.5573,23.5268],[119.5961,23.5268],[119.5995,23.5505],[119.5625,23.5501],[119.5798,23.5634],[119.5588,23.5627],[119.5618,23.5851],[119.583,23.5909],[119.5945,23.5733],[119.6057,23.6057],[119.6305,23.6068],[119.6253,23.5788],[119.6559,23.6073]]],[[[120.1542,23.5228],[120.1467,23.5199],[120.1452,23.5256],[120.1542,23.5228]]],[[[120.0955,23.5153],[120.0566,23.4918],[120.0629,23.4805],[120.0352,23.4828],[120.0241,23.4594],[120.0128,23.4678],[120.0199,23.4358],[120,23.468],[120.0769,23.5221],[120.0955,23.5153]]],[[[119.5437,23.4946],[119.5118,23.4831],[119.5089,23.4855],[119.5437,23.4946]]],[[[119.3308,23.4061],[119.3152,23.3992],[119.3193,23.4117],[119.3308,23.4061]]],[[[119.491,23.3965],[119.5154,23.3687],[119.4906,23.3532],[119.491,23.3965]]],[[[119.5296,23.3717],[119.5406,23.366],[119.5189,23.3637],[119.5296,23.3717]]],[[[119.5048,23.2684],[119.5097,23.2724],[119.5105,23.2672],[119.5048,23.2684]]],[[[119.5146,23.2624],[119.5221,23.2621],[119.5124,23.2558],[119.5146,23.2624]]],[[[119.6656,23.2586],[119.6789,23.2608],[119.6719,23.2441],[119.6656,23.2586]]],[[[120.0896,23.2417],[120.0863,23.2399],[120.0967,23.2581],[120.0896,23.2417]]],[[[119.6131,23.253],[119.6201,23.2457],[119.6086,23.249],[119.6131,23.253]]],[[[119.4449,23.2207],[119.4298,23.1883],[119.4106,23.2144],[119.4449,23.2207]]],[[[120.0574,23.1316],[120.0496,23.1245],[120.0583,23.1366],[120.0574,23.1316]]],[[[120.1556,22.9727],[120.1573,22.9864],[120.1653,22.9721],[120.1556,22.9727]]],[[[121.4641,22.6732],[121.5092,22.6762],[121.5038,22.6353],[121.4728,22.6473],[121.4641,22.6732]]],[[[121.5102,22.656],[121.5093,22.654],[121.5084,22.6548],[121.5102,22.656]]],[[[120.2627,22.6138],[120.2785,22.6082],[120.3167,22.5542],[120.2627,22.6138]]],[[[120.3604,22.3222],[120.361,22.3465],[120.3881,22.3504],[120.3869,22.3422],[120.3604,22.3222]]],[[[121.4994,22.0808],[121.5677,22.0857],[121.5761,22.0604],[121.564,22.0502],[121.6005,22.0207],[121.5938,22.0032],[121.5716,22.0036],[121.5113,22.0472],[121.4994,22.0808]]],[[[121.6034,21.9521],[121.6136,21.9461],[121.6075,21.9446],[121.6034,21.9521]]]]}},{"type":"Feature","properties":{"name":"香港特别行政区","adcode":"810000","region_code":"810000","population":0,"elderly_65plus":0,"aging_rate":0,"youth_rate":0,"source_year":"2020","source_name":"第七次全国人口普查（省市分年龄性别）","license":"普查数据，来源标注 required"},"geometry":{"type":"MultiPolygon","coordinates":[[[[114.2267,22.5437],[114.2095,22.5243],[114.2564,22.5495],[114.2622,22.5254],[114.2793,22.5285],[114.2744,22.5097],[114.3044,22.4993],[114.3366,22.5082],[114.255,22.453],[114.2143,22.4736],[114.1771,22.4495],[114.2133,22.427],[114.2173,22.408],[114.238,22.4369],[114.2827,22.4222],[114.281,22.4491],[114.3215,22.4805],[114.327,22.4607],[114.3414,22.4789],[114.3472,22.4637],[114.3332,22.4283],[114.3465,22.4392],[114.3561,22.4223],[114.3611,22.4609],[114.3695,22.4379],[114.3977,22.4361],[114.4057,22.4128],[114.3754,22.4108],[114.3915,22.3677],[114.377,22.3747],[114.357,22.3353],[114.32,22.3937],[114.2787,22.3946],[114.2753,22.3508],[114.2651,22.3711],[114.2507,22.3541],[114.3108,22.3019],[114.2876,22.2878],[114.3053,22.2643],[114.2739,22.2625],[114.2631,22.3007],[114.2398,22.2862],[114.1966,22.3202],[114.1771,22.2937],[114.1553,22.2986],[114.1536,22.3228],[114.1216,22.3215],[114.1267,22.3284],[114.1057,22.369],[114.0261,22.3551],[113.9765,22.3816],[113.9427,22.3585],[113.915,22.3753],[113.9204,22.3884],[113.9016,22.4066],[113.9989,22.4893],[114.013,22.4727],[114.0306,22.4782],[114.034,22.4982],[114.0818,22.5179],[114.0793,22.5306],[114.1476,22.5415],[114.1611,22.5619],[114.2267,22.5437]]],[[[114.2887,22.5536],[114.3155,22.5499],[114.2867,22.5331],[114.2887,22.5536]]],[[[114.4271,22.5407],[114.4409,22.5415],[114.4399,22.5384],[114.4271,22.5407]]],[[[114.3078,22.5328],[114.3216,22.5339],[114.319,22.523],[114.3078,22.5328]]],[[[114.3139,22.5112],[114.2991,22.5043],[114.2957,22.5072],[114.3092,22.5262],[114.3139,22.5112]]],[[[114.3558,22.5007],[114.364,22.5037],[114.358,22.4959],[114.3558,22.5007]]],[[[114.3533,22.4807],[114.3668,22.4765],[114.3609,22.4651],[114.3533,22.4807]]],[[[113.8773,22.3814],[113.8852,22.3793],[113.8819,22.3702],[113.8773,22.3814]]],[[[114.3039,22.3508],[114.3178,22.3777],[114.3231,22.3422],[114.3039,22.3508]]],[[[114.3206,22.3727],[114.3294,22.3736],[114.3286,22.3658],[114.3206,22.3727]]],[[[114.288,22.367],[114.2933,22.3734],[114.2963,22.3529],[114.288,22.367]]],[[[114.1075,22.3631],[114.1177,22.331],[114.0919,22.3261],[114.079,22.3586],[114.1075,22.3631]]],[[[114.0663,22.3457],[114.0545,22.3495],[114.0648,22.3559],[114.0663,22.3457]]],[[[114.0478,22.3463],[114.0552,22.3107],[114.0177,22.3104],[114.0215,22.2669],[114.0026,22.2727],[113.995,22.266],[114.0122,22.2527],[113.9939,22.2407],[114.0204,22.2302],[114.0043,22.215],[113.9809,22.2169],[113.9732,22.2407],[113.9169,22.2189],[113.9308,22.2103],[113.8914,22.2229],[113.8461,22.1974],[113.8416,22.2339],[113.8613,22.247],[113.8517,22.2559],[113.8877,22.2688],[113.8972,22.2912],[113.9298,22.2802],[114.0478,22.3463]]],[[[114.3157,22.3385],[114.3308,22.3287],[114.3208,22.3262],[114.3157,22.3385]]],[[[114.3611,22.3387],[114.3667,22.33],[114.3614,22.3307],[114.3611,22.3387]]],[[[114.3021,22.3253],[114.2951,22.3237],[114.2936,22.3317],[114.3021,22.3253]]],[[[114.3495,22.3241],[114.3537,22.3173],[114.3475,22.3129],[114.3495,22.3241]]],[[[113.8932,22.3109],[113.9616,22.3173],[113.9339,22.2906],[113.8942,22.2945],[113.8932,22.3109]]],[[[114.361,22.3165],[114.3694,22.315],[114.3675,22.3067],[114.361,22.3165]]],[[[114.2282,22.2833],[114.2574,22.2617],[114.2463,22.246],[114.2613,22.2079],[114.2427,22.2081],[114.2337,22.2413],[114.2235,22.2465],[114.214,22.1942],[114.1876,22.2447],[114.1711,22.23],[114.1641,22.2455],[114.1361,22.2489],[114.1164,22.2747],[114.1388,22.2903],[114.2282,22.2833]]],[[[114.0352,22.2893],[114.0458,22.2811],[114.0378,22.2812],[114.0352,22.2893]]],[[[114.0476,22.2623],[114.0537,22.259],[114.0472,22.2584],[114.0476,22.2623]]],[[[114.2958,22.2588],[114.2961,22.242],[114.2871,22.24],[114.2804,22.2494],[114.2958,22.2588]]],[[[114.0327,22.2587],[114.0436,22.2412],[114.0265,22.2566],[114.0327,22.2587]]],[[[114.1625,22.2289],[114.1518,22.2387],[114.1439,22.2437],[114.1592,22.2453],[114.1625,22.2289]]],[[[114.1058,22.2341],[114.1368,22.2185],[114.1268,22.2095],[114.13,22.2019],[114.1603,22.2086],[114.1394,22.1972],[114.1492,22.1812],[114.1142,22.1834],[114.1201,22.2186],[114.1031,22.2181],[114.1058,22.2341]]],[[[114.0268,22.2216],[114.0413,22.2057],[114.0182,22.1979],[114.0268,22.2216]]],[[[113.9949,22.1943],[113.9824,22.1939],[113.9874,22.2022],[113.9949,22.1943]]],[[[114.2437,22.188],[114.2561,22.1827],[114.2445,22.1786],[114.2437,22.188]]],[[[114.2896,22.1882],[114.2829,22.1856],[114.2871,22.19],[114.2896,22.1882]]],[[[113.9054,22.1792],[113.9157,22.1838],[113.9209,22.1797],[113.9054,22.1792]]],[[[114.2739,22.165],[114.2548,22.1551],[114.2498,22.1659],[114.2659,22.1808],[114.2739,22.165]]],[[[113.9115,22.1701],[113.9041,22.1564],[113.8988,22.1598],[113.9115,22.1701]]]]}},{"type":"Feature","properties":{"name":"澳门特别行政区","adcode":"820000","region_code":"820000","population":0,"elderly_65plus":0,"aging_rate":0,"youth_rate":0,"source_year":"2020","source_name":"第七次全国人口普查（省市分年龄性别）","license":"普查数据，来源标注 required"},"geometry":{"type":"MultiPolygon","coordinates":[[[[113.5535,22.2155],[113.5586,22.1872],[113.5317,22.1793],[113.5331,22.2123],[113.5535,22.2155]]],[[[113.5686,22.2073],[113.5651,22.1908],[113.5625,22.2106],[113.5686,22.2073]]],[[[113.572,22.197],[113.581,22.2041],[113.581,22.1986],[113.572,22.197]]],[[[113.5395,22.1625],[113.5874,22.1651],[113.5982,22.1353],[113.5886,22.147],[113.5805,22.1354],[113.5925,22.1292],[113.5547,22.1098],[113.5395,22.1625]]]]}}]}