{"type":"FeatureCollection","features":[{"type":"Feature","properties":{"name":"Sint Nicolaas","region_code":"5","source_name":"Natural Earth ports","source_url":"https://raw.githubusercontent.com/nvkelso/natural-earth-vector/master/geojson/ne_10m_ports.geojson","license":"public domain"},"geometry":{"type":"Point","coordinates":[-69.923557,12.4375]}},{"type":"Feature","properties":{"name":"Campana","region_code":"5","source_name":"Natural Earth ports","source_url":"https://raw.githubusercontent.com/nvkelso/natural-earth-vector/master/geojson/ne_10m_ports.geojson","license":"public domain"},"geometry":{"type":"Point","coordinates":[-58.951413,-34.153333]}},{"type":"Feature","properties":{"name":"Zarate","region_code":"5","source_name":"Natural Earth ports","source_url":"https://raw.githubusercontent.com/nvkelso/natural-earth-vector/master/geojson/ne_10m_ports.geojson","license":"public domain"},"geometry":{"type":"Point","coordinates":[-59.004947,-34.098889]}},{"type":"Feature","properties":{"name":"Puerto Belgrano/Bahia Blanca","region_code":"5","source_name":"Natural Earth ports","source_url":"https://raw.githubusercontent.com/nvkelso/natural-earth-vector/master/geojson/ne_10m_ports.geojson","license":"public domain"},"geometry":{"type":"Point","coordinates":[-62.100883,-38.894444]}},{"type":"Feature","properties":{"name":"Puerto Galvan/Bahia Blanca","region_code":"5","source_name":"Natural Earth ports","source_url":"https://raw.githubusercontent.com/nvkelso/natural-earth-vector/master/geojson/ne_10m_ports.geojson","license":"public domain"},"geometry":{"type":"Point","coordinates":[-62.30053,-38.783056]}},{"type":"Feature","properties":{"name":"Ingeniero White/Bahia Blanca","region_code":"5","source_name":"Natural Earth ports","source_url":"https://raw.githubusercontent.com/nvkelso/natural-earth-vector/master/geojson/ne_10m_ports.geojson","license":"public domain"},"geometry":{"type":"Point","coordinates":[-62.259894,-38.791944]}},{"type":"Feature","properties":{"name":"Saint John's","region_code":"5","source_name":"Natural Earth ports","source_url":"https://raw.githubusercontent.com/nvkelso/natural-earth-vector/master/geojson/ne_10m_ports.geojson","license":"public domain"},"geometry":{"type":"Point","coordinates":[-61.852297,17.122778]}},{"type":"Feature","properties":{"name":"Fremantle","region_code":"5","source_name":"Natural Earth ports","source_url":"https://raw.githubusercontent.com/nvkelso/natural-earth-vector/master/geojson/ne_10m_ports.geojson","license":"public domain"},"geometry":{"type":"Point","coordinates":[115.738104,-32.0475]}},{"type":"Feature","properties":{"name":"Botany Bay","region_code":"5","source_name":"Natural Earth ports","source_url":"https://raw.githubusercontent.com/nvkelso/natural-earth-vector/master/geojson/ne_10m_ports.geojson","license":"public domain"},"geometry":{"type":"Point","coordinates":[151.209541,-33.973056]}},{"type":"Feature","properties":{"name":"Rockhampton","region_code":"5","source_name":"Natural Earth ports","source_url":"https://raw.githubusercontent.com/nvkelso/natural-earth-vector/master/geojson/ne_10m_ports.geojson","license":"public domain"},"geometry":{"type":"Point","coordinates":[151.284217,-23.851111]}},{"type":"Feature","properties":{"name":"Oostende (Ostend)","region_code":"5","source_name":"Natural Earth ports","source_url":"https://raw.githubusercontent.com/nvkelso/natural-earth-vector/master/geojson/ne_10m_ports.geojson","license":"public domain"},"geometry":{"type":"Point","coordinates":[2.933687,51.23]}},{"type":"Feature","properties":{"name":"Zeebrugge","region_code":"5","source_name":"Natural Earth ports","source_url":"https://raw.githubusercontent.com/nvkelso/natural-earth-vector/master/geojson/ne_10m_ports.geojson","license":"public domain"},"geometry":{"type":"Point","coordinates":[3.204594,51.336389]}},{"type":"Feature","properties":{"name":"Burgas","region_code":"5","source_name":"Natural Earth ports","source_url":"https://raw.githubusercontent.com/nvkelso/natural-earth-vector/master/geojson/ne_10m_ports.geojson","license":"public domain"},"geometry":{"type":"Point","coordinates":[27.458304,42.47]}},{"type":"Feature","properties":{"name":"Mina Sulman Port","region_code":"5","source_name":"Natural Earth ports","source_url":"https://raw.githubusercontent.com/nvkelso/natural-earth-vector/master/geojson/ne_10m_ports.geojson","license":"public domain"},"geometry":{"type":"Point","coordinates":[50.607597,26.198611]}},{"type":"Feature","properties":{"name":"Sitrah","region_code":"5","source_name":"Natural Earth ports","source_url":"https://raw.githubusercontent.com/nvkelso/natural-earth-vector/master/geojson/ne_10m_ports.geojson","license":"public domain"},"geometry":{"type":"Point","coordinates":[50.658834,26.158611]}},{"type":"Feature","properties":{"name":"Saint George","region_code":"5","source_name":"Natural Earth ports","source_url":"https://raw.githubusercontent.com/nvkelso/natural-earth-vector/master/geojson/ne_10m_ports.geojson","license":"public domain"},"geometry":{"type":"Point","coordinates":[-64.673027,32.379444]}},{"type":"Feature","properties":{"name":"Mucuripe","region_code":"5","source_name":"Natural Earth ports","source_url":"https://raw.githubusercontent.com/nvkelso/natural-earth-vector/master/geojson/ne_10m_ports.geojson","license":"public domain"},"geometry":{"type":"Point","coordinates":[-38.473204,-3.7075]}},{"type":"Feature","properties":{"name":"Niteroi","region_code":"5","source_name":"Natural Earth ports","source_url":"https://raw.githubusercontent.com/nvkelso/natural-earth-vector/master/geojson/ne_10m_ports.geojson","license":"public domain"},"geometry":{"type":"Point","coordinates":[-43.124617,-22.879167]}},{"type":"Feature","properties":{"name":"Sao Francisco do Sul","region_code":"5","source_name":"Natural Earth ports","source_url":"https://raw.githubusercontent.com/nvkelso/natural-earth-vector/master/geojson/ne_10m_ports.geojson","license":"public domain"},"geometry":{"type":"Point","coordinates":[-48.635453,-26.238056]}},{"type":"Feature","properties":{"name":"Chatham","region_code":"5","source_name":"Natural Earth ports","source_url":"https://raw.githubusercontent.com/nvkelso/natural-earth-vector/master/geojson/ne_10m_ports.geojson","license":"public domain"},"geometry":{"type":"Point","coordinates":[-65.467727,47.034444]}},{"type":"Feature","properties":{"name":"Clarenville","region_code":"5","source_name":"Natural Earth ports","source_url":"https://raw.githubusercontent.com/nvkelso/natural-earth-vector/master/geojson/ne_10m_ports.geojson","license":"public domain"},"geometry":{"type":"Point","coordinates":[-53.95689,48.163333]}},{"type":"Feature","properties":{"name":"Comox","region_code":"5","source_name":"Natural Earth ports","source_url":"https://raw.githubusercontent.com/nvkelso/natural-earth-vector/master/geojson/ne_10m_ports.geojson","license":"public domain"},"geometry":{"type":"Point","coordinates":[-124.924441,49.670833]}},{"type":"Feature","properties":{"name":"Esquimalt","region_code":"5","source_name":"Natural Earth ports","source_url":"https://raw.githubusercontent.com/nvkelso/natural-earth-vector/master/geojson/ne_10m_ports.geojson","license":"public domain"},"geometry":{"type":"Point","coordinates":[-123.434393,48.436389]}},{"type":"Feature","properties":{"name":"Grand Bank","region_code":"5","source_name":"Natural Earth ports","source_url":"https://raw.githubusercontent.com/nvkelso/natural-earth-vector/master/geojson/ne_10m_ports.geojson","license":"public domain"},"geometry":{"type":"Point","coordinates":[-55.75106,47.100278]}},{"type":"Feature","properties":{"name":"North Sydney","region_code":"5","source_name":"Natural Earth ports","source_url":"https://raw.githubusercontent.com/nvkelso/natural-earth-vector/master/geojson/ne_10m_ports.geojson","license":"public domain"},"geometry":{"type":"Point","coordinates":[-60.23934,46.208889]}},{"type":"Feature","properties":{"name":"Caraquet","region_code":"5","source_name":"Natural Earth ports","source_url":"https://raw.githubusercontent.com/nvkelso/natural-earth-vector/master/geojson/ne_10m_ports.geojson","license":"public domain"},"geometry":{"type":"Point","coordinates":[-64.924617,47.796389]}},{"type":"Feature","properties":{"name":"Chicoutimi","region_code":"5","source_name":"Natural Earth ports","source_url":"https://raw.githubusercontent.com/nvkelso/natural-earth-vector/master/geojson/ne_10m_ports.geojson","license":"public domain"},"geometry":{"type":"Point","coordinates":[-71.05265,48.43]}},{"type":"Feature","properties":{"name":"Corner Brook","region_code":"5","source_name":"Natural Earth ports","source_url":"https://raw.githubusercontent.com/nvkelso/natural-earth-vector/master/geojson/ne_10m_ports.geojson","license":"public domain"},"geometry":{"type":"Point","coordinates":[-57.936337,48.960556]}},{"type":"Feature","properties":{"name":"Digby","region_code":"5","source_name":"Natural Earth ports","source_url":"https://raw.githubusercontent.com/nvkelso/natural-earth-vector/master/geojson/ne_10m_ports.geojson","license":"public domain"},"geometry":{"type":"Point","coordinates":[-65.752297,44.625278]}},{"type":"Feature","properties":{"name":"Harbour Grace","region_code":"5","source_name":"Natural Earth ports","source_url":"https://raw.githubusercontent.com/nvkelso/natural-earth-vector/master/geojson/ne_10m_ports.geojson","license":"public domain"},"geometry":{"type":"Point","coordinates":[-53.21702,47.690278]}},{"type":"Feature","properties":{"name":"Pictou","region_code":"5","source_name":"Natural Earth ports","source_url":"https://raw.githubusercontent.com/nvkelso/natural-earth-vector/master/geojson/ne_10m_ports.geojson","license":"public domain"},"geometry":{"type":"Point","coordinates":[-62.704417,45.674722]}},{"type":"Feature","properties":{"name":"Shelburne","region_code":"5","source_name":"Natural Earth ports","source_url":"https://raw.githubusercontent.com/nvkelso/natural-earth-vector/master/geojson/ne_10m_ports.geojson","license":"public domain"},"geometry":{"type":"Point","coordinates":[-65.317727,43.749722]}},{"type":"Feature","properties":{"name":"Sorel","region_code":"5","source_name":"Natural Earth ports","source_url":"https://raw.githubusercontent.com/nvkelso/natural-earth-vector/master/geojson/ne_10m_ports.geojson","license":"public domain"},"geometry":{"type":"Point","coordinates":[-73.11808,46.041111]}},{"type":"Feature","properties":{"name":"Springdale","region_code":"5","source_name":"Natural Earth ports","source_url":"https://raw.githubusercontent.com/nvkelso/natural-earth-vector/master/geojson/ne_10m_ports.geojson","license":"public domain"},"geometry":{"type":"Point","coordinates":[-56.059894,49.499722]}},{"type":"Feature","properties":{"name":"Saint-John's","region_code":"5","source_name":"Natural Earth ports","source_url":"https://raw.githubusercontent.com/nvkelso/natural-earth-vector/master/geojson/ne_10m_ports.geojson","license":"public domain"},"geometry":{"type":"Point","coordinates":[-52.692344,47.5625]}},{"type":"Feature","properties":{"name":"Coronel","region_code":"5","source_name":"Natural Earth ports","source_url":"https://raw.githubusercontent.com/nvkelso/natural-earth-vector/master/geojson/ne_10m_ports.geojson","license":"public domain"},"geometry":{"type":"Point","coordinates":[-73.153357,-37.028333]}},{"type":"Feature","properties":{"name":"Lota","region_code":"5","source_name":"Natural Earth ports","source_url":"https://raw.githubusercontent.com/nvkelso/natural-earth-vector/master/geojson/ne_10m_ports.geojson","license":"public domain"},"geometry":{"type":"Point","coordinates":[-73.158481,-37.098056]}},{"type":"Feature","properties":{"name":"Talcahuano","region_code":"5","source_name":"Natural Earth ports","source_url":"https://raw.githubusercontent.com/nvkelso/natural-earth-vector/master/geojson/ne_10m_ports.geojson","license":"public domain"},"geometry":{"type":"Point","coordinates":[-73.102297,-36.705278]}},{"type":"Feature","properties":{"name":"San Antonio","region_code":"5","source_name":"Natural Earth ports","source_url":"https://raw.githubusercontent.com/nvkelso/natural-earth-vector/master/geojson/ne_10m_ports.geojson","license":"public domain"},"geometry":{"type":"Point","coordinates":[-71.61808,-33.5875]}},{"type":"Feature","properties":{"name":"Haimen","region_code":"5","source_name":"Natural Earth ports","source_url":"https://raw.githubusercontent.com/nvkelso/natural-earth-vector/master/geojson/ne_10m_ports.geojson","license":"public domain"},"geometry":{"type":"Point","coordinates":[121.441814,28.690278]}},{"type":"Feature","properties":{"name":"Qinhuangdao","region_code":"5","source_name":"Natural Earth ports","source_url":"https://raw.githubusercontent.com/nvkelso/natural-earth-vector/master/geojson/ne_10m_ports.geojson","license":"public domain"},"geometry":{"type":"Point","coordinates":[119.585983,39.906667]}},{"type":"Feature","properties":{"name":"Yantian","region_code":"5","source_name":"Natural Earth ports","source_url":"https://raw.githubusercontent.com/nvkelso/natural-earth-vector/master/geojson/ne_10m_ports.geojson","license":"public domain"},"geometry":{"type":"Point","coordinates":[114.26702,22.574167]}},{"type":"Feature","properties":{"name":"Yingkou","region_code":"5","source_name":"Natural Earth ports","source_url":"https://raw.githubusercontent.com/nvkelso/natural-earth-vector/master/geojson/ne_10m_ports.geojson","license":"public domain"},"geometry":{"type":"Point","coordinates":[122.2351,40.695833]}},{"type":"Feature","properties":{"name":"Moin","region_code":"5","source_name":"Natural Earth ports","source_url":"https://raw.githubusercontent.com/nvkelso/natural-earth-vector/master/geojson/ne_10m_ports.geojson","license":"public domain"},"geometry":{"type":"Point","coordinates":[-83.074087,10.005556]}},{"type":"Feature","properties":{"name":"Banes","region_code":"5","source_name":"Natural Earth ports","source_url":"https://raw.githubusercontent.com/nvkelso/natural-earth-vector/master/geojson/ne_10m_ports.geojson","license":"public domain"},"geometry":{"type":"Point","coordinates":[-75.703357,20.919167]}},{"type":"Feature","properties":{"name":"Caibarien","region_code":"5","source_name":"Natural Earth ports","source_url":"https://raw.githubusercontent.com/nvkelso/natural-earth-vector/master/geojson/ne_10m_ports.geojson","license":"public domain"},"geometry":{"type":"Point","coordinates":[-79.469317,22.529167]}},{"type":"Feature","properties":{"name":"Isabela de Sagua","region_code":"5","source_name":"Natural Earth ports","source_url":"https://raw.githubusercontent.com/nvkelso/natural-earth-vector/master/geojson/ne_10m_ports.geojson","license":"public domain"},"geometry":{"type":"Point","coordinates":[-80.007597,22.940278]}},{"type":"Feature","properties":{"name":"Nuevitas","region_code":"5","source_name":"Natural Earth ports","source_url":"https://raw.githubusercontent.com/nvkelso/natural-earth-vector/master/geojson/ne_10m_ports.geojson","license":"public domain"},"geometry":{"type":"Point","coordinates":[-77.239517,21.563056]}},{"type":"Feature","properties":{"name":"Famagusta","region_code":"5","source_name":"Natural Earth ports","source_url":"https://raw.githubusercontent.com/nvkelso/natural-earth-vector/master/geojson/ne_10m_ports.geojson","license":"public domain"},"geometry":{"type":"Point","coordinates":[33.940047,35.127778]}},{"type":"Feature","properties":{"name":"Cuxhaven","region_code":"5","source_name":"Natural Earth ports","source_url":"https://raw.githubusercontent.com/nvkelso/natural-earth-vector/master/geojson/ne_10m_ports.geojson","license":"public domain"},"geometry":{"type":"Point","coordinates":[8.707244,53.864722]}},{"type":"Feature","properties":{"name":"Eckernforde","region_code":"5","source_name":"Natural Earth ports","source_url":"https://raw.githubusercontent.com/nvkelso/natural-earth-vector/master/geojson/ne_10m_ports.geojson","license":"public domain"},"geometry":{"type":"Point","coordinates":[9.835807,54.473611]}},{"type":"Feature","properties":{"name":"Nordenham","region_code":"5","source_name":"Natural Earth ports","source_url":"https://raw.githubusercontent.com/nvkelso/natural-earth-vector/master/geojson/ne_10m_ports.geojson","license":"public domain"},"geometry":{"type":"Point","coordinates":[8.489517,53.4875]}},{"type":"Feature","properties":{"name":"Papenburg","region_code":"5","source_name":"Natural Earth ports","source_url":"https://raw.githubusercontent.com/nvkelso/natural-earth-vector/master/geojson/ne_10m_ports.geojson","license":"public domain"},"geometry":{"type":"Point","coordinates":[7.368963,53.096389]}},{"type":"Feature","properties":{"name":"Wismar","region_code":"5","source_name":"Natural Earth ports","source_url":"https://raw.githubusercontent.com/nvkelso/natural-earth-vector/master/geojson/ne_10m_ports.geojson","license":"public domain"},"geometry":{"type":"Point","coordinates":[11.439164,53.906389]}},{"type":"Feature","properties":{"name":"Nyborg","region_code":"5","source_name":"Natural Earth ports","source_url":"https://raw.githubusercontent.com/nvkelso/natural-earth-vector/master/geojson/ne_10m_ports.geojson","license":"public domain"},"geometry":{"type":"Point","coordinates":[10.80689,55.298889]}},{"type":"Feature","properties":{"name":"Helsingor","region_code":"5","source_name":"Natural Earth ports","source_url":"https://raw.githubusercontent.com/nvkelso/natural-earth-vector/master/geojson/ne_10m_ports.geojson","license":"public domain"},"geometry":{"type":"Point","coordinates":[12.61702,56.034444]}},{"type":"Feature","properties":{"name":"Odense","region_code":"5","source_name":"Natural Earth ports","source_url":"https://raw.githubusercontent.com/nvkelso/natural-earth-vector/master/geojson/ne_10m_ports.geojson","license":"public domain"},"geometry":{"type":"Point","coordinates":[10.524971,55.466389]}},{"type":"Feature","properties":{"name":"Nyborg","region_code":"5","source_name":"Natural Earth ports","source_url":"https://raw.githubusercontent.com/nvkelso/natural-earth-vector/master/geojson/ne_10m_ports.geojson","license":"public domain"},"geometry":{"type":"Point","coordinates":[10.788104,55.306944]}},{"type":"Feature","properties":{"name":"Frederikshavn","region_code":"5","source_name":"Natural Earth ports","source_url":"https://raw.githubusercontent.com/nvkelso/natural-earth-vector/master/geojson/ne_10m_ports.geojson","license":"public domain"},"geometry":{"type":"Point","coordinates":[10.541461,57.437778]}},{"type":"Feature","properties":{"name":"Haderslev","region_code":"5","source_name":"Natural Earth ports","source_url":"https://raw.githubusercontent.com/nvkelso/natural-earth-vector/master/geojson/ne_10m_ports.geojson","license":"public domain"},"geometry":{"type":"Point","coordinates":[9.504417,55.251111]}},{"type":"Feature","properties":{"name":"Horsens","region_code":"5","source_name":"Natural Earth ports","source_url":"https://raw.githubusercontent.com/nvkelso/natural-earth-vector/master/geojson/ne_10m_ports.geojson","license":"public domain"},"geometry":{"type":"Point","coordinates":[9.868433,55.854167]}},{"type":"Feature","properties":{"name":"Kalundborg","region_code":"5","source_name":"Natural Earth ports","source_url":"https://raw.githubusercontent.com/nvkelso/natural-earth-vector/master/geojson/ne_10m_ports.geojson","license":"public domain"},"geometry":{"type":"Point","coordinates":[11.085984,55.669444]}},{"type":"Feature","properties":{"name":"Kolding","region_code":"5","source_name":"Natural Earth ports","source_url":"https://raw.githubusercontent.com/nvkelso/natural-earth-vector/master/geojson/ne_10m_ports.geojson","license":"public domain"},"geometry":{"type":"Point","coordinates":[9.493404,55.492778]}},{"type":"Feature","properties":{"name":"Nakskov","region_code":"5","source_name":"Natural Earth ports","source_url":"https://raw.githubusercontent.com/nvkelso/natural-earth-vector/master/geojson/ne_10m_ports.geojson","license":"public domain"},"geometry":{"type":"Point","coordinates":[11.121084,54.832222]}},{"type":"Feature","properties":{"name":"Nykobing Falster","region_code":"5","source_name":"Natural Earth ports","source_url":"https://raw.githubusercontent.com/nvkelso/natural-earth-vector/master/geojson/ne_10m_ports.geojson","license":"public domain"},"geometry":{"type":"Point","coordinates":[11.857067,54.770833]}},{"type":"Feature","properties":{"name":"Randers","region_code":"5","source_name":"Natural Earth ports","source_url":"https://raw.githubusercontent.com/nvkelso/natural-earth-vector/master/geojson/ne_10m_ports.geojson","license":"public domain"},"geometry":{"type":"Point","coordinates":[10.05265,56.460278]}},{"type":"Feature","properties":{"name":"Rudkobing","region_code":"5","source_name":"Natural Earth ports","source_url":"https://raw.githubusercontent.com/nvkelso/natural-earth-vector/master/geojson/ne_10m_ports.geojson","license":"public domain"},"geometry":{"type":"Point","coordinates":[10.704947,54.939722]}},{"type":"Feature","properties":{"name":"Svendborg","region_code":"5","source_name":"Natural Earth ports","source_url":"https://raw.githubusercontent.com/nvkelso/natural-earth-vector/master/geojson/ne_10m_ports.geojson","license":"public domain"},"geometry":{"type":"Point","coordinates":[10.61702,55.058611]}},{"type":"Feature","properties":{"name":"Vejle","region_code":"5","source_name":"Natural Earth ports","source_url":"https://raw.githubusercontent.com/nvkelso/natural-earth-vector/master/geojson/ne_10m_ports.geojson","license":"public domain"},"geometry":{"type":"Point","coordinates":[9.551943,55.705556]}},{"type":"Feature","properties":{"name":"Skagen","region_code":"5","source_name":"Natural Earth ports","source_url":"https://raw.githubusercontent.com/nvkelso/natural-earth-vector/master/geojson/ne_10m_ports.geojson","license":"public domain"},"geometry":{"type":"Point","coordinates":[10.58881,57.718611]}},{"type":"Feature","properties":{"name":"Puerto Plata","region_code":"5","source_name":"Natural Earth ports","source_url":"https://raw.githubusercontent.com/nvkelso/natural-earth-vector/master/geojson/ne_10m_ports.geojson","license":"public domain"},"geometry":{"type":"Point","coordinates":[-70.70053,19.803611]}},{"type":"Feature","properties":{"name":"Rio Haina","region_code":"5","source_name":"Natural Earth ports","source_url":"https://raw.githubusercontent.com/nvkelso/natural-earth-vector/master/geojson/ne_10m_ports.geojson","license":"public domain"},"geometry":{"type":"Point","coordinates":[-70.01808,18.420278]}},{"type":"Feature","properties":{"name":"Mostaganem","region_code":"5","source_name":"Natural Earth ports","source_url":"https://raw.githubusercontent.com/nvkelso/natural-earth-vector/master/geojson/ne_10m_ports.geojson","license":"public domain"},"geometry":{"type":"Point","coordinates":[0.07126,35.934444]}},{"type":"Feature","properties":{"name":"Damietta","region_code":"5","source_name":"Natural Earth ports","source_url":"https://raw.githubusercontent.com/nvkelso/natural-earth-vector/master/geojson/ne_10m_ports.geojson","license":"public domain"},"geometry":{"type":"Point","coordinates":[31.759187,31.466667]}},{"type":"Feature","properties":{"name":"Safaga","region_code":"5","source_name":"Natural Earth ports","source_url":"https://raw.githubusercontent.com/nvkelso/natural-earth-vector/master/geojson/ne_10m_ports.geojson","license":"public domain"},"geometry":{"type":"Point","coordinates":[33.941284,26.742222]}},{"type":"Feature","properties":{"name":"Algeciras","region_code":"5","source_name":"Natural Earth ports","source_url":"https://raw.githubusercontent.com/nvkelso/natural-earth-vector/master/geojson/ne_10m_ports.geojson","license":"public domain"},"geometry":{"type":"Point","coordinates":[-5.400353,36.147778]}},{"type":"Feature","properties":{"name":"Aviles","region_code":"5","source_name":"Natural Earth ports","source_url":"https://raw.githubusercontent.com/nvkelso/natural-earth-vector/master/geojson/ne_10m_ports.geojson","license":"public domain"},"geometry":{"type":"Point","coordinates":[-5.920024,43.578611]}},{"type":"Feature","properties":{"name":"Ferrol","region_code":"5","source_name":"Natural Earth ports","source_url":"https://raw.githubusercontent.com/nvkelso/natural-earth-vector/master/geojson/ne_10m_ports.geojson","license":"public domain"},"geometry":{"type":"Point","coordinates":[-8.250883,43.479722]}},{"type":"Feature","properties":{"name":"Huelva","region_code":"5","source_name":"Natural Earth ports","source_url":"https://raw.githubusercontent.com/nvkelso/natural-earth-vector/master/geojson/ne_10m_ports.geojson","license":"public domain"},"geometry":{"type":"Point","coordinates":[-6.935807,37.192778]}},{"type":"Feature","properties":{"name":"Pasajes","region_code":"5","source_name":"Natural Earth ports","source_url":"https://raw.githubusercontent.com/nvkelso/natural-earth-vector/master/geojson/ne_10m_ports.geojson","license":"public domain"},"geometry":{"type":"Point","coordinates":[-1.918787,43.323333]}},{"type":"Feature","properties":{"name":"Rota","region_code":"5","source_name":"Natural Earth ports","source_url":"https://raw.githubusercontent.com/nvkelso/natural-earth-vector/master/geojson/ne_10m_ports.geojson","license":"public domain"},"geometry":{"type":"Point","coordinates":[-6.33457,36.619444]}},{"type":"Feature","properties":{"name":"Cadiz","region_code":"5","source_name":"Natural Earth ports","source_url":"https://raw.githubusercontent.com/nvkelso/natural-earth-vector/master/geojson/ne_10m_ports.geojson","license":"public domain"},"geometry":{"type":"Point","coordinates":[-6.258834,36.52]}},{"type":"Feature","properties":{"name":"Kotka","region_code":"5","source_name":"Natural Earth ports","source_url":"https://raw.githubusercontent.com/nvkelso/natural-earth-vector/master/geojson/ne_10m_ports.geojson","license":"public domain"},"geometry":{"type":"Point","coordinates":[26.941814,60.461111]}},{"type":"Feature","properties":{"name":"Veitsiluoto","region_code":"5","source_name":"Natural Earth ports","source_url":"https://raw.githubusercontent.com/nvkelso/natural-earth-vector/master/geojson/ne_10m_ports.geojson","license":"public domain"},"geometry":{"type":"Point","coordinates":[24.616667,65.683056]}},{"type":"Feature","properties":{"name":"Arcachon","region_code":"5","source_name":"Natural Earth ports","source_url":"https://raw.githubusercontent.com/nvkelso/natural-earth-vector/master/geojson/ne_10m_ports.geojson","license":"public domain"},"geometry":{"type":"Point","coordinates":[-1.142344,44.659167]}},{"type":"Feature","properties":{"name":"Deauville","region_code":"5","source_name":"Natural Earth ports","source_url":"https://raw.githubusercontent.com/nvkelso/natural-earth-vector/master/geojson/ne_10m_ports.geojson","license":"public domain"},"geometry":{"type":"Point","coordinates":[0.07338,49.365833]}},{"type":"Feature","properties":{"name":"Fecamp","region_code":"5","source_name":"Natural Earth ports","source_url":"https://raw.githubusercontent.com/nvkelso/natural-earth-vector/master/geojson/ne_10m_ports.geojson","license":"public domain"},"geometry":{"type":"Point","coordinates":[0.369494,49.761944]}},{"type":"Feature","properties":{"name":"La Pallice","region_code":"5","source_name":"Natural Earth ports","source_url":"https://raw.githubusercontent.com/nvkelso/natural-earth-vector/master/geojson/ne_10m_ports.geojson","license":"public domain"},"geometry":{"type":"Point","coordinates":[-1.22391,46.157222]}},{"type":"Feature","properties":{"name":"Saint-Malo","region_code":"5","source_name":"Natural Earth ports","source_url":"https://raw.githubusercontent.com/nvkelso/natural-earth-vector/master/geojson/ne_10m_ports.geojson","license":"public domain"},"geometry":{"type":"Point","coordinates":[-2.02285,48.644444]}},{"type":"Feature","properties":{"name":"Sete","region_code":"5","source_name":"Natural Earth ports","source_url":"https://raw.githubusercontent.com/nvkelso/natural-earth-vector/master/geojson/ne_10m_ports.geojson","license":"public domain"},"geometry":{"type":"Point","coordinates":[3.710247,43.404722]}},{"type":"Feature","properties":{"name":"Greenock","region_code":"5","source_name":"Natural Earth ports","source_url":"https://raw.githubusercontent.com/nvkelso/natural-earth-vector/master/geojson/ne_10m_ports.geojson","license":"public domain"},"geometry":{"type":"Point","coordinates":[-4.756714,55.954722]}},{"type":"Feature","properties":{"name":"Poole","region_code":"5","source_name":"Natural Earth ports","source_url":"https://raw.githubusercontent.com/nvkelso/natural-earth-vector/master/geojson/ne_10m_ports.geojson","license":"public domain"},"geometry":{"type":"Point","coordinates":[-1.986514,50.714444]}},{"type":"Feature","properties":{"name":"Falmouth","region_code":"5","source_name":"Natural Earth ports","source_url":"https://raw.githubusercontent.com/nvkelso/natural-earth-vector/master/geojson/ne_10m_ports.geojson","license":"public domain"},"geometry":{"type":"Point","coordinates":[-5.053534,50.152778]}},{"type":"Feature","properties":{"name":"Leith","region_code":"5","source_name":"Natural Earth ports","source_url":"https://raw.githubusercontent.com/nvkelso/natural-earth-vector/master/geojson/ne_10m_ports.geojson","license":"public domain"},"geometry":{"type":"Point","coordinates":[-3.17179,55.9825]}},{"type":"Feature","properties":{"name":"Montrose","region_code":"5","source_name":"Natural Earth ports","source_url":"https://raw.githubusercontent.com/nvkelso/natural-earth-vector/master/geojson/ne_10m_ports.geojson","license":"public domain"},"geometry":{"type":"Point","coordinates":[-2.467903,56.704444]}},{"type":"Feature","properties":{"name":"Newport","region_code":"5","source_name":"Natural Earth ports","source_url":"https://raw.githubusercontent.com/nvkelso/natural-earth-vector/master/geojson/ne_10m_ports.geojson","license":"public domain"},"geometry":{"type":"Point","coordinates":[-2.984747,51.558889]}},{"type":"Feature","properties":{"name":"Sunderland","region_code":"5","source_name":"Natural Earth ports","source_url":"https://raw.githubusercontent.com/nvkelso/natural-earth-vector/master/geojson/ne_10m_ports.geojson","license":"public domain"},"geometry":{"type":"Point","coordinates":[-1.356184,54.906944]}},{"type":"Feature","properties":{"name":"Teesport","region_code":"5","source_name":"Natural Earth ports","source_url":"https://raw.githubusercontent.com/nvkelso/natural-earth-vector/master/geojson/ne_10m_ports.geojson","license":"public domain"},"geometry":{"type":"Point","coordinates":[-1.157067,54.608056]}},{"type":"Feature","properties":{"name":"Poti","region_code":"5","source_name":"Natural Earth ports","source_url":"https://raw.githubusercontent.com/nvkelso/natural-earth-vector/master/geojson/ne_10m_ports.geojson","license":"public domain"},"geometry":{"type":"Point","coordinates":[41.652827,42.155]}},{"type":"Feature","properties":{"name":"Piraeus","region_code":"5","source_name":"Natural Earth ports","source_url":"https://raw.githubusercontent.com/nvkelso/natural-earth-vector/master/geojson/ne_10m_ports.geojson","license":"public domain"},"geometry":{"type":"Point","coordinates":[23.656537,37.937222]}},{"type":"Feature","properties":{"name":"Piraeus","region_code":"5","source_name":"Natural Earth ports","source_url":"https://raw.githubusercontent.com/nvkelso/natural-earth-vector/master/geojson/ne_10m_ports.geojson","license":"public domain"},"geometry":{"type":"Point","coordinates":[23.633687,37.941111]}},{"type":"Feature","properties":{"name":"Piraeus","region_code":"5","source_name":"Natural Earth ports","source_url":"https://raw.githubusercontent.com/nvkelso/natural-earth-vector/master/geojson/ne_10m_ports.geojson","license":"public domain"},"geometry":{"type":"Point","coordinates":[23.643051,37.934444]}},{"type":"Feature","properties":{"name":"Saint George's","region_code":"5","source_name":"Natural Earth ports","source_url":"https://raw.githubusercontent.com/nvkelso/natural-earth-vector/master/geojson/ne_10m_ports.geojson","license":"public domain"},"geometry":{"type":"Point","coordinates":[-61.75053,12.047222]}},{"type":"Feature","properties":{"name":"Cayenne","region_code":"5","source_name":"Natural Earth ports","source_url":"https://raw.githubusercontent.com/nvkelso/natural-earth-vector/master/geojson/ne_10m_ports.geojson","license":"public domain"},"geometry":{"type":"Point","coordinates":[-52.271967,4.853056]}},{"type":"Feature","properties":{"name":"Bakar","region_code":"5","source_name":"Natural Earth ports","source_url":"https://raw.githubusercontent.com/nvkelso/natural-earth-vector/master/geojson/ne_10m_ports.geojson","license":"public domain"},"geometry":{"type":"Point","coordinates":[14.540754,45.299722]}},{"type":"Feature","properties":{"name":"Rovinj","region_code":"5","source_name":"Natural Earth ports","source_url":"https://raw.githubusercontent.com/nvkelso/natural-earth-vector/master/geojson/ne_10m_ports.geojson","license":"public domain"},"geometry":{"type":"Point","coordinates":[13.634923,45.080556]}},{"type":"Feature","properties":{"name":"Sibenik","region_code":"5","source_name":"Natural Earth ports","source_url":"https://raw.githubusercontent.com/nvkelso/natural-earth-vector/master/geojson/ne_10m_ports.geojson","license":"public domain"},"geometry":{"type":"Point","coordinates":[15.891637,43.726389]}},{"type":"Feature","properties":{"name":"Gonaives","region_code":"5","source_name":"Natural Earth ports","source_url":"https://raw.githubusercontent.com/nvkelso/natural-earth-vector/master/geojson/ne_10m_ports.geojson","license":"public domain"},"geometry":{"type":"Point","coordinates":[-72.70371,19.448333]}},{"type":"Feature","properties":{"name":"Sorong","region_code":"5","source_name":"Natural Earth ports","source_url":"https://raw.githubusercontent.com/nvkelso/natural-earth-vector/master/geojson/ne_10m_ports.geojson","license":"public domain"},"geometry":{"type":"Point","coordinates":[131.242521,-0.876944]}},{"type":"Feature","properties":{"name":"Alleppey","region_code":"5","source_name":"Natural Earth ports","source_url":"https://raw.githubusercontent.com/nvkelso/natural-earth-vector/master/geojson/ne_10m_ports.geojson","license":"public domain"},"geometry":{"type":"Point","coordinates":[76.310424,9.491944]}},{"type":"Feature","properties":{"name":"Kakinada","region_code":"5","source_name":"Natural Earth ports","source_url":"https://raw.githubusercontent.com/nvkelso/natural-earth-vector/master/geojson/ne_10m_ports.geojson","license":"public domain"},"geometry":{"type":"Point","coordinates":[82.274617,16.977778]}},{"type":"Feature","properties":{"name":"Tuticorin","region_code":"5","source_name":"Natural Earth ports","source_url":"https://raw.githubusercontent.com/nvkelso/natural-earth-vector/master/geojson/ne_10m_ports.geojson","license":"public domain"},"geometry":{"type":"Point","coordinates":[78.187044,8.758333]}},{"type":"Feature","properties":{"name":"Sligo","region_code":"5","source_name":"Natural Earth ports","source_url":"https://raw.githubusercontent.com/nvkelso/natural-earth-vector/master/geojson/ne_10m_ports.geojson","license":"public domain"},"geometry":{"type":"Point","coordinates":[-8.47126,54.271667]}},{"type":"Feature","properties":{"name":"Licata","region_code":"5","source_name":"Natural Earth ports","source_url":"https://raw.githubusercontent.com/nvkelso/natural-earth-vector/master/geojson/ne_10m_ports.geojson","license":"public domain"},"geometry":{"type":"Point","coordinates":[13.93828,37.090278]}},{"type":"Feature","properties":{"name":"Alghero","region_code":"5","source_name":"Natural Earth ports","source_url":"https://raw.githubusercontent.com/nvkelso/natural-earth-vector/master/geojson/ne_10m_ports.geojson","license":"public domain"},"geometry":{"type":"Point","coordinates":[8.307951,40.562778]}},{"type":"Feature","properties":{"name":"Bagnoli","region_code":"5","source_name":"Natural Earth ports","source_url":"https://raw.githubusercontent.com/nvkelso/natural-earth-vector/master/geojson/ne_10m_ports.geojson","license":"public domain"},"geometry":{"type":"Point","coordinates":[14.160071,40.803333]}},{"type":"Feature","properties":{"name":"Barletta","region_code":"5","source_name":"Natural Earth ports","source_url":"https://raw.githubusercontent.com/nvkelso/natural-earth-vector/master/geojson/ne_10m_ports.geojson","license":"public domain"},"geometry":{"type":"Point","coordinates":[16.28775,41.325556]}},{"type":"Feature","properties":{"name":"Brindisi","region_code":"5","source_name":"Natural Earth ports","source_url":"https://raw.githubusercontent.com/nvkelso/natural-earth-vector/master/geojson/ne_10m_ports.geojson","license":"public domain"},"geometry":{"type":"Point","coordinates":[17.956007,40.646389]}},{"type":"Feature","properties":{"name":"Crotone","region_code":"5","source_name":"Natural Earth ports","source_url":"https://raw.githubusercontent.com/nvkelso/natural-earth-vector/master/geojson/ne_10m_ports.geojson","license":"public domain"},"geometry":{"type":"Point","coordinates":[17.12338,39.086111]}},{"type":"Feature","properties":{"name":"Gallipoli","region_code":"5","source_name":"Natural Earth ports","source_url":"https://raw.githubusercontent.com/nvkelso/natural-earth-vector/master/geojson/ne_10m_ports.geojson","license":"public domain"},"geometry":{"type":"Point","coordinates":[17.975677,40.055833]}},{"type":"Feature","properties":{"name":"Imperia","region_code":"5","source_name":"Natural Earth ports","source_url":"https://raw.githubusercontent.com/nvkelso/natural-earth-vector/master/geojson/ne_10m_ports.geojson","license":"public domain"},"geometry":{"type":"Point","coordinates":[8.026914,43.882778]}},{"type":"Feature","properties":{"name":"La Maddalena","region_code":"5","source_name":"Natural Earth ports","source_url":"https://raw.githubusercontent.com/nvkelso/natural-earth-vector/master/geojson/ne_10m_ports.geojson","license":"public domain"},"geometry":{"type":"Point","coordinates":[9.409364,41.213333]}},{"type":"Feature","properties":{"name":"La Spezia","region_code":"5","source_name":"Natural Earth ports","source_url":"https://raw.githubusercontent.com/nvkelso/natural-earth-vector/master/geojson/ne_10m_ports.geojson","license":"public domain"},"geometry":{"type":"Point","coordinates":[9.850353,44.087222]}},{"type":"Feature","properties":{"name":"Marsala","region_code":"5","source_name":"Natural Earth ports","source_url":"https://raw.githubusercontent.com/nvkelso/natural-earth-vector/master/geojson/ne_10m_ports.geojson","license":"public domain"},"geometry":{"type":"Point","coordinates":[12.435453,37.789722]}},{"type":"Feature","properties":{"name":"Messina","region_code":"5","source_name":"Natural Earth ports","source_url":"https://raw.githubusercontent.com/nvkelso/natural-earth-vector/master/geojson/ne_10m_ports.geojson","license":"public domain"},"geometry":{"type":"Point","coordinates":[15.559187,38.200278]}},{"type":"Feature","properties":{"name":"Molfetta","region_code":"5","source_name":"Natural Earth ports","source_url":"https://raw.githubusercontent.com/nvkelso/natural-earth-vector/master/geojson/ne_10m_ports.geojson","license":"public domain"},"geometry":{"type":"Point","coordinates":[16.58775,41.208333]}},{"type":"Feature","properties":{"name":"Monfalcone","region_code":"5","source_name":"Natural Earth ports","source_url":"https://raw.githubusercontent.com/nvkelso/natural-earth-vector/master/geojson/ne_10m_ports.geojson","license":"public domain"},"geometry":{"type":"Point","coordinates":[13.55265,45.788611]}},{"type":"Feature","properties":{"name":"Monopoli","region_code":"5","source_name":"Natural Earth ports","source_url":"https://raw.githubusercontent.com/nvkelso/natural-earth-vector/master/geojson/ne_10m_ports.geojson","license":"public domain"},"geometry":{"type":"Point","coordinates":[17.300353,40.956111]}},{"type":"Feature","properties":{"name":"Pesaro","region_code":"5","source_name":"Natural Earth ports","source_url":"https://raw.githubusercontent.com/nvkelso/natural-earth-vector/master/geojson/ne_10m_ports.geojson","license":"public domain"},"geometry":{"type":"Point","coordinates":[12.902473,43.920833]}},{"type":"Feature","properties":{"name":"Porto Torres","region_code":"5","source_name":"Natural Earth ports","source_url":"https://raw.githubusercontent.com/nvkelso/natural-earth-vector/master/geojson/ne_10m_ports.geojson","license":"public domain"},"geometry":{"type":"Point","coordinates":[8.392167,40.843611]}},{"type":"Feature","properties":{"name":"Ravenna","region_code":"5","source_name":"Natural Earth ports","source_url":"https://raw.githubusercontent.com/nvkelso/natural-earth-vector/master/geojson/ne_10m_ports.geojson","license":"public domain"},"geometry":{"type":"Point","coordinates":[12.250353,44.462222]}},{"type":"Feature","properties":{"name":"Siracusa","region_code":"5","source_name":"Natural Earth ports","source_url":"https://raw.githubusercontent.com/nvkelso/natural-earth-vector/master/geojson/ne_10m_ports.geojson","license":"public domain"},"geometry":{"type":"Point","coordinates":[15.287574,37.066111]}},{"type":"Feature","properties":{"name":"Taranto","region_code":"5","source_name":"Natural Earth ports","source_url":"https://raw.githubusercontent.com/nvkelso/natural-earth-vector/master/geojson/ne_10m_ports.geojson","license":"public domain"},"geometry":{"type":"Point","coordinates":[17.188987,40.488056]}},{"type":"Feature","properties":{"name":"Torre Annunziata","region_code":"5","source_name":"Natural Earth ports","source_url":"https://raw.githubusercontent.com/nvkelso/natural-earth-vector/master/geojson/ne_10m_ports.geojson","license":"public domain"},"geometry":{"type":"Point","coordinates":[14.442874,40.75]}},{"type":"Feature","properties":{"name":"Omura","region_code":"5","source_name":"Natural Earth ports","source_url":"https://raw.githubusercontent.com/nvkelso/natural-earth-vector/master/geojson/ne_10m_ports.geojson","license":"public domain"},"geometry":{"type":"Point","coordinates":[129.950353,32.901667]}},{"type":"Feature","properties":{"name":"Amagasaki","region_code":"5","source_name":"Natural Earth ports","source_url":"https://raw.githubusercontent.com/nvkelso/natural-earth-vector/master/geojson/ne_10m_ports.geojson","license":"public domain"},"geometry":{"type":"Point","coordinates":[135.383333,34.691389]}},{"type":"Feature","properties":{"name":"Fushiki","region_code":"5","source_name":"Natural Earth ports","source_url":"https://raw.githubusercontent.com/nvkelso/natural-earth-vector/master/geojson/ne_10m_ports.geojson","license":"public domain"},"geometry":{"type":"Point","coordinates":[137.108481,36.775833]}},{"type":"Feature","properties":{"name":"Imabari","region_code":"5","source_name":"Natural Earth ports","source_url":"https://raw.githubusercontent.com/nvkelso/natural-earth-vector/master/geojson/ne_10m_ports.geojson","license":"public domain"},"geometry":{"type":"Point","coordinates":[133.006184,34.068056]}},{"type":"Feature","properties":{"name":"Iwakuni","region_code":"5","source_name":"Natural Earth ports","source_url":"https://raw.githubusercontent.com/nvkelso/natural-earth-vector/master/geojson/ne_10m_ports.geojson","license":"public domain"},"geometry":{"type":"Point","coordinates":[132.235277,34.176944]}},{"type":"Feature","properties":{"name":"Kainan","region_code":"5","source_name":"Natural Earth ports","source_url":"https://raw.githubusercontent.com/nvkelso/natural-earth-vector/master/geojson/ne_10m_ports.geojson","license":"public domain"},"geometry":{"type":"Point","coordinates":[135.188457,34.153056]}},{"type":"Feature","properties":{"name":"Kanazawa","region_code":"5","source_name":"Natural Earth ports","source_url":"https://raw.githubusercontent.com/nvkelso/natural-earth-vector/master/geojson/ne_10m_ports.geojson","license":"public domain"},"geometry":{"type":"Point","coordinates":[136.606537,36.616944]}},{"type":"Feature","properties":{"name":"Kawasaki","region_code":"5","source_name":"Natural Earth ports","source_url":"https://raw.githubusercontent.com/nvkelso/natural-earth-vector/master/geojson/ne_10m_ports.geojson","license":"public domain"},"geometry":{"type":"Point","coordinates":[139.743757,35.506389]}},{"type":"Feature","properties":{"name":"Kokura","region_code":"5","source_name":"Natural Earth ports","source_url":"https://raw.githubusercontent.com/nvkelso/natural-earth-vector/master/geojson/ne_10m_ports.geojson","license":"public domain"},"geometry":{"type":"Point","coordinates":[130.873557,33.908333]}},{"type":"Feature","properties":{"name":"Maizuru","region_code":"5","source_name":"Natural Earth ports","source_url":"https://raw.githubusercontent.com/nvkelso/natural-earth-vector/master/geojson/ne_10m_ports.geojson","license":"public domain"},"geometry":{"type":"Point","coordinates":[135.385277,35.481667]}},{"type":"Feature","properties":{"name":"Matsusaka","region_code":"5","source_name":"Natural Earth ports","source_url":"https://raw.githubusercontent.com/nvkelso/natural-earth-vector/master/geojson/ne_10m_ports.geojson","license":"public domain"},"geometry":{"type":"Point","coordinates":[136.553357,34.608056]}},{"type":"Feature","properties":{"name":"Miyazu","region_code":"5","source_name":"Natural Earth ports","source_url":"https://raw.githubusercontent.com/nvkelso/natural-earth-vector/master/geojson/ne_10m_ports.geojson","license":"public domain"},"geometry":{"type":"Point","coordinates":[135.193404,35.543333]}},{"type":"Feature","properties":{"name":"Muroran","region_code":"5","source_name":"Natural Earth ports","source_url":"https://raw.githubusercontent.com/nvkelso/natural-earth-vector/master/geojson/ne_10m_ports.geojson","license":"public domain"},"geometry":{"type":"Point","coordinates":[140.954064,42.335833]}},{"type":"Feature","properties":{"name":"Niigata","region_code":"5","source_name":"Natural Earth ports","source_url":"https://raw.githubusercontent.com/nvkelso/natural-earth-vector/master/geojson/ne_10m_ports.geojson","license":"public domain"},"geometry":{"type":"Point","coordinates":[139.124794,37.955]}},{"type":"Feature","properties":{"name":"Saganoseki","region_code":"5","source_name":"Natural Earth ports","source_url":"https://raw.githubusercontent.com/nvkelso/natural-earth-vector/master/geojson/ne_10m_ports.geojson","license":"public domain"},"geometry":{"type":"Point","coordinates":[131.869317,33.251389]}},{"type":"Feature","properties":{"name":"Sasebo","region_code":"5","source_name":"Natural Earth ports","source_url":"https://raw.githubusercontent.com/nvkelso/natural-earth-vector/master/geojson/ne_10m_ports.geojson","license":"public domain"},"geometry":{"type":"Point","coordinates":[129.707774,33.156944]}},{"type":"Feature","properties":{"name":"Shimizu","region_code":"5","source_name":"Natural Earth ports","source_url":"https://raw.githubusercontent.com/nvkelso/natural-earth-vector/master/geojson/ne_10m_ports.geojson","license":"public domain"},"geometry":{"type":"Point","coordinates":[138.509894,35.014444]}},{"type":"Feature","properties":{"name":"Shimotsu","region_code":"5","source_name":"Natural Earth ports","source_url":"https://raw.githubusercontent.com/nvkelso/natural-earth-vector/master/geojson/ne_10m_ports.geojson","license":"public domain"},"geometry":{"type":"Point","coordinates":[135.133333,34.116389]}},{"type":"Feature","properties":{"name":"Wakayama","region_code":"5","source_name":"Natural Earth ports","source_url":"https://raw.githubusercontent.com/nvkelso/natural-earth-vector/master/geojson/ne_10m_ports.geojson","license":"public domain"},"geometry":{"type":"Point","coordinates":[135.127091,34.223056]}},{"type":"Feature","properties":{"name":"Yokosuka","region_code":"5","source_name":"Natural Earth ports","source_url":"https://raw.githubusercontent.com/nvkelso/natural-earth-vector/master/geojson/ne_10m_ports.geojson","license":"public domain"},"geometry":{"type":"Point","coordinates":[139.654417,35.304444]}},{"type":"Feature","properties":{"name":"Galle","region_code":"5","source_name":"Natural Earth ports","source_url":"https://raw.githubusercontent.com/nvkelso/natural-earth-vector/master/geojson/ne_10m_ports.geojson","license":"public domain"},"geometry":{"type":"Point","coordinates":[80.224971,6.033333]}},{"type":"Feature","properties":{"name":"Ventspils","region_code":"5","source_name":"Natural Earth ports","source_url":"https://raw.githubusercontent.com/nvkelso/natural-earth-vector/master/geojson/ne_10m_ports.geojson","license":"public domain"},"geometry":{"type":"Point","coordinates":[21.537044,57.403056]}},{"type":"Feature","properties":{"name":"Frontera","region_code":"5","source_name":"Natural Earth ports","source_url":"https://raw.githubusercontent.com/nvkelso/natural-earth-vector/master/geojson/ne_10m_ports.geojson","license":"public domain"},"geometry":{"type":"Point","coordinates":[-92.65212,18.530278]}},{"type":"Feature","properties":{"name":"Minatitlan","region_code":"5","source_name":"Natural Earth ports","source_url":"https://raw.githubusercontent.com/nvkelso/natural-earth-vector/master/geojson/ne_10m_ports.geojson","license":"public domain"},"geometry":{"type":"Point","coordinates":[-94.53457,17.975833]}},{"type":"Feature","properties":{"name":"Pajaritos","region_code":"5","source_name":"Natural Earth ports","source_url":"https://raw.githubusercontent.com/nvkelso/natural-earth-vector/master/geojson/ne_10m_ports.geojson","license":"public domain"},"geometry":{"type":"Point","coordinates":[-94.40053,18.1275]}},{"type":"Feature","properties":{"name":"Santa Rosalia","region_code":"5","source_name":"Natural Earth ports","source_url":"https://raw.githubusercontent.com/nvkelso/natural-earth-vector/master/geojson/ne_10m_ports.geojson","license":"public domain"},"geometry":{"type":"Point","coordinates":[-112.258481,27.339167]}},{"type":"Feature","properties":{"name":"Progreso","region_code":"5","source_name":"Natural Earth ports","source_url":"https://raw.githubusercontent.com/nvkelso/natural-earth-vector/master/geojson/ne_10m_ports.geojson","license":"public domain"},"geometry":{"type":"Point","coordinates":[-89.670554,21.313611]}},{"type":"Feature","properties":{"name":"Tuxpan","region_code":"5","source_name":"Natural Earth ports","source_url":"https://raw.githubusercontent.com/nvkelso/natural-earth-vector/master/geojson/ne_10m_ports.geojson","license":"public domain"},"geometry":{"type":"Point","coordinates":[-97.370554,20.940556]}},{"type":"Feature","properties":{"name":"Kemaman","region_code":"5","source_name":"Natural Earth ports","source_url":"https://raw.githubusercontent.com/nvkelso/natural-earth-vector/master/geojson/ne_10m_ports.geojson","license":"public domain"},"geometry":{"type":"Point","coordinates":[103.459187,4.249444]}},{"type":"Feature","properties":{"name":"Den Helder","region_code":"5","source_name":"Natural Earth ports","source_url":"https://raw.githubusercontent.com/nvkelso/natural-earth-vector/master/geojson/ne_10m_ports.geojson","license":"public domain"},"geometry":{"type":"Point","coordinates":[4.783687,52.958056]}},{"type":"Feature","properties":{"name":"Dordrecht","region_code":"5","source_name":"Natural Earth ports","source_url":"https://raw.githubusercontent.com/nvkelso/natural-earth-vector/master/geojson/ne_10m_ports.geojson","license":"public domain"},"geometry":{"type":"Point","coordinates":[4.651413,51.805833]}},{"type":"Feature","properties":{"name":"Delfzijl","region_code":"5","source_name":"Natural Earth ports","source_url":"https://raw.githubusercontent.com/nvkelso/natural-earth-vector/master/geojson/ne_10m_ports.geojson","license":"public domain"},"geometry":{"type":"Point","coordinates":[6.955477,53.320556]}},{"type":"Feature","properties":{"name":"Arendal","region_code":"5","source_name":"Natural Earth ports","source_url":"https://raw.githubusercontent.com/nvkelso/natural-earth-vector/master/geojson/ne_10m_ports.geojson","license":"public domain"},"geometry":{"type":"Point","coordinates":[8.75742,58.454167]}},{"type":"Feature","properties":{"name":"Drammen","region_code":"5","source_name":"Natural Earth ports","source_url":"https://raw.githubusercontent.com/nvkelso/natural-earth-vector/master/geojson/ne_10m_ports.geojson","license":"public domain"},"geometry":{"type":"Point","coordinates":[10.224971,59.736667]}},{"type":"Feature","properties":{"name":"Halden","region_code":"5","source_name":"Natural Earth ports","source_url":"https://raw.githubusercontent.com/nvkelso/natural-earth-vector/master/geojson/ne_10m_ports.geojson","license":"public domain"},"geometry":{"type":"Point","coordinates":[11.375324,59.118056]}},{"type":"Feature","properties":{"name":"Harstad","region_code":"5","source_name":"Natural Earth ports","source_url":"https://raw.githubusercontent.com/nvkelso/natural-earth-vector/master/geojson/ne_10m_ports.geojson","license":"public domain"},"geometry":{"type":"Point","coordinates":[16.541637,68.789167]}},{"type":"Feature","properties":{"name":"Larvik","region_code":"5","source_name":"Natural Earth ports","source_url":"https://raw.githubusercontent.com/nvkelso/natural-earth-vector/master/geojson/ne_10m_ports.geojson","license":"public domain"},"geometry":{"type":"Point","coordinates":[10.025501,59.045278]}},{"type":"Feature","properties":{"name":"Moss","region_code":"5","source_name":"Natural Earth ports","source_url":"https://raw.githubusercontent.com/nvkelso/natural-earth-vector/master/geojson/ne_10m_ports.geojson","license":"public domain"},"geometry":{"type":"Point","coordinates":[10.652827,59.432222]}},{"type":"Feature","properties":{"name":"Sandefjord","region_code":"5","source_name":"Natural Earth ports","source_url":"https://raw.githubusercontent.com/nvkelso/natural-earth-vector/master/geojson/ne_10m_ports.geojson","license":"public domain"},"geometry":{"type":"Point","coordinates":[10.224971,59.123611]}},{"type":"Feature","properties":{"name":"Tonsberg","region_code":"5","source_name":"Natural Earth ports","source_url":"https://raw.githubusercontent.com/nvkelso/natural-earth-vector/master/geojson/ne_10m_ports.geojson","license":"public domain"},"geometry":{"type":"Point","coordinates":[10.404947,59.265]}},{"type":"Feature","properties":{"name":"Lyttelton","region_code":"5","source_name":"Natural Earth ports","source_url":"https://raw.githubusercontent.com/nvkelso/natural-earth-vector/master/geojson/ne_10m_ports.geojson","license":"public domain"},"geometry":{"type":"Point","coordinates":[172.710247,-43.606111]}},{"type":"Feature","properties":{"name":"Qalhat","region_code":"5","source_name":"Natural Earth ports","source_url":"https://raw.githubusercontent.com/nvkelso/natural-earth-vector/master/geojson/ne_10m_ports.geojson","license":"public domain"},"geometry":{"type":"Point","coordinates":[59.420554,22.656667]}},{"type":"Feature","properties":{"name":"Sohar","region_code":"5","source_name":"Natural Earth ports","source_url":"https://raw.githubusercontent.com/nvkelso/natural-earth-vector/master/geojson/ne_10m_ports.geojson","license":"public domain"},"geometry":{"type":"Point","coordinates":[56.737927,24.378333]}},{"type":"Feature","properties":{"name":"Balboa","region_code":"5","source_name":"Natural Earth ports","source_url":"https://raw.githubusercontent.com/nvkelso/natural-earth-vector/master/geojson/ne_10m_ports.geojson","license":"public domain"},"geometry":{"type":"Point","coordinates":[-79.568787,8.955556]}},{"type":"Feature","properties":{"name":"Cristobal","region_code":"5","source_name":"Natural Earth ports","source_url":"https://raw.githubusercontent.com/nvkelso/natural-earth-vector/master/geojson/ne_10m_ports.geojson","license":"public domain"},"geometry":{"type":"Point","coordinates":[-79.90477,9.350278]}},{"type":"Feature","properties":{"name":"Pedregal","region_code":"5","source_name":"Natural Earth ports","source_url":"https://raw.githubusercontent.com/nvkelso/natural-earth-vector/master/geojson/ne_10m_ports.geojson","license":"public domain"},"geometry":{"type":"Point","coordinates":[-82.43457,8.365]}},{"type":"Feature","properties":{"name":"Callao","region_code":"5","source_name":"Natural Earth ports","source_url":"https://raw.githubusercontent.com/nvkelso/natural-earth-vector/master/geojson/ne_10m_ports.geojson","license":"public domain"},"geometry":{"type":"Point","coordinates":[-77.141814,-12.045278]}},{"type":"Feature","properties":{"name":"Matarani","region_code":"5","source_name":"Natural Earth ports","source_url":"https://raw.githubusercontent.com/nvkelso/natural-earth-vector/master/geojson/ne_10m_ports.geojson","license":"public domain"},"geometry":{"type":"Point","coordinates":[-72.10424,-16.997778]}},{"type":"Feature","properties":{"name":"Swinoujscie","region_code":"5","source_name":"Natural Earth ports","source_url":"https://raw.githubusercontent.com/nvkelso/natural-earth-vector/master/geojson/ne_10m_ports.geojson","license":"public domain"},"geometry":{"type":"Point","coordinates":[14.26861,53.905]}},{"type":"Feature","properties":{"name":"Leixoes","region_code":"5","source_name":"Natural Earth ports","source_url":"https://raw.githubusercontent.com/nvkelso/natural-earth-vector/master/geojson/ne_10m_ports.geojson","license":"public domain"},"geometry":{"type":"Point","coordinates":[-8.692874,41.185]}},{"type":"Feature","properties":{"name":"Setubal","region_code":"5","source_name":"Natural Earth ports","source_url":"https://raw.githubusercontent.com/nvkelso/natural-earth-vector/master/geojson/ne_10m_ports.geojson","license":"public domain"},"geometry":{"type":"Point","coordinates":[-8.821437,38.489722]}},{"type":"Feature","properties":{"name":"Aveiro","region_code":"5","source_name":"Natural Earth ports","source_url":"https://raw.githubusercontent.com/nvkelso/natural-earth-vector/master/geojson/ne_10m_ports.geojson","license":"public domain"},"geometry":{"type":"Point","coordinates":[-8.71967,40.643611]}},{"type":"Feature","properties":{"name":"Viana do Castelo","region_code":"5","source_name":"Natural Earth ports","source_url":"https://raw.githubusercontent.com/nvkelso/natural-earth-vector/master/geojson/ne_10m_ports.geojson","license":"public domain"},"geometry":{"type":"Point","coordinates":[-8.823027,41.686389]}},{"type":"Feature","properties":{"name":"Galati","region_code":"5","source_name":"Natural Earth ports","source_url":"https://raw.githubusercontent.com/nvkelso/natural-earth-vector/master/geojson/ne_10m_ports.geojson","license":"public domain"},"geometry":{"type":"Point","coordinates":[28.083863,45.441667]}},{"type":"Feature","properties":{"name":"Nakhodka","region_code":"5","source_name":"Natural Earth ports","source_url":"https://raw.githubusercontent.com/nvkelso/natural-earth-vector/master/geojson/ne_10m_ports.geojson","license":"public domain"},"geometry":{"type":"Point","coordinates":[132.907597,42.804722]}},{"type":"Feature","properties":{"name":"Kandalaksha","region_code":"5","source_name":"Natural Earth ports","source_url":"https://raw.githubusercontent.com/nvkelso/natural-earth-vector/master/geojson/ne_10m_ports.geojson","license":"public domain"},"geometry":{"type":"Point","coordinates":[32.404947,67.135]}},{"type":"Feature","properties":{"name":"Kholmsk","region_code":"5","source_name":"Natural Earth ports","source_url":"https://raw.githubusercontent.com/nvkelso/natural-earth-vector/master/geojson/ne_10m_ports.geojson","license":"public domain"},"geometry":{"type":"Point","coordinates":[142.040047,47.050556]}},{"type":"Feature","properties":{"name":"Korsakov","region_code":"5","source_name":"Natural Earth ports","source_url":"https://raw.githubusercontent.com/nvkelso/natural-earth-vector/master/geojson/ne_10m_ports.geojson","license":"public domain"},"geometry":{"type":"Point","coordinates":[142.758481,46.626667]}},{"type":"Feature","properties":{"name":"Kronshtadt","region_code":"5","source_name":"Natural Earth ports","source_url":"https://raw.githubusercontent.com/nvkelso/natural-earth-vector/master/geojson/ne_10m_ports.geojson","license":"public domain"},"geometry":{"type":"Point","coordinates":[29.767373,59.986944]}},{"type":"Feature","properties":{"name":"Nakhodka","region_code":"5","source_name":"Natural Earth ports","source_url":"https://raw.githubusercontent.com/nvkelso/natural-earth-vector/master/geojson/ne_10m_ports.geojson","license":"public domain"},"geometry":{"type":"Point","coordinates":[132.88616,42.8]}},{"type":"Feature","properties":{"name":"Novorossiysk","region_code":"5","source_name":"Natural Earth ports","source_url":"https://raw.githubusercontent.com/nvkelso/natural-earth-vector/master/geojson/ne_10m_ports.geojson","license":"public domain"},"geometry":{"type":"Point","coordinates":[37.804417,44.715]}},{"type":"Feature","properties":{"name":"Tuapse","region_code":"5","source_name":"Natural Earth ports","source_url":"https://raw.githubusercontent.com/nvkelso/natural-earth-vector/master/geojson/ne_10m_ports.geojson","license":"public domain"},"geometry":{"type":"Point","coordinates":[39.066667,44.091944]}},{"type":"Feature","properties":{"name":"Jubail","region_code":"5","source_name":"Natural Earth ports","source_url":"https://raw.githubusercontent.com/nvkelso/natural-earth-vector/master/geojson/ne_10m_ports.geojson","license":"public domain"},"geometry":{"type":"Point","coordinates":[49.670907,27.028611]}},{"type":"Feature","properties":{"name":"Jubail","region_code":"5","source_name":"Natural Earth ports","source_url":"https://raw.githubusercontent.com/nvkelso/natural-earth-vector/master/geojson/ne_10m_ports.geojson","license":"public domain"},"geometry":{"type":"Point","coordinates":[49.673027,27.087778]}},{"type":"Feature","properties":{"name":"Ras al Khafji","region_code":"5","source_name":"Natural Earth ports","source_url":"https://raw.githubusercontent.com/nvkelso/natural-earth-vector/master/geojson/ne_10m_ports.geojson","license":"public domain"},"geometry":{"type":"Point","coordinates":[48.522497,28.415]}},{"type":"Feature","properties":{"name":"Falkenberg","region_code":"5","source_name":"Natural Earth ports","source_url":"https://raw.githubusercontent.com/nvkelso/natural-earth-vector/master/geojson/ne_10m_ports.geojson","license":"public domain"},"geometry":{"type":"Point","coordinates":[12.476384,56.889444]}},{"type":"Feature","properties":{"name":"Ahus","region_code":"5","source_name":"Natural Earth ports","source_url":"https://raw.githubusercontent.com/nvkelso/natural-earth-vector/master/geojson/ne_10m_ports.geojson","license":"public domain"},"geometry":{"type":"Point","coordinates":[14.305477,55.925556]}},{"type":"Feature","properties":{"name":"Harnosand","region_code":"5","source_name":"Natural Earth ports","source_url":"https://raw.githubusercontent.com/nvkelso/natural-earth-vector/master/geojson/ne_10m_ports.geojson","license":"public domain"},"geometry":{"type":"Point","coordinates":[17.93881,62.640833]}},{"type":"Feature","properties":{"name":"Hoganas","region_code":"5","source_name":"Natural Earth ports","source_url":"https://raw.githubusercontent.com/nvkelso/natural-earth-vector/master/geojson/ne_10m_ports.geojson","license":"public domain"},"geometry":{"type":"Point","coordinates":[12.541461,56.198611]}},{"type":"Feature","properties":{"name":"Karlshamn","region_code":"5","source_name":"Natural Earth ports","source_url":"https://raw.githubusercontent.com/nvkelso/natural-earth-vector/master/geojson/ne_10m_ports.geojson","license":"public domain"},"geometry":{"type":"Point","coordinates":[14.858304,56.1625]}},{"type":"Feature","properties":{"name":"Karlskrona","region_code":"5","source_name":"Natural Earth ports","source_url":"https://raw.githubusercontent.com/nvkelso/natural-earth-vector/master/geojson/ne_10m_ports.geojson","license":"public domain"},"geometry":{"type":"Point","coordinates":[15.585984,56.16]}},{"type":"Feature","properties":{"name":"Nynashamn","region_code":"5","source_name":"Natural Earth ports","source_url":"https://raw.githubusercontent.com/nvkelso/natural-earth-vector/master/geojson/ne_10m_ports.geojson","license":"public domain"},"geometry":{"type":"Point","coordinates":[17.958127,58.913333]}},{"type":"Feature","properties":{"name":"Oskarshamn","region_code":"5","source_name":"Natural Earth ports","source_url":"https://raw.githubusercontent.com/nvkelso/natural-earth-vector/master/geojson/ne_10m_ports.geojson","license":"public domain"},"geometry":{"type":"Point","coordinates":[16.47073,57.265]}},{"type":"Feature","properties":{"name":"Oxelosund","region_code":"5","source_name":"Natural Earth ports","source_url":"https://raw.githubusercontent.com/nvkelso/natural-earth-vector/master/geojson/ne_10m_ports.geojson","license":"public domain"},"geometry":{"type":"Point","coordinates":[17.107951,58.661667]}},{"type":"Feature","properties":{"name":"Pitea","region_code":"5","source_name":"Natural Earth ports","source_url":"https://raw.githubusercontent.com/nvkelso/natural-earth-vector/master/geojson/ne_10m_ports.geojson","license":"public domain"},"geometry":{"type":"Point","coordinates":[21.470377,65.308889]}},{"type":"Feature","properties":{"name":"Sodertalje","region_code":"5","source_name":"Natural Earth ports","source_url":"https://raw.githubusercontent.com/nvkelso/natural-earth-vector/master/geojson/ne_10m_ports.geojson","license":"public domain"},"geometry":{"type":"Point","coordinates":[17.659187,59.169722]}},{"type":"Feature","properties":{"name":"Trelleborg","region_code":"5","source_name":"Natural Earth ports","source_url":"https://raw.githubusercontent.com/nvkelso/natural-earth-vector/master/geojson/ne_10m_ports.geojson","license":"public domain"},"geometry":{"type":"Point","coordinates":[13.15159,55.368056]}},{"type":"Feature","properties":{"name":"Uddevalla","region_code":"5","source_name":"Natural Earth ports","source_url":"https://raw.githubusercontent.com/nvkelso/natural-earth-vector/master/geojson/ne_10m_ports.geojson","license":"public domain"},"geometry":{"type":"Point","coordinates":[11.90477,58.348056]}},{"type":"Feature","properties":{"name":"Ystad","region_code":"5","source_name":"Natural Earth ports","source_url":"https://raw.githubusercontent.com/nvkelso/natural-earth-vector/master/geojson/ne_10m_ports.geojson","license":"public domain"},"geometry":{"type":"Point","coordinates":[13.82073,55.421389]}},{"type":"Feature","properties":{"name":"Bangkok","region_code":"5","source_name":"Natural Earth ports","source_url":"https://raw.githubusercontent.com/nvkelso/natural-earth-vector/master/geojson/ne_10m_ports.geojson","license":"public domain"},"geometry":{"type":"Point","coordinates":[100.584923,13.695833]}},{"type":"Feature","properties":{"name":"Laem Chabang","region_code":"5","source_name":"Natural Earth ports","source_url":"https://raw.githubusercontent.com/nvkelso/natural-earth-vector/master/geojson/ne_10m_ports.geojson","license":"public domain"},"geometry":{"type":"Point","coordinates":[100.89093,13.073889]}},{"type":"Feature","properties":{"name":"Sriracha","region_code":"5","source_name":"Natural Earth ports","source_url":"https://raw.githubusercontent.com/nvkelso/natural-earth-vector/master/geojson/ne_10m_ports.geojson","license":"public domain"},"geometry":{"type":"Point","coordinates":[100.91861,13.171389]}},{"type":"Feature","properties":{"name":"Point Lisas","region_code":"5","source_name":"Natural Earth ports","source_url":"https://raw.githubusercontent.com/nvkelso/natural-earth-vector/master/geojson/ne_10m_ports.geojson","license":"public domain"},"geometry":{"type":"Point","coordinates":[-61.489517,10.388333]}},{"type":"Feature","properties":{"name":"Mersin","region_code":"5","source_name":"Natural Earth ports","source_url":"https://raw.githubusercontent.com/nvkelso/natural-earth-vector/master/geojson/ne_10m_ports.geojson","license":"public domain"},"geometry":{"type":"Point","coordinates":[34.640577,36.796944]}},{"type":"Feature","properties":{"name":"Berdyansk","region_code":"5","source_name":"Natural Earth ports","source_url":"https://raw.githubusercontent.com/nvkelso/natural-earth-vector/master/geojson/ne_10m_ports.geojson","license":"public domain"},"geometry":{"type":"Point","coordinates":[36.773204,46.751389]}},{"type":"Feature","properties":{"name":"Kerch","region_code":"5","source_name":"Natural Earth ports","source_url":"https://raw.githubusercontent.com/nvkelso/natural-earth-vector/master/geojson/ne_10m_ports.geojson","license":"public domain"},"geometry":{"type":"Point","coordinates":[36.48563,45.355]}},{"type":"Feature","properties":{"name":"Richmond","region_code":"5","source_name":"Natural Earth ports","source_url":"https://raw.githubusercontent.com/nvkelso/natural-earth-vector/master/geojson/ne_10m_ports.geojson","license":"public domain"},"geometry":{"type":"Point","coordinates":[-122.359011,37.913889]}},{"type":"Feature","properties":{"name":"Wilmington","region_code":"5","source_name":"Natural Earth ports","source_url":"https://raw.githubusercontent.com/nvkelso/natural-earth-vector/master/geojson/ne_10m_ports.geojson","license":"public domain"},"geometry":{"type":"Point","coordinates":[-75.519847,39.716667]}},{"type":"Feature","properties":{"name":"Quincy","region_code":"5","source_name":"Natural Earth ports","source_url":"https://raw.githubusercontent.com/nvkelso/natural-earth-vector/master/geojson/ne_10m_ports.geojson","license":"public domain"},"geometry":{"type":"Point","coordinates":[-70.968963,42.241389]}},{"type":"Feature","properties":{"name":"Nawiliwili","region_code":"5","source_name":"Natural Earth ports","source_url":"https://raw.githubusercontent.com/nvkelso/natural-earth-vector/master/geojson/ne_10m_ports.geojson","license":"public domain"},"geometry":{"type":"Point","coordinates":[-159.353003,21.953889]}},{"type":"Feature","properties":{"name":"Monterey","region_code":"5","source_name":"Natural Earth ports","source_url":"https://raw.githubusercontent.com/nvkelso/natural-earth-vector/master/geojson/ne_10m_ports.geojson","license":"public domain"},"geometry":{"type":"Point","coordinates":[-121.888987,36.605556]}},{"type":"Feature","properties":{"name":"Wilmington","region_code":"5","source_name":"Natural Earth ports","source_url":"https://raw.githubusercontent.com/nvkelso/natural-earth-vector/master/geojson/ne_10m_ports.geojson","license":"public domain"},"geometry":{"type":"Point","coordinates":[-77.95265,34.191944]}},{"type":"Feature","properties":{"name":"Gloucester City","region_code":"5","source_name":"Natural Earth ports","source_url":"https://raw.githubusercontent.com/nvkelso/natural-earth-vector/master/geojson/ne_10m_ports.geojson","license":"public domain"},"geometry":{"type":"Point","coordinates":[-75.122674,39.903611]}},{"type":"Feature","properties":{"name":"Bayonne","region_code":"5","source_name":"Natural Earth ports","source_url":"https://raw.githubusercontent.com/nvkelso/natural-earth-vector/master/geojson/ne_10m_ports.geojson","license":"public domain"},"geometry":{"type":"Point","coordinates":[-74.102474,40.6625]}},{"type":"Feature","properties":{"name":"Baltimore","region_code":"5","source_name":"Natural Earth ports","source_url":"https://raw.githubusercontent.com/nvkelso/natural-earth-vector/master/geojson/ne_10m_ports.geojson","license":"public domain"},"geometry":{"type":"Point","coordinates":[-76.555654,39.2325]}},{"type":"Feature","properties":{"name":"Jacksonville","region_code":"5","source_name":"Natural Earth ports","source_url":"https://raw.githubusercontent.com/nvkelso/natural-earth-vector/master/geojson/ne_10m_ports.geojson","license":"public domain"},"geometry":{"type":"Point","coordinates":[-81.559187,30.380833]}},{"type":"Feature","properties":{"name":"Newport News","region_code":"5","source_name":"Natural Earth ports","source_url":"https://raw.githubusercontent.com/nvkelso/natural-earth-vector/master/geojson/ne_10m_ports.geojson","license":"public domain"},"geometry":{"type":"Point","coordinates":[-76.426207,36.980556]}},{"type":"Feature","properties":{"name":"Port Arthur","region_code":"5","source_name":"Natural Earth ports","source_url":"https://raw.githubusercontent.com/nvkelso/natural-earth-vector/master/geojson/ne_10m_ports.geojson","license":"public domain"},"geometry":{"type":"Point","coordinates":[-93.957067,29.843056]}},{"type":"Feature","properties":{"name":"Portsmouth","region_code":"5","source_name":"Natural Earth ports","source_url":"https://raw.githubusercontent.com/nvkelso/natural-earth-vector/master/geojson/ne_10m_ports.geojson","license":"public domain"},"geometry":{"type":"Point","coordinates":[-76.28828,36.816667]}},{"type":"Feature","properties":{"name":"Wilmington","region_code":"5","source_name":"Natural Earth ports","source_url":"https://raw.githubusercontent.com/nvkelso/natural-earth-vector/master/geojson/ne_10m_ports.geojson","license":"public domain"},"geometry":{"type":"Point","coordinates":[-77.95265,34.191944]}},{"type":"Feature","properties":{"name":"Port Arthur","region_code":"5","source_name":"Natural Earth ports","source_url":"https://raw.githubusercontent.com/nvkelso/natural-earth-vector/master/geojson/ne_10m_ports.geojson","license":"public domain"},"geometry":{"type":"Point","coordinates":[-93.957067,29.843056]}},{"type":"Feature","properties":{"name":"Alexandria","region_code":"5","source_name":"Natural Earth ports","source_url":"https://raw.githubusercontent.com/nvkelso/natural-earth-vector/master/geojson/ne_10m_ports.geojson","license":"public domain"},"geometry":{"type":"Point","coordinates":[-77.03722,38.801111]}},{"type":"Feature","properties":{"name":"Newport News","region_code":"5","source_name":"Natural Earth ports","source_url":"https://raw.githubusercontent.com/nvkelso/natural-earth-vector/master/geojson/ne_10m_ports.geojson","license":"public domain"},"geometry":{"type":"Point","coordinates":[-76.426207,36.980556]}},{"type":"Feature","properties":{"name":"Brownsville","region_code":"5","source_name":"Natural Earth ports","source_url":"https://raw.githubusercontent.com/nvkelso/natural-earth-vector/master/geojson/ne_10m_ports.geojson","license":"public domain"},"geometry":{"type":"Point","coordinates":[-122.608657,47.651389]}},{"type":"Feature","properties":{"name":"Vancouver","region_code":"5","source_name":"Natural Earth ports","source_url":"https://raw.githubusercontent.com/nvkelso/natural-earth-vector/master/geojson/ne_10m_ports.geojson","license":"public domain"},"geometry":{"type":"Point","coordinates":[-122.703887,45.634722]}},{"type":"Feature","properties":{"name":"Guanta","region_code":"5","source_name":"Natural Earth ports","source_url":"https://raw.githubusercontent.com/nvkelso/natural-earth-vector/master/geojson/ne_10m_ports.geojson","license":"public domain"},"geometry":{"type":"Point","coordinates":[-64.5904,10.249167]}},{"type":"Feature","properties":{"name":"Keelung","region_code":"5","source_name":"Natural Earth ports","source_url":"https://raw.githubusercontent.com/nvkelso/natural-earth-vector/master/geojson/ne_10m_ports.geojson","license":"public domain"},"geometry":{"type":"Point","coordinates":[121.725837,25.22076]}},{"type":"Feature","properties":{"name":"Arrecife","region_code":"5","source_name":"Natural Earth ports","source_url":"https://raw.githubusercontent.com/nvkelso/natural-earth-vector/master/geojson/ne_10m_ports.geojson","license":"public domain"},"geometry":{"type":"Point","coordinates":[-13.623954,28.948965]}},{"type":"Feature","properties":{"name":"St Thomas","region_code":"5","source_name":"Natural Earth ports","source_url":"https://raw.githubusercontent.com/nvkelso/natural-earth-vector/master/geojson/ne_10m_ports.geojson","license":"public domain"},"geometry":{"type":"Point","coordinates":[-64.928415,18.332123]}},{"type":"Feature","properties":{"name":"Basseterre","region_code":"5","source_name":"Natural Earth ports","source_url":"https://raw.githubusercontent.com/nvkelso/natural-earth-vector/master/geojson/ne_10m_ports.geojson","license":"public domain"},"geometry":{"type":"Point","coordinates":[-62.750002,17.278827]}},{"type":"Feature","properties":{"name":"New Orleans","region_code":"5","source_name":"Natural Earth ports","source_url":"https://raw.githubusercontent.com/nvkelso/natural-earth-vector/master/geojson/ne_10m_ports.geojson","license":"public domain"},"geometry":{"type":"Point","coordinates":[-90.056371,29.9342]}},{"type":"Feature","properties":{"name":"Freeport","region_code":"5","source_name":"Natural Earth ports","source_url":"https://raw.githubusercontent.com/nvkelso/natural-earth-vector/master/geojson/ne_10m_ports.geojson","license":"public domain"},"geometry":{"type":"Point","coordinates":[-78.727664,26.538411]}},{"type":"Feature","properties":{"name":"Trenton","region_code":"5","source_name":"Natural Earth ports","source_url":"https://raw.githubusercontent.com/nvkelso/natural-earth-vector/master/geojson/ne_10m_ports.geojson","license":"public domain"},"geometry":{"type":"Point","coordinates":[-77.56,44.1]}},{"type":"Feature","properties":{"name":"Goderich","region_code":"5","source_name":"Natural Earth ports","source_url":"https://raw.githubusercontent.com/nvkelso/natural-earth-vector/master/geojson/ne_10m_ports.geojson","license":"public domain"},"geometry":{"type":"Point","coordinates":[-81.73,43.75]}},{"type":"Feature","properties":{"name":"Midland","region_code":"5","source_name":"Natural Earth ports","source_url":"https://raw.githubusercontent.com/nvkelso/natural-earth-vector/master/geojson/ne_10m_ports.geojson","license":"public domain"},"geometry":{"type":"Point","coordinates":[-79.91,44.75]}},{"type":"Feature","properties":{"name":"St Joseph","region_code":"5","source_name":"Natural Earth ports","source_url":"https://raw.githubusercontent.com/nvkelso/natural-earth-vector/master/geojson/ne_10m_ports.geojson","license":"public domain"},"geometry":{"type":"Point","coordinates":[-86.48,42.11]}},{"type":"Feature","properties":{"name":"Racine","region_code":"5","source_name":"Natural Earth ports","source_url":"https://raw.githubusercontent.com/nvkelso/natural-earth-vector/master/geojson/ne_10m_ports.geojson","license":"public domain"},"geometry":{"type":"Point","coordinates":[-87.78,42.73]}},{"type":"Feature","properties":{"name":"Menominee","region_code":"5","source_name":"Natural Earth ports","source_url":"https://raw.githubusercontent.com/nvkelso/natural-earth-vector/master/geojson/ne_10m_ports.geojson","license":"public domain"},"geometry":{"type":"Point","coordinates":[-87.6,45.1]}},{"type":"Feature","properties":{"name":"Escanaba","region_code":"5","source_name":"Natural Earth ports","source_url":"https://raw.githubusercontent.com/nvkelso/natural-earth-vector/master/geojson/ne_10m_ports.geojson","license":"public domain"},"geometry":{"type":"Point","coordinates":[-87.05,45.76]}},{"type":"Feature","properties":{"name":"Sacramento","region_code":"5","source_name":"Natural Earth ports","source_url":"https://raw.githubusercontent.com/nvkelso/natural-earth-vector/master/geojson/ne_10m_ports.geojson","license":"public domain"},"geometry":{"type":"Point","coordinates":[-121.5,38.58]}},{"type":"Feature","properties":{"name":"Great Yarmouth","region_code":"5","source_name":"Natural Earth ports","source_url":"https://raw.githubusercontent.com/nvkelso/natural-earth-vector/master/geojson/ne_10m_ports.geojson","license":"public domain"},"geometry":{"type":"Point","coordinates":[1.73,52.61]}},{"type":"Feature","properties":{"name":"Dundee","region_code":"5","source_name":"Natural Earth ports","source_url":"https://raw.githubusercontent.com/nvkelso/natural-earth-vector/master/geojson/ne_10m_ports.geojson","license":"public domain"},"geometry":{"type":"Point","coordinates":[-2.96,56.46]}},{"type":"Feature","properties":{"name":"Portmahomack Harbor","region_code":"5","source_name":"Natural Earth ports","source_url":"https://raw.githubusercontent.com/nvkelso/natural-earth-vector/master/geojson/ne_10m_ports.geojson","license":"public domain"},"geometry":{"type":"Point","coordinates":[-3.83,57.83]}},{"type":"Feature","properties":{"name":"Wick","region_code":"5","source_name":"Natural Earth ports","source_url":"https://raw.githubusercontent.com/nvkelso/natural-earth-vector/master/geojson/ne_10m_ports.geojson","license":"public domain"},"geometry":{"type":"Point","coordinates":[-3.08,58.43]}},{"type":"Feature","properties":{"name":"Oban","region_code":"5","source_name":"Natural Earth ports","source_url":"https://raw.githubusercontent.com/nvkelso/natural-earth-vector/master/geojson/ne_10m_ports.geojson","license":"public domain"},"geometry":{"type":"Point","coordinates":[-5.46,56.41]}},{"type":"Feature","properties":{"name":"Douglas","region_code":"5","source_name":"Natural Earth ports","source_url":"https://raw.githubusercontent.com/nvkelso/natural-earth-vector/master/geojson/ne_10m_ports.geojson","license":"public domain"},"geometry":{"type":"Point","coordinates":[-4.46,54.15]}},{"type":"Feature","properties":{"name":"Londonderry","region_code":"5","source_name":"Natural Earth ports","source_url":"https://raw.githubusercontent.com/nvkelso/natural-earth-vector/master/geojson/ne_10m_ports.geojson","license":"public domain"},"geometry":{"type":"Point","coordinates":[-7.31,55]}},{"type":"Feature","properties":{"name":"Silloth","region_code":"5","source_name":"Natural Earth ports","source_url":"https://raw.githubusercontent.com/nvkelso/natural-earth-vector/master/geojson/ne_10m_ports.geojson","license":"public domain"},"geometry":{"type":"Point","coordinates":[-3.4,54.86]}},{"type":"Feature","properties":{"name":"Ambriz","region_code":"10","source_name":"Natural Earth ports","source_url":"https://raw.githubusercontent.com/nvkelso/natural-earth-vector/master/geojson/ne_10m_ports.geojson","license":"public domain"},"geometry":{"type":"Point","coordinates":[13.093757,-7.833056]}},{"type":"Feature","properties":{"name":"Cabinda","region_code":"10","source_name":"Natural Earth ports","source_url":"https://raw.githubusercontent.com/nvkelso/natural-earth-vector/master/geojson/ne_10m_ports.geojson","license":"public domain"},"geometry":{"type":"Point","coordinates":[12.190224,-5.55]}},{"type":"Feature","properties":{"name":"Soyo","region_code":"10","source_name":"Natural Earth ports","source_url":"https://raw.githubusercontent.com/nvkelso/natural-earth-vector/master/geojson/ne_10m_ports.geojson","license":"public domain"},"geometry":{"type":"Point","coordinates":[12.320377,-6.121389]}},{"type":"Feature","properties":{"name":"Durres","region_code":"10","source_name":"Natural Earth ports","source_url":"https://raw.githubusercontent.com/nvkelso/natural-earth-vector/master/geojson/ne_10m_ports.geojson","license":"public domain"},"geometry":{"type":"Point","coordinates":[19.453004,41.307778]}},{"type":"Feature","properties":{"name":"Curacao","region_code":"10","source_name":"Natural Earth ports","source_url":"https://raw.githubusercontent.com/nvkelso/natural-earth-vector/master/geojson/ne_10m_ports.geojson","license":"public domain"},"geometry":{"type":"Point","coordinates":[-68.918257,12.119167]}},{"type":"Feature","properties":{"name":"Al Fujayrah","region_code":"10","source_name":"Natural Earth ports","source_url":"https://raw.githubusercontent.com/nvkelso/natural-earth-vector/master/geojson/ne_10m_ports.geojson","license":"public domain"},"geometry":{"type":"Point","coordinates":[56.356537,25.178333]}},{"type":"Feature","properties":{"name":"Caleta Olivia","region_code":"10","source_name":"Natural Earth ports","source_url":"https://raw.githubusercontent.com/nvkelso/natural-earth-vector/master/geojson/ne_10m_ports.geojson","license":"public domain"},"geometry":{"type":"Point","coordinates":[-67.508481,-46.433056]}},{"type":"Feature","properties":{"name":"Puerto Deseado","region_code":"10","source_name":"Natural Earth ports","source_url":"https://raw.githubusercontent.com/nvkelso/natural-earth-vector/master/geojson/ne_10m_ports.geojson","license":"public domain"},"geometry":{"type":"Point","coordinates":[-65.904064,-47.755556]}},{"type":"Feature","properties":{"name":"Rio Gallegos","region_code":"10","source_name":"Natural Earth ports","source_url":"https://raw.githubusercontent.com/nvkelso/natural-earth-vector/master/geojson/ne_10m_ports.geojson","license":"public domain"},"geometry":{"type":"Point","coordinates":[-69.218257,-51.611667]}},{"type":"Feature","properties":{"name":"Rio Grande","region_code":"10","source_name":"Natural Earth ports","source_url":"https://raw.githubusercontent.com/nvkelso/natural-earth-vector/master/geojson/ne_10m_ports.geojson","license":"public domain"},"geometry":{"type":"Point","coordinates":[-67.702473,-53.794444]}},{"type":"Feature","properties":{"name":"San Julian","region_code":"10","source_name":"Natural Earth ports","source_url":"https://raw.githubusercontent.com/nvkelso/natural-earth-vector/master/geojson/ne_10m_ports.geojson","license":"public domain"},"geometry":{"type":"Point","coordinates":[-67.718963,-49.299722]}},{"type":"Feature","properties":{"name":"Coffs Harbour","region_code":"10","source_name":"Natural Earth ports","source_url":"https://raw.githubusercontent.com/nvkelso/natural-earth-vector/master/geojson/ne_10m_ports.geojson","license":"public domain"},"geometry":{"type":"Point","coordinates":[153.14146,-30.3075]}},{"type":"Feature","properties":{"name":"Esperance","region_code":"10","source_name":"Natural Earth ports","source_url":"https://raw.githubusercontent.com/nvkelso/natural-earth-vector/master/geojson/ne_10m_ports.geojson","license":"public domain"},"geometry":{"type":"Point","coordinates":[121.893404,-33.871944]}},{"type":"Feature","properties":{"name":"Port Augusta","region_code":"10","source_name":"Natural Earth ports","source_url":"https://raw.githubusercontent.com/nvkelso/natural-earth-vector/master/geojson/ne_10m_ports.geojson","license":"public domain"},"geometry":{"type":"Point","coordinates":[137.756714,-32.488611]}},{"type":"Feature","properties":{"name":"Bowen","region_code":"10","source_name":"Natural Earth ports","source_url":"https://raw.githubusercontent.com/nvkelso/natural-earth-vector/master/geojson/ne_10m_ports.geojson","license":"public domain"},"geometry":{"type":"Point","coordinates":[148.25053,-20.020833]}},{"type":"Feature","properties":{"name":"Bundaberg","region_code":"10","source_name":"Natural Earth ports","source_url":"https://raw.githubusercontent.com/nvkelso/natural-earth-vector/master/geojson/ne_10m_ports.geojson","license":"public domain"},"geometry":{"type":"Point","coordinates":[152.388457,-24.767222]}},{"type":"Feature","properties":{"name":"Burketown","region_code":"10","source_name":"Natural Earth ports","source_url":"https://raw.githubusercontent.com/nvkelso/natural-earth-vector/master/geojson/ne_10m_ports.geojson","license":"public domain"},"geometry":{"type":"Point","coordinates":[139.737927,-17.553611]}},{"type":"Feature","properties":{"name":"Carnarvon","region_code":"10","source_name":"Natural Earth ports","source_url":"https://raw.githubusercontent.com/nvkelso/natural-earth-vector/master/geojson/ne_10m_ports.geojson","license":"public domain"},"geometry":{"type":"Point","coordinates":[113.642874,-24.895]}},{"type":"Feature","properties":{"name":"Cooktown","region_code":"10","source_name":"Natural Earth ports","source_url":"https://raw.githubusercontent.com/nvkelso/natural-earth-vector/master/geojson/ne_10m_ports.geojson","license":"public domain"},"geometry":{"type":"Point","coordinates":[145.243757,-15.459722]}},{"type":"Feature","properties":{"name":"Derby","region_code":"10","source_name":"Natural Earth ports","source_url":"https://raw.githubusercontent.com/nvkelso/natural-earth-vector/master/geojson/ne_10m_ports.geojson","license":"public domain"},"geometry":{"type":"Point","coordinates":[123.605124,-17.292222]}},{"type":"Feature","properties":{"name":"Eden","region_code":"10","source_name":"Natural Earth ports","source_url":"https://raw.githubusercontent.com/nvkelso/natural-earth-vector/master/geojson/ne_10m_ports.geojson","license":"public domain"},"geometry":{"type":"Point","coordinates":[149.9053,-37.071944]}},{"type":"Feature","properties":{"name":"George Town","region_code":"10","source_name":"Natural Earth ports","source_url":"https://raw.githubusercontent.com/nvkelso/natural-earth-vector/master/geojson/ne_10m_ports.geojson","license":"public domain"},"geometry":{"type":"Point","coordinates":[146.8202,-41.109722]}},{"type":"Feature","properties":{"name":"Geraldton","region_code":"10","source_name":"Natural Earth ports","source_url":"https://raw.githubusercontent.com/nvkelso/natural-earth-vector/master/geojson/ne_10m_ports.geojson","license":"public domain"},"geometry":{"type":"Point","coordinates":[114.600707,-28.772778]}},{"type":"Feature","properties":{"name":"Karumba","region_code":"10","source_name":"Natural Earth ports","source_url":"https://raw.githubusercontent.com/nvkelso/natural-earth-vector/master/geojson/ne_10m_ports.geojson","license":"public domain"},"geometry":{"type":"Point","coordinates":[140.833333,-17.489444]}},{"type":"Feature","properties":{"name":"Kingscote","region_code":"10","source_name":"Natural Earth ports","source_url":"https://raw.githubusercontent.com/nvkelso/natural-earth-vector/master/geojson/ne_10m_ports.geojson","license":"public domain"},"geometry":{"type":"Point","coordinates":[137.639517,-35.655]}},{"type":"Feature","properties":{"name":"Maryborough","region_code":"10","source_name":"Natural Earth ports","source_url":"https://raw.githubusercontent.com/nvkelso/natural-earth-vector/master/geojson/ne_10m_ports.geojson","license":"public domain"},"geometry":{"type":"Point","coordinates":[152.906007,-25.295]}},{"type":"Feature","properties":{"name":"Strahan","region_code":"10","source_name":"Natural Earth ports","source_url":"https://raw.githubusercontent.com/nvkelso/natural-earth-vector/master/geojson/ne_10m_ports.geojson","license":"public domain"},"geometry":{"type":"Point","coordinates":[145.320554,-42.158333]}},{"type":"Feature","properties":{"name":"Mongla","region_code":"10","source_name":"Natural Earth ports","source_url":"https://raw.githubusercontent.com/nvkelso/natural-earth-vector/master/geojson/ne_10m_ports.geojson","license":"public domain"},"geometry":{"type":"Point","coordinates":[89.585984,22.486944]}},{"type":"Feature","properties":{"name":"Aracaju","region_code":"10","source_name":"Natural Earth ports","source_url":"https://raw.githubusercontent.com/nvkelso/natural-earth-vector/master/geojson/ne_10m_ports.geojson","license":"public domain"},"geometry":{"type":"Point","coordinates":[-37.039517,-10.925278]}},{"type":"Feature","properties":{"name":"Fortaleza","region_code":"10","source_name":"Natural Earth ports","source_url":"https://raw.githubusercontent.com/nvkelso/natural-earth-vector/master/geojson/ne_10m_ports.geojson","license":"public domain"},"geometry":{"type":"Point","coordinates":[-38.521437,-3.7175]}},{"type":"Feature","properties":{"name":"Macapa","region_code":"10","source_name":"Natural Earth ports","source_url":"https://raw.githubusercontent.com/nvkelso/natural-earth-vector/master/geojson/ne_10m_ports.geojson","license":"public domain"},"geometry":{"type":"Point","coordinates":[-51.042697,0.032222]}},{"type":"Feature","properties":{"name":"Navegantes","region_code":"10","source_name":"Natural Earth ports","source_url":"https://raw.githubusercontent.com/nvkelso/natural-earth-vector/master/geojson/ne_10m_ports.geojson","license":"public domain"},"geometry":{"type":"Point","coordinates":[-48.65424,-26.898889]}},{"type":"Feature","properties":{"name":"Pelotas","region_code":"10","source_name":"Natural Earth ports","source_url":"https://raw.githubusercontent.com/nvkelso/natural-earth-vector/master/geojson/ne_10m_ports.geojson","license":"public domain"},"geometry":{"type":"Point","coordinates":[-52.323734,-31.781944]}},{"type":"Feature","properties":{"name":"Campbell River","region_code":"10","source_name":"Natural Earth ports","source_url":"https://raw.githubusercontent.com/nvkelso/natural-earth-vector/master/geojson/ne_10m_ports.geojson","license":"public domain"},"geometry":{"type":"Point","coordinates":[-125.238634,50.031944]}},{"type":"Feature","properties":{"name":"Goose Bay","region_code":"10","source_name":"Natural Earth ports","source_url":"https://raw.githubusercontent.com/nvkelso/natural-earth-vector/master/geojson/ne_10m_ports.geojson","license":"public domain"},"geometry":{"type":"Point","coordinates":[-60.342344,53.384444]}},{"type":"Feature","properties":{"name":"Masset","region_code":"10","source_name":"Natural Earth ports","source_url":"https://raw.githubusercontent.com/nvkelso/natural-earth-vector/master/geojson/ne_10m_ports.geojson","license":"public domain"},"geometry":{"type":"Point","coordinates":[-132.141107,54.006667]}},{"type":"Feature","properties":{"name":"Matane","region_code":"10","source_name":"Natural Earth ports","source_url":"https://raw.githubusercontent.com/nvkelso/natural-earth-vector/master/geojson/ne_10m_ports.geojson","license":"public domain"},"geometry":{"type":"Point","coordinates":[-67.57126,48.841944]}},{"type":"Feature","properties":{"name":"Nanisivik","region_code":"10","source_name":"Natural Earth ports","source_url":"https://raw.githubusercontent.com/nvkelso/natural-earth-vector/master/geojson/ne_10m_ports.geojson","license":"public domain"},"geometry":{"type":"Point","coordinates":[-84.543051,73.068611]}},{"type":"Feature","properties":{"name":"New Richmond","region_code":"10","source_name":"Natural Earth ports","source_url":"https://raw.githubusercontent.com/nvkelso/natural-earth-vector/master/geojson/ne_10m_ports.geojson","license":"public domain"},"geometry":{"type":"Point","coordinates":[-65.834923,48.138611]}},{"type":"Feature","properties":{"name":"Port Hardy","region_code":"10","source_name":"Natural Earth ports","source_url":"https://raw.githubusercontent.com/nvkelso/natural-earth-vector/master/geojson/ne_10m_ports.geojson","license":"public domain"},"geometry":{"type":"Point","coordinates":[-127.483687,50.721111]}},{"type":"Feature","properties":{"name":"Port Hawkesbury","region_code":"10","source_name":"Natural Earth ports","source_url":"https://raw.githubusercontent.com/nvkelso/natural-earth-vector/master/geojson/ne_10m_ports.geojson","license":"public domain"},"geometry":{"type":"Point","coordinates":[-61.355654,45.61]}},{"type":"Feature","properties":{"name":"Squamish","region_code":"10","source_name":"Natural Earth ports","source_url":"https://raw.githubusercontent.com/nvkelso/natural-earth-vector/master/geojson/ne_10m_ports.geojson","license":"public domain"},"geometry":{"type":"Point","coordinates":[-123.166667,49.683056]}},{"type":"Feature","properties":{"name":"Stephenville","region_code":"10","source_name":"Natural Earth ports","source_url":"https://raw.githubusercontent.com/nvkelso/natural-earth-vector/master/geojson/ne_10m_ports.geojson","license":"public domain"},"geometry":{"type":"Point","coordinates":[-58.540754,48.535278]}},{"type":"Feature","properties":{"name":"Stewart","region_code":"10","source_name":"Natural Earth ports","source_url":"https://raw.githubusercontent.com/nvkelso/natural-earth-vector/master/geojson/ne_10m_ports.geojson","license":"public domain"},"geometry":{"type":"Point","coordinates":[-129.989517,55.928611]}},{"type":"Feature","properties":{"name":"Tahsis","region_code":"10","source_name":"Natural Earth ports","source_url":"https://raw.githubusercontent.com/nvkelso/natural-earth-vector/master/geojson/ne_10m_ports.geojson","license":"public domain"},"geometry":{"type":"Point","coordinates":[-126.654064,49.9175]}},{"type":"Feature","properties":{"name":"Sandspit","region_code":"10","source_name":"Natural Earth ports","source_url":"https://raw.githubusercontent.com/nvkelso/natural-earth-vector/master/geojson/ne_10m_ports.geojson","license":"public domain"},"geometry":{"type":"Point","coordinates":[-131.81967,53.255278]}},{"type":"Feature","properties":{"name":"Tuktoyaktuk","region_code":"10","source_name":"Natural Earth ports","source_url":"https://raw.githubusercontent.com/nvkelso/natural-earth-vector/master/geojson/ne_10m_ports.geojson","license":"public domain"},"geometry":{"type":"Point","coordinates":[-132.985807,69.431389]}},{"type":"Feature","properties":{"name":"Ancud","region_code":"10","source_name":"Natural Earth ports","source_url":"https://raw.githubusercontent.com/nvkelso/natural-earth-vector/master/geojson/ne_10m_ports.geojson","license":"public domain"},"geometry":{"type":"Point","coordinates":[-73.825677,-41.868611]}},{"type":"Feature","properties":{"name":"Castro","region_code":"10","source_name":"Natural Earth ports","source_url":"https://raw.githubusercontent.com/nvkelso/natural-earth-vector/master/geojson/ne_10m_ports.geojson","license":"public domain"},"geometry":{"type":"Point","coordinates":[-73.766843,-42.482778]}},{"type":"Feature","properties":{"name":"Chanaral","region_code":"10","source_name":"Natural Earth ports","source_url":"https://raw.githubusercontent.com/nvkelso/natural-earth-vector/master/geojson/ne_10m_ports.geojson","license":"public domain"},"geometry":{"type":"Point","coordinates":[-70.634393,-26.350556]}},{"type":"Feature","properties":{"name":"Puerto Natales","region_code":"10","source_name":"Natural Earth ports","source_url":"https://raw.githubusercontent.com/nvkelso/natural-earth-vector/master/geojson/ne_10m_ports.geojson","license":"public domain"},"geometry":{"type":"Point","coordinates":[-72.509364,-51.731111]}},{"type":"Feature","properties":{"name":"Taltal","region_code":"10","source_name":"Natural Earth ports","source_url":"https://raw.githubusercontent.com/nvkelso/natural-earth-vector/master/geojson/ne_10m_ports.geojson","license":"public domain"},"geometry":{"type":"Point","coordinates":[-70.48457,-25.397222]}},{"type":"Feature","properties":{"name":"Guangzhou","region_code":"10","source_name":"Natural Earth ports","source_url":"https://raw.githubusercontent.com/nvkelso/natural-earth-vector/master/geojson/ne_10m_ports.geojson","license":"public domain"},"geometry":{"type":"Point","coordinates":[113.671084,22.640278]}},{"type":"Feature","properties":{"name":"Jiangyin","region_code":"10","source_name":"Natural Earth ports","source_url":"https://raw.githubusercontent.com/nvkelso/natural-earth-vector/master/geojson/ne_10m_ports.geojson","license":"public domain"},"geometry":{"type":"Point","coordinates":[120.22126,31.931944]}},{"type":"Feature","properties":{"name":"Lianyungang","region_code":"10","source_name":"Natural Earth ports","source_url":"https://raw.githubusercontent.com/nvkelso/natural-earth-vector/master/geojson/ne_10m_ports.geojson","license":"public domain"},"geometry":{"type":"Point","coordinates":[119.408481,34.745278]}},{"type":"Feature","properties":{"name":"Sanya","region_code":"10","source_name":"Natural Earth ports","source_url":"https://raw.githubusercontent.com/nvkelso/natural-earth-vector/master/geojson/ne_10m_ports.geojson","license":"public domain"},"geometry":{"type":"Point","coordinates":[109.50053,18.239722]}},{"type":"Feature","properties":{"name":"Zhanjiang","region_code":"10","source_name":"Natural Earth ports","source_url":"https://raw.githubusercontent.com/nvkelso/natural-earth-vector/master/geojson/ne_10m_ports.geojson","license":"public domain"},"geometry":{"type":"Point","coordinates":[110.40636,21.169722]}},{"type":"Feature","properties":{"name":"Zhoushan","region_code":"10","source_name":"Natural Earth ports","source_url":"https://raw.githubusercontent.com/nvkelso/natural-earth-vector/master/geojson/ne_10m_ports.geojson","license":"public domain"},"geometry":{"type":"Point","coordinates":[122.10265,30.003333]}},{"type":"Feature","properties":{"name":"San-Pedro","region_code":"10","source_name":"Natural Earth ports","source_url":"https://raw.githubusercontent.com/nvkelso/natural-earth-vector/master/geojson/ne_10m_ports.geojson","license":"public domain"},"geometry":{"type":"Point","coordinates":[-6.61702,4.743056]}},{"type":"Feature","properties":{"name":"Cartagena","region_code":"10","source_name":"Natural Earth ports","source_url":"https://raw.githubusercontent.com/nvkelso/natural-earth-vector/master/geojson/ne_10m_ports.geojson","license":"public domain"},"geometry":{"type":"Point","coordinates":[-75.525677,10.403333]}},{"type":"Feature","properties":{"name":"Tolu","region_code":"10","source_name":"Natural Earth ports","source_url":"https://raw.githubusercontent.com/nvkelso/natural-earth-vector/master/geojson/ne_10m_ports.geojson","license":"public domain"},"geometry":{"type":"Point","coordinates":[-75.585277,9.520278]}},{"type":"Feature","properties":{"name":"Tumaco","region_code":"10","source_name":"Natural Earth ports","source_url":"https://raw.githubusercontent.com/nvkelso/natural-earth-vector/master/geojson/ne_10m_ports.geojson","license":"public domain"},"geometry":{"type":"Point","coordinates":[-78.759541,1.813056]}},{"type":"Feature","properties":{"name":"Turbo","region_code":"10","source_name":"Natural Earth ports","source_url":"https://raw.githubusercontent.com/nvkelso/natural-earth-vector/master/geojson/ne_10m_ports.geojson","license":"public domain"},"geometry":{"type":"Point","coordinates":[-76.733863,8.087778]}},{"type":"Feature","properties":{"name":"Baracoa","region_code":"10","source_name":"Natural Earth ports","source_url":"https://raw.githubusercontent.com/nvkelso/natural-earth-vector/master/geojson/ne_10m_ports.geojson","license":"public domain"},"geometry":{"type":"Point","coordinates":[-74.502297,20.353056]}},{"type":"Feature","properties":{"name":"Nicaro","region_code":"10","source_name":"Natural Earth ports","source_url":"https://raw.githubusercontent.com/nvkelso/natural-earth-vector/master/geojson/ne_10m_ports.geojson","license":"public domain"},"geometry":{"type":"Point","coordinates":[-75.550883,20.713333]}},{"type":"Feature","properties":{"name":"Nueva Gerona","region_code":"10","source_name":"Natural Earth ports","source_url":"https://raw.githubusercontent.com/nvkelso/natural-earth-vector/master/geojson/ne_10m_ports.geojson","license":"public domain"},"geometry":{"type":"Point","coordinates":[-82.793227,21.903333]}},{"type":"Feature","properties":{"name":"Helgoland","region_code":"10","source_name":"Natural Earth ports","source_url":"https://raw.githubusercontent.com/nvkelso/natural-earth-vector/master/geojson/ne_10m_ports.geojson","license":"public domain"},"geometry":{"type":"Point","coordinates":[7.891284,54.1775]}},{"type":"Feature","properties":{"name":"Travemunde","region_code":"10","source_name":"Natural Earth ports","source_url":"https://raw.githubusercontent.com/nvkelso/natural-earth-vector/master/geojson/ne_10m_ports.geojson","license":"public domain"},"geometry":{"type":"Point","coordinates":[10.868257,53.952222]}},{"type":"Feature","properties":{"name":"Thisted","region_code":"10","source_name":"Natural Earth ports","source_url":"https://raw.githubusercontent.com/nvkelso/natural-earth-vector/master/geojson/ne_10m_ports.geojson","license":"public domain"},"geometry":{"type":"Point","coordinates":[8.692167,56.952778]}},{"type":"Feature","properties":{"name":"Manta","region_code":"10","source_name":"Natural Earth ports","source_url":"https://raw.githubusercontent.com/nvkelso/natural-earth-vector/master/geojson/ne_10m_ports.geojson","license":"public domain"},"geometry":{"type":"Point","coordinates":[-80.720907,-0.935556]}},{"type":"Feature","properties":{"name":"Esmeraldas","region_code":"10","source_name":"Natural Earth ports","source_url":"https://raw.githubusercontent.com/nvkelso/natural-earth-vector/master/geojson/ne_10m_ports.geojson","license":"public domain"},"geometry":{"type":"Point","coordinates":[-79.642697,0.989444]}},{"type":"Feature","properties":{"name":"Corralejo","region_code":"10","source_name":"Natural Earth ports","source_url":"https://raw.githubusercontent.com/nvkelso/natural-earth-vector/master/geojson/ne_10m_ports.geojson","license":"public domain"},"geometry":{"type":"Point","coordinates":[-13.858834,28.741389]}},{"type":"Feature","properties":{"name":"Ceuta","region_code":"10","source_name":"Natural Earth ports","source_url":"https://raw.githubusercontent.com/nvkelso/natural-earth-vector/master/geojson/ne_10m_ports.geojson","license":"public domain"},"geometry":{"type":"Point","coordinates":[-5.310424,35.890278]}},{"type":"Feature","properties":{"name":"Melilla","region_code":"10","source_name":"Natural Earth ports","source_url":"https://raw.githubusercontent.com/nvkelso/natural-earth-vector/master/geojson/ne_10m_ports.geojson","license":"public domain"},"geometry":{"type":"Point","coordinates":[-2.92285,35.28]}},{"type":"Feature","properties":{"name":"San Sebastian de la Gomera","region_code":"10","source_name":"Natural Earth ports","source_url":"https://raw.githubusercontent.com/nvkelso/natural-earth-vector/master/geojson/ne_10m_ports.geojson","license":"public domain"},"geometry":{"type":"Point","coordinates":[-17.105124,28.088056]}},{"type":"Feature","properties":{"name":"Santa Cruz de La Palma","region_code":"10","source_name":"Natural Earth ports","source_url":"https://raw.githubusercontent.com/nvkelso/natural-earth-vector/master/geojson/ne_10m_ports.geojson","license":"public domain"},"geometry":{"type":"Point","coordinates":[-17.766667,28.675833]}},{"type":"Feature","properties":{"name":"Parnu","region_code":"10","source_name":"Natural Earth ports","source_url":"https://raw.githubusercontent.com/nvkelso/natural-earth-vector/master/geojson/ne_10m_ports.geojson","license":"public domain"},"geometry":{"type":"Point","coordinates":[24.474617,58.381111]}},{"type":"Feature","properties":{"name":"Kuopio","region_code":"10","source_name":"Natural Earth ports","source_url":"https://raw.githubusercontent.com/nvkelso/natural-earth-vector/master/geojson/ne_10m_ports.geojson","license":"public domain"},"geometry":{"type":"Point","coordinates":[27.68987,62.888333]}},{"type":"Feature","properties":{"name":"Joensuu","region_code":"10","source_name":"Natural Earth ports","source_url":"https://raw.githubusercontent.com/nvkelso/natural-earth-vector/master/geojson/ne_10m_ports.geojson","license":"public domain"},"geometry":{"type":"Point","coordinates":[29.777091,62.604444]}},{"type":"Feature","properties":{"name":"Varkaus","region_code":"10","source_name":"Natural Earth ports","source_url":"https://raw.githubusercontent.com/nvkelso/natural-earth-vector/master/geojson/ne_10m_ports.geojson","license":"public domain"},"geometry":{"type":"Point","coordinates":[27.874794,62.3125]}},{"type":"Feature","properties":{"name":"Savusavu","region_code":"10","source_name":"Natural Earth ports","source_url":"https://raw.githubusercontent.com/nvkelso/natural-earth-vector/master/geojson/ne_10m_ports.geojson","license":"public domain"},"geometry":{"type":"Point","coordinates":[179.309364,-16.817778]}},{"type":"Feature","properties":{"name":"Cherbourg","region_code":"10","source_name":"Natural Earth ports","source_url":"https://raw.githubusercontent.com/nvkelso/natural-earth-vector/master/geojson/ne_10m_ports.geojson","license":"public domain"},"geometry":{"type":"Point","coordinates":[-1.620377,49.646389]}},{"type":"Feature","properties":{"name":"Caen","region_code":"10","source_name":"Natural Earth ports","source_url":"https://raw.githubusercontent.com/nvkelso/natural-earth-vector/master/geojson/ne_10m_ports.geojson","license":"public domain"},"geometry":{"type":"Point","coordinates":[-0.326384,49.190556]}},{"type":"Feature","properties":{"name":"Calvi","region_code":"10","source_name":"Natural Earth ports","source_url":"https://raw.githubusercontent.com/nvkelso/natural-earth-vector/master/geojson/ne_10m_ports.geojson","license":"public domain"},"geometry":{"type":"Point","coordinates":[8.7553,42.565833]}},{"type":"Feature","properties":{"name":"Propriano","region_code":"10","source_name":"Natural Earth ports","source_url":"https://raw.githubusercontent.com/nvkelso/natural-earth-vector/master/geojson/ne_10m_ports.geojson","license":"public domain"},"geometry":{"type":"Point","coordinates":[8.900353,41.676944]}},{"type":"Feature","properties":{"name":"Quimper","region_code":"10","source_name":"Natural Earth ports","source_url":"https://raw.githubusercontent.com/nvkelso/natural-earth-vector/master/geojson/ne_10m_ports.geojson","license":"public domain"},"geometry":{"type":"Point","coordinates":[-4.108127,47.989444]}},{"type":"Feature","properties":{"name":"Vannes","region_code":"10","source_name":"Natural Earth ports","source_url":"https://raw.githubusercontent.com/nvkelso/natural-earth-vector/master/geojson/ne_10m_ports.geojson","license":"public domain"},"geometry":{"type":"Point","coordinates":[-2.75636,47.643889]}},{"type":"Feature","properties":{"name":"Yap","region_code":"10","source_name":"Natural Earth ports","source_url":"https://raw.githubusercontent.com/nvkelso/natural-earth-vector/master/geojson/ne_10m_ports.geojson","license":"public domain"},"geometry":{"type":"Point","coordinates":[138.119494,9.513333]}},{"type":"Feature","properties":{"name":"Bristol","region_code":"10","source_name":"Natural Earth ports","source_url":"https://raw.githubusercontent.com/nvkelso/natural-earth-vector/master/geojson/ne_10m_ports.geojson","license":"public domain"},"geometry":{"type":"Point","coordinates":[-2.707774,51.498889]}},{"type":"Feature","properties":{"name":"Hull","region_code":"10","source_name":"Natural Earth ports","source_url":"https://raw.githubusercontent.com/nvkelso/natural-earth-vector/master/geojson/ne_10m_ports.geojson","license":"public domain"},"geometry":{"type":"Point","coordinates":[-0.2851,53.743611]}},{"type":"Feature","properties":{"name":"Newcastle upon Tyne","region_code":"10","source_name":"Natural Earth ports","source_url":"https://raw.githubusercontent.com/nvkelso/natural-earth-vector/master/geojson/ne_10m_ports.geojson","license":"public domain"},"geometry":{"type":"Point","coordinates":[-1.590931,54.965]}},{"type":"Feature","properties":{"name":"Tyne","region_code":"10","source_name":"Natural Earth ports","source_url":"https://raw.githubusercontent.com/nvkelso/natural-earth-vector/master/geojson/ne_10m_ports.geojson","license":"public domain"},"geometry":{"type":"Point","coordinates":[-1.440931,54.994444]}},{"type":"Feature","properties":{"name":"Rochester","region_code":"10","source_name":"Natural Earth ports","source_url":"https://raw.githubusercontent.com/nvkelso/natural-earth-vector/master/geojson/ne_10m_ports.geojson","license":"public domain"},"geometry":{"type":"Point","coordinates":[0.685807,51.434722]}},{"type":"Feature","properties":{"name":"Tema","region_code":"10","source_name":"Natural Earth ports","source_url":"https://raw.githubusercontent.com/nvkelso/natural-earth-vector/master/geojson/ne_10m_ports.geojson","license":"public domain"},"geometry":{"type":"Point","coordinates":[0.00742,5.631944]}},{"type":"Feature","properties":{"name":"Alexandroupolis","region_code":"10","source_name":"Natural Earth ports","source_url":"https://raw.githubusercontent.com/nvkelso/natural-earth-vector/master/geojson/ne_10m_ports.geojson","license":"public domain"},"geometry":{"type":"Point","coordinates":[25.889164,40.841389]}},{"type":"Feature","properties":{"name":"Kos","region_code":"10","source_name":"Natural Earth ports","source_url":"https://raw.githubusercontent.com/nvkelso/natural-earth-vector/master/geojson/ne_10m_ports.geojson","license":"public domain"},"geometry":{"type":"Point","coordinates":[27.28987,36.894444]}},{"type":"Feature","properties":{"name":"Paros","region_code":"10","source_name":"Natural Earth ports","source_url":"https://raw.githubusercontent.com/nvkelso/natural-earth-vector/master/geojson/ne_10m_ports.geojson","license":"public domain"},"geometry":{"type":"Point","coordinates":[25.150707,37.087778]}},{"type":"Feature","properties":{"name":"Samos","region_code":"10","source_name":"Natural Earth ports","source_url":"https://raw.githubusercontent.com/nvkelso/natural-earth-vector/master/geojson/ne_10m_ports.geojson","license":"public domain"},"geometry":{"type":"Point","coordinates":[26.966667,37.754444]}},{"type":"Feature","properties":{"name":"Nanortalik","region_code":"10","source_name":"Natural Earth ports","source_url":"https://raw.githubusercontent.com/nvkelso/natural-earth-vector/master/geojson/ne_10m_ports.geojson","license":"public domain"},"geometry":{"type":"Point","coordinates":[-45.238104,60.139722]}},{"type":"Feature","properties":{"name":"Qaanaaq","region_code":"10","source_name":"Natural Earth ports","source_url":"https://raw.githubusercontent.com/nvkelso/natural-earth-vector/master/geojson/ne_10m_ports.geojson","license":"public domain"},"geometry":{"type":"Point","coordinates":[-69.2351,77.466944]}},{"type":"Feature","properties":{"name":"New Amsterdam","region_code":"10","source_name":"Natural Earth ports","source_url":"https://raw.githubusercontent.com/nvkelso/natural-earth-vector/master/geojson/ne_10m_ports.geojson","license":"public domain"},"geometry":{"type":"Point","coordinates":[-57.52179,6.237778]}},{"type":"Feature","properties":{"name":"La Ceiba","region_code":"10","source_name":"Natural Earth ports","source_url":"https://raw.githubusercontent.com/nvkelso/natural-earth-vector/master/geojson/ne_10m_ports.geojson","license":"public domain"},"geometry":{"type":"Point","coordinates":[-86.75689,15.793889]}},{"type":"Feature","properties":{"name":"Tela","region_code":"10","source_name":"Natural Earth ports","source_url":"https://raw.githubusercontent.com/nvkelso/natural-earth-vector/master/geojson/ne_10m_ports.geojson","license":"public domain"},"geometry":{"type":"Point","coordinates":[-87.45583,15.783889]}},{"type":"Feature","properties":{"name":"Mali Losinj","region_code":"10","source_name":"Natural Earth ports","source_url":"https://raw.githubusercontent.com/nvkelso/natural-earth-vector/master/geojson/ne_10m_ports.geojson","license":"public domain"},"geometry":{"type":"Point","coordinates":[14.457597,44.538333]}},{"type":"Feature","properties":{"name":"Jacmel","region_code":"10","source_name":"Natural Earth ports","source_url":"https://raw.githubusercontent.com/nvkelso/natural-earth-vector/master/geojson/ne_10m_ports.geojson","license":"public domain"},"geometry":{"type":"Point","coordinates":[-72.535984,18.231667]}},{"type":"Feature","properties":{"name":"Jeremie","region_code":"10","source_name":"Natural Earth ports","source_url":"https://raw.githubusercontent.com/nvkelso/natural-earth-vector/master/geojson/ne_10m_ports.geojson","license":"public domain"},"geometry":{"type":"Point","coordinates":[-74.107067,18.643611]}},{"type":"Feature","properties":{"name":"Sorong","region_code":"10","source_name":"Natural Earth ports","source_url":"https://raw.githubusercontent.com/nvkelso/natural-earth-vector/master/geojson/ne_10m_ports.geojson","license":"public domain"},"geometry":{"type":"Point","coordinates":[131.020377,-1.3075]}},{"type":"Feature","properties":{"name":"Lhokseumawe","region_code":"10","source_name":"Natural Earth ports","source_url":"https://raw.githubusercontent.com/nvkelso/natural-earth-vector/master/geojson/ne_10m_ports.geojson","license":"public domain"},"geometry":{"type":"Point","coordinates":[97.142874,5.166667]}},{"type":"Feature","properties":{"name":"Nunukan","region_code":"10","source_name":"Natural Earth ports","source_url":"https://raw.githubusercontent.com/nvkelso/natural-earth-vector/master/geojson/ne_10m_ports.geojson","license":"public domain"},"geometry":{"type":"Point","coordinates":[117.654947,4.145556]}},{"type":"Feature","properties":{"name":"Panjang","region_code":"10","source_name":"Natural Earth ports","source_url":"https://raw.githubusercontent.com/nvkelso/natural-earth-vector/master/geojson/ne_10m_ports.geojson","license":"public domain"},"geometry":{"type":"Point","coordinates":[105.307067,-5.460278]}},{"type":"Feature","properties":{"name":"Tanjung Priok","region_code":"10","source_name":"Natural Earth ports","source_url":"https://raw.githubusercontent.com/nvkelso/natural-earth-vector/master/geojson/ne_10m_ports.geojson","license":"public domain"},"geometry":{"type":"Point","coordinates":[106.8904,-6.101389]}},{"type":"Feature","properties":{"name":"Mangalore","region_code":"10","source_name":"Natural Earth ports","source_url":"https://raw.githubusercontent.com/nvkelso/natural-earth-vector/master/geojson/ne_10m_ports.geojson","license":"public domain"},"geometry":{"type":"Point","coordinates":[74.80742,12.926944]}},{"type":"Feature","properties":{"name":"Porbandar","region_code":"10","source_name":"Natural Earth ports","source_url":"https://raw.githubusercontent.com/nvkelso/natural-earth-vector/master/geojson/ne_10m_ports.geojson","license":"public domain"},"geometry":{"type":"Point","coordinates":[69.587397,21.639444]}},{"type":"Feature","properties":{"name":"Ratnagiri","region_code":"10","source_name":"Natural Earth ports","source_url":"https://raw.githubusercontent.com/nvkelso/natural-earth-vector/master/geojson/ne_10m_ports.geojson","license":"public domain"},"geometry":{"type":"Point","coordinates":[73.27179,17.001944]}},{"type":"Feature","properties":{"name":"Bantry","region_code":"10","source_name":"Natural Earth ports","source_url":"https://raw.githubusercontent.com/nvkelso/natural-earth-vector/master/geojson/ne_10m_ports.geojson","license":"public domain"},"geometry":{"type":"Point","coordinates":[-9.456184,51.680556]}},{"type":"Feature","properties":{"name":"Wexford","region_code":"10","source_name":"Natural Earth ports","source_url":"https://raw.githubusercontent.com/nvkelso/natural-earth-vector/master/geojson/ne_10m_ports.geojson","license":"public domain"},"geometry":{"type":"Point","coordinates":[-6.456184,52.341111]}},{"type":"Feature","properties":{"name":"Khorramshahr","region_code":"10","source_name":"Natural Earth ports","source_url":"https://raw.githubusercontent.com/nvkelso/natural-earth-vector/master/geojson/ne_10m_ports.geojson","license":"public domain"},"geometry":{"type":"Point","coordinates":[48.185453,30.4325]}},{"type":"Feature","properties":{"name":"Djupivogur","region_code":"10","source_name":"Natural Earth ports","source_url":"https://raw.githubusercontent.com/nvkelso/natural-earth-vector/master/geojson/ne_10m_ports.geojson","license":"public domain"},"geometry":{"type":"Point","coordinates":[-14.286514,64.660556]}},{"type":"Feature","properties":{"name":"Faskrudsfjordur","region_code":"10","source_name":"Natural Earth ports","source_url":"https://raw.githubusercontent.com/nvkelso/natural-earth-vector/master/geojson/ne_10m_ports.geojson","license":"public domain"},"geometry":{"type":"Point","coordinates":[-14.008834,64.929722]}},{"type":"Feature","properties":{"name":"Raufarhofn","region_code":"10","source_name":"Natural Earth ports","source_url":"https://raw.githubusercontent.com/nvkelso/natural-earth-vector/master/geojson/ne_10m_ports.geojson","license":"public domain"},"geometry":{"type":"Point","coordinates":[-15.941461,66.456389]}},{"type":"Feature","properties":{"name":"Pantelleria","region_code":"10","source_name":"Natural Earth ports","source_url":"https://raw.githubusercontent.com/nvkelso/natural-earth-vector/master/geojson/ne_10m_ports.geojson","license":"public domain"},"geometry":{"type":"Point","coordinates":[11.937927,36.833333]}},{"type":"Feature","properties":{"name":"Catania","region_code":"10","source_name":"Natural Earth ports","source_url":"https://raw.githubusercontent.com/nvkelso/natural-earth-vector/master/geojson/ne_10m_ports.geojson","license":"public domain"},"geometry":{"type":"Point","coordinates":[15.090931,37.495833]}},{"type":"Feature","properties":{"name":"Fiumicino","region_code":"10","source_name":"Natural Earth ports","source_url":"https://raw.githubusercontent.com/nvkelso/natural-earth-vector/master/geojson/ne_10m_ports.geojson","license":"public domain"},"geometry":{"type":"Point","coordinates":[12.235453,41.755833]}},{"type":"Feature","properties":{"name":"Lampedusa","region_code":"10","source_name":"Natural Earth ports","source_url":"https://raw.githubusercontent.com/nvkelso/natural-earth-vector/master/geojson/ne_10m_ports.geojson","license":"public domain"},"geometry":{"type":"Point","coordinates":[12.602474,35.499167]}},{"type":"Feature","properties":{"name":"Manfredonia","region_code":"10","source_name":"Natural Earth ports","source_url":"https://raw.githubusercontent.com/nvkelso/natural-earth-vector/master/geojson/ne_10m_ports.geojson","license":"public domain"},"geometry":{"type":"Point","coordinates":[15.925324,41.624167]}},{"type":"Feature","properties":{"name":"Ocho Rios","region_code":"10","source_name":"Natural Earth ports","source_url":"https://raw.githubusercontent.com/nvkelso/natural-earth-vector/master/geojson/ne_10m_ports.geojson","license":"public domain"},"geometry":{"type":"Point","coordinates":[-77.106714,18.410278]}},{"type":"Feature","properties":{"name":"Port Antonio","region_code":"10","source_name":"Natural Earth ports","source_url":"https://raw.githubusercontent.com/nvkelso/natural-earth-vector/master/geojson/ne_10m_ports.geojson","license":"public domain"},"geometry":{"type":"Point","coordinates":[-76.451767,18.181111]}},{"type":"Feature","properties":{"name":"Nishinoomote","region_code":"10","source_name":"Natural Earth ports","source_url":"https://raw.githubusercontent.com/nvkelso/natural-earth-vector/master/geojson/ne_10m_ports.geojson","license":"public domain"},"geometry":{"type":"Point","coordinates":[130.98563,30.731667]}},{"type":"Feature","properties":{"name":"Akita","region_code":"10","source_name":"Natural Earth ports","source_url":"https://raw.githubusercontent.com/nvkelso/natural-earth-vector/master/geojson/ne_10m_ports.geojson","license":"public domain"},"geometry":{"type":"Point","coordinates":[140.03987,39.762222]}},{"type":"Feature","properties":{"name":"Hachinohe","region_code":"10","source_name":"Natural Earth ports","source_url":"https://raw.githubusercontent.com/nvkelso/natural-earth-vector/master/geojson/ne_10m_ports.geojson","license":"public domain"},"geometry":{"type":"Point","coordinates":[141.523557,40.545833]}},{"type":"Feature","properties":{"name":"Ishigaki","region_code":"10","source_name":"Natural Earth ports","source_url":"https://raw.githubusercontent.com/nvkelso/natural-earth-vector/master/geojson/ne_10m_ports.geojson","license":"public domain"},"geometry":{"type":"Point","coordinates":[124.151237,24.335556]}},{"type":"Feature","properties":{"name":"Matsuyama","region_code":"10","source_name":"Natural Earth ports","source_url":"https://raw.githubusercontent.com/nvkelso/natural-earth-vector/master/geojson/ne_10m_ports.geojson","license":"public domain"},"geometry":{"type":"Point","coordinates":[132.693404,33.855278]}},{"type":"Feature","properties":{"name":"Sakata","region_code":"10","source_name":"Natural Earth ports","source_url":"https://raw.githubusercontent.com/nvkelso/natural-earth-vector/master/geojson/ne_10m_ports.geojson","license":"public domain"},"geometry":{"type":"Point","coordinates":[139.803534,38.939444]}},{"type":"Feature","properties":{"name":"Takamatsu","region_code":"10","source_name":"Natural Earth ports","source_url":"https://raw.githubusercontent.com/nvkelso/natural-earth-vector/master/geojson/ne_10m_ports.geojson","license":"public domain"},"geometry":{"type":"Point","coordinates":[134.053357,34.355278]}},{"type":"Feature","properties":{"name":"Wakkanai","region_code":"10","source_name":"Natural Earth ports","source_url":"https://raw.githubusercontent.com/nvkelso/natural-earth-vector/master/geojson/ne_10m_ports.geojson","license":"public domain"},"geometry":{"type":"Point","coordinates":[141.689164,45.410556]}},{"type":"Feature","properties":{"name":"Tottori","region_code":"10","source_name":"Natural Earth ports","source_url":"https://raw.githubusercontent.com/nvkelso/natural-earth-vector/master/geojson/ne_10m_ports.geojson","license":"public domain"},"geometry":{"type":"Point","coordinates":[134.187927,35.540278]}},{"type":"Feature","properties":{"name":"Lamu","region_code":"10","source_name":"Natural Earth ports","source_url":"https://raw.githubusercontent.com/nvkelso/natural-earth-vector/master/geojson/ne_10m_ports.geojson","license":"public domain"},"geometry":{"type":"Point","coordinates":[40.90159,-2.268056]}},{"type":"Feature","properties":{"name":"Gunsan","region_code":"10","source_name":"Natural Earth ports","source_url":"https://raw.githubusercontent.com/nvkelso/natural-earth-vector/master/geojson/ne_10m_ports.geojson","license":"public domain"},"geometry":{"type":"Point","coordinates":[126.588104,35.959722]}},{"type":"Feature","properties":{"name":"Pohang","region_code":"10","source_name":"Natural Earth ports","source_url":"https://raw.githubusercontent.com/nvkelso/natural-earth-vector/master/geojson/ne_10m_ports.geojson","license":"public domain"},"geometry":{"type":"Point","coordinates":[129.402827,36.019722]}},{"type":"Feature","properties":{"name":"Samcheok","region_code":"10","source_name":"Natural Earth ports","source_url":"https://raw.githubusercontent.com/nvkelso/natural-earth-vector/master/geojson/ne_10m_ports.geojson","license":"public domain"},"geometry":{"type":"Point","coordinates":[129.18828,37.433611]}},{"type":"Feature","properties":{"name":"Sokcho","region_code":"10","source_name":"Natural Earth ports","source_url":"https://raw.githubusercontent.com/nvkelso/natural-earth-vector/master/geojson/ne_10m_ports.geojson","license":"public domain"},"geometry":{"type":"Point","coordinates":[128.592344,38.206944]}},{"type":"Feature","properties":{"name":"Ulsan","region_code":"10","source_name":"Natural Earth ports","source_url":"https://raw.githubusercontent.com/nvkelso/natural-earth-vector/master/geojson/ne_10m_ports.geojson","license":"public domain"},"geometry":{"type":"Point","coordinates":[129.38563,35.487778]}},{"type":"Feature","properties":{"name":"Tripoli","region_code":"10","source_name":"Natural Earth ports","source_url":"https://raw.githubusercontent.com/nvkelso/natural-earth-vector/master/geojson/ne_10m_ports.geojson","license":"public domain"},"geometry":{"type":"Point","coordinates":[35.81914,34.455278]}},{"type":"Feature","properties":{"name":"Buchanan","region_code":"10","source_name":"Natural Earth ports","source_url":"https://raw.githubusercontent.com/nvkelso/natural-earth-vector/master/geojson/ne_10m_ports.geojson","license":"public domain"},"geometry":{"type":"Point","coordinates":[-10.05265,5.858056]}},{"type":"Feature","properties":{"name":"Tripoli","region_code":"10","source_name":"Natural Earth ports","source_url":"https://raw.githubusercontent.com/nvkelso/natural-earth-vector/master/geojson/ne_10m_ports.geojson","license":"public domain"},"geometry":{"type":"Point","coordinates":[13.193581,32.9075]}},{"type":"Feature","properties":{"name":"Agadir","region_code":"10","source_name":"Natural Earth ports","source_url":"https://raw.githubusercontent.com/nvkelso/natural-earth-vector/master/geojson/ne_10m_ports.geojson","license":"public domain"},"geometry":{"type":"Point","coordinates":[-9.634923,30.423889]}},{"type":"Feature","properties":{"name":"Al Hoceima","region_code":"10","source_name":"Natural Earth ports","source_url":"https://raw.githubusercontent.com/nvkelso/natural-earth-vector/master/geojson/ne_10m_ports.geojson","license":"public domain"},"geometry":{"type":"Point","coordinates":[-3.919847,35.247778]}},{"type":"Feature","properties":{"name":"Dakhla","region_code":"10","source_name":"Natural Earth ports","source_url":"https://raw.githubusercontent.com/nvkelso/natural-earth-vector/master/geojson/ne_10m_ports.geojson","license":"public domain"},"geometry":{"type":"Point","coordinates":[-15.933863,23.682222]}},{"type":"Feature","properties":{"name":"Antalaha","region_code":"10","source_name":"Natural Earth ports","source_url":"https://raw.githubusercontent.com/nvkelso/natural-earth-vector/master/geojson/ne_10m_ports.geojson","license":"public domain"},"geometry":{"type":"Point","coordinates":[50.276207,-14.9]}},{"type":"Feature","properties":{"name":"Manakara","region_code":"10","source_name":"Natural Earth ports","source_url":"https://raw.githubusercontent.com/nvkelso/natural-earth-vector/master/geojson/ne_10m_ports.geojson","license":"public domain"},"geometry":{"type":"Point","coordinates":[48.018787,-22.1425]}},{"type":"Feature","properties":{"name":"Mananjary","region_code":"10","source_name":"Natural Earth ports","source_url":"https://raw.githubusercontent.com/nvkelso/natural-earth-vector/master/geojson/ne_10m_ports.geojson","license":"public domain"},"geometry":{"type":"Point","coordinates":[48.326207,-21.249167]}},{"type":"Feature","properties":{"name":"Morondava","region_code":"10","source_name":"Natural Earth ports","source_url":"https://raw.githubusercontent.com/nvkelso/natural-earth-vector/master/geojson/ne_10m_ports.geojson","license":"public domain"},"geometry":{"type":"Point","coordinates":[44.271967,-20.288611]}},{"type":"Feature","properties":{"name":"Toamasina","region_code":"10","source_name":"Natural Earth ports","source_url":"https://raw.githubusercontent.com/nvkelso/natural-earth-vector/master/geojson/ne_10m_ports.geojson","license":"public domain"},"geometry":{"type":"Point","coordinates":[49.421967,-18.157222]}},{"type":"Feature","properties":{"name":"Loreto","region_code":"10","source_name":"Natural Earth ports","source_url":"https://raw.githubusercontent.com/nvkelso/natural-earth-vector/master/geojson/ne_10m_ports.geojson","license":"public domain"},"geometry":{"type":"Point","coordinates":[-111.336867,26.014722]}},{"type":"Feature","properties":{"name":"Campeche","region_code":"10","source_name":"Natural Earth ports","source_url":"https://raw.githubusercontent.com/nvkelso/natural-earth-vector/master/geojson/ne_10m_ports.geojson","license":"public domain"},"geometry":{"type":"Point","coordinates":[-90.5904,19.8125]}},{"type":"Feature","properties":{"name":"Cozumel","region_code":"10","source_name":"Natural Earth ports","source_url":"https://raw.githubusercontent.com/nvkelso/natural-earth-vector/master/geojson/ne_10m_ports.geojson","license":"public domain"},"geometry":{"type":"Point","coordinates":[-86.95742,20.495]}},{"type":"Feature","properties":{"name":"La Paz","region_code":"10","source_name":"Natural Earth ports","source_url":"https://raw.githubusercontent.com/nvkelso/natural-earth-vector/master/geojson/ne_10m_ports.geojson","license":"public domain"},"geometry":{"type":"Point","coordinates":[-110.310424,24.169444]}},{"type":"Feature","properties":{"name":"Playa del Carmen","region_code":"10","source_name":"Natural Earth ports","source_url":"https://raw.githubusercontent.com/nvkelso/natural-earth-vector/master/geojson/ne_10m_ports.geojson","license":"public domain"},"geometry":{"type":"Point","coordinates":[-87.067727,20.624444]}},{"type":"Feature","properties":{"name":"Puerto Penasco","region_code":"10","source_name":"Natural Earth ports","source_url":"https://raw.githubusercontent.com/nvkelso/natural-earth-vector/master/geojson/ne_10m_ports.geojson","license":"public domain"},"geometry":{"type":"Point","coordinates":[-113.542344,31.306111]}},{"type":"Feature","properties":{"name":"Puerto Vallarta","region_code":"10","source_name":"Natural Earth ports","source_url":"https://raw.githubusercontent.com/nvkelso/natural-earth-vector/master/geojson/ne_10m_ports.geojson","license":"public domain"},"geometry":{"type":"Point","coordinates":[-105.240931,20.659167]}},{"type":"Feature","properties":{"name":"Coatzacoalcos","region_code":"10","source_name":"Natural Earth ports","source_url":"https://raw.githubusercontent.com/nvkelso/natural-earth-vector/master/geojson/ne_10m_ports.geojson","license":"public domain"},"geometry":{"type":"Point","coordinates":[-94.418963,18.129722]}},{"type":"Feature","properties":{"name":"Bassein","region_code":"10","source_name":"Natural Earth ports","source_url":"https://raw.githubusercontent.com/nvkelso/natural-earth-vector/master/geojson/ne_10m_ports.geojson","license":"public domain"},"geometry":{"type":"Point","coordinates":[94.72338,16.779722]}},{"type":"Feature","properties":{"name":"Nacala","region_code":"10","source_name":"Natural Earth ports","source_url":"https://raw.githubusercontent.com/nvkelso/natural-earth-vector/master/geojson/ne_10m_ports.geojson","license":"public domain"},"geometry":{"type":"Point","coordinates":[40.667197,-14.541389]}},{"type":"Feature","properties":{"name":"Pemba","region_code":"10","source_name":"Natural Earth ports","source_url":"https://raw.githubusercontent.com/nvkelso/natural-earth-vector/master/geojson/ne_10m_ports.geojson","license":"public domain"},"geometry":{"type":"Point","coordinates":[40.484923,-12.966667]}},{"type":"Feature","properties":{"name":"Quelimane","region_code":"10","source_name":"Natural Earth ports","source_url":"https://raw.githubusercontent.com/nvkelso/natural-earth-vector/master/geojson/ne_10m_ports.geojson","license":"public domain"},"geometry":{"type":"Point","coordinates":[36.877091,-17.881667]}},{"type":"Feature","properties":{"name":"Port Louis","region_code":"10","source_name":"Natural Earth ports","source_url":"https://raw.githubusercontent.com/nvkelso/natural-earth-vector/master/geojson/ne_10m_ports.geojson","license":"public domain"},"geometry":{"type":"Point","coordinates":[57.48987,-20.148056]}},{"type":"Feature","properties":{"name":"Malacca","region_code":"10","source_name":"Natural Earth ports","source_url":"https://raw.githubusercontent.com/nvkelso/natural-earth-vector/master/geojson/ne_10m_ports.geojson","license":"public domain"},"geometry":{"type":"Point","coordinates":[102.12338,2.248889]}},{"type":"Feature","properties":{"name":"Port Dickson","region_code":"10","source_name":"Natural Earth ports","source_url":"https://raw.githubusercontent.com/nvkelso/natural-earth-vector/master/geojson/ne_10m_ports.geojson","license":"public domain"},"geometry":{"type":"Point","coordinates":[101.788634,2.536111]}},{"type":"Feature","properties":{"name":"Walvis Bay","region_code":"10","source_name":"Natural Earth ports","source_url":"https://raw.githubusercontent.com/nvkelso/natural-earth-vector/master/geojson/ne_10m_ports.geojson","license":"public domain"},"geometry":{"type":"Point","coordinates":[14.50053,-22.940556]}},{"type":"Feature","properties":{"name":"Calabar","region_code":"10","source_name":"Natural Earth ports","source_url":"https://raw.githubusercontent.com/nvkelso/natural-earth-vector/master/geojson/ne_10m_ports.geojson","license":"public domain"},"geometry":{"type":"Point","coordinates":[8.316843,4.986389]}},{"type":"Feature","properties":{"name":"Groningen","region_code":"10","source_name":"Natural Earth ports","source_url":"https://raw.githubusercontent.com/nvkelso/natural-earth-vector/master/geojson/ne_10m_ports.geojson","license":"public domain"},"geometry":{"type":"Point","coordinates":[6.586867,53.218333]}},{"type":"Feature","properties":{"name":"Alta","region_code":"10","source_name":"Natural Earth ports","source_url":"https://raw.githubusercontent.com/nvkelso/natural-earth-vector/master/geojson/ne_10m_ports.geojson","license":"public domain"},"geometry":{"type":"Point","coordinates":[23.237044,69.967778]}},{"type":"Feature","properties":{"name":"Andenes","region_code":"10","source_name":"Natural Earth ports","source_url":"https://raw.githubusercontent.com/nvkelso/natural-earth-vector/master/geojson/ne_10m_ports.geojson","license":"public domain"},"geometry":{"type":"Point","coordinates":[16.123734,69.324167]}},{"type":"Feature","properties":{"name":"Bronnoysund","region_code":"10","source_name":"Natural Earth ports","source_url":"https://raw.githubusercontent.com/nvkelso/natural-earth-vector/master/geojson/ne_10m_ports.geojson","license":"public domain"},"geometry":{"type":"Point","coordinates":[12.201943,65.4725]}},{"type":"Feature","properties":{"name":"Farsund","region_code":"10","source_name":"Natural Earth ports","source_url":"https://raw.githubusercontent.com/nvkelso/natural-earth-vector/master/geojson/ne_10m_ports.geojson","license":"public domain"},"geometry":{"type":"Point","coordinates":[6.78987,58.088611]}},{"type":"Feature","properties":{"name":"Floro","region_code":"10","source_name":"Natural Earth ports","source_url":"https://raw.githubusercontent.com/nvkelso/natural-earth-vector/master/geojson/ne_10m_ports.geojson","license":"public domain"},"geometry":{"type":"Point","coordinates":[5.002827,61.597778]}},{"type":"Feature","properties":{"name":"Kristiansand","region_code":"10","source_name":"Natural Earth ports","source_url":"https://raw.githubusercontent.com/nvkelso/natural-earth-vector/master/geojson/ne_10m_ports.geojson","license":"public domain"},"geometry":{"type":"Point","coordinates":[7.986337,58.141944]}},{"type":"Feature","properties":{"name":"Namsos","region_code":"10","source_name":"Natural Earth ports","source_url":"https://raw.githubusercontent.com/nvkelso/natural-earth-vector/master/geojson/ne_10m_ports.geojson","license":"public domain"},"geometry":{"type":"Point","coordinates":[11.490047,64.464167]}},{"type":"Feature","properties":{"name":"Rorvik","region_code":"10","source_name":"Natural Earth ports","source_url":"https://raw.githubusercontent.com/nvkelso/natural-earth-vector/master/geojson/ne_10m_ports.geojson","license":"public domain"},"geometry":{"type":"Point","coordinates":[11.226914,64.860556]}},{"type":"Feature","properties":{"name":"Sandnessjoen","region_code":"10","source_name":"Natural Earth ports","source_url":"https://raw.githubusercontent.com/nvkelso/natural-earth-vector/master/geojson/ne_10m_ports.geojson","license":"public domain"},"geometry":{"type":"Point","coordinates":[12.618787,66.021667]}},{"type":"Feature","properties":{"name":"Stokmarknes","region_code":"10","source_name":"Natural Earth ports","source_url":"https://raw.githubusercontent.com/nvkelso/natural-earth-vector/master/geojson/ne_10m_ports.geojson","license":"public domain"},"geometry":{"type":"Point","coordinates":[14.909894,68.568333]}},{"type":"Feature","properties":{"name":"Stord","region_code":"10","source_name":"Natural Earth ports","source_url":"https://raw.githubusercontent.com/nvkelso/natural-earth-vector/master/geojson/ne_10m_ports.geojson","license":"public domain"},"geometry":{"type":"Point","coordinates":[5.501413,59.78]}},{"type":"Feature","properties":{"name":"Picton","region_code":"10","source_name":"Natural Earth ports","source_url":"https://raw.githubusercontent.com/nvkelso/natural-earth-vector/master/geojson/ne_10m_ports.geojson","license":"public domain"},"geometry":{"type":"Point","coordinates":[174.004417,-41.285556]}},{"type":"Feature","properties":{"name":"Dunedin","region_code":"10","source_name":"Natural Earth ports","source_url":"https://raw.githubusercontent.com/nvkelso/natural-earth-vector/master/geojson/ne_10m_ports.geojson","license":"public domain"},"geometry":{"type":"Point","coordinates":[170.519317,-45.875833]}},{"type":"Feature","properties":{"name":"Salalah","region_code":"10","source_name":"Natural Earth ports","source_url":"https://raw.githubusercontent.com/nvkelso/natural-earth-vector/master/geojson/ne_10m_ports.geojson","license":"public domain"},"geometry":{"type":"Point","coordinates":[54.00318,16.941667]}},{"type":"Feature","properties":{"name":"Gwadar","region_code":"10","source_name":"Natural Earth ports","source_url":"https://raw.githubusercontent.com/nvkelso/natural-earth-vector/master/geojson/ne_10m_ports.geojson","license":"public domain"},"geometry":{"type":"Point","coordinates":[62.338634,25.112222]}},{"type":"Feature","properties":{"name":"Bocas del Toro","region_code":"10","source_name":"Natural Earth ports","source_url":"https://raw.githubusercontent.com/nvkelso/natural-earth-vector/master/geojson/ne_10m_ports.geojson","license":"public domain"},"geometry":{"type":"Point","coordinates":[-82.237574,9.34]}},{"type":"Feature","properties":{"name":"La Palma","region_code":"10","source_name":"Natural Earth ports","source_url":"https://raw.githubusercontent.com/nvkelso/natural-earth-vector/master/geojson/ne_10m_ports.geojson","license":"public domain"},"geometry":{"type":"Point","coordinates":[-78.15106,8.413611]}},{"type":"Feature","properties":{"name":"Chimbote","region_code":"10","source_name":"Natural Earth ports","source_url":"https://raw.githubusercontent.com/nvkelso/natural-earth-vector/master/geojson/ne_10m_ports.geojson","license":"public domain"},"geometry":{"type":"Point","coordinates":[-78.607774,-9.076667]}},{"type":"Feature","properties":{"name":"Ilo","region_code":"10","source_name":"Natural Earth ports","source_url":"https://raw.githubusercontent.com/nvkelso/natural-earth-vector/master/geojson/ne_10m_ports.geojson","license":"public domain"},"geometry":{"type":"Point","coordinates":[-71.343757,-17.646944]}},{"type":"Feature","properties":{"name":"Mollendo","region_code":"10","source_name":"Natural Earth ports","source_url":"https://raw.githubusercontent.com/nvkelso/natural-earth-vector/master/geojson/ne_10m_ports.geojson","license":"public domain"},"geometry":{"type":"Point","coordinates":[-72.010247,-17.031111]}},{"type":"Feature","properties":{"name":"Pisco","region_code":"10","source_name":"Natural Earth ports","source_url":"https://raw.githubusercontent.com/nvkelso/natural-earth-vector/master/geojson/ne_10m_ports.geojson","license":"public domain"},"geometry":{"type":"Point","coordinates":[-76.221967,-13.733056]}},{"type":"Feature","properties":{"name":"Dumaguete","region_code":"10","source_name":"Natural Earth ports","source_url":"https://raw.githubusercontent.com/nvkelso/natural-earth-vector/master/geojson/ne_10m_ports.geojson","license":"public domain"},"geometry":{"type":"Point","coordinates":[123.308127,9.311944]}},{"type":"Feature","properties":{"name":"General Santos","region_code":"10","source_name":"Natural Earth ports","source_url":"https://raw.githubusercontent.com/nvkelso/natural-earth-vector/master/geojson/ne_10m_ports.geojson","license":"public domain"},"geometry":{"type":"Point","coordinates":[125.15424,6.086111]}},{"type":"Feature","properties":{"name":"Buka","region_code":"10","source_name":"Natural Earth ports","source_url":"https://raw.githubusercontent.com/nvkelso/natural-earth-vector/master/geojson/ne_10m_ports.geojson","license":"public domain"},"geometry":{"type":"Point","coordinates":[154.671967,-5.431944]}},{"type":"Feature","properties":{"name":"Daru","region_code":"10","source_name":"Natural Earth ports","source_url":"https://raw.githubusercontent.com/nvkelso/natural-earth-vector/master/geojson/ne_10m_ports.geojson","license":"public domain"},"geometry":{"type":"Point","coordinates":[143.206537,-9.068333]}},{"type":"Feature","properties":{"name":"Lae","region_code":"10","source_name":"Natural Earth ports","source_url":"https://raw.githubusercontent.com/nvkelso/natural-earth-vector/master/geojson/ne_10m_ports.geojson","license":"public domain"},"geometry":{"type":"Point","coordinates":[146.984747,-6.741111]}},{"type":"Feature","properties":{"name":"Madang","region_code":"10","source_name":"Natural Earth ports","source_url":"https://raw.githubusercontent.com/nvkelso/natural-earth-vector/master/geojson/ne_10m_ports.geojson","license":"public domain"},"geometry":{"type":"Point","coordinates":[145.800353,-5.213333]}},{"type":"Feature","properties":{"name":"Gdansk","region_code":"10","source_name":"Natural Earth ports","source_url":"https://raw.githubusercontent.com/nvkelso/natural-earth-vector/master/geojson/ne_10m_ports.geojson","license":"public domain"},"geometry":{"type":"Point","coordinates":[18.668787,54.393333]}},{"type":"Feature","properties":{"name":"Gdynia","region_code":"10","source_name":"Natural Earth ports","source_url":"https://raw.githubusercontent.com/nvkelso/natural-earth-vector/master/geojson/ne_10m_ports.geojson","license":"public domain"},"geometry":{"type":"Point","coordinates":[18.538457,54.533333]}},{"type":"Feature","properties":{"name":"Aguadilla","region_code":"10","source_name":"Natural Earth ports","source_url":"https://raw.githubusercontent.com/nvkelso/natural-earth-vector/master/geojson/ne_10m_ports.geojson","license":"public domain"},"geometry":{"type":"Point","coordinates":[-67.157067,18.429444]}},{"type":"Feature","properties":{"name":"Arecibo","region_code":"10","source_name":"Natural Earth ports","source_url":"https://raw.githubusercontent.com/nvkelso/natural-earth-vector/master/geojson/ne_10m_ports.geojson","license":"public domain"},"geometry":{"type":"Point","coordinates":[-66.700353,18.481389]}},{"type":"Feature","properties":{"name":"Mayaguez","region_code":"10","source_name":"Natural Earth ports","source_url":"https://raw.githubusercontent.com/nvkelso/natural-earth-vector/master/geojson/ne_10m_ports.geojson","license":"public domain"},"geometry":{"type":"Point","coordinates":[-67.15689,18.213889]}},{"type":"Feature","properties":{"name":"Faro","region_code":"10","source_name":"Natural Earth ports","source_url":"https://raw.githubusercontent.com/nvkelso/natural-earth-vector/master/geojson/ne_10m_ports.geojson","license":"public domain"},"geometry":{"type":"Point","coordinates":[-7.926031,37.010556]}},{"type":"Feature","properties":{"name":"Bora-Bora","region_code":"10","source_name":"Natural Earth ports","source_url":"https://raw.githubusercontent.com/nvkelso/natural-earth-vector/master/geojson/ne_10m_ports.geojson","license":"public domain"},"geometry":{"type":"Point","coordinates":[-151.75,-16.516667]}},{"type":"Feature","properties":{"name":"Tulcea","region_code":"10","source_name":"Natural Earth ports","source_url":"https://raw.githubusercontent.com/nvkelso/natural-earth-vector/master/geojson/ne_10m_ports.geojson","license":"public domain"},"geometry":{"type":"Point","coordinates":[28.816843,45.191111]}},{"type":"Feature","properties":{"name":"Amderma","region_code":"10","source_name":"Natural Earth ports","source_url":"https://raw.githubusercontent.com/nvkelso/natural-earth-vector/master/geojson/ne_10m_ports.geojson","license":"public domain"},"geometry":{"type":"Point","coordinates":[61.559187,69.756111]}},{"type":"Feature","properties":{"name":"Anadyr","region_code":"10","source_name":"Natural Earth ports","source_url":"https://raw.githubusercontent.com/nvkelso/natural-earth-vector/master/geojson/ne_10m_ports.geojson","license":"public domain"},"geometry":{"type":"Point","coordinates":[177.538634,64.744167]}},{"type":"Feature","properties":{"name":"Pevek","region_code":"10","source_name":"Natural Earth ports","source_url":"https://raw.githubusercontent.com/nvkelso/natural-earth-vector/master/geojson/ne_10m_ports.geojson","license":"public domain"},"geometry":{"type":"Point","coordinates":[170.277091,69.701667]}},{"type":"Feature","properties":{"name":"Kaolack","region_code":"10","source_name":"Natural Earth ports","source_url":"https://raw.githubusercontent.com/nvkelso/natural-earth-vector/master/geojson/ne_10m_ports.geojson","license":"public domain"},"geometry":{"type":"Point","coordinates":[-16.071967,14.129444]}},{"type":"Feature","properties":{"name":"Ziguinchor","region_code":"10","source_name":"Natural Earth ports","source_url":"https://raw.githubusercontent.com/nvkelso/natural-earth-vector/master/geojson/ne_10m_ports.geojson","license":"public domain"},"geometry":{"type":"Point","coordinates":[-16.26808,12.589722]}},{"type":"Feature","properties":{"name":"Longyearbyen","region_code":"10","source_name":"Natural Earth ports","source_url":"https://raw.githubusercontent.com/nvkelso/natural-earth-vector/master/geojson/ne_10m_ports.geojson","license":"public domain"},"geometry":{"type":"Point","coordinates":[15.623734,78.226111]}},{"type":"Feature","properties":{"name":"Gizo","region_code":"10","source_name":"Natural Earth ports","source_url":"https://raw.githubusercontent.com/nvkelso/natural-earth-vector/master/geojson/ne_10m_ports.geojson","license":"public domain"},"geometry":{"type":"Point","coordinates":[156.83881,-8.101389]}},{"type":"Feature","properties":{"name":"Viru Harbour","region_code":"10","source_name":"Natural Earth ports","source_url":"https://raw.githubusercontent.com/nvkelso/natural-earth-vector/master/geojson/ne_10m_ports.geojson","license":"public domain"},"geometry":{"type":"Point","coordinates":[157.726031,-8.499722]}},{"type":"Feature","properties":{"name":"Kismayu","region_code":"10","source_name":"Natural Earth ports","source_url":"https://raw.githubusercontent.com/nvkelso/natural-earth-vector/master/geojson/ne_10m_ports.geojson","license":"public domain"},"geometry":{"type":"Point","coordinates":[42.541107,-0.374167]}},{"type":"Feature","properties":{"name":"Karlstad","region_code":"10","source_name":"Natural Earth ports","source_url":"https://raw.githubusercontent.com/nvkelso/natural-earth-vector/master/geojson/ne_10m_ports.geojson","license":"public domain"},"geometry":{"type":"Point","coordinates":[13.5202,59.375278]}},{"type":"Feature","properties":{"name":"Lidkoping","region_code":"10","source_name":"Natural Earth ports","source_url":"https://raw.githubusercontent.com/nvkelso/natural-earth-vector/master/geojson/ne_10m_ports.geojson","license":"public domain"},"geometry":{"type":"Point","coordinates":[13.159364,58.509167]}},{"type":"Feature","properties":{"name":"Skelleftea","region_code":"10","source_name":"Natural Earth ports","source_url":"https://raw.githubusercontent.com/nvkelso/natural-earth-vector/master/geojson/ne_10m_ports.geojson","license":"public domain"},"geometry":{"type":"Point","coordinates":[21.251767,64.678333]}},{"type":"Feature","properties":{"name":"Umea","region_code":"10","source_name":"Natural Earth ports","source_url":"https://raw.githubusercontent.com/nvkelso/natural-earth-vector/master/geojson/ne_10m_ports.geojson","license":"public domain"},"geometry":{"type":"Point","coordinates":[20.267727,63.816667]}},{"type":"Feature","properties":{"name":"Providenciales","region_code":"10","source_name":"Natural Earth ports","source_url":"https://raw.githubusercontent.com/nvkelso/natural-earth-vector/master/geojson/ne_10m_ports.geojson","license":"public domain"},"geometry":{"type":"Point","coordinates":[-72.256007,21.762778]}},{"type":"Feature","properties":{"name":"Songkhla","region_code":"10","source_name":"Natural Earth ports","source_url":"https://raw.githubusercontent.com/nvkelso/natural-earth-vector/master/geojson/ne_10m_ports.geojson","license":"public domain"},"geometry":{"type":"Point","coordinates":[100.56967,7.228611]}},{"type":"Feature","properties":{"name":"Bandirma","region_code":"10","source_name":"Natural Earth ports","source_url":"https://raw.githubusercontent.com/nvkelso/natural-earth-vector/master/geojson/ne_10m_ports.geojson","license":"public domain"},"geometry":{"type":"Point","coordinates":[27.957244,40.354167]}},{"type":"Feature","properties":{"name":"Samsun","region_code":"10","source_name":"Natural Earth ports","source_url":"https://raw.githubusercontent.com/nvkelso/natural-earth-vector/master/geojson/ne_10m_ports.geojson","license":"public domain"},"geometry":{"type":"Point","coordinates":[36.3404,41.299722]}},{"type":"Feature","properties":{"name":"Sinop","region_code":"10","source_name":"Natural Earth ports","source_url":"https://raw.githubusercontent.com/nvkelso/natural-earth-vector/master/geojson/ne_10m_ports.geojson","license":"public domain"},"geometry":{"type":"Point","coordinates":[35.142874,42.023333]}},{"type":"Feature","properties":{"name":"Trabzon","region_code":"10","source_name":"Natural Earth ports","source_url":"https://raw.githubusercontent.com/nvkelso/natural-earth-vector/master/geojson/ne_10m_ports.geojson","license":"public domain"},"geometry":{"type":"Point","coordinates":[39.736514,41.005556]}},{"type":"Feature","properties":{"name":"Sevastopol","region_code":"10","source_name":"Natural Earth ports","source_url":"https://raw.githubusercontent.com/nvkelso/natural-earth-vector/master/geojson/ne_10m_ports.geojson","license":"public domain"},"geometry":{"type":"Point","coordinates":[33.541461,44.618889]}},{"type":"Feature","properties":{"name":"Skagway","region_code":"10","source_name":"Natural Earth ports","source_url":"https://raw.githubusercontent.com/nvkelso/natural-earth-vector/master/geojson/ne_10m_ports.geojson","license":"public domain"},"geometry":{"type":"Point","coordinates":[-135.32232,59.450833]}},{"type":"Feature","properties":{"name":"Valdez","region_code":"10","source_name":"Natural Earth ports","source_url":"https://raw.githubusercontent.com/nvkelso/natural-earth-vector/master/geojson/ne_10m_ports.geojson","license":"public domain"},"geometry":{"type":"Point","coordinates":[-146.357067,61.103611]}},{"type":"Feature","properties":{"name":"Apalachicola","region_code":"10","source_name":"Natural Earth ports","source_url":"https://raw.githubusercontent.com/nvkelso/natural-earth-vector/master/geojson/ne_10m_ports.geojson","license":"public domain"},"geometry":{"type":"Point","coordinates":[-84.98669,29.7275]}},{"type":"Feature","properties":{"name":"Annapolis","region_code":"10","source_name":"Natural Earth ports","source_url":"https://raw.githubusercontent.com/nvkelso/natural-earth-vector/master/geojson/ne_10m_ports.geojson","license":"public domain"},"geometry":{"type":"Point","coordinates":[-76.474264,38.965]}},{"type":"Feature","properties":{"name":"Cambridge","region_code":"10","source_name":"Natural Earth ports","source_url":"https://raw.githubusercontent.com/nvkelso/natural-earth-vector/master/geojson/ne_10m_ports.geojson","license":"public domain"},"geometry":{"type":"Point","coordinates":[-76.071084,38.574167]}},{"type":"Feature","properties":{"name":"Portland","region_code":"10","source_name":"Natural Earth ports","source_url":"https://raw.githubusercontent.com/nvkelso/natural-earth-vector/master/geojson/ne_10m_ports.geojson","license":"public domain"},"geometry":{"type":"Point","coordinates":[-122.783687,45.605833]}},{"type":"Feature","properties":{"name":"Bremerton","region_code":"10","source_name":"Natural Earth ports","source_url":"https://raw.githubusercontent.com/nvkelso/natural-earth-vector/master/geojson/ne_10m_ports.geojson","license":"public domain"},"geometry":{"type":"Point","coordinates":[-122.63775,47.5625]}},{"type":"Feature","properties":{"name":"Rockland","region_code":"10","source_name":"Natural Earth ports","source_url":"https://raw.githubusercontent.com/nvkelso/natural-earth-vector/master/geojson/ne_10m_ports.geojson","license":"public domain"},"geometry":{"type":"Point","coordinates":[-69.10212,44.103056]}},{"type":"Feature","properties":{"name":"Santa Cruz","region_code":"10","source_name":"Natural Earth ports","source_url":"https://raw.githubusercontent.com/nvkelso/natural-earth-vector/master/geojson/ne_10m_ports.geojson","license":"public domain"},"geometry":{"type":"Point","coordinates":[-122.001413,36.966389]}},{"type":"Feature","properties":{"name":"Chesapeake","region_code":"10","source_name":"Natural Earth ports","source_url":"https://raw.githubusercontent.com/nvkelso/natural-earth-vector/master/geojson/ne_10m_ports.geojson","license":"public domain"},"geometry":{"type":"Point","coordinates":[-76.239517,36.7225]}},{"type":"Feature","properties":{"name":"Cumana","region_code":"10","source_name":"Natural Earth ports","source_url":"https://raw.githubusercontent.com/nvkelso/natural-earth-vector/master/geojson/ne_10m_ports.geojson","license":"public domain"},"geometry":{"type":"Point","coordinates":[-64.18775,10.474167]}},{"type":"Feature","properties":{"name":"Hai Phong","region_code":"10","source_name":"Natural Earth ports","source_url":"https://raw.githubusercontent.com/nvkelso/natural-earth-vector/master/geojson/ne_10m_ports.geojson","license":"public domain"},"geometry":{"type":"Point","coordinates":[106.675147,20.867222]}},{"type":"Feature","properties":{"name":"Corfu","region_code":"10","source_name":"Natural Earth ports","source_url":"https://raw.githubusercontent.com/nvkelso/natural-earth-vector/master/geojson/ne_10m_ports.geojson","license":"public domain"},"geometry":{"type":"Point","coordinates":[19.910572,39.62195]}},{"type":"Feature","properties":{"name":"Alexandria","region_code":"10","source_name":"Natural Earth ports","source_url":"https://raw.githubusercontent.com/nvkelso/natural-earth-vector/master/geojson/ne_10m_ports.geojson","license":"public domain"},"geometry":{"type":"Point","coordinates":[30.167657,31.334923]}},{"type":"Feature","properties":{"name":"Tangier","region_code":"10","source_name":"Natural Earth ports","source_url":"https://raw.githubusercontent.com/nvkelso/natural-earth-vector/master/geojson/ne_10m_ports.geojson","license":"public domain"},"geometry":{"type":"Point","coordinates":[-5.824954,35.796114]}},{"type":"Feature","properties":{"name":"Hamilton","region_code":"10","source_name":"Natural Earth ports","source_url":"https://raw.githubusercontent.com/nvkelso/natural-earth-vector/master/geojson/ne_10m_ports.geojson","license":"public domain"},"geometry":{"type":"Point","coordinates":[-79.85,43.25]}},{"type":"Feature","properties":{"name":"Windsor","region_code":"10","source_name":"Natural Earth ports","source_url":"https://raw.githubusercontent.com/nvkelso/natural-earth-vector/master/geojson/ne_10m_ports.geojson","license":"public domain"},"geometry":{"type":"Point","coordinates":[-83.03,42.31]}},{"type":"Feature","properties":{"name":"Rouge River","region_code":"10","source_name":"Natural Earth ports","source_url":"https://raw.githubusercontent.com/nvkelso/natural-earth-vector/master/geojson/ne_10m_ports.geojson","license":"public domain"},"geometry":{"type":"Point","coordinates":[-83.11,42.28]}},{"type":"Feature","properties":{"name":"Owen Sound","region_code":"10","source_name":"Natural Earth ports","source_url":"https://raw.githubusercontent.com/nvkelso/natural-earth-vector/master/geojson/ne_10m_ports.geojson","license":"public domain"},"geometry":{"type":"Point","coordinates":[-80.93,44.58]}},{"type":"Feature","properties":{"name":"Sault Ste Marie","region_code":"10","source_name":"Natural Earth ports","source_url":"https://raw.githubusercontent.com/nvkelso/natural-earth-vector/master/geojson/ne_10m_ports.geojson","license":"public domain"},"geometry":{"type":"Point","coordinates":[-84.35,46.51]}},{"type":"Feature","properties":{"name":"Saginaw","region_code":"10","source_name":"Natural Earth ports","source_url":"https://raw.githubusercontent.com/nvkelso/natural-earth-vector/master/geojson/ne_10m_ports.geojson","license":"public domain"},"geometry":{"type":"Point","coordinates":[-83.93,43.43]}},{"type":"Feature","properties":{"name":"Cheboygan","region_code":"10","source_name":"Natural Earth ports","source_url":"https://raw.githubusercontent.com/nvkelso/natural-earth-vector/master/geojson/ne_10m_ports.geojson","license":"public domain"},"geometry":{"type":"Point","coordinates":[-84.46,45.65]}},{"type":"Feature","properties":{"name":"Sault Ste Marie","region_code":"10","source_name":"Natural Earth ports","source_url":"https://raw.githubusercontent.com/nvkelso/natural-earth-vector/master/geojson/ne_10m_ports.geojson","license":"public domain"},"geometry":{"type":"Point","coordinates":[-84.35,46.5]}},{"type":"Feature","properties":{"name":"Muskegon","region_code":"10","source_name":"Natural Earth ports","source_url":"https://raw.githubusercontent.com/nvkelso/natural-earth-vector/master/geojson/ne_10m_ports.geojson","license":"public domain"},"geometry":{"type":"Point","coordinates":[-86.26,43.23]}},{"type":"Feature","properties":{"name":"Gary","region_code":"10","source_name":"Natural Earth ports","source_url":"https://raw.githubusercontent.com/nvkelso/natural-earth-vector/master/geojson/ne_10m_ports.geojson","license":"public domain"},"geometry":{"type":"Point","coordinates":[-87.33,41.61]}},{"type":"Feature","properties":{"name":"Waukegan","region_code":"10","source_name":"Natural Earth ports","source_url":"https://raw.githubusercontent.com/nvkelso/natural-earth-vector/master/geojson/ne_10m_ports.geojson","license":"public domain"},"geometry":{"type":"Point","coordinates":[-87.81,42.36]}},{"type":"Feature","properties":{"name":"Houghton","region_code":"10","source_name":"Natural Earth ports","source_url":"https://raw.githubusercontent.com/nvkelso/natural-earth-vector/master/geojson/ne_10m_ports.geojson","license":"public domain"},"geometry":{"type":"Point","coordinates":[-88.56,47.11]}},{"type":"Feature","properties":{"name":"Wrangell","region_code":"10","source_name":"Natural Earth ports","source_url":"https://raw.githubusercontent.com/nvkelso/natural-earth-vector/master/geojson/ne_10m_ports.geojson","license":"public domain"},"geometry":{"type":"Point","coordinates":[-132.38,56.46]}},{"type":"Feature","properties":{"name":"Petersburg","region_code":"10","source_name":"Natural Earth ports","source_url":"https://raw.githubusercontent.com/nvkelso/natural-earth-vector/master/geojson/ne_10m_ports.geojson","license":"public domain"},"geometry":{"type":"Point","coordinates":[-132.95,56.81]}},{"type":"Feature","properties":{"name":"Kemi","region_code":"10","source_name":"Natural Earth ports","source_url":"https://raw.githubusercontent.com/nvkelso/natural-earth-vector/master/geojson/ne_10m_ports.geojson","license":"public domain"},"geometry":{"type":"Point","coordinates":[24.56,65.73]}},{"type":"Feature","properties":{"name":"Vaasa","region_code":"10","source_name":"Natural Earth ports","source_url":"https://raw.githubusercontent.com/nvkelso/natural-earth-vector/master/geojson/ne_10m_ports.geojson","license":"public domain"},"geometry":{"type":"Point","coordinates":[21.58,63.1]}},{"type":"Feature","properties":{"name":"Turku","region_code":"10","source_name":"Natural Earth ports","source_url":"https://raw.githubusercontent.com/nvkelso/natural-earth-vector/master/geojson/ne_10m_ports.geojson","license":"public domain"},"geometry":{"type":"Point","coordinates":[22.23,60.45]}},{"type":"Feature","properties":{"name":"Liepaja","region_code":"10","source_name":"Natural Earth ports","source_url":"https://raw.githubusercontent.com/nvkelso/natural-earth-vector/master/geojson/ne_10m_ports.geojson","license":"public domain"},"geometry":{"type":"Point","coordinates":[21.01,56.51]}},{"type":"Feature","properties":{"name":"Europoort","region_code":"10","source_name":"Natural Earth ports","source_url":"https://raw.githubusercontent.com/nvkelso/natural-earth-vector/master/geojson/ne_10m_ports.geojson","license":"public domain"},"geometry":{"type":"Point","coordinates":[4.11,51.95]}},{"type":"Feature","properties":{"name":"Stornoway Harbor","region_code":"10","source_name":"Natural Earth ports","source_url":"https://raw.githubusercontent.com/nvkelso/natural-earth-vector/master/geojson/ne_10m_ports.geojson","license":"public domain"},"geometry":{"type":"Point","coordinates":[-6.36,58.18]}},{"type":"Feature","properties":{"name":"Lisboa","region_code":"10","source_name":"Natural Earth ports","source_url":"https://raw.githubusercontent.com/nvkelso/natural-earth-vector/master/geojson/ne_10m_ports.geojson","license":"public domain"},"geometry":{"type":"Point","coordinates":[-9.16,38.7]}},{"type":"Feature","properties":{"name":"Bonanza","region_code":"10","source_name":"Natural Earth ports","source_url":"https://raw.githubusercontent.com/nvkelso/natural-earth-vector/master/geojson/ne_10m_ports.geojson","license":"public domain"},"geometry":{"type":"Point","coordinates":[-6.33,36.8]}},{"type":"Feature","properties":{"name":"Ibiza","region_code":"10","source_name":"Natural Earth ports","source_url":"https://raw.githubusercontent.com/nvkelso/natural-earth-vector/master/geojson/ne_10m_ports.geojson","license":"public domain"},"geometry":{"type":"Point","coordinates":[1.45,38.9]}},{"type":"Feature","properties":{"name":"Rostov-Na-Donu","region_code":"10","source_name":"Natural Earth ports","source_url":"https://raw.githubusercontent.com/nvkelso/natural-earth-vector/master/geojson/ne_10m_ports.geojson","license":"public domain"},"geometry":{"type":"Point","coordinates":[39.71,47.16]}},{"type":"Feature","properties":{"name":"Tel Aviv Yafo","region_code":"10","source_name":"Natural Earth ports","source_url":"https://raw.githubusercontent.com/nvkelso/natural-earth-vector/master/geojson/ne_10m_ports.geojson","license":"public domain"},"geometry":{"type":"Point","coordinates":[34.76,32.06]}},{"type":"Feature","properties":{"name":"Tunis","region_code":"10","source_name":"Natural Earth ports","source_url":"https://raw.githubusercontent.com/nvkelso/natural-earth-vector/master/geojson/ne_10m_ports.geojson","license":"public domain"},"geometry":{"type":"Point","coordinates":[10.25,36.8]}},{"type":"Feature","properties":{"name":"Bejaia","region_code":"10","source_name":"Natural Earth ports","source_url":"https://raw.githubusercontent.com/nvkelso/natural-earth-vector/master/geojson/ne_10m_ports.geojson","license":"public domain"},"geometry":{"type":"Point","coordinates":[5.08,36.75]}},{"type":"Feature","properties":{"name":"Alger","region_code":"10","source_name":"Natural Earth ports","source_url":"https://raw.githubusercontent.com/nvkelso/natural-earth-vector/master/geojson/ne_10m_ports.geojson","license":"public domain"},"geometry":{"type":"Point","coordinates":[3.06,36.76]}},{"type":"Feature","properties":{"name":"St Louis","region_code":"10","source_name":"Natural Earth ports","source_url":"https://raw.githubusercontent.com/nvkelso/natural-earth-vector/master/geojson/ne_10m_ports.geojson","license":"public domain"},"geometry":{"type":"Point","coordinates":[-16.51,16.01]}},{"type":"Feature","properties":{"name":"Tin Can Island","region_code":"10","source_name":"Natural Earth ports","source_url":"https://raw.githubusercontent.com/nvkelso/natural-earth-vector/master/geojson/ne_10m_ports.geojson","license":"public domain"},"geometry":{"type":"Point","coordinates":[3.3,6.41]}},{"type":"Feature","properties":{"name":"Mocambique","region_code":"10","source_name":"Natural Earth ports","source_url":"https://raw.githubusercontent.com/nvkelso/natural-earth-vector/master/geojson/ne_10m_ports.geojson","license":"public domain"},"geometry":{"type":"Point","coordinates":[40.73,-15.03]}},{"type":"Feature","properties":{"name":"Assab","region_code":"10","source_name":"Natural Earth ports","source_url":"https://raw.githubusercontent.com/nvkelso/natural-earth-vector/master/geojson/ne_10m_ports.geojson","license":"public domain"},"geometry":{"type":"Point","coordinates":[42.75,13]}},{"type":"Feature","properties":{"name":"Massawa","region_code":"10","source_name":"Natural Earth ports","source_url":"https://raw.githubusercontent.com/nvkelso/natural-earth-vector/master/geojson/ne_10m_ports.geojson","license":"public domain"},"geometry":{"type":"Point","coordinates":[39.46,15.61]}},{"type":"Feature","properties":{"name":"Elat","region_code":"10","source_name":"Natural Earth ports","source_url":"https://raw.githubusercontent.com/nvkelso/natural-earth-vector/master/geojson/ne_10m_ports.geojson","license":"public domain"},"geometry":{"type":"Point","coordinates":[34.95,29.55]}},{"type":"Feature","properties":{"name":"Al Kuwayt","region_code":"10","source_name":"Natural Earth ports","source_url":"https://raw.githubusercontent.com/nvkelso/natural-earth-vector/master/geojson/ne_10m_ports.geojson","license":"public domain"},"geometry":{"type":"Point","coordinates":[47.96,29.38]}},{"type":"Feature","properties":{"name":"Bombay","region_code":"10","source_name":"Natural Earth ports","source_url":"https://raw.githubusercontent.com/nvkelso/natural-earth-vector/master/geojson/ne_10m_ports.geojson","license":"public domain"},"geometry":{"type":"Point","coordinates":[72.83,18.83]}},{"type":"Feature","properties":{"name":"Jawaharlal Nehru Port","region_code":"10","source_name":"Natural Earth ports","source_url":"https://raw.githubusercontent.com/nvkelso/natural-earth-vector/master/geojson/ne_10m_ports.geojson","license":"public domain"},"geometry":{"type":"Point","coordinates":[72.93,18.95]}},{"type":"Feature","properties":{"name":"Cochin","region_code":"10","source_name":"Natural Earth ports","source_url":"https://raw.githubusercontent.com/nvkelso/natural-earth-vector/master/geojson/ne_10m_ports.geojson","license":"public domain"},"geometry":{"type":"Point","coordinates":[76.23,9.96]}},{"type":"Feature","properties":{"name":"Madras","region_code":"10","source_name":"Natural Earth ports","source_url":"https://raw.githubusercontent.com/nvkelso/natural-earth-vector/master/geojson/ne_10m_ports.geojson","license":"public domain"},"geometry":{"type":"Point","coordinates":[80.3,13.1]}},{"type":"Feature","properties":{"name":"Calcutta","region_code":"10","source_name":"Natural Earth ports","source_url":"https://raw.githubusercontent.com/nvkelso/natural-earth-vector/master/geojson/ne_10m_ports.geojson","license":"public domain"},"geometry":{"type":"Point","coordinates":[88.31,22.55]}},{"type":"Feature","properties":{"name":"Phuket","region_code":"10","source_name":"Natural Earth ports","source_url":"https://raw.githubusercontent.com/nvkelso/natural-earth-vector/master/geojson/ne_10m_ports.geojson","license":"public domain"},"geometry":{"type":"Point","coordinates":[98.4,7.83]}},{"type":"Feature","properties":{"name":"Pulau Pinang","region_code":"10","source_name":"Natural Earth ports","source_url":"https://raw.githubusercontent.com/nvkelso/natural-earth-vector/master/geojson/ne_10m_ports.geojson","license":"public domain"},"geometry":{"type":"Point","coordinates":[100.35,5.41]}},{"type":"Feature","properties":{"name":"Belawan","region_code":"10","source_name":"Natural Earth ports","source_url":"https://raw.githubusercontent.com/nvkelso/natural-earth-vector/master/geojson/ne_10m_ports.geojson","license":"public domain"},"geometry":{"type":"Point","coordinates":[98.68,3.78]}},{"type":"Feature","properties":{"name":"Semarang","region_code":"10","source_name":"Natural Earth ports","source_url":"https://raw.githubusercontent.com/nvkelso/natural-earth-vector/master/geojson/ne_10m_ports.geojson","license":"public domain"},"geometry":{"type":"Point","coordinates":[110.41,-6.95]}},{"type":"Feature","properties":{"name":"Kupang","region_code":"10","source_name":"Natural Earth ports","source_url":"https://raw.githubusercontent.com/nvkelso/natural-earth-vector/master/geojson/ne_10m_ports.geojson","license":"public domain"},"geometry":{"type":"Point","coordinates":[123.58,-10.16]}},{"type":"Feature","properties":{"name":"Kuching","region_code":"10","source_name":"Natural Earth ports","source_url":"https://raw.githubusercontent.com/nvkelso/natural-earth-vector/master/geojson/ne_10m_ports.geojson","license":"public domain"},"geometry":{"type":"Point","coordinates":[110.35,1.56]}},{"type":"Feature","properties":{"name":"Miri","region_code":"10","source_name":"Natural Earth ports","source_url":"https://raw.githubusercontent.com/nvkelso/natural-earth-vector/master/geojson/ne_10m_ports.geojson","license":"public domain"},"geometry":{"type":"Point","coordinates":[113.96,4.38]}},{"type":"Feature","properties":{"name":"Kota Kinabalu","region_code":"10","source_name":"Natural Earth ports","source_url":"https://raw.githubusercontent.com/nvkelso/natural-earth-vector/master/geojson/ne_10m_ports.geojson","license":"public domain"},"geometry":{"type":"Point","coordinates":[116.06,5.98]}},{"type":"Feature","properties":{"name":"Pelabuhan Sandakan","region_code":"10","source_name":"Natural Earth ports","source_url":"https://raw.githubusercontent.com/nvkelso/natural-earth-vector/master/geojson/ne_10m_ports.geojson","license":"public domain"},"geometry":{"type":"Point","coordinates":[118.11,5.83]}},{"type":"Feature","properties":{"name":"Ujungpandang","region_code":"10","source_name":"Natural Earth ports","source_url":"https://raw.githubusercontent.com/nvkelso/natural-earth-vector/master/geojson/ne_10m_ports.geojson","license":"public domain"},"geometry":{"type":"Point","coordinates":[119.4,-5.13]}},{"type":"Feature","properties":{"name":"Davao","region_code":"10","source_name":"Natural Earth ports","source_url":"https://raw.githubusercontent.com/nvkelso/natural-earth-vector/master/geojson/ne_10m_ports.geojson","license":"public domain"},"geometry":{"type":"Point","coordinates":[125.61,7.06]}},{"type":"Feature","properties":{"name":"Nanjing","region_code":"10","source_name":"Natural Earth ports","source_url":"https://raw.githubusercontent.com/nvkelso/natural-earth-vector/master/geojson/ne_10m_ports.geojson","license":"public domain"},"geometry":{"type":"Point","coordinates":[118.75,32.08]}},{"type":"Feature","properties":{"name":"Hankow","region_code":"10","source_name":"Natural Earth ports","source_url":"https://raw.githubusercontent.com/nvkelso/natural-earth-vector/master/geojson/ne_10m_ports.geojson","license":"public domain"},"geometry":{"type":"Point","coordinates":[114.28,30.58]}},{"type":"Feature","properties":{"name":"Chang Sha","region_code":"10","source_name":"Natural Earth ports","source_url":"https://raw.githubusercontent.com/nvkelso/natural-earth-vector/master/geojson/ne_10m_ports.geojson","license":"public domain"},"geometry":{"type":"Point","coordinates":[112.98,28.2]}},{"type":"Feature","properties":{"name":"Khabarovsk","region_code":"10","source_name":"Natural Earth ports","source_url":"https://raw.githubusercontent.com/nvkelso/natural-earth-vector/master/geojson/ne_10m_ports.geojson","license":"public domain"},"geometry":{"type":"Point","coordinates":[135.16,48.5]}},{"type":"Feature","properties":{"name":"Petropavlovsk","region_code":"10","source_name":"Natural Earth ports","source_url":"https://raw.githubusercontent.com/nvkelso/natural-earth-vector/master/geojson/ne_10m_ports.geojson","license":"public domain"},"geometry":{"type":"Point","coordinates":[158.65,53.05]}},{"type":"Feature","properties":{"name":"Namibe","region_code":"20","source_name":"Natural Earth ports","source_url":"https://raw.githubusercontent.com/nvkelso/natural-earth-vector/master/geojson/ne_10m_ports.geojson","license":"public domain"},"geometry":{"type":"Point","coordinates":[12.135453,-15.193611]}},{"type":"Feature","properties":{"name":"Bahia Blanca","region_code":"20","source_name":"Natural Earth ports","source_url":"https://raw.githubusercontent.com/nvkelso/natural-earth-vector/master/geojson/ne_10m_ports.geojson","license":"public domain"},"geometry":{"type":"Point","coordinates":[-62.270907,-38.791389]}},{"type":"Feature","properties":{"name":"La Plata","region_code":"20","source_name":"Natural Earth ports","source_url":"https://raw.githubusercontent.com/nvkelso/natural-earth-vector/master/geojson/ne_10m_ports.geojson","license":"public domain"},"geometry":{"type":"Point","coordinates":[-57.890224,-34.855278]}},{"type":"Feature","properties":{"name":"Ushuaia","region_code":"20","source_name":"Natural Earth ports","source_url":"https://raw.githubusercontent.com/nvkelso/natural-earth-vector/master/geojson/ne_10m_ports.geojson","license":"public domain"},"geometry":{"type":"Point","coordinates":[-68.300883,-54.809444]}},{"type":"Feature","properties":{"name":"Puerto Madryn","region_code":"20","source_name":"Natural Earth ports","source_url":"https://raw.githubusercontent.com/nvkelso/natural-earth-vector/master/geojson/ne_10m_ports.geojson","license":"public domain"},"geometry":{"type":"Point","coordinates":[-65.033333,-42.736111]}},{"type":"Feature","properties":{"name":"Pago Pago","region_code":"20","source_name":"Natural Earth ports","source_url":"https://raw.githubusercontent.com/nvkelso/natural-earth-vector/master/geojson/ne_10m_ports.geojson","license":"public domain"},"geometry":{"type":"Point","coordinates":[-170.687927,-14.274167]}},{"type":"Feature","properties":{"name":"Mackay","region_code":"20","source_name":"Natural Earth ports","source_url":"https://raw.githubusercontent.com/nvkelso/natural-earth-vector/master/geojson/ne_10m_ports.geojson","license":"public domain"},"geometry":{"type":"Point","coordinates":[149.223734,-21.108333]}},{"type":"Feature","properties":{"name":"Port Lincoln","region_code":"20","source_name":"Natural Earth ports","source_url":"https://raw.githubusercontent.com/nvkelso/natural-earth-vector/master/geojson/ne_10m_ports.geojson","license":"public domain"},"geometry":{"type":"Point","coordinates":[135.869494,-34.718333]}},{"type":"Feature","properties":{"name":"Port Pirie","region_code":"20","source_name":"Natural Earth ports","source_url":"https://raw.githubusercontent.com/nvkelso/natural-earth-vector/master/geojson/ne_10m_ports.geojson","license":"public domain"},"geometry":{"type":"Point","coordinates":[138.007244,-33.176944]}},{"type":"Feature","properties":{"name":"Albany","region_code":"20","source_name":"Natural Earth ports","source_url":"https://raw.githubusercontent.com/nvkelso/natural-earth-vector/master/geojson/ne_10m_ports.geojson","license":"public domain"},"geometry":{"type":"Point","coordinates":[117.88669,-35.031667]}},{"type":"Feature","properties":{"name":"Barrow Island","region_code":"20","source_name":"Natural Earth ports","source_url":"https://raw.githubusercontent.com/nvkelso/natural-earth-vector/master/geojson/ne_10m_ports.geojson","license":"public domain"},"geometry":{"type":"Point","coordinates":[115.470907,-20.725833]}},{"type":"Feature","properties":{"name":"Bunbury","region_code":"20","source_name":"Natural Earth ports","source_url":"https://raw.githubusercontent.com/nvkelso/natural-earth-vector/master/geojson/ne_10m_ports.geojson","license":"public domain"},"geometry":{"type":"Point","coordinates":[115.651237,-33.315278]}},{"type":"Feature","properties":{"name":"Burnie","region_code":"20","source_name":"Natural Earth ports","source_url":"https://raw.githubusercontent.com/nvkelso/natural-earth-vector/master/geojson/ne_10m_ports.geojson","license":"public domain"},"geometry":{"type":"Point","coordinates":[145.908127,-41.052778]}},{"type":"Feature","properties":{"name":"Geelong","region_code":"20","source_name":"Natural Earth ports","source_url":"https://raw.githubusercontent.com/nvkelso/natural-earth-vector/master/geojson/ne_10m_ports.geojson","license":"public domain"},"geometry":{"type":"Point","coordinates":[144.387397,-38.126667]}},{"type":"Feature","properties":{"name":"Gladstone","region_code":"20","source_name":"Natural Earth ports","source_url":"https://raw.githubusercontent.com/nvkelso/natural-earth-vector/master/geojson/ne_10m_ports.geojson","license":"public domain"},"geometry":{"type":"Point","coordinates":[151.251767,-23.83]}},{"type":"Feature","properties":{"name":"Newcastle","region_code":"20","source_name":"Natural Earth ports","source_url":"https://raw.githubusercontent.com/nvkelso/natural-earth-vector/master/geojson/ne_10m_ports.geojson","license":"public domain"},"geometry":{"type":"Point","coordinates":[151.76914,-32.9075]}},{"type":"Feature","properties":{"name":"Port Kembla","region_code":"20","source_name":"Natural Earth ports","source_url":"https://raw.githubusercontent.com/nvkelso/natural-earth-vector/master/geojson/ne_10m_ports.geojson","license":"public domain"},"geometry":{"type":"Point","coordinates":[150.893581,-34.4625]}},{"type":"Feature","properties":{"name":"Portland","region_code":"20","source_name":"Natural Earth ports","source_url":"https://raw.githubusercontent.com/nvkelso/natural-earth-vector/master/geojson/ne_10m_ports.geojson","license":"public domain"},"geometry":{"type":"Point","coordinates":[141.609364,-38.349167]}},{"type":"Feature","properties":{"name":"Thursday Island","region_code":"20","source_name":"Natural Earth ports","source_url":"https://raw.githubusercontent.com/nvkelso/natural-earth-vector/master/geojson/ne_10m_ports.geojson","license":"public domain"},"geometry":{"type":"Point","coordinates":[142.218964,-10.585556]}},{"type":"Feature","properties":{"name":"Townsville","region_code":"20","source_name":"Natural Earth ports","source_url":"https://raw.githubusercontent.com/nvkelso/natural-earth-vector/master/geojson/ne_10m_ports.geojson","license":"public domain"},"geometry":{"type":"Point","coordinates":[146.824794,-19.250833]}},{"type":"Feature","properties":{"name":"Weipa","region_code":"20","source_name":"Natural Earth ports","source_url":"https://raw.githubusercontent.com/nvkelso/natural-earth-vector/master/geojson/ne_10m_ports.geojson","license":"public domain"},"geometry":{"type":"Point","coordinates":[141.866667,-12.67]}},{"type":"Feature","properties":{"name":"Whyalla","region_code":"20","source_name":"Natural Earth ports","source_url":"https://raw.githubusercontent.com/nvkelso/natural-earth-vector/master/geojson/ne_10m_ports.geojson","license":"public domain"},"geometry":{"type":"Point","coordinates":[137.590754,-33.038333]}},{"type":"Feature","properties":{"name":"Wyndham","region_code":"20","source_name":"Natural Earth ports","source_url":"https://raw.githubusercontent.com/nvkelso/natural-earth-vector/master/geojson/ne_10m_ports.geojson","license":"public domain"},"geometry":{"type":"Point","coordinates":[128.100883,-15.451389]}},{"type":"Feature","properties":{"name":"Brussel (Bruxelles)","region_code":"20","source_name":"Natural Earth ports","source_url":"https://raw.githubusercontent.com/nvkelso/natural-earth-vector/master/geojson/ne_10m_ports.geojson","license":"public domain"},"geometry":{"type":"Point","coordinates":[4.38616,50.886111]}},{"type":"Feature","properties":{"name":"Gent (Ghent)","region_code":"20","source_name":"Natural Earth ports","source_url":"https://raw.githubusercontent.com/nvkelso/natural-earth-vector/master/geojson/ne_10m_ports.geojson","license":"public domain"},"geometry":{"type":"Point","coordinates":[3.767373,51.114444]}},{"type":"Feature","properties":{"name":"Ilheus","region_code":"20","source_name":"Natural Earth ports","source_url":"https://raw.githubusercontent.com/nvkelso/natural-earth-vector/master/geojson/ne_10m_ports.geojson","license":"public domain"},"geometry":{"type":"Point","coordinates":[-39.025677,-14.780278]}},{"type":"Feature","properties":{"name":"Maceio","region_code":"20","source_name":"Natural Earth ports","source_url":"https://raw.githubusercontent.com/nvkelso/natural-earth-vector/master/geojson/ne_10m_ports.geojson","license":"public domain"},"geometry":{"type":"Point","coordinates":[-35.72232,-9.678889]}},{"type":"Feature","properties":{"name":"Natal","region_code":"20","source_name":"Natural Earth ports","source_url":"https://raw.githubusercontent.com/nvkelso/natural-earth-vector/master/geojson/ne_10m_ports.geojson","license":"public domain"},"geometry":{"type":"Point","coordinates":[-35.2,-5.783056]}},{"type":"Feature","properties":{"name":"Rio Grande","region_code":"20","source_name":"Natural Earth ports","source_url":"https://raw.githubusercontent.com/nvkelso/natural-earth-vector/master/geojson/ne_10m_ports.geojson","license":"public domain"},"geometry":{"type":"Point","coordinates":[-52.076207,-32.056111]}},{"type":"Feature","properties":{"name":"Vitoria","region_code":"20","source_name":"Natural Earth ports","source_url":"https://raw.githubusercontent.com/nvkelso/natural-earth-vector/master/geojson/ne_10m_ports.geojson","license":"public domain"},"geometry":{"type":"Point","coordinates":[-40.3351,-20.323333]}},{"type":"Feature","properties":{"name":"Ocean Falls","region_code":"20","source_name":"Natural Earth ports","source_url":"https://raw.githubusercontent.com/nvkelso/natural-earth-vector/master/geojson/ne_10m_ports.geojson","license":"public domain"},"geometry":{"type":"Point","coordinates":[-127.68881,52.350833]}},{"type":"Feature","properties":{"name":"Argentia","region_code":"20","source_name":"Natural Earth ports","source_url":"https://raw.githubusercontent.com/nvkelso/natural-earth-vector/master/geojson/ne_10m_ports.geojson","license":"public domain"},"geometry":{"type":"Point","coordinates":[-53.986867,47.293056]}},{"type":"Feature","properties":{"name":"Bathurst","region_code":"20","source_name":"Natural Earth ports","source_url":"https://raw.githubusercontent.com/nvkelso/natural-earth-vector/master/geojson/ne_10m_ports.geojson","license":"public domain"},"geometry":{"type":"Point","coordinates":[-65.65,47.616667]}},{"type":"Feature","properties":{"name":"Gaspe","region_code":"20","source_name":"Natural Earth ports","source_url":"https://raw.githubusercontent.com/nvkelso/natural-earth-vector/master/geojson/ne_10m_ports.geojson","license":"public domain"},"geometry":{"type":"Point","coordinates":[-64.43722,48.824444]}},{"type":"Feature","properties":{"name":"Port Alberni","region_code":"20","source_name":"Natural Earth ports","source_url":"https://raw.githubusercontent.com/nvkelso/natural-earth-vector/master/geojson/ne_10m_ports.geojson","license":"public domain"},"geometry":{"type":"Point","coordinates":[-124.819317,49.23]}},{"type":"Feature","properties":{"name":"Powell River","region_code":"20","source_name":"Natural Earth ports","source_url":"https://raw.githubusercontent.com/nvkelso/natural-earth-vector/master/geojson/ne_10m_ports.geojson","license":"public domain"},"geometry":{"type":"Point","coordinates":[-124.524794,49.835]}},{"type":"Feature","properties":{"name":"Sept-Iles","region_code":"20","source_name":"Natural Earth ports","source_url":"https://raw.githubusercontent.com/nvkelso/natural-earth-vector/master/geojson/ne_10m_ports.geojson","license":"public domain"},"geometry":{"type":"Point","coordinates":[-66.383863,50.206389]}},{"type":"Feature","properties":{"name":"Sydney","region_code":"20","source_name":"Natural Earth ports","source_url":"https://raw.githubusercontent.com/nvkelso/natural-earth-vector/master/geojson/ne_10m_ports.geojson","license":"public domain"},"geometry":{"type":"Point","coordinates":[-60.203004,46.141944]}},{"type":"Feature","properties":{"name":"Trois-Rivieres (Three Rivers)","region_code":"20","source_name":"Natural Earth ports","source_url":"https://raw.githubusercontent.com/nvkelso/natural-earth-vector/master/geojson/ne_10m_ports.geojson","license":"public domain"},"geometry":{"type":"Point","coordinates":[-72.538987,46.335833]}},{"type":"Feature","properties":{"name":"Yarmouth","region_code":"20","source_name":"Natural Earth ports","source_url":"https://raw.githubusercontent.com/nvkelso/natural-earth-vector/master/geojson/ne_10m_ports.geojson","license":"public domain"},"geometry":{"type":"Point","coordinates":[-66.120907,43.835556]}},{"type":"Feature","properties":{"name":"Rimouski","region_code":"20","source_name":"Natural Earth ports","source_url":"https://raw.githubusercontent.com/nvkelso/natural-earth-vector/master/geojson/ne_10m_ports.geojson","license":"public domain"},"geometry":{"type":"Point","coordinates":[-68.508127,48.477778]}},{"type":"Feature","properties":{"name":"Riviere-du-Loup","region_code":"20","source_name":"Natural Earth ports","source_url":"https://raw.githubusercontent.com/nvkelso/natural-earth-vector/master/geojson/ne_10m_ports.geojson","license":"public domain"},"geometry":{"type":"Point","coordinates":[-69.56808,47.846667]}},{"type":"Feature","properties":{"name":"Saint-Anthony","region_code":"20","source_name":"Natural Earth ports","source_url":"https://raw.githubusercontent.com/nvkelso/natural-earth-vector/master/geojson/ne_10m_ports.geojson","license":"public domain"},"geometry":{"type":"Point","coordinates":[-55.577091,51.366667]}},{"type":"Feature","properties":{"name":"Summerside","region_code":"20","source_name":"Natural Earth ports","source_url":"https://raw.githubusercontent.com/nvkelso/natural-earth-vector/master/geojson/ne_10m_ports.geojson","license":"public domain"},"geometry":{"type":"Point","coordinates":[-63.787044,46.388611]}},{"type":"Feature","properties":{"name":"Arica","region_code":"20","source_name":"Natural Earth ports","source_url":"https://raw.githubusercontent.com/nvkelso/natural-earth-vector/master/geojson/ne_10m_ports.geojson","license":"public domain"},"geometry":{"type":"Point","coordinates":[-70.321967,-18.473056]}},{"type":"Feature","properties":{"name":"Tocopilla","region_code":"20","source_name":"Natural Earth ports","source_url":"https://raw.githubusercontent.com/nvkelso/natural-earth-vector/master/geojson/ne_10m_ports.geojson","license":"public domain"},"geometry":{"type":"Point","coordinates":[-70.205654,-22.086111]}},{"type":"Feature","properties":{"name":"Beihai","region_code":"20","source_name":"Natural Earth ports","source_url":"https://raw.githubusercontent.com/nvkelso/natural-earth-vector/master/geojson/ne_10m_ports.geojson","license":"public domain"},"geometry":{"type":"Point","coordinates":[109.070554,21.458611]}},{"type":"Feature","properties":{"name":"Jiangmen","region_code":"20","source_name":"Natural Earth ports","source_url":"https://raw.githubusercontent.com/nvkelso/natural-earth-vector/master/geojson/ne_10m_ports.geojson","license":"public domain"},"geometry":{"type":"Point","coordinates":[113.001943,22.5025]}},{"type":"Feature","properties":{"name":"Wenzhou","region_code":"20","source_name":"Natural Earth ports","source_url":"https://raw.githubusercontent.com/nvkelso/natural-earth-vector/master/geojson/ne_10m_ports.geojson","license":"public domain"},"geometry":{"type":"Point","coordinates":[120.884747,27.998333]}},{"type":"Feature","properties":{"name":"Yantai","region_code":"20","source_name":"Natural Earth ports","source_url":"https://raw.githubusercontent.com/nvkelso/natural-earth-vector/master/geojson/ne_10m_ports.geojson","license":"public domain"},"geometry":{"type":"Point","coordinates":[121.388987,37.571111]}},{"type":"Feature","properties":{"name":"Zhuhai","region_code":"20","source_name":"Natural Earth ports","source_url":"https://raw.githubusercontent.com/nvkelso/natural-earth-vector/master/geojson/ne_10m_ports.geojson","license":"public domain"},"geometry":{"type":"Point","coordinates":[113.584217,22.239722]}},{"type":"Feature","properties":{"name":"Santa Marta","region_code":"20","source_name":"Natural Earth ports","source_url":"https://raw.githubusercontent.com/nvkelso/natural-earth-vector/master/geojson/ne_10m_ports.geojson","license":"public domain"},"geometry":{"type":"Point","coordinates":[-74.21702,11.251944]}},{"type":"Feature","properties":{"name":"Buenaventura","region_code":"20","source_name":"Natural Earth ports","source_url":"https://raw.githubusercontent.com/nvkelso/natural-earth-vector/master/geojson/ne_10m_ports.geojson","license":"public domain"},"geometry":{"type":"Point","coordinates":[-77.053357,3.883056]}},{"type":"Feature","properties":{"name":"Praia","region_code":"20","source_name":"Natural Earth ports","source_url":"https://raw.githubusercontent.com/nvkelso/natural-earth-vector/master/geojson/ne_10m_ports.geojson","license":"public domain"},"geometry":{"type":"Point","coordinates":[-23.50318,14.944722]}},{"type":"Feature","properties":{"name":"Golfito","region_code":"20","source_name":"Natural Earth ports","source_url":"https://raw.githubusercontent.com/nvkelso/natural-earth-vector/master/geojson/ne_10m_ports.geojson","license":"public domain"},"geometry":{"type":"Point","coordinates":[-83.166667,8.637778]}},{"type":"Feature","properties":{"name":"Cienfuegos","region_code":"20","source_name":"Natural Earth ports","source_url":"https://raw.githubusercontent.com/nvkelso/natural-earth-vector/master/geojson/ne_10m_ports.geojson","license":"public domain"},"geometry":{"type":"Point","coordinates":[-80.45371,22.14]}},{"type":"Feature","properties":{"name":"Manzanillo","region_code":"20","source_name":"Natural Earth ports","source_url":"https://raw.githubusercontent.com/nvkelso/natural-earth-vector/master/geojson/ne_10m_ports.geojson","license":"public domain"},"geometry":{"type":"Point","coordinates":[-77.13351,20.3375]}},{"type":"Feature","properties":{"name":"Matanzas","region_code":"20","source_name":"Natural Earth ports","source_url":"https://raw.githubusercontent.com/nvkelso/natural-earth-vector/master/geojson/ne_10m_ports.geojson","license":"public domain"},"geometry":{"type":"Point","coordinates":[-81.537044,23.051389]}},{"type":"Feature","properties":{"name":"Santiago de Cuba","region_code":"20","source_name":"Natural Earth ports","source_url":"https://raw.githubusercontent.com/nvkelso/natural-earth-vector/master/geojson/ne_10m_ports.geojson","license":"public domain"},"geometry":{"type":"Point","coordinates":[-75.856714,20.001667]}},{"type":"Feature","properties":{"name":"Emden","region_code":"20","source_name":"Natural Earth ports","source_url":"https://raw.githubusercontent.com/nvkelso/natural-earth-vector/master/geojson/ne_10m_ports.geojson","license":"public domain"},"geometry":{"type":"Point","coordinates":[7.192874,53.346111]}},{"type":"Feature","properties":{"name":"Flensburg","region_code":"20","source_name":"Natural Earth ports","source_url":"https://raw.githubusercontent.com/nvkelso/natural-earth-vector/master/geojson/ne_10m_ports.geojson","license":"public domain"},"geometry":{"type":"Point","coordinates":[9.436867,54.803333]}},{"type":"Feature","properties":{"name":"Wilhelmshaven","region_code":"20","source_name":"Natural Earth ports","source_url":"https://raw.githubusercontent.com/nvkelso/natural-earth-vector/master/geojson/ne_10m_ports.geojson","license":"public domain"},"geometry":{"type":"Point","coordinates":[8.122144,53.53]}},{"type":"Feature","properties":{"name":"Esbjerg","region_code":"20","source_name":"Natural Earth ports","source_url":"https://raw.githubusercontent.com/nvkelso/natural-earth-vector/master/geojson/ne_10m_ports.geojson","license":"public domain"},"geometry":{"type":"Point","coordinates":[8.433863,55.465556]}},{"type":"Feature","properties":{"name":"Odense","region_code":"20","source_name":"Natural Earth ports","source_url":"https://raw.githubusercontent.com/nvkelso/natural-earth-vector/master/geojson/ne_10m_ports.geojson","license":"public domain"},"geometry":{"type":"Point","coordinates":[10.386867,55.4175]}},{"type":"Feature","properties":{"name":"Sonderborg","region_code":"20","source_name":"Natural Earth ports","source_url":"https://raw.githubusercontent.com/nvkelso/natural-earth-vector/master/geojson/ne_10m_ports.geojson","license":"public domain"},"geometry":{"type":"Point","coordinates":[9.776737,54.906944]}},{"type":"Feature","properties":{"name":"Ronne","region_code":"20","source_name":"Natural Earth ports","source_url":"https://raw.githubusercontent.com/nvkelso/natural-earth-vector/master/geojson/ne_10m_ports.geojson","license":"public domain"},"geometry":{"type":"Point","coordinates":[14.68775,55.096111]}},{"type":"Feature","properties":{"name":"Barahona","region_code":"20","source_name":"Natural Earth ports","source_url":"https://raw.githubusercontent.com/nvkelso/natural-earth-vector/master/geojson/ne_10m_ports.geojson","license":"public domain"},"geometry":{"type":"Point","coordinates":[-71.086514,18.212222]}},{"type":"Feature","properties":{"name":"Cabo Rojo","region_code":"20","source_name":"Natural Earth ports","source_url":"https://raw.githubusercontent.com/nvkelso/natural-earth-vector/master/geojson/ne_10m_ports.geojson","license":"public domain"},"geometry":{"type":"Point","coordinates":[-71.654947,17.925278]}},{"type":"Feature","properties":{"name":"Oran","region_code":"20","source_name":"Natural Earth ports","source_url":"https://raw.githubusercontent.com/nvkelso/natural-earth-vector/master/geojson/ne_10m_ports.geojson","license":"public domain"},"geometry":{"type":"Point","coordinates":[-0.63669,35.7125]}},{"type":"Feature","properties":{"name":"A Coruna","region_code":"20","source_name":"Natural Earth ports","source_url":"https://raw.githubusercontent.com/nvkelso/natural-earth-vector/master/geojson/ne_10m_ports.geojson","license":"public domain"},"geometry":{"type":"Point","coordinates":[-8.387927,43.363056]}},{"type":"Feature","properties":{"name":"Almeria","region_code":"20","source_name":"Natural Earth ports","source_url":"https://raw.githubusercontent.com/nvkelso/natural-earth-vector/master/geojson/ne_10m_ports.geojson","license":"public domain"},"geometry":{"type":"Point","coordinates":[-2.47126,36.832222]}},{"type":"Feature","properties":{"name":"Gijon","region_code":"20","source_name":"Natural Earth ports","source_url":"https://raw.githubusercontent.com/nvkelso/natural-earth-vector/master/geojson/ne_10m_ports.geojson","license":"public domain"},"geometry":{"type":"Point","coordinates":[-5.688634,43.558611]}},{"type":"Feature","properties":{"name":"San Sebastian","region_code":"20","source_name":"Natural Earth ports","source_url":"https://raw.githubusercontent.com/nvkelso/natural-earth-vector/master/geojson/ne_10m_ports.geojson","license":"public domain"},"geometry":{"type":"Point","coordinates":[-1.986867,43.322778]}},{"type":"Feature","properties":{"name":"Santander","region_code":"20","source_name":"Natural Earth ports","source_url":"https://raw.githubusercontent.com/nvkelso/natural-earth-vector/master/geojson/ne_10m_ports.geojson","license":"public domain"},"geometry":{"type":"Point","coordinates":[-3.804947,43.442222]}},{"type":"Feature","properties":{"name":"Tarragona","region_code":"20","source_name":"Natural Earth ports","source_url":"https://raw.githubusercontent.com/nvkelso/natural-earth-vector/master/geojson/ne_10m_ports.geojson","license":"public domain"},"geometry":{"type":"Point","coordinates":[1.2202,41.096111]}},{"type":"Feature","properties":{"name":"Oulu","region_code":"20","source_name":"Natural Earth ports","source_url":"https://raw.githubusercontent.com/nvkelso/natural-earth-vector/master/geojson/ne_10m_ports.geojson","license":"public domain"},"geometry":{"type":"Point","coordinates":[25.454594,65.015833]}},{"type":"Feature","properties":{"name":"Bayonne","region_code":"20","source_name":"Natural Earth ports","source_url":"https://raw.githubusercontent.com/nvkelso/natural-earth-vector/master/geojson/ne_10m_ports.geojson","license":"public domain"},"geometry":{"type":"Point","coordinates":[-1.493757,43.519722]}},{"type":"Feature","properties":{"name":"Boulogne-sur-Mer","region_code":"20","source_name":"Natural Earth ports","source_url":"https://raw.githubusercontent.com/nvkelso/natural-earth-vector/master/geojson/ne_10m_ports.geojson","license":"public domain"},"geometry":{"type":"Point","coordinates":[1.575501,50.723611]}},{"type":"Feature","properties":{"name":"Brest","region_code":"20","source_name":"Natural Earth ports","source_url":"https://raw.githubusercontent.com/nvkelso/natural-earth-vector/master/geojson/ne_10m_ports.geojson","license":"public domain"},"geometry":{"type":"Point","coordinates":[-4.471437,48.380556]}},{"type":"Feature","properties":{"name":"Cannes","region_code":"20","source_name":"Natural Earth ports","source_url":"https://raw.githubusercontent.com/nvkelso/natural-earth-vector/master/geojson/ne_10m_ports.geojson","license":"public domain"},"geometry":{"type":"Point","coordinates":[7.009187,43.548056]}},{"type":"Feature","properties":{"name":"Cherbourg","region_code":"20","source_name":"Natural Earth ports","source_url":"https://raw.githubusercontent.com/nvkelso/natural-earth-vector/master/geojson/ne_10m_ports.geojson","license":"public domain"},"geometry":{"type":"Point","coordinates":[-1.61755,49.652222]}},{"type":"Feature","properties":{"name":"Dieppe","region_code":"20","source_name":"Natural Earth ports","source_url":"https://raw.githubusercontent.com/nvkelso/natural-earth-vector/master/geojson/ne_10m_ports.geojson","license":"public domain"},"geometry":{"type":"Point","coordinates":[1.085984,49.926389]}},{"type":"Feature","properties":{"name":"Granville","region_code":"20","source_name":"Natural Earth ports","source_url":"https://raw.githubusercontent.com/nvkelso/natural-earth-vector/master/geojson/ne_10m_ports.geojson","license":"public domain"},"geometry":{"type":"Point","coordinates":[-1.60106,48.834722]}},{"type":"Feature","properties":{"name":"La Rochelle","region_code":"20","source_name":"Natural Earth ports","source_url":"https://raw.githubusercontent.com/nvkelso/natural-earth-vector/master/geojson/ne_10m_ports.geojson","license":"public domain"},"geometry":{"type":"Point","coordinates":[-1.157774,46.146667]}},{"type":"Feature","properties":{"name":"Lorient","region_code":"20","source_name":"Natural Earth ports","source_url":"https://raw.githubusercontent.com/nvkelso/natural-earth-vector/master/geojson/ne_10m_ports.geojson","license":"public domain"},"geometry":{"type":"Point","coordinates":[-3.35212,47.734167]}},{"type":"Feature","properties":{"name":"Morlaix","region_code":"20","source_name":"Natural Earth ports","source_url":"https://raw.githubusercontent.com/nvkelso/natural-earth-vector/master/geojson/ne_10m_ports.geojson","license":"public domain"},"geometry":{"type":"Point","coordinates":[-3.834923,48.585278]}},{"type":"Feature","properties":{"name":"Rochefort","region_code":"20","source_name":"Natural Earth ports","source_url":"https://raw.githubusercontent.com/nvkelso/natural-earth-vector/master/geojson/ne_10m_ports.geojson","license":"public domain"},"geometry":{"type":"Point","coordinates":[-0.953004,45.949167]}},{"type":"Feature","properties":{"name":"Toulon","region_code":"20","source_name":"Natural Earth ports","source_url":"https://raw.githubusercontent.com/nvkelso/natural-earth-vector/master/geojson/ne_10m_ports.geojson","license":"public domain"},"geometry":{"type":"Point","coordinates":[5.90477,43.110556]}},{"type":"Feature","properties":{"name":"Owendo","region_code":"20","source_name":"Natural Earth ports","source_url":"https://raw.githubusercontent.com/nvkelso/natural-earth-vector/master/geojson/ne_10m_ports.geojson","license":"public domain"},"geometry":{"type":"Point","coordinates":[9.500883,0.288333]}},{"type":"Feature","properties":{"name":"Aberdeen","region_code":"20","source_name":"Natural Earth ports","source_url":"https://raw.githubusercontent.com/nvkelso/natural-earth-vector/master/geojson/ne_10m_ports.geojson","license":"public domain"},"geometry":{"type":"Point","coordinates":[-2.074617,57.142222]}},{"type":"Feature","properties":{"name":"Liverpool","region_code":"20","source_name":"Natural Earth ports","source_url":"https://raw.githubusercontent.com/nvkelso/natural-earth-vector/master/geojson/ne_10m_ports.geojson","license":"public domain"},"geometry":{"type":"Point","coordinates":[-3.007244,53.436389]}},{"type":"Feature","properties":{"name":"Plymouth","region_code":"20","source_name":"Natural Earth ports","source_url":"https://raw.githubusercontent.com/nvkelso/natural-earth-vector/master/geojson/ne_10m_ports.geojson","license":"public domain"},"geometry":{"type":"Point","coordinates":[-4.154064,50.364722]}},{"type":"Feature","properties":{"name":"Portsmouth","region_code":"20","source_name":"Natural Earth ports","source_url":"https://raw.githubusercontent.com/nvkelso/natural-earth-vector/master/geojson/ne_10m_ports.geojson","license":"public domain"},"geometry":{"type":"Point","coordinates":[-1.1,50.8075]}},{"type":"Feature","properties":{"name":"Batumi","region_code":"20","source_name":"Natural Earth ports","source_url":"https://raw.githubusercontent.com/nvkelso/natural-earth-vector/master/geojson/ne_10m_ports.geojson","license":"public domain"},"geometry":{"type":"Point","coordinates":[41.65053,41.648889]}},{"type":"Feature","properties":{"name":"Kavala","region_code":"20","source_name":"Natural Earth ports","source_url":"https://raw.githubusercontent.com/nvkelso/natural-earth-vector/master/geojson/ne_10m_ports.geojson","license":"public domain"},"geometry":{"type":"Point","coordinates":[24.401943,40.931389]}},{"type":"Feature","properties":{"name":"Chios","region_code":"20","source_name":"Natural Earth ports","source_url":"https://raw.githubusercontent.com/nvkelso/natural-earth-vector/master/geojson/ne_10m_ports.geojson","license":"public domain"},"geometry":{"type":"Point","coordinates":[26.13775,38.377222]}},{"type":"Feature","properties":{"name":"Kalamata","region_code":"20","source_name":"Natural Earth ports","source_url":"https://raw.githubusercontent.com/nvkelso/natural-earth-vector/master/geojson/ne_10m_ports.geojson","license":"public domain"},"geometry":{"type":"Point","coordinates":[22.108127,37.022778]}},{"type":"Feature","properties":{"name":"Patras","region_code":"20","source_name":"Natural Earth ports","source_url":"https://raw.githubusercontent.com/nvkelso/natural-earth-vector/master/geojson/ne_10m_ports.geojson","license":"public domain"},"geometry":{"type":"Point","coordinates":[21.734923,38.254444]}},{"type":"Feature","properties":{"name":"Volos","region_code":"20","source_name":"Natural Earth ports","source_url":"https://raw.githubusercontent.com/nvkelso/natural-earth-vector/master/geojson/ne_10m_ports.geojson","license":"public domain"},"geometry":{"type":"Point","coordinates":[22.93669,39.352778]}},{"type":"Feature","properties":{"name":"Uummannaq","region_code":"20","source_name":"Natural Earth ports","source_url":"https://raw.githubusercontent.com/nvkelso/natural-earth-vector/master/geojson/ne_10m_ports.geojson","license":"public domain"},"geometry":{"type":"Point","coordinates":[-52.11914,70.674722]}},{"type":"Feature","properties":{"name":"Puerto Barrios","region_code":"20","source_name":"Natural Earth ports","source_url":"https://raw.githubusercontent.com/nvkelso/natural-earth-vector/master/geojson/ne_10m_ports.geojson","license":"public domain"},"geometry":{"type":"Point","coordinates":[-88.604064,15.728333]}},{"type":"Feature","properties":{"name":"Pula","region_code":"20","source_name":"Natural Earth ports","source_url":"https://raw.githubusercontent.com/nvkelso/natural-earth-vector/master/geojson/ne_10m_ports.geojson","license":"public domain"},"geometry":{"type":"Point","coordinates":[13.834747,44.871667]}},{"type":"Feature","properties":{"name":"Rijeka","region_code":"20","source_name":"Natural Earth ports","source_url":"https://raw.githubusercontent.com/nvkelso/natural-earth-vector/master/geojson/ne_10m_ports.geojson","license":"public domain"},"geometry":{"type":"Point","coordinates":[14.42232,45.3275]}},{"type":"Feature","properties":{"name":"Split","region_code":"20","source_name":"Natural Earth ports","source_url":"https://raw.githubusercontent.com/nvkelso/natural-earth-vector/master/geojson/ne_10m_ports.geojson","license":"public domain"},"geometry":{"type":"Point","coordinates":[16.425501,43.515]}},{"type":"Feature","properties":{"name":"Banjarmasin","region_code":"20","source_name":"Natural Earth ports","source_url":"https://raw.githubusercontent.com/nvkelso/natural-earth-vector/master/geojson/ne_10m_ports.geojson","license":"public domain"},"geometry":{"type":"Point","coordinates":[114.5553,-3.321944]}},{"type":"Feature","properties":{"name":"Tanjung Pandan","region_code":"20","source_name":"Natural Earth ports","source_url":"https://raw.githubusercontent.com/nvkelso/natural-earth-vector/master/geojson/ne_10m_ports.geojson","license":"public domain"},"geometry":{"type":"Point","coordinates":[107.627091,-2.75]}},{"type":"Feature","properties":{"name":"Port Blair","region_code":"20","source_name":"Natural Earth ports","source_url":"https://raw.githubusercontent.com/nvkelso/natural-earth-vector/master/geojson/ne_10m_ports.geojson","license":"public domain"},"geometry":{"type":"Point","coordinates":[92.72391,11.672222]}},{"type":"Feature","properties":{"name":"Kandla","region_code":"20","source_name":"Natural Earth ports","source_url":"https://raw.githubusercontent.com/nvkelso/natural-earth-vector/master/geojson/ne_10m_ports.geojson","license":"public domain"},"geometry":{"type":"Point","coordinates":[70.22232,23.013611]}},{"type":"Feature","properties":{"name":"Pondicherry","region_code":"20","source_name":"Natural Earth ports","source_url":"https://raw.githubusercontent.com/nvkelso/natural-earth-vector/master/geojson/ne_10m_ports.geojson","license":"public domain"},"geometry":{"type":"Point","coordinates":[79.82232,11.914167]}},{"type":"Feature","properties":{"name":"Cork","region_code":"20","source_name":"Natural Earth ports","source_url":"https://raw.githubusercontent.com/nvkelso/natural-earth-vector/master/geojson/ne_10m_ports.geojson","license":"public domain"},"geometry":{"type":"Point","coordinates":[-8.424441,51.901111]}},{"type":"Feature","properties":{"name":"Galway","region_code":"20","source_name":"Natural Earth ports","source_url":"https://raw.githubusercontent.com/nvkelso/natural-earth-vector/master/geojson/ne_10m_ports.geojson","license":"public domain"},"geometry":{"type":"Point","coordinates":[-9.043757,53.27]}},{"type":"Feature","properties":{"name":"Bushehr","region_code":"20","source_name":"Natural Earth ports","source_url":"https://raw.githubusercontent.com/nvkelso/natural-earth-vector/master/geojson/ne_10m_ports.geojson","license":"public domain"},"geometry":{"type":"Point","coordinates":[50.836867,28.984722]}},{"type":"Feature","properties":{"name":"Ancona","region_code":"20","source_name":"Natural Earth ports","source_url":"https://raw.githubusercontent.com/nvkelso/natural-earth-vector/master/geojson/ne_10m_ports.geojson","license":"public domain"},"geometry":{"type":"Point","coordinates":[13.492344,43.618333]}},{"type":"Feature","properties":{"name":"Bari","region_code":"20","source_name":"Natural Earth ports","source_url":"https://raw.githubusercontent.com/nvkelso/natural-earth-vector/master/geojson/ne_10m_ports.geojson","license":"public domain"},"geometry":{"type":"Point","coordinates":[16.8553,41.136944]}},{"type":"Feature","properties":{"name":"Cagliari","region_code":"20","source_name":"Natural Earth ports","source_url":"https://raw.githubusercontent.com/nvkelso/natural-earth-vector/master/geojson/ne_10m_ports.geojson","license":"public domain"},"geometry":{"type":"Point","coordinates":[9.107597,39.204167]}},{"type":"Feature","properties":{"name":"Olbia","region_code":"20","source_name":"Natural Earth ports","source_url":"https://raw.githubusercontent.com/nvkelso/natural-earth-vector/master/geojson/ne_10m_ports.geojson","license":"public domain"},"geometry":{"type":"Point","coordinates":[9.517903,40.922778]}},{"type":"Feature","properties":{"name":"Pescara","region_code":"20","source_name":"Natural Earth ports","source_url":"https://raw.githubusercontent.com/nvkelso/natural-earth-vector/master/geojson/ne_10m_ports.geojson","license":"public domain"},"geometry":{"type":"Point","coordinates":[14.223734,42.467778]}},{"type":"Feature","properties":{"name":"Reggio Calabria","region_code":"20","source_name":"Natural Earth ports","source_url":"https://raw.githubusercontent.com/nvkelso/natural-earth-vector/master/geojson/ne_10m_ports.geojson","license":"public domain"},"geometry":{"type":"Point","coordinates":[15.643757,38.124444]}},{"type":"Feature","properties":{"name":"Trapani","region_code":"20","source_name":"Natural Earth ports","source_url":"https://raw.githubusercontent.com/nvkelso/natural-earth-vector/master/geojson/ne_10m_ports.geojson","license":"public domain"},"geometry":{"type":"Point","coordinates":[12.503887,38.013611]}},{"type":"Feature","properties":{"name":"Aomori","region_code":"20","source_name":"Natural Earth ports","source_url":"https://raw.githubusercontent.com/nvkelso/natural-earth-vector/master/geojson/ne_10m_ports.geojson","license":"public domain"},"geometry":{"type":"Point","coordinates":[140.742874,40.831389]}},{"type":"Feature","properties":{"name":"Hakodate","region_code":"20","source_name":"Natural Earth ports","source_url":"https://raw.githubusercontent.com/nvkelso/natural-earth-vector/master/geojson/ne_10m_ports.geojson","license":"public domain"},"geometry":{"type":"Point","coordinates":[140.709011,41.787778]}},{"type":"Feature","properties":{"name":"Kagoshima","region_code":"20","source_name":"Natural Earth ports","source_url":"https://raw.githubusercontent.com/nvkelso/natural-earth-vector/master/geojson/ne_10m_ports.geojson","license":"public domain"},"geometry":{"type":"Point","coordinates":[130.568787,31.5925]}},{"type":"Feature","properties":{"name":"Kochi","region_code":"20","source_name":"Natural Earth ports","source_url":"https://raw.githubusercontent.com/nvkelso/natural-earth-vector/master/geojson/ne_10m_ports.geojson","license":"public domain"},"geometry":{"type":"Point","coordinates":[133.557067,33.524167]}},{"type":"Feature","properties":{"name":"Kushiro","region_code":"20","source_name":"Natural Earth ports","source_url":"https://raw.githubusercontent.com/nvkelso/natural-earth-vector/master/geojson/ne_10m_ports.geojson","license":"public domain"},"geometry":{"type":"Point","coordinates":[144.352297,42.988611]}},{"type":"Feature","properties":{"name":"Niihama","region_code":"20","source_name":"Natural Earth ports","source_url":"https://raw.githubusercontent.com/nvkelso/natural-earth-vector/master/geojson/ne_10m_ports.geojson","license":"public domain"},"geometry":{"type":"Point","coordinates":[133.259541,33.970833]}},{"type":"Feature","properties":{"name":"Oita","region_code":"20","source_name":"Natural Earth ports","source_url":"https://raw.githubusercontent.com/nvkelso/natural-earth-vector/master/geojson/ne_10m_ports.geojson","license":"public domain"},"geometry":{"type":"Point","coordinates":[131.676031,33.272222]}},{"type":"Feature","properties":{"name":"Shimonoseki","region_code":"20","source_name":"Natural Earth ports","source_url":"https://raw.githubusercontent.com/nvkelso/natural-earth-vector/master/geojson/ne_10m_ports.geojson","license":"public domain"},"geometry":{"type":"Point","coordinates":[130.90106,33.934444]}},{"type":"Feature","properties":{"name":"Tomakomai","region_code":"20","source_name":"Natural Earth ports","source_url":"https://raw.githubusercontent.com/nvkelso/natural-earth-vector/master/geojson/ne_10m_ports.geojson","license":"public domain"},"geometry":{"type":"Point","coordinates":[141.653357,42.6375]}},{"type":"Feature","properties":{"name":"Toyama","region_code":"20","source_name":"Natural Earth ports","source_url":"https://raw.githubusercontent.com/nvkelso/natural-earth-vector/master/geojson/ne_10m_ports.geojson","license":"public domain"},"geometry":{"type":"Point","coordinates":[137.222674,36.757222]}},{"type":"Feature","properties":{"name":"Ube","region_code":"20","source_name":"Natural Earth ports","source_url":"https://raw.githubusercontent.com/nvkelso/natural-earth-vector/master/geojson/ne_10m_ports.geojson","license":"public domain"},"geometry":{"type":"Point","coordinates":[131.23775,33.938333]}},{"type":"Feature","properties":{"name":"Malindi","region_code":"20","source_name":"Natural Earth ports","source_url":"https://raw.githubusercontent.com/nvkelso/natural-earth-vector/master/geojson/ne_10m_ports.geojson","license":"public domain"},"geometry":{"type":"Point","coordinates":[40.123027,-3.213611]}},{"type":"Feature","properties":{"name":"Trincomalee","region_code":"20","source_name":"Natural Earth ports","source_url":"https://raw.githubusercontent.com/nvkelso/natural-earth-vector/master/geojson/ne_10m_ports.geojson","license":"public domain"},"geometry":{"type":"Point","coordinates":[81.203887,8.558333]}},{"type":"Feature","properties":{"name":"Klaipeda","region_code":"20","source_name":"Natural Earth ports","source_url":"https://raw.githubusercontent.com/nvkelso/natural-earth-vector/master/geojson/ne_10m_ports.geojson","license":"public domain"},"geometry":{"type":"Point","coordinates":[21.134217,55.687222]}},{"type":"Feature","properties":{"name":"Safi","region_code":"20","source_name":"Natural Earth ports","source_url":"https://raw.githubusercontent.com/nvkelso/natural-earth-vector/master/geojson/ne_10m_ports.geojson","license":"public domain"},"geometry":{"type":"Point","coordinates":[-9.242697,32.3075]}},{"type":"Feature","properties":{"name":"Ensenada","region_code":"20","source_name":"Natural Earth ports","source_url":"https://raw.githubusercontent.com/nvkelso/natural-earth-vector/master/geojson/ne_10m_ports.geojson","license":"public domain"},"geometry":{"type":"Point","coordinates":[-116.62285,31.850833]}},{"type":"Feature","properties":{"name":"Guaymas","region_code":"20","source_name":"Natural Earth ports","source_url":"https://raw.githubusercontent.com/nvkelso/natural-earth-vector/master/geojson/ne_10m_ports.geojson","license":"public domain"},"geometry":{"type":"Point","coordinates":[-110.868787,27.919167]}},{"type":"Feature","properties":{"name":"Manzanillo","region_code":"20","source_name":"Natural Earth ports","source_url":"https://raw.githubusercontent.com/nvkelso/natural-earth-vector/master/geojson/ne_10m_ports.geojson","license":"public domain"},"geometry":{"type":"Point","coordinates":[-104.300883,19.070556]}},{"type":"Feature","properties":{"name":"Salina Cruz","region_code":"20","source_name":"Natural Earth ports","source_url":"https://raw.githubusercontent.com/nvkelso/natural-earth-vector/master/geojson/ne_10m_ports.geojson","license":"public domain"},"geometry":{"type":"Point","coordinates":[-95.201943,16.157222]}},{"type":"Feature","properties":{"name":"Saipan","region_code":"20","source_name":"Natural Earth ports","source_url":"https://raw.githubusercontent.com/nvkelso/natural-earth-vector/master/geojson/ne_10m_ports.geojson","license":"public domain"},"geometry":{"type":"Point","coordinates":[145.734923,15.225833]}},{"type":"Feature","properties":{"name":"Nouadhibou","region_code":"20","source_name":"Natural Earth ports","source_url":"https://raw.githubusercontent.com/nvkelso/natural-earth-vector/master/geojson/ne_10m_ports.geojson","license":"public domain"},"geometry":{"type":"Point","coordinates":[-17.041814,20.9075]}},{"type":"Feature","properties":{"name":"Luderitz","region_code":"20","source_name":"Natural Earth ports","source_url":"https://raw.githubusercontent.com/nvkelso/natural-earth-vector/master/geojson/ne_10m_ports.geojson","license":"public domain"},"geometry":{"type":"Point","coordinates":[15.15371,-26.637778]}},{"type":"Feature","properties":{"name":"Bluefields","region_code":"20","source_name":"Natural Earth ports","source_url":"https://raw.githubusercontent.com/nvkelso/natural-earth-vector/master/geojson/ne_10m_ports.geojson","license":"public domain"},"geometry":{"type":"Point","coordinates":[-83.75689,12.011944]}},{"type":"Feature","properties":{"name":"Alesund","region_code":"20","source_name":"Natural Earth ports","source_url":"https://raw.githubusercontent.com/nvkelso/natural-earth-vector/master/geojson/ne_10m_ports.geojson","license":"public domain"},"geometry":{"type":"Point","coordinates":[6.171614,62.4725]}},{"type":"Feature","properties":{"name":"Batsfjord","region_code":"20","source_name":"Natural Earth ports","source_url":"https://raw.githubusercontent.com/nvkelso/natural-earth-vector/master/geojson/ne_10m_ports.geojson","license":"public domain"},"geometry":{"type":"Point","coordinates":[29.717727,70.634167]}},{"type":"Feature","properties":{"name":"Bodo","region_code":"20","source_name":"Natural Earth ports","source_url":"https://raw.githubusercontent.com/nvkelso/natural-earth-vector/master/geojson/ne_10m_ports.geojson","license":"public domain"},"geometry":{"type":"Point","coordinates":[14.372674,67.288889]}},{"type":"Feature","properties":{"name":"Hammerfest","region_code":"20","source_name":"Natural Earth ports","source_url":"https://raw.githubusercontent.com/nvkelso/natural-earth-vector/master/geojson/ne_10m_ports.geojson","license":"public domain"},"geometry":{"type":"Point","coordinates":[23.671084,70.667222]}},{"type":"Feature","properties":{"name":"Haugesund","region_code":"20","source_name":"Natural Earth ports","source_url":"https://raw.githubusercontent.com/nvkelso/natural-earth-vector/master/geojson/ne_10m_ports.geojson","license":"public domain"},"geometry":{"type":"Point","coordinates":[5.255654,59.412222]}},{"type":"Feature","properties":{"name":"Kirkenes","region_code":"20","source_name":"Natural Earth ports","source_url":"https://raw.githubusercontent.com/nvkelso/natural-earth-vector/master/geojson/ne_10m_ports.geojson","license":"public domain"},"geometry":{"type":"Point","coordinates":[30.055654,69.728333]}},{"type":"Feature","properties":{"name":"Kristiansund","region_code":"20","source_name":"Natural Earth ports","source_url":"https://raw.githubusercontent.com/nvkelso/natural-earth-vector/master/geojson/ne_10m_ports.geojson","license":"public domain"},"geometry":{"type":"Point","coordinates":[7.733333,63.115]}},{"type":"Feature","properties":{"name":"Mo i Rana","region_code":"20","source_name":"Natural Earth ports","source_url":"https://raw.githubusercontent.com/nvkelso/natural-earth-vector/master/geojson/ne_10m_ports.geojson","license":"public domain"},"geometry":{"type":"Point","coordinates":[14.123734,66.315]}},{"type":"Feature","properties":{"name":"Molde","region_code":"20","source_name":"Natural Earth ports","source_url":"https://raw.githubusercontent.com/nvkelso/natural-earth-vector/master/geojson/ne_10m_ports.geojson","license":"public domain"},"geometry":{"type":"Point","coordinates":[7.15742,62.736389]}},{"type":"Feature","properties":{"name":"Mosjoen","region_code":"20","source_name":"Natural Earth ports","source_url":"https://raw.githubusercontent.com/nvkelso/natural-earth-vector/master/geojson/ne_10m_ports.geojson","license":"public domain"},"geometry":{"type":"Point","coordinates":[13.186867,65.851944]}},{"type":"Feature","properties":{"name":"Narvik","region_code":"20","source_name":"Natural Earth ports","source_url":"https://raw.githubusercontent.com/nvkelso/natural-earth-vector/master/geojson/ne_10m_ports.geojson","license":"public domain"},"geometry":{"type":"Point","coordinates":[17.41861,68.438611]}},{"type":"Feature","properties":{"name":"Stavanger","region_code":"20","source_name":"Natural Earth ports","source_url":"https://raw.githubusercontent.com/nvkelso/natural-earth-vector/master/geojson/ne_10m_ports.geojson","license":"public domain"},"geometry":{"type":"Point","coordinates":[5.73722,58.978889]}},{"type":"Feature","properties":{"name":"Vadso","region_code":"20","source_name":"Natural Earth ports","source_url":"https://raw.githubusercontent.com/nvkelso/natural-earth-vector/master/geojson/ne_10m_ports.geojson","license":"public domain"},"geometry":{"type":"Point","coordinates":[29.737574,70.071111]}},{"type":"Feature","properties":{"name":"Vardo","region_code":"20","source_name":"Natural Earth ports","source_url":"https://raw.githubusercontent.com/nvkelso/natural-earth-vector/master/geojson/ne_10m_ports.geojson","license":"public domain"},"geometry":{"type":"Point","coordinates":[31.103887,70.373333]}},{"type":"Feature","properties":{"name":"New Plymouth","region_code":"20","source_name":"Natural Earth ports","source_url":"https://raw.githubusercontent.com/nvkelso/natural-earth-vector/master/geojson/ne_10m_ports.geojson","license":"public domain"},"geometry":{"type":"Point","coordinates":[174.03775,-39.057222]}},{"type":"Feature","properties":{"name":"Gisborne","region_code":"20","source_name":"Natural Earth ports","source_url":"https://raw.githubusercontent.com/nvkelso/natural-earth-vector/master/geojson/ne_10m_ports.geojson","license":"public domain"},"geometry":{"type":"Point","coordinates":[178.022497,-38.6725]}},{"type":"Feature","properties":{"name":"Greymouth","region_code":"20","source_name":"Natural Earth ports","source_url":"https://raw.githubusercontent.com/nvkelso/natural-earth-vector/master/geojson/ne_10m_ports.geojson","license":"public domain"},"geometry":{"type":"Point","coordinates":[171.20053,-42.444722]}},{"type":"Feature","properties":{"name":"Napier","region_code":"20","source_name":"Natural Earth ports","source_url":"https://raw.githubusercontent.com/nvkelso/natural-earth-vector/master/geojson/ne_10m_ports.geojson","license":"public domain"},"geometry":{"type":"Point","coordinates":[176.91808,-39.475]}},{"type":"Feature","properties":{"name":"Tauranga","region_code":"20","source_name":"Natural Earth ports","source_url":"https://raw.githubusercontent.com/nvkelso/natural-earth-vector/master/geojson/ne_10m_ports.geojson","license":"public domain"},"geometry":{"type":"Point","coordinates":[176.174087,-37.659444]}},{"type":"Feature","properties":{"name":"Wanganui","region_code":"20","source_name":"Natural Earth ports","source_url":"https://raw.githubusercontent.com/nvkelso/natural-earth-vector/master/geojson/ne_10m_ports.geojson","license":"public domain"},"geometry":{"type":"Point","coordinates":[174.989517,-39.944167]}},{"type":"Feature","properties":{"name":"Westport","region_code":"20","source_name":"Natural Earth ports","source_url":"https://raw.githubusercontent.com/nvkelso/natural-earth-vector/master/geojson/ne_10m_ports.geojson","license":"public domain"},"geometry":{"type":"Point","coordinates":[171.591284,-41.750278]}},{"type":"Feature","properties":{"name":"Whangarei","region_code":"20","source_name":"Natural Earth ports","source_url":"https://raw.githubusercontent.com/nvkelso/natural-earth-vector/master/geojson/ne_10m_ports.geojson","license":"public domain"},"geometry":{"type":"Point","coordinates":[174.342697,-35.751111]}},{"type":"Feature","properties":{"name":"Timaru","region_code":"20","source_name":"Natural Earth ports","source_url":"https://raw.githubusercontent.com/nvkelso/natural-earth-vector/master/geojson/ne_10m_ports.geojson","license":"public domain"},"geometry":{"type":"Point","coordinates":[171.25424,-44.389167]}},{"type":"Feature","properties":{"name":"Talara","region_code":"20","source_name":"Natural Earth ports","source_url":"https://raw.githubusercontent.com/nvkelso/natural-earth-vector/master/geojson/ne_10m_ports.geojson","license":"public domain"},"geometry":{"type":"Point","coordinates":[-81.274617,-4.573056]}},{"type":"Feature","properties":{"name":"Masbate","region_code":"20","source_name":"Natural Earth ports","source_url":"https://raw.githubusercontent.com/nvkelso/natural-earth-vector/master/geojson/ne_10m_ports.geojson","license":"public domain"},"geometry":{"type":"Point","coordinates":[123.619847,12.368056]}},{"type":"Feature","properties":{"name":"Subic Bay","region_code":"20","source_name":"Natural Earth ports","source_url":"https://raw.githubusercontent.com/nvkelso/natural-earth-vector/master/geojson/ne_10m_ports.geojson","license":"public domain"},"geometry":{"type":"Point","coordinates":[120.274794,14.808333]}},{"type":"Feature","properties":{"name":"Alotau","region_code":"20","source_name":"Natural Earth ports","source_url":"https://raw.githubusercontent.com/nvkelso/natural-earth-vector/master/geojson/ne_10m_ports.geojson","license":"public domain"},"geometry":{"type":"Point","coordinates":[150.45106,-10.312778]}},{"type":"Feature","properties":{"name":"Kavieng","region_code":"20","source_name":"Natural Earth ports","source_url":"https://raw.githubusercontent.com/nvkelso/natural-earth-vector/master/geojson/ne_10m_ports.geojson","license":"public domain"},"geometry":{"type":"Point","coordinates":[150.78669,-2.584722]}},{"type":"Feature","properties":{"name":"Kieta","region_code":"20","source_name":"Natural Earth ports","source_url":"https://raw.githubusercontent.com/nvkelso/natural-earth-vector/master/geojson/ne_10m_ports.geojson","license":"public domain"},"geometry":{"type":"Point","coordinates":[155.626914,-6.215278]}},{"type":"Feature","properties":{"name":"Rabaul","region_code":"20","source_name":"Natural Earth ports","source_url":"https://raw.githubusercontent.com/nvkelso/natural-earth-vector/master/geojson/ne_10m_ports.geojson","license":"public domain"},"geometry":{"type":"Point","coordinates":[152.1851,-4.241111]}},{"type":"Feature","properties":{"name":"Vanimo","region_code":"20","source_name":"Natural Earth ports","source_url":"https://raw.githubusercontent.com/nvkelso/natural-earth-vector/master/geojson/ne_10m_ports.geojson","license":"public domain"},"geometry":{"type":"Point","coordinates":[141.292344,-2.683611]}},{"type":"Feature","properties":{"name":"Ponce","region_code":"20","source_name":"Natural Earth ports","source_url":"https://raw.githubusercontent.com/nvkelso/natural-earth-vector/master/geojson/ne_10m_ports.geojson","license":"public domain"},"geometry":{"type":"Point","coordinates":[-66.610247,17.968056]}},{"type":"Feature","properties":{"name":"Sines","region_code":"20","source_name":"Natural Earth ports","source_url":"https://raw.githubusercontent.com/nvkelso/natural-earth-vector/master/geojson/ne_10m_ports.geojson","license":"public domain"},"geometry":{"type":"Point","coordinates":[-8.86702,37.942778]}},{"type":"Feature","properties":{"name":"Horta","region_code":"20","source_name":"Natural Earth ports","source_url":"https://raw.githubusercontent.com/nvkelso/natural-earth-vector/master/geojson/ne_10m_ports.geojson","license":"public domain"},"geometry":{"type":"Point","coordinates":[-28.621967,38.53]}},{"type":"Feature","properties":{"name":"Arkhangelsk","region_code":"20","source_name":"Natural Earth ports","source_url":"https://raw.githubusercontent.com/nvkelso/natural-earth-vector/master/geojson/ne_10m_ports.geojson","license":"public domain"},"geometry":{"type":"Point","coordinates":[40.55636,64.5425]}},{"type":"Feature","properties":{"name":"Murmansk","region_code":"20","source_name":"Natural Earth ports","source_url":"https://raw.githubusercontent.com/nvkelso/natural-earth-vector/master/geojson/ne_10m_ports.geojson","license":"public domain"},"geometry":{"type":"Point","coordinates":[33.041461,68.9725]}},{"type":"Feature","properties":{"name":"Tiksi","region_code":"20","source_name":"Natural Earth ports","source_url":"https://raw.githubusercontent.com/nvkelso/natural-earth-vector/master/geojson/ne_10m_ports.geojson","license":"public domain"},"geometry":{"type":"Point","coordinates":[128.87285,71.643056]}},{"type":"Feature","properties":{"name":"Jizan","region_code":"20","source_name":"Natural Earth ports","source_url":"https://raw.githubusercontent.com/nvkelso/natural-earth-vector/master/geojson/ne_10m_ports.geojson","license":"public domain"},"geometry":{"type":"Point","coordinates":[42.535277,16.890278]}},{"type":"Feature","properties":{"name":"Berbera","region_code":"20","source_name":"Natural Earth ports","source_url":"https://raw.githubusercontent.com/nvkelso/natural-earth-vector/master/geojson/ne_10m_ports.geojson","license":"public domain"},"geometry":{"type":"Point","coordinates":[45,10.440833]}},{"type":"Feature","properties":{"name":"Nieuw Nickerie","region_code":"20","source_name":"Natural Earth ports","source_url":"https://raw.githubusercontent.com/nvkelso/natural-earth-vector/master/geojson/ne_10m_ports.geojson","license":"public domain"},"geometry":{"type":"Point","coordinates":[-57.001767,5.951667]}},{"type":"Feature","properties":{"name":"Malmo","region_code":"20","source_name":"Natural Earth ports","source_url":"https://raw.githubusercontent.com/nvkelso/natural-earth-vector/master/geojson/ne_10m_ports.geojson","license":"public domain"},"geometry":{"type":"Point","coordinates":[13.00159,55.625556]}},{"type":"Feature","properties":{"name":"Gavle","region_code":"20","source_name":"Natural Earth ports","source_url":"https://raw.githubusercontent.com/nvkelso/natural-earth-vector/master/geojson/ne_10m_ports.geojson","license":"public domain"},"geometry":{"type":"Point","coordinates":[17.192697,60.684444]}},{"type":"Feature","properties":{"name":"Halmstad","region_code":"20","source_name":"Natural Earth ports","source_url":"https://raw.githubusercontent.com/nvkelso/natural-earth-vector/master/geojson/ne_10m_ports.geojson","license":"public domain"},"geometry":{"type":"Point","coordinates":[12.85,56.655]}},{"type":"Feature","properties":{"name":"Helsingborg","region_code":"20","source_name":"Natural Earth ports","source_url":"https://raw.githubusercontent.com/nvkelso/natural-earth-vector/master/geojson/ne_10m_ports.geojson","license":"public domain"},"geometry":{"type":"Point","coordinates":[12.687574,56.033333]}},{"type":"Feature","properties":{"name":"Hudiksvall","region_code":"20","source_name":"Natural Earth ports","source_url":"https://raw.githubusercontent.com/nvkelso/natural-earth-vector/master/geojson/ne_10m_ports.geojson","license":"public domain"},"geometry":{"type":"Point","coordinates":[17.11861,61.721667]}},{"type":"Feature","properties":{"name":"Kalmar","region_code":"20","source_name":"Natural Earth ports","source_url":"https://raw.githubusercontent.com/nvkelso/natural-earth-vector/master/geojson/ne_10m_ports.geojson","license":"public domain"},"geometry":{"type":"Point","coordinates":[16.36914,56.659167]}},{"type":"Feature","properties":{"name":"Ornskoldsvik","region_code":"20","source_name":"Natural Earth ports","source_url":"https://raw.githubusercontent.com/nvkelso/natural-earth-vector/master/geojson/ne_10m_ports.geojson","license":"public domain"},"geometry":{"type":"Point","coordinates":[18.725854,63.276111]}},{"type":"Feature","properties":{"name":"Ronneby","region_code":"20","source_name":"Natural Earth ports","source_url":"https://raw.githubusercontent.com/nvkelso/natural-earth-vector/master/geojson/ne_10m_ports.geojson","license":"public domain"},"geometry":{"type":"Point","coordinates":[15.3,56.174722]}},{"type":"Feature","properties":{"name":"Soderhamn","region_code":"20","source_name":"Natural Earth ports","source_url":"https://raw.githubusercontent.com/nvkelso/natural-earth-vector/master/geojson/ne_10m_ports.geojson","license":"public domain"},"geometry":{"type":"Point","coordinates":[17.08934,61.308333]}},{"type":"Feature","properties":{"name":"Vastervik","region_code":"20","source_name":"Natural Earth ports","source_url":"https://raw.githubusercontent.com/nvkelso/natural-earth-vector/master/geojson/ne_10m_ports.geojson","license":"public domain"},"geometry":{"type":"Point","coordinates":[16.651943,57.755833]}},{"type":"Feature","properties":{"name":"Visby","region_code":"20","source_name":"Natural Earth ports","source_url":"https://raw.githubusercontent.com/nvkelso/natural-earth-vector/master/geojson/ne_10m_ports.geojson","license":"public domain"},"geometry":{"type":"Point","coordinates":[18.274617,57.635556]}},{"type":"Feature","properties":{"name":"Tekirdag","region_code":"20","source_name":"Natural Earth ports","source_url":"https://raw.githubusercontent.com/nvkelso/natural-earth-vector/master/geojson/ne_10m_ports.geojson","license":"public domain"},"geometry":{"type":"Point","coordinates":[27.507951,40.9675]}},{"type":"Feature","properties":{"name":"Tanga","region_code":"20","source_name":"Natural Earth ports","source_url":"https://raw.githubusercontent.com/nvkelso/natural-earth-vector/master/geojson/ne_10m_ports.geojson","license":"public domain"},"geometry":{"type":"Point","coordinates":[39.10318,-5.065556]}},{"type":"Feature","properties":{"name":"Kherson","region_code":"20","source_name":"Natural Earth ports","source_url":"https://raw.githubusercontent.com/nvkelso/natural-earth-vector/master/geojson/ne_10m_ports.geojson","license":"public domain"},"geometry":{"type":"Point","coordinates":[32.60742,46.618611]}},{"type":"Feature","properties":{"name":"Colonia","region_code":"20","source_name":"Natural Earth ports","source_url":"https://raw.githubusercontent.com/nvkelso/natural-earth-vector/master/geojson/ne_10m_ports.geojson","license":"public domain"},"geometry":{"type":"Point","coordinates":[-57.842167,-34.471667]}},{"type":"Feature","properties":{"name":"Cordova","region_code":"20","source_name":"Natural Earth ports","source_url":"https://raw.githubusercontent.com/nvkelso/natural-earth-vector/master/geojson/ne_10m_ports.geojson","license":"public domain"},"geometry":{"type":"Point","coordinates":[-145.75636,60.55]}},{"type":"Feature","properties":{"name":"Ketchikan","region_code":"20","source_name":"Natural Earth ports","source_url":"https://raw.githubusercontent.com/nvkelso/natural-earth-vector/master/geojson/ne_10m_ports.geojson","license":"public domain"},"geometry":{"type":"Point","coordinates":[-131.67126,55.346944]}},{"type":"Feature","properties":{"name":"Bangor","region_code":"20","source_name":"Natural Earth ports","source_url":"https://raw.githubusercontent.com/nvkelso/natural-earth-vector/master/geojson/ne_10m_ports.geojson","license":"public domain"},"geometry":{"type":"Point","coordinates":[-68.769847,44.791944]}},{"type":"Feature","properties":{"name":"Stockton","region_code":"20","source_name":"Natural Earth ports","source_url":"https://raw.githubusercontent.com/nvkelso/natural-earth-vector/master/geojson/ne_10m_ports.geojson","license":"public domain"},"geometry":{"type":"Point","coordinates":[-121.323027,37.950556]}},{"type":"Feature","properties":{"name":"Bridgeport","region_code":"20","source_name":"Natural Earth ports","source_url":"https://raw.githubusercontent.com/nvkelso/natural-earth-vector/master/geojson/ne_10m_ports.geojson","license":"public domain"},"geometry":{"type":"Point","coordinates":[-73.176384,41.1725]}},{"type":"Feature","properties":{"name":"New Haven","region_code":"20","source_name":"Natural Earth ports","source_url":"https://raw.githubusercontent.com/nvkelso/natural-earth-vector/master/geojson/ne_10m_ports.geojson","license":"public domain"},"geometry":{"type":"Point","coordinates":[-72.909541,41.286389]}},{"type":"Feature","properties":{"name":"Port Everglades","region_code":"20","source_name":"Natural Earth ports","source_url":"https://raw.githubusercontent.com/nvkelso/natural-earth-vector/master/geojson/ne_10m_ports.geojson","license":"public domain"},"geometry":{"type":"Point","coordinates":[-80.108657,26.084444]}},{"type":"Feature","properties":{"name":"Savannah","region_code":"20","source_name":"Natural Earth ports","source_url":"https://raw.githubusercontent.com/nvkelso/natural-earth-vector/master/geojson/ne_10m_ports.geojson","license":"public domain"},"geometry":{"type":"Point","coordinates":[-81.122497,32.110833]}},{"type":"Feature","properties":{"name":"Portland","region_code":"20","source_name":"Natural Earth ports","source_url":"https://raw.githubusercontent.com/nvkelso/natural-earth-vector/master/geojson/ne_10m_ports.geojson","license":"public domain"},"geometry":{"type":"Point","coordinates":[-70.239517,43.653333]}},{"type":"Feature","properties":{"name":"Gulfport","region_code":"20","source_name":"Natural Earth ports","source_url":"https://raw.githubusercontent.com/nvkelso/natural-earth-vector/master/geojson/ne_10m_ports.geojson","license":"public domain"},"geometry":{"type":"Point","coordinates":[-89.088457,30.358611]}},{"type":"Feature","properties":{"name":"Portsmouth","region_code":"20","source_name":"Natural Earth ports","source_url":"https://raw.githubusercontent.com/nvkelso/natural-earth-vector/master/geojson/ne_10m_ports.geojson","license":"public domain"},"geometry":{"type":"Point","coordinates":[-70.76861,43.0875]}},{"type":"Feature","properties":{"name":"Newark","region_code":"20","source_name":"Natural Earth ports","source_url":"https://raw.githubusercontent.com/nvkelso/natural-earth-vector/master/geojson/ne_10m_ports.geojson","license":"public domain"},"geometry":{"type":"Point","coordinates":[-74.13722,40.7]}},{"type":"Feature","properties":{"name":"Astoria","region_code":"20","source_name":"Natural Earth ports","source_url":"https://raw.githubusercontent.com/nvkelso/natural-earth-vector/master/geojson/ne_10m_ports.geojson","license":"public domain"},"geometry":{"type":"Point","coordinates":[-123.826207,46.189444]}},{"type":"Feature","properties":{"name":"Port Everglades","region_code":"20","source_name":"Natural Earth ports","source_url":"https://raw.githubusercontent.com/nvkelso/natural-earth-vector/master/geojson/ne_10m_ports.geojson","license":"public domain"},"geometry":{"type":"Point","coordinates":[-80.108657,26.084444]}},{"type":"Feature","properties":{"name":"Corpus Christi","region_code":"20","source_name":"Natural Earth ports","source_url":"https://raw.githubusercontent.com/nvkelso/natural-earth-vector/master/geojson/ne_10m_ports.geojson","license":"public domain"},"geometry":{"type":"Point","coordinates":[-97.404594,27.812778]}},{"type":"Feature","properties":{"name":"Pascagoula","region_code":"20","source_name":"Natural Earth ports","source_url":"https://raw.githubusercontent.com/nvkelso/natural-earth-vector/master/geojson/ne_10m_ports.geojson","license":"public domain"},"geometry":{"type":"Point","coordinates":[-88.53722,30.351389]}},{"type":"Feature","properties":{"name":"Tacoma","region_code":"20","source_name":"Natural Earth ports","source_url":"https://raw.githubusercontent.com/nvkelso/natural-earth-vector/master/geojson/ne_10m_ports.geojson","license":"public domain"},"geometry":{"type":"Point","coordinates":[-122.40424,47.267222]}},{"type":"Feature","properties":{"name":"Beaumont","region_code":"20","source_name":"Natural Earth ports","source_url":"https://raw.githubusercontent.com/nvkelso/natural-earth-vector/master/geojson/ne_10m_ports.geojson","license":"public domain"},"geometry":{"type":"Point","coordinates":[-94.084217,30.077778]}},{"type":"Feature","properties":{"name":"Olympia","region_code":"20","source_name":"Natural Earth ports","source_url":"https://raw.githubusercontent.com/nvkelso/natural-earth-vector/master/geojson/ne_10m_ports.geojson","license":"public domain"},"geometry":{"type":"Point","coordinates":[-122.900707,47.053333]}},{"type":"Feature","properties":{"name":"Port Angeles","region_code":"20","source_name":"Natural Earth ports","source_url":"https://raw.githubusercontent.com/nvkelso/natural-earth-vector/master/geojson/ne_10m_ports.geojson","license":"public domain"},"geometry":{"type":"Point","coordinates":[-123.4351,48.130833]}},{"type":"Feature","properties":{"name":"Port Townsend","region_code":"20","source_name":"Natural Earth ports","source_url":"https://raw.githubusercontent.com/nvkelso/natural-earth-vector/master/geojson/ne_10m_ports.geojson","license":"public domain"},"geometry":{"type":"Point","coordinates":[-122.75318,48.114444]}},{"type":"Feature","properties":{"name":"Puerto Cabello","region_code":"20","source_name":"Natural Earth ports","source_url":"https://raw.githubusercontent.com/nvkelso/natural-earth-vector/master/geojson/ne_10m_ports.geojson","license":"public domain"},"geometry":{"type":"Point","coordinates":[-67.993051,10.477222]}},{"type":"Feature","properties":{"name":"Mukalla","region_code":"20","source_name":"Natural Earth ports","source_url":"https://raw.githubusercontent.com/nvkelso/natural-earth-vector/master/geojson/ne_10m_ports.geojson","license":"public domain"},"geometry":{"type":"Point","coordinates":[49.143757,14.522222]}},{"type":"Feature","properties":{"name":"East London","region_code":"20","source_name":"Natural Earth ports","source_url":"https://raw.githubusercontent.com/nvkelso/natural-earth-vector/master/geojson/ne_10m_ports.geojson","license":"public domain"},"geometry":{"type":"Point","coordinates":[27.90477,-33.025278]}},{"type":"Feature","properties":{"name":"Mossel Bay","region_code":"20","source_name":"Natural Earth ports","source_url":"https://raw.githubusercontent.com/nvkelso/natural-earth-vector/master/geojson/ne_10m_ports.geojson","license":"public domain"},"geometry":{"type":"Point","coordinates":[21.418257,-34.375278]}},{"type":"Feature","properties":{"name":"Richards Bay","region_code":"20","source_name":"Natural Earth ports","source_url":"https://raw.githubusercontent.com/nvkelso/natural-earth-vector/master/geojson/ne_10m_ports.geojson","license":"public domain"},"geometry":{"type":"Point","coordinates":[32.056184,-28.804722]}},{"type":"Feature","properties":{"name":"Erie","region_code":"20","source_name":"Natural Earth ports","source_url":"https://raw.githubusercontent.com/nvkelso/natural-earth-vector/master/geojson/ne_10m_ports.geojson","license":"public domain"},"geometry":{"type":"Point","coordinates":[-80.1,42.15]}},{"type":"Feature","properties":{"name":"Bay City","region_code":"20","source_name":"Natural Earth ports","source_url":"https://raw.githubusercontent.com/nvkelso/natural-earth-vector/master/geojson/ne_10m_ports.geojson","license":"public domain"},"geometry":{"type":"Point","coordinates":[-83.86,43.6]}},{"type":"Feature","properties":{"name":"Milwaukee","region_code":"20","source_name":"Natural Earth ports","source_url":"https://raw.githubusercontent.com/nvkelso/natural-earth-vector/master/geojson/ne_10m_ports.geojson","license":"public domain"},"geometry":{"type":"Point","coordinates":[-87.88,43.03]}},{"type":"Feature","properties":{"name":"Coos Bay","region_code":"20","source_name":"Natural Earth ports","source_url":"https://raw.githubusercontent.com/nvkelso/natural-earth-vector/master/geojson/ne_10m_ports.geojson","license":"public domain"},"geometry":{"type":"Point","coordinates":[-124.21,43.36]}},{"type":"Feature","properties":{"name":"Sitka","region_code":"20","source_name":"Natural Earth ports","source_url":"https://raw.githubusercontent.com/nvkelso/natural-earth-vector/master/geojson/ne_10m_ports.geojson","license":"public domain"},"geometry":{"type":"Point","coordinates":[-135.33,57.05]}},{"type":"Feature","properties":{"name":"Kodiak","region_code":"20","source_name":"Natural Earth ports","source_url":"https://raw.githubusercontent.com/nvkelso/natural-earth-vector/master/geojson/ne_10m_ports.geojson","license":"public domain"},"geometry":{"type":"Point","coordinates":[-152.4,57.78]}},{"type":"Feature","properties":{"name":"Lobito","region_code":"30","source_name":"Natural Earth ports","source_url":"https://raw.githubusercontent.com/nvkelso/natural-earth-vector/master/geojson/ne_10m_ports.geojson","license":"public domain"},"geometry":{"type":"Point","coordinates":[13.569317,-12.336944]}},{"type":"Feature","properties":{"name":"Abu Dhabi","region_code":"30","source_name":"Natural Earth ports","source_url":"https://raw.githubusercontent.com/nvkelso/natural-earth-vector/master/geojson/ne_10m_ports.geojson","license":"public domain"},"geometry":{"type":"Point","coordinates":[54.372674,24.525]}},{"type":"Feature","properties":{"name":"Comodoro Rivadavia","region_code":"30","source_name":"Natural Earth ports","source_url":"https://raw.githubusercontent.com/nvkelso/natural-earth-vector/master/geojson/ne_10m_ports.geojson","license":"public domain"},"geometry":{"type":"Point","coordinates":[-67.459894,-45.855833]}},{"type":"Feature","properties":{"name":"Mar del Plata","region_code":"30","source_name":"Natural Earth ports","source_url":"https://raw.githubusercontent.com/nvkelso/natural-earth-vector/master/geojson/ne_10m_ports.geojson","license":"public domain"},"geometry":{"type":"Point","coordinates":[-57.533333,-38.042778]}},{"type":"Feature","properties":{"name":"Cairns","region_code":"30","source_name":"Natural Earth ports","source_url":"https://raw.githubusercontent.com/nvkelso/natural-earth-vector/master/geojson/ne_10m_ports.geojson","license":"public domain"},"geometry":{"type":"Point","coordinates":[145.775501,-16.929722]}},{"type":"Feature","properties":{"name":"Broome","region_code":"30","source_name":"Natural Earth ports","source_url":"https://raw.githubusercontent.com/nvkelso/natural-earth-vector/master/geojson/ne_10m_ports.geojson","license":"public domain"},"geometry":{"type":"Point","coordinates":[122.209187,-18.0025]}},{"type":"Feature","properties":{"name":"Devonport","region_code":"30","source_name":"Natural Earth ports","source_url":"https://raw.githubusercontent.com/nvkelso/natural-earth-vector/master/geojson/ne_10m_ports.geojson","license":"public domain"},"geometry":{"type":"Point","coordinates":[146.36755,-41.167778]}},{"type":"Feature","properties":{"name":"Hobart","region_code":"30","source_name":"Natural Earth ports","source_url":"https://raw.githubusercontent.com/nvkelso/natural-earth-vector/master/geojson/ne_10m_ports.geojson","license":"public domain"},"geometry":{"type":"Point","coordinates":[147.335807,-42.880278]}},{"type":"Feature","properties":{"name":"Antwerpen","region_code":"30","source_name":"Natural Earth ports","source_url":"https://raw.githubusercontent.com/nvkelso/natural-earth-vector/master/geojson/ne_10m_ports.geojson","license":"public domain"},"geometry":{"type":"Point","coordinates":[4.293757,51.297778]}},{"type":"Feature","properties":{"name":"Varna","region_code":"30","source_name":"Natural Earth ports","source_url":"https://raw.githubusercontent.com/nvkelso/natural-earth-vector/master/geojson/ne_10m_ports.geojson","license":"public domain"},"geometry":{"type":"Point","coordinates":[27.888634,43.194444]}},{"type":"Feature","properties":{"name":"Belize City","region_code":"30","source_name":"Natural Earth ports","source_url":"https://raw.githubusercontent.com/nvkelso/natural-earth-vector/master/geojson/ne_10m_ports.geojson","license":"public domain"},"geometry":{"type":"Point","coordinates":[-88.201943,17.479722]}},{"type":"Feature","properties":{"name":"Hamilton","region_code":"30","source_name":"Natural Earth ports","source_url":"https://raw.githubusercontent.com/nvkelso/natural-earth-vector/master/geojson/ne_10m_ports.geojson","license":"public domain"},"geometry":{"type":"Point","coordinates":[-64.776384,32.291111]}},{"type":"Feature","properties":{"name":"Belem","region_code":"30","source_name":"Natural Earth ports","source_url":"https://raw.githubusercontent.com/nvkelso/natural-earth-vector/master/geojson/ne_10m_ports.geojson","license":"public domain"},"geometry":{"type":"Point","coordinates":[-48.484747,-1.451667]}},{"type":"Feature","properties":{"name":"Paranagua","region_code":"30","source_name":"Natural Earth ports","source_url":"https://raw.githubusercontent.com/nvkelso/natural-earth-vector/master/geojson/ne_10m_ports.geojson","license":"public domain"},"geometry":{"type":"Point","coordinates":[-48.51914,-25.500833]}},{"type":"Feature","properties":{"name":"Porto Alegre","region_code":"30","source_name":"Natural Earth ports","source_url":"https://raw.githubusercontent.com/nvkelso/natural-earth-vector/master/geojson/ne_10m_ports.geojson","license":"public domain"},"geometry":{"type":"Point","coordinates":[-51.224087,-30.0175]}},{"type":"Feature","properties":{"name":"Recife","region_code":"30","source_name":"Natural Earth ports","source_url":"https://raw.githubusercontent.com/nvkelso/natural-earth-vector/master/geojson/ne_10m_ports.geojson","license":"public domain"},"geometry":{"type":"Point","coordinates":[-34.868963,-8.053611]}},{"type":"Feature","properties":{"name":"Salvador","region_code":"30","source_name":"Natural Earth ports","source_url":"https://raw.githubusercontent.com/nvkelso/natural-earth-vector/master/geojson/ne_10m_ports.geojson","license":"public domain"},"geometry":{"type":"Point","coordinates":[-38.50477,-12.958611]}},{"type":"Feature","properties":{"name":"Santos","region_code":"30","source_name":"Natural Earth ports","source_url":"https://raw.githubusercontent.com/nvkelso/natural-earth-vector/master/geojson/ne_10m_ports.geojson","license":"public domain"},"geometry":{"type":"Point","coordinates":[-46.30053,-23.968889]}},{"type":"Feature","properties":{"name":"Charlottetown","region_code":"30","source_name":"Natural Earth ports","source_url":"https://raw.githubusercontent.com/nvkelso/natural-earth-vector/master/geojson/ne_10m_ports.geojson","license":"public domain"},"geometry":{"type":"Point","coordinates":[-63.118963,46.231667]}},{"type":"Feature","properties":{"name":"Halifax","region_code":"30","source_name":"Natural Earth ports","source_url":"https://raw.githubusercontent.com/nvkelso/natural-earth-vector/master/geojson/ne_10m_ports.geojson","license":"public domain"},"geometry":{"type":"Point","coordinates":[-63.574441,44.656944]}},{"type":"Feature","properties":{"name":"Nanaimo","region_code":"30","source_name":"Natural Earth ports","source_url":"https://raw.githubusercontent.com/nvkelso/natural-earth-vector/master/geojson/ne_10m_ports.geojson","license":"public domain"},"geometry":{"type":"Point","coordinates":[-123.926384,49.169444]}},{"type":"Feature","properties":{"name":"Quebec","region_code":"30","source_name":"Natural Earth ports","source_url":"https://raw.githubusercontent.com/nvkelso/natural-earth-vector/master/geojson/ne_10m_ports.geojson","license":"public domain"},"geometry":{"type":"Point","coordinates":[-71.209011,46.805833]}},{"type":"Feature","properties":{"name":"Victoria","region_code":"30","source_name":"Natural Earth ports","source_url":"https://raw.githubusercontent.com/nvkelso/natural-earth-vector/master/geojson/ne_10m_ports.geojson","license":"public domain"},"geometry":{"type":"Point","coordinates":[-123.406537,48.431111]}},{"type":"Feature","properties":{"name":"Prince Rupert","region_code":"30","source_name":"Natural Earth ports","source_url":"https://raw.githubusercontent.com/nvkelso/natural-earth-vector/master/geojson/ne_10m_ports.geojson","license":"public domain"},"geometry":{"type":"Point","coordinates":[-130.337044,54.309722]}},{"type":"Feature","properties":{"name":"Saint-John","region_code":"30","source_name":"Natural Earth ports","source_url":"https://raw.githubusercontent.com/nvkelso/natural-earth-vector/master/geojson/ne_10m_ports.geojson","license":"public domain"},"geometry":{"type":"Point","coordinates":[-66.059894,45.267778]}},{"type":"Feature","properties":{"name":"Antofagasta","region_code":"30","source_name":"Natural Earth ports","source_url":"https://raw.githubusercontent.com/nvkelso/natural-earth-vector/master/geojson/ne_10m_ports.geojson","license":"public domain"},"geometry":{"type":"Point","coordinates":[-70.40371,-23.650278]}},{"type":"Feature","properties":{"name":"Iquique","region_code":"30","source_name":"Natural Earth ports","source_url":"https://raw.githubusercontent.com/nvkelso/natural-earth-vector/master/geojson/ne_10m_ports.geojson","license":"public domain"},"geometry":{"type":"Point","coordinates":[-70.151767,-20.202778]}},{"type":"Feature","properties":{"name":"Puerto Montt","region_code":"30","source_name":"Natural Earth ports","source_url":"https://raw.githubusercontent.com/nvkelso/natural-earth-vector/master/geojson/ne_10m_ports.geojson","license":"public domain"},"geometry":{"type":"Point","coordinates":[-72.954417,-41.483611]}},{"type":"Feature","properties":{"name":"Haikou","region_code":"30","source_name":"Natural Earth ports","source_url":"https://raw.githubusercontent.com/nvkelso/natural-earth-vector/master/geojson/ne_10m_ports.geojson","license":"public domain"},"geometry":{"type":"Point","coordinates":[110.274971,20.027778]}},{"type":"Feature","properties":{"name":"Ningbo","region_code":"30","source_name":"Natural Earth ports","source_url":"https://raw.githubusercontent.com/nvkelso/natural-earth-vector/master/geojson/ne_10m_ports.geojson","license":"public domain"},"geometry":{"type":"Point","coordinates":[121.553357,29.866667]}},{"type":"Feature","properties":{"name":"Xiamen","region_code":"30","source_name":"Natural Earth ports","source_url":"https://raw.githubusercontent.com/nvkelso/natural-earth-vector/master/geojson/ne_10m_ports.geojson","license":"public domain"},"geometry":{"type":"Point","coordinates":[118.020024,24.45]}},{"type":"Feature","properties":{"name":"Abidjan","region_code":"30","source_name":"Natural Earth ports","source_url":"https://raw.githubusercontent.com/nvkelso/natural-earth-vector/master/geojson/ne_10m_ports.geojson","license":"public domain"},"geometry":{"type":"Point","coordinates":[-3.966667,5.233056]}},{"type":"Feature","properties":{"name":"Douala","region_code":"30","source_name":"Natural Earth ports","source_url":"https://raw.githubusercontent.com/nvkelso/natural-earth-vector/master/geojson/ne_10m_ports.geojson","license":"public domain"},"geometry":{"type":"Point","coordinates":[9.68563,4.055]}},{"type":"Feature","properties":{"name":"Pointe Noire","region_code":"30","source_name":"Natural Earth ports","source_url":"https://raw.githubusercontent.com/nvkelso/natural-earth-vector/master/geojson/ne_10m_ports.geojson","license":"public domain"},"geometry":{"type":"Point","coordinates":[11.826914,-4.784444]}},{"type":"Feature","properties":{"name":"Barranquilla","region_code":"30","source_name":"Natural Earth ports","source_url":"https://raw.githubusercontent.com/nvkelso/natural-earth-vector/master/geojson/ne_10m_ports.geojson","license":"public domain"},"geometry":{"type":"Point","coordinates":[-74.756184,10.967222]}},{"type":"Feature","properties":{"name":"Moroni","region_code":"30","source_name":"Natural Earth ports","source_url":"https://raw.githubusercontent.com/nvkelso/natural-earth-vector/master/geojson/ne_10m_ports.geojson","license":"public domain"},"geometry":{"type":"Point","coordinates":[43.243227,-11.701389]}},{"type":"Feature","properties":{"name":"Mariel","region_code":"30","source_name":"Natural Earth ports","source_url":"https://raw.githubusercontent.com/nvkelso/natural-earth-vector/master/geojson/ne_10m_ports.geojson","license":"public domain"},"geometry":{"type":"Point","coordinates":[-82.756007,23.006389]}},{"type":"Feature","properties":{"name":"Larnaca","region_code":"30","source_name":"Natural Earth ports","source_url":"https://raw.githubusercontent.com/nvkelso/natural-earth-vector/master/geojson/ne_10m_ports.geojson","license":"public domain"},"geometry":{"type":"Point","coordinates":[33.63934,34.924167]}},{"type":"Feature","properties":{"name":"Limassol","region_code":"30","source_name":"Natural Earth ports","source_url":"https://raw.githubusercontent.com/nvkelso/natural-earth-vector/master/geojson/ne_10m_ports.geojson","license":"public domain"},"geometry":{"type":"Point","coordinates":[33.017727,34.65]}},{"type":"Feature","properties":{"name":"Bremen","region_code":"30","source_name":"Natural Earth ports","source_url":"https://raw.githubusercontent.com/nvkelso/natural-earth-vector/master/geojson/ne_10m_ports.geojson","license":"public domain"},"geometry":{"type":"Point","coordinates":[8.75106,53.0975]}},{"type":"Feature","properties":{"name":"Hamburg","region_code":"30","source_name":"Natural Earth ports","source_url":"https://raw.githubusercontent.com/nvkelso/natural-earth-vector/master/geojson/ne_10m_ports.geojson","license":"public domain"},"geometry":{"type":"Point","coordinates":[9.958481,53.524722]}},{"type":"Feature","properties":{"name":"Djibouti","region_code":"30","source_name":"Natural Earth ports","source_url":"https://raw.githubusercontent.com/nvkelso/natural-earth-vector/master/geojson/ne_10m_ports.geojson","license":"public domain"},"geometry":{"type":"Point","coordinates":[43.13563,11.601944]}},{"type":"Feature","properties":{"name":"Aalborg","region_code":"30","source_name":"Natural Earth ports","source_url":"https://raw.githubusercontent.com/nvkelso/natural-earth-vector/master/geojson/ne_10m_ports.geojson","license":"public domain"},"geometry":{"type":"Point","coordinates":[10.0053,57.061111]}},{"type":"Feature","properties":{"name":"Fredericia","region_code":"30","source_name":"Natural Earth ports","source_url":"https://raw.githubusercontent.com/nvkelso/natural-earth-vector/master/geojson/ne_10m_ports.geojson","license":"public domain"},"geometry":{"type":"Point","coordinates":[9.740577,55.558056]}},{"type":"Feature","properties":{"name":"Alicante","region_code":"30","source_name":"Natural Earth ports","source_url":"https://raw.githubusercontent.com/nvkelso/natural-earth-vector/master/geojson/ne_10m_ports.geojson","license":"public domain"},"geometry":{"type":"Point","coordinates":[-0.48828,38.335278]}},{"type":"Feature","properties":{"name":"Bilbao","region_code":"30","source_name":"Natural Earth ports","source_url":"https://raw.githubusercontent.com/nvkelso/natural-earth-vector/master/geojson/ne_10m_ports.geojson","license":"public domain"},"geometry":{"type":"Point","coordinates":[-3.026914,43.3425]}},{"type":"Feature","properties":{"name":"Valencia","region_code":"30","source_name":"Natural Earth ports","source_url":"https://raw.githubusercontent.com/nvkelso/natural-earth-vector/master/geojson/ne_10m_ports.geojson","license":"public domain"},"geometry":{"type":"Point","coordinates":[-0.318433,39.444167]}},{"type":"Feature","properties":{"name":"Fox Bay","region_code":"30","source_name":"Natural Earth ports","source_url":"https://raw.githubusercontent.com/nvkelso/natural-earth-vector/master/geojson/ne_10m_ports.geojson","license":"public domain"},"geometry":{"type":"Point","coordinates":[-60.07073,-51.955556]}},{"type":"Feature","properties":{"name":"Ajaccio","region_code":"30","source_name":"Natural Earth ports","source_url":"https://raw.githubusercontent.com/nvkelso/natural-earth-vector/master/geojson/ne_10m_ports.geojson","license":"public domain"},"geometry":{"type":"Point","coordinates":[8.73881,41.92]}},{"type":"Feature","properties":{"name":"Bastia","region_code":"30","source_name":"Natural Earth ports","source_url":"https://raw.githubusercontent.com/nvkelso/natural-earth-vector/master/geojson/ne_10m_ports.geojson","license":"public domain"},"geometry":{"type":"Point","coordinates":[9.451943,42.7]}},{"type":"Feature","properties":{"name":"Bordeaux","region_code":"30","source_name":"Natural Earth ports","source_url":"https://raw.githubusercontent.com/nvkelso/natural-earth-vector/master/geojson/ne_10m_ports.geojson","license":"public domain"},"geometry":{"type":"Point","coordinates":[-0.55318,44.865278]}},{"type":"Feature","properties":{"name":"Calais","region_code":"30","source_name":"Natural Earth ports","source_url":"https://raw.githubusercontent.com/nvkelso/natural-earth-vector/master/geojson/ne_10m_ports.geojson","license":"public domain"},"geometry":{"type":"Point","coordinates":[1.850177,50.965833]}},{"type":"Feature","properties":{"name":"Dunkerque","region_code":"30","source_name":"Natural Earth ports","source_url":"https://raw.githubusercontent.com/nvkelso/natural-earth-vector/master/geojson/ne_10m_ports.geojson","license":"public domain"},"geometry":{"type":"Point","coordinates":[2.170907,51.021667]}},{"type":"Feature","properties":{"name":"Honfleur","region_code":"30","source_name":"Natural Earth ports","source_url":"https://raw.githubusercontent.com/nvkelso/natural-earth-vector/master/geojson/ne_10m_ports.geojson","license":"public domain"},"geometry":{"type":"Point","coordinates":[0.2351,49.422222]}},{"type":"Feature","properties":{"name":"Libreville","region_code":"30","source_name":"Natural Earth ports","source_url":"https://raw.githubusercontent.com/nvkelso/natural-earth-vector/master/geojson/ne_10m_ports.geojson","license":"public domain"},"geometry":{"type":"Point","coordinates":[9.433687,0.400833]}},{"type":"Feature","properties":{"name":"Port Gentil","region_code":"30","source_name":"Natural Earth ports","source_url":"https://raw.githubusercontent.com/nvkelso/natural-earth-vector/master/geojson/ne_10m_ports.geojson","license":"public domain"},"geometry":{"type":"Point","coordinates":[8.785277,-0.711944]}},{"type":"Feature","properties":{"name":"Belfast","region_code":"30","source_name":"Natural Earth ports","source_url":"https://raw.githubusercontent.com/nvkelso/natural-earth-vector/master/geojson/ne_10m_ports.geojson","license":"public domain"},"geometry":{"type":"Point","coordinates":[-5.891107,54.620556]}},{"type":"Feature","properties":{"name":"Dover","region_code":"30","source_name":"Natural Earth ports","source_url":"https://raw.githubusercontent.com/nvkelso/natural-earth-vector/master/geojson/ne_10m_ports.geojson","license":"public domain"},"geometry":{"type":"Point","coordinates":[1.322144,51.120833]}},{"type":"Feature","properties":{"name":"Inverness","region_code":"30","source_name":"Natural Earth ports","source_url":"https://raw.githubusercontent.com/nvkelso/natural-earth-vector/master/geojson/ne_10m_ports.geojson","license":"public domain"},"geometry":{"type":"Point","coordinates":[-4.234747,57.486667]}},{"type":"Feature","properties":{"name":"Takoradi","region_code":"30","source_name":"Natural Earth ports","source_url":"https://raw.githubusercontent.com/nvkelso/natural-earth-vector/master/geojson/ne_10m_ports.geojson","license":"public domain"},"geometry":{"type":"Point","coordinates":[-1.738457,4.884167]}},{"type":"Feature","properties":{"name":"Basse-Terre","region_code":"30","source_name":"Natural Earth ports","source_url":"https://raw.githubusercontent.com/nvkelso/natural-earth-vector/master/geojson/ne_10m_ports.geojson","license":"public domain"},"geometry":{"type":"Point","coordinates":[-61.727091,15.996389]}},{"type":"Feature","properties":{"name":"Pointe-a-Pitre","region_code":"30","source_name":"Natural Earth ports","source_url":"https://raw.githubusercontent.com/nvkelso/natural-earth-vector/master/geojson/ne_10m_ports.geojson","license":"public domain"},"geometry":{"type":"Point","coordinates":[-61.538457,16.233889]}},{"type":"Feature","properties":{"name":"Banjul","region_code":"30","source_name":"Natural Earth ports","source_url":"https://raw.githubusercontent.com/nvkelso/natural-earth-vector/master/geojson/ne_10m_ports.geojson","license":"public domain"},"geometry":{"type":"Point","coordinates":[-16.570377,13.444444]}},{"type":"Feature","properties":{"name":"Bata","region_code":"30","source_name":"Natural Earth ports","source_url":"https://raw.githubusercontent.com/nvkelso/natural-earth-vector/master/geojson/ne_10m_ports.geojson","license":"public domain"},"geometry":{"type":"Point","coordinates":[9.738104,1.824167]}},{"type":"Feature","properties":{"name":"Iraklion","region_code":"30","source_name":"Natural Earth ports","source_url":"https://raw.githubusercontent.com/nvkelso/natural-earth-vector/master/geojson/ne_10m_ports.geojson","license":"public domain"},"geometry":{"type":"Point","coordinates":[25.141107,35.345556]}},{"type":"Feature","properties":{"name":"Thessaloniki","region_code":"30","source_name":"Natural Earth ports","source_url":"https://raw.githubusercontent.com/nvkelso/natural-earth-vector/master/geojson/ne_10m_ports.geojson","license":"public domain"},"geometry":{"type":"Point","coordinates":[22.917727,40.635]}},{"type":"Feature","properties":{"name":"Cayenne","region_code":"30","source_name":"Natural Earth ports","source_url":"https://raw.githubusercontent.com/nvkelso/natural-earth-vector/master/geojson/ne_10m_ports.geojson","license":"public domain"},"geometry":{"type":"Point","coordinates":[-52.33616,4.935278]}},{"type":"Feature","properties":{"name":"Kourou","region_code":"30","source_name":"Natural Earth ports","source_url":"https://raw.githubusercontent.com/nvkelso/natural-earth-vector/master/geojson/ne_10m_ports.geojson","license":"public domain"},"geometry":{"type":"Point","coordinates":[-52.624264,5.158889]}},{"type":"Feature","properties":{"name":"Georgetown","region_code":"30","source_name":"Natural Earth ports","source_url":"https://raw.githubusercontent.com/nvkelso/natural-earth-vector/master/geojson/ne_10m_ports.geojson","license":"public domain"},"geometry":{"type":"Point","coordinates":[-58.167197,6.819444]}},{"type":"Feature","properties":{"name":"Puerto Cortes","region_code":"30","source_name":"Natural Earth ports","source_url":"https://raw.githubusercontent.com/nvkelso/natural-earth-vector/master/geojson/ne_10m_ports.geojson","license":"public domain"},"geometry":{"type":"Point","coordinates":[-87.940224,15.833333]}},{"type":"Feature","properties":{"name":"Zadar","region_code":"30","source_name":"Natural Earth ports","source_url":"https://raw.githubusercontent.com/nvkelso/natural-earth-vector/master/geojson/ne_10m_ports.geojson","license":"public domain"},"geometry":{"type":"Point","coordinates":[15.219317,44.1175]}},{"type":"Feature","properties":{"name":"Surabaya","region_code":"30","source_name":"Natural Earth ports","source_url":"https://raw.githubusercontent.com/nvkelso/natural-earth-vector/master/geojson/ne_10m_ports.geojson","license":"public domain"},"geometry":{"type":"Point","coordinates":[113.916667,-7.616667]}},{"type":"Feature","properties":{"name":"Manado","region_code":"30","source_name":"Natural Earth ports","source_url":"https://raw.githubusercontent.com/nvkelso/natural-earth-vector/master/geojson/ne_10m_ports.geojson","license":"public domain"},"geometry":{"type":"Point","coordinates":[124.825854,1.481944]}},{"type":"Feature","properties":{"name":"Senipah","region_code":"30","source_name":"Natural Earth ports","source_url":"https://raw.githubusercontent.com/nvkelso/natural-earth-vector/master/geojson/ne_10m_ports.geojson","license":"public domain"},"geometry":{"type":"Point","coordinates":[117.216667,-1.05]}},{"type":"Feature","properties":{"name":"Bhavnagar","region_code":"30","source_name":"Natural Earth ports","source_url":"https://raw.githubusercontent.com/nvkelso/natural-earth-vector/master/geojson/ne_10m_ports.geojson","license":"public domain"},"geometry":{"type":"Point","coordinates":[72.206007,21.77]}},{"type":"Feature","properties":{"name":"Visakhapatnam","region_code":"30","source_name":"Natural Earth ports","source_url":"https://raw.githubusercontent.com/nvkelso/natural-earth-vector/master/geojson/ne_10m_ports.geojson","license":"public domain"},"geometry":{"type":"Point","coordinates":[83.28722,17.693333]}},{"type":"Feature","properties":{"name":"Limerick","region_code":"30","source_name":"Natural Earth ports","source_url":"https://raw.githubusercontent.com/nvkelso/natural-earth-vector/master/geojson/ne_10m_ports.geojson","license":"public domain"},"geometry":{"type":"Point","coordinates":[-8.633333,52.662778]}},{"type":"Feature","properties":{"name":"Bandar Abbas","region_code":"30","source_name":"Natural Earth ports","source_url":"https://raw.githubusercontent.com/nvkelso/natural-earth-vector/master/geojson/ne_10m_ports.geojson","license":"public domain"},"geometry":{"type":"Point","coordinates":[56.20424,27.140833]}},{"type":"Feature","properties":{"name":"Reykjavik","region_code":"30","source_name":"Natural Earth ports","source_url":"https://raw.githubusercontent.com/nvkelso/natural-earth-vector/master/geojson/ne_10m_ports.geojson","license":"public domain"},"geometry":{"type":"Point","coordinates":[-21.837927,64.148333]}},{"type":"Feature","properties":{"name":"Seydisfjordur","region_code":"30","source_name":"Natural Earth ports","source_url":"https://raw.githubusercontent.com/nvkelso/natural-earth-vector/master/geojson/ne_10m_ports.geojson","license":"public domain"},"geometry":{"type":"Point","coordinates":[-14.00424,65.262778]}},{"type":"Feature","properties":{"name":"Trieste","region_code":"30","source_name":"Natural Earth ports","source_url":"https://raw.githubusercontent.com/nvkelso/natural-earth-vector/master/geojson/ne_10m_ports.geojson","license":"public domain"},"geometry":{"type":"Point","coordinates":[13.75424,45.645]}},{"type":"Feature","properties":{"name":"Hiroshima","region_code":"30","source_name":"Natural Earth ports","source_url":"https://raw.githubusercontent.com/nvkelso/natural-earth-vector/master/geojson/ne_10m_ports.geojson","license":"public domain"},"geometry":{"type":"Point","coordinates":[132.421437,34.365278]}},{"type":"Feature","properties":{"name":"Kobe","region_code":"30","source_name":"Natural Earth ports","source_url":"https://raw.githubusercontent.com/nvkelso/natural-earth-vector/master/geojson/ne_10m_ports.geojson","license":"public domain"},"geometry":{"type":"Point","coordinates":[135.238104,34.684167]}},{"type":"Feature","properties":{"name":"Nagasaki","region_code":"30","source_name":"Natural Earth ports","source_url":"https://raw.githubusercontent.com/nvkelso/natural-earth-vector/master/geojson/ne_10m_ports.geojson","license":"public domain"},"geometry":{"type":"Point","coordinates":[129.859541,32.740278]}},{"type":"Feature","properties":{"name":"Otaru","region_code":"30","source_name":"Natural Earth ports","source_url":"https://raw.githubusercontent.com/nvkelso/natural-earth-vector/master/geojson/ne_10m_ports.geojson","license":"public domain"},"geometry":{"type":"Point","coordinates":[141.016667,43.196944]}},{"type":"Feature","properties":{"name":"Tokyo","region_code":"30","source_name":"Natural Earth ports","source_url":"https://raw.githubusercontent.com/nvkelso/natural-earth-vector/master/geojson/ne_10m_ports.geojson","license":"public domain"},"geometry":{"type":"Point","coordinates":[139.788457,35.624722]}},{"type":"Feature","properties":{"name":"Monrovia","region_code":"30","source_name":"Natural Earth ports","source_url":"https://raw.githubusercontent.com/nvkelso/natural-earth-vector/master/geojson/ne_10m_ports.geojson","license":"public domain"},"geometry":{"type":"Point","coordinates":[-10.793757,6.345556]}},{"type":"Feature","properties":{"name":"Colombo","region_code":"30","source_name":"Natural Earth ports","source_url":"https://raw.githubusercontent.com/nvkelso/natural-earth-vector/master/geojson/ne_10m_ports.geojson","license":"public domain"},"geometry":{"type":"Point","coordinates":[79.850177,6.951389]}},{"type":"Feature","properties":{"name":"Casablanca","region_code":"30","source_name":"Natural Earth ports","source_url":"https://raw.githubusercontent.com/nvkelso/natural-earth-vector/master/geojson/ne_10m_ports.geojson","license":"public domain"},"geometry":{"type":"Point","coordinates":[-7.600177,33.608889]}},{"type":"Feature","properties":{"name":"Monaco","region_code":"30","source_name":"Natural Earth ports","source_url":"https://raw.githubusercontent.com/nvkelso/natural-earth-vector/master/geojson/ne_10m_ports.geojson","license":"public domain"},"geometry":{"type":"Point","coordinates":[7.420907,43.731944]}},{"type":"Feature","properties":{"name":"Acapulco","region_code":"30","source_name":"Natural Earth ports","source_url":"https://raw.githubusercontent.com/nvkelso/natural-earth-vector/master/geojson/ne_10m_ports.geojson","license":"public domain"},"geometry":{"type":"Point","coordinates":[-99.902473,16.844444]}},{"type":"Feature","properties":{"name":"Mazatlan","region_code":"30","source_name":"Natural Earth ports","source_url":"https://raw.githubusercontent.com/nvkelso/natural-earth-vector/master/geojson/ne_10m_ports.geojson","license":"public domain"},"geometry":{"type":"Point","coordinates":[-106.393404,23.192222]}},{"type":"Feature","properties":{"name":"Tampico","region_code":"30","source_name":"Natural Earth ports","source_url":"https://raw.githubusercontent.com/nvkelso/natural-earth-vector/master/geojson/ne_10m_ports.geojson","license":"public domain"},"geometry":{"type":"Point","coordinates":[-97.833687,22.236944]}},{"type":"Feature","properties":{"name":"Beira","region_code":"30","source_name":"Natural Earth ports","source_url":"https://raw.githubusercontent.com/nvkelso/natural-earth-vector/master/geojson/ne_10m_ports.geojson","license":"public domain"},"geometry":{"type":"Point","coordinates":[34.83351,-19.819167]}},{"type":"Feature","properties":{"name":"Maputo","region_code":"30","source_name":"Natural Earth ports","source_url":"https://raw.githubusercontent.com/nvkelso/natural-earth-vector/master/geojson/ne_10m_ports.geojson","license":"public domain"},"geometry":{"type":"Point","coordinates":[32.557067,-25.972778]}},{"type":"Feature","properties":{"name":"Nouakchott","region_code":"30","source_name":"Natural Earth ports","source_url":"https://raw.githubusercontent.com/nvkelso/natural-earth-vector/master/geojson/ne_10m_ports.geojson","license":"public domain"},"geometry":{"type":"Point","coordinates":[-16.021437,18.035278]}},{"type":"Feature","properties":{"name":"Plymouth","region_code":"30","source_name":"Natural Earth ports","source_url":"https://raw.githubusercontent.com/nvkelso/natural-earth-vector/master/geojson/ne_10m_ports.geojson","license":"public domain"},"geometry":{"type":"Point","coordinates":[-62.219847,16.703333]}},{"type":"Feature","properties":{"name":"Fort-de-France","region_code":"30","source_name":"Natural Earth ports","source_url":"https://raw.githubusercontent.com/nvkelso/natural-earth-vector/master/geojson/ne_10m_ports.geojson","license":"public domain"},"geometry":{"type":"Point","coordinates":[-61.05689,14.599167]}},{"type":"Feature","properties":{"name":"Noumea","region_code":"30","source_name":"Natural Earth ports","source_url":"https://raw.githubusercontent.com/nvkelso/natural-earth-vector/master/geojson/ne_10m_ports.geojson","license":"public domain"},"geometry":{"type":"Point","coordinates":[166.425854,-22.259722]}},{"type":"Feature","properties":{"name":"Port Harcourt","region_code":"30","source_name":"Natural Earth ports","source_url":"https://raw.githubusercontent.com/nvkelso/natural-earth-vector/master/geojson/ne_10m_ports.geojson","license":"public domain"},"geometry":{"type":"Point","coordinates":[7.00318,4.769167]}},{"type":"Feature","properties":{"name":"Corinto","region_code":"30","source_name":"Natural Earth ports","source_url":"https://raw.githubusercontent.com/nvkelso/natural-earth-vector/master/geojson/ne_10m_ports.geojson","license":"public domain"},"geometry":{"type":"Point","coordinates":[-87.16914,12.481944]}},{"type":"Feature","properties":{"name":"Rotterdam","region_code":"30","source_name":"Natural Earth ports","source_url":"https://raw.githubusercontent.com/nvkelso/natural-earth-vector/master/geojson/ne_10m_ports.geojson","license":"public domain"},"geometry":{"type":"Point","coordinates":[4.292874,51.927222]}},{"type":"Feature","properties":{"name":"Bergen","region_code":"30","source_name":"Natural Earth ports","source_url":"https://raw.githubusercontent.com/nvkelso/natural-earth-vector/master/geojson/ne_10m_ports.geojson","license":"public domain"},"geometry":{"type":"Point","coordinates":[5.31967,60.396944]}},{"type":"Feature","properties":{"name":"Tromso","region_code":"30","source_name":"Natural Earth ports","source_url":"https://raw.githubusercontent.com/nvkelso/natural-earth-vector/master/geojson/ne_10m_ports.geojson","license":"public domain"},"geometry":{"type":"Point","coordinates":[18.968787,69.655833]}},{"type":"Feature","properties":{"name":"Trondheim","region_code":"30","source_name":"Natural Earth ports","source_url":"https://raw.githubusercontent.com/nvkelso/natural-earth-vector/master/geojson/ne_10m_ports.geojson","license":"public domain"},"geometry":{"type":"Point","coordinates":[10.388987,63.437778]}},{"type":"Feature","properties":{"name":"Nelson","region_code":"30","source_name":"Natural Earth ports","source_url":"https://raw.githubusercontent.com/nvkelso/natural-earth-vector/master/geojson/ne_10m_ports.geojson","license":"public domain"},"geometry":{"type":"Point","coordinates":[173.271967,-41.259722]}},{"type":"Feature","properties":{"name":"Muscat","region_code":"30","source_name":"Natural Earth ports","source_url":"https://raw.githubusercontent.com/nvkelso/natural-earth-vector/master/geojson/ne_10m_ports.geojson","license":"public domain"},"geometry":{"type":"Point","coordinates":[58.409011,23.606667]}},{"type":"Feature","properties":{"name":"Cebu","region_code":"30","source_name":"Natural Earth ports","source_url":"https://raw.githubusercontent.com/nvkelso/natural-earth-vector/master/geojson/ne_10m_ports.geojson","license":"public domain"},"geometry":{"type":"Point","coordinates":[123.922674,10.306389]}},{"type":"Feature","properties":{"name":"Zamboanga","region_code":"30","source_name":"Natural Earth ports","source_url":"https://raw.githubusercontent.com/nvkelso/natural-earth-vector/master/geojson/ne_10m_ports.geojson","license":"public domain"},"geometry":{"type":"Point","coordinates":[122.071437,6.902778]}},{"type":"Feature","properties":{"name":"Port Moresby","region_code":"30","source_name":"Natural Earth ports","source_url":"https://raw.githubusercontent.com/nvkelso/natural-earth-vector/master/geojson/ne_10m_ports.geojson","license":"public domain"},"geometry":{"type":"Point","coordinates":[147.15106,-9.467222]}},{"type":"Feature","properties":{"name":"Wewak","region_code":"30","source_name":"Natural Earth ports","source_url":"https://raw.githubusercontent.com/nvkelso/natural-earth-vector/master/geojson/ne_10m_ports.geojson","license":"public domain"},"geometry":{"type":"Point","coordinates":[143.65053,-3.57]}},{"type":"Feature","properties":{"name":"Porto","region_code":"30","source_name":"Natural Earth ports","source_url":"https://raw.githubusercontent.com/nvkelso/natural-earth-vector/master/geojson/ne_10m_ports.geojson","license":"public domain"},"geometry":{"type":"Point","coordinates":[-8.61861,41.141111]}},{"type":"Feature","properties":{"name":"Ponta Delgada","region_code":"30","source_name":"Natural Earth ports","source_url":"https://raw.githubusercontent.com/nvkelso/natural-earth-vector/master/geojson/ne_10m_ports.geojson","license":"public domain"},"geometry":{"type":"Point","coordinates":[-25.658834,37.736944]}},{"type":"Feature","properties":{"name":"Papeete","region_code":"30","source_name":"Natural Earth ports","source_url":"https://raw.githubusercontent.com/nvkelso/natural-earth-vector/master/geojson/ne_10m_ports.geojson","license":"public domain"},"geometry":{"type":"Point","coordinates":[-149.56967,-17.531111]}},{"type":"Feature","properties":{"name":"Doha","region_code":"30","source_name":"Natural Earth ports","source_url":"https://raw.githubusercontent.com/nvkelso/natural-earth-vector/master/geojson/ne_10m_ports.geojson","license":"public domain"},"geometry":{"type":"Point","coordinates":[51.555654,25.298056]}},{"type":"Feature","properties":{"name":"Kaliningrad","region_code":"30","source_name":"Natural Earth ports","source_url":"https://raw.githubusercontent.com/nvkelso/natural-earth-vector/master/geojson/ne_10m_ports.geojson","license":"public domain"},"geometry":{"type":"Point","coordinates":[20.455477,54.7]}},{"type":"Feature","properties":{"name":"Vladivostok","region_code":"30","source_name":"Natural Earth ports","source_url":"https://raw.githubusercontent.com/nvkelso/natural-earth-vector/master/geojson/ne_10m_ports.geojson","license":"public domain"},"geometry":{"type":"Point","coordinates":[131.88775,43.094444]}},{"type":"Feature","properties":{"name":"Vyborg","region_code":"30","source_name":"Natural Earth ports","source_url":"https://raw.githubusercontent.com/nvkelso/natural-earth-vector/master/geojson/ne_10m_ports.geojson","license":"public domain"},"geometry":{"type":"Point","coordinates":[28.726384,60.705]}},{"type":"Feature","properties":{"name":"Port Sudan","region_code":"30","source_name":"Natural Earth ports","source_url":"https://raw.githubusercontent.com/nvkelso/natural-earth-vector/master/geojson/ne_10m_ports.geojson","license":"public domain"},"geometry":{"type":"Point","coordinates":[37.221614,19.615833]}},{"type":"Feature","properties":{"name":"Mogadishu","region_code":"30","source_name":"Natural Earth ports","source_url":"https://raw.githubusercontent.com/nvkelso/natural-earth-vector/master/geojson/ne_10m_ports.geojson","license":"public domain"},"geometry":{"type":"Point","coordinates":[45.340931,2.028889]}},{"type":"Feature","properties":{"name":"Paramaribo","region_code":"30","source_name":"Natural Earth ports","source_url":"https://raw.githubusercontent.com/nvkelso/natural-earth-vector/master/geojson/ne_10m_ports.geojson","license":"public domain"},"geometry":{"type":"Point","coordinates":[-55.138987,5.82]}},{"type":"Feature","properties":{"name":"Goteborg","region_code":"30","source_name":"Natural Earth ports","source_url":"https://raw.githubusercontent.com/nvkelso/natural-earth-vector/master/geojson/ne_10m_ports.geojson","license":"public domain"},"geometry":{"type":"Point","coordinates":[11.870024,57.689167]}},{"type":"Feature","properties":{"name":"Lulea","region_code":"30","source_name":"Natural Earth ports","source_url":"https://raw.githubusercontent.com/nvkelso/natural-earth-vector/master/geojson/ne_10m_ports.geojson","license":"public domain"},"geometry":{"type":"Point","coordinates":[22.158304,65.578889]}},{"type":"Feature","properties":{"name":"Norrkoping","region_code":"30","source_name":"Natural Earth ports","source_url":"https://raw.githubusercontent.com/nvkelso/natural-earth-vector/master/geojson/ne_10m_ports.geojson","license":"public domain"},"geometry":{"type":"Point","coordinates":[16.225677,58.610278]}},{"type":"Feature","properties":{"name":"Lome","region_code":"30","source_name":"Natural Earth ports","source_url":"https://raw.githubusercontent.com/nvkelso/natural-earth-vector/master/geojson/ne_10m_ports.geojson","license":"public domain"},"geometry":{"type":"Point","coordinates":[1.284923,6.139167]}},{"type":"Feature","properties":{"name":"Izmir","region_code":"30","source_name":"Natural Earth ports","source_url":"https://raw.githubusercontent.com/nvkelso/natural-earth-vector/master/geojson/ne_10m_ports.geojson","license":"public domain"},"geometry":{"type":"Point","coordinates":[27.153887,38.443889]}},{"type":"Feature","properties":{"name":"Kaohsiung","region_code":"30","source_name":"Natural Earth ports","source_url":"https://raw.githubusercontent.com/nvkelso/natural-earth-vector/master/geojson/ne_10m_ports.geojson","license":"public domain"},"geometry":{"type":"Point","coordinates":[120.307067,22.565278]}},{"type":"Feature","properties":{"name":"Taichung","region_code":"30","source_name":"Natural Earth ports","source_url":"https://raw.githubusercontent.com/nvkelso/natural-earth-vector/master/geojson/ne_10m_ports.geojson","license":"public domain"},"geometry":{"type":"Point","coordinates":[120.503887,24.258333]}},{"type":"Feature","properties":{"name":"Odessa","region_code":"30","source_name":"Natural Earth ports","source_url":"https://raw.githubusercontent.com/nvkelso/natural-earth-vector/master/geojson/ne_10m_ports.geojson","license":"public domain"},"geometry":{"type":"Point","coordinates":[30.737044,46.501111]}},{"type":"Feature","properties":{"name":"Montevideo","region_code":"30","source_name":"Natural Earth ports","source_url":"https://raw.githubusercontent.com/nvkelso/natural-earth-vector/master/geojson/ne_10m_ports.geojson","license":"public domain"},"geometry":{"type":"Point","coordinates":[-56.20424,-34.900556]}},{"type":"Feature","properties":{"name":"Juneau","region_code":"30","source_name":"Natural Earth ports","source_url":"https://raw.githubusercontent.com/nvkelso/natural-earth-vector/master/geojson/ne_10m_ports.geojson","license":"public domain"},"geometry":{"type":"Point","coordinates":[-134.670024,58.379167]}},{"type":"Feature","properties":{"name":"Nome","region_code":"30","source_name":"Natural Earth ports","source_url":"https://raw.githubusercontent.com/nvkelso/natural-earth-vector/master/geojson/ne_10m_ports.geojson","license":"public domain"},"geometry":{"type":"Point","coordinates":[-165.425147,64.498333]}},{"type":"Feature","properties":{"name":"Hilo","region_code":"30","source_name":"Natural Earth ports","source_url":"https://raw.githubusercontent.com/nvkelso/natural-earth-vector/master/geojson/ne_10m_ports.geojson","license":"public domain"},"geometry":{"type":"Point","coordinates":[-155.06861,19.733333]}},{"type":"Feature","properties":{"name":"Bellingham","region_code":"30","source_name":"Natural Earth ports","source_url":"https://raw.githubusercontent.com/nvkelso/natural-earth-vector/master/geojson/ne_10m_ports.geojson","license":"public domain"},"geometry":{"type":"Point","coordinates":[-122.500353,48.740556]}},{"type":"Feature","properties":{"name":"Houston","region_code":"30","source_name":"Natural Earth ports","source_url":"https://raw.githubusercontent.com/nvkelso/natural-earth-vector/master/geojson/ne_10m_ports.geojson","license":"public domain"},"geometry":{"type":"Point","coordinates":[-95.20212,29.739167]}},{"type":"Feature","properties":{"name":"Brownsville","region_code":"30","source_name":"Natural Earth ports","source_url":"https://raw.githubusercontent.com/nvkelso/natural-earth-vector/master/geojson/ne_10m_ports.geojson","license":"public domain"},"geometry":{"type":"Point","coordinates":[-97.38457,25.957222]}},{"type":"Feature","properties":{"name":"Longview","region_code":"30","source_name":"Natural Earth ports","source_url":"https://raw.githubusercontent.com/nvkelso/natural-earth-vector/master/geojson/ne_10m_ports.geojson","license":"public domain"},"geometry":{"type":"Point","coordinates":[-122.96702,46.112778]}},{"type":"Feature","properties":{"name":"Kingstown","region_code":"30","source_name":"Natural Earth ports","source_url":"https://raw.githubusercontent.com/nvkelso/natural-earth-vector/master/geojson/ne_10m_ports.geojson","license":"public domain"},"geometry":{"type":"Point","coordinates":[-61.242874,13.169167]}},{"type":"Feature","properties":{"name":"La Guaira","region_code":"30","source_name":"Natural Earth ports","source_url":"https://raw.githubusercontent.com/nvkelso/natural-earth-vector/master/geojson/ne_10m_ports.geojson","license":"public domain"},"geometry":{"type":"Point","coordinates":[-66.940224,10.602778]}},{"type":"Feature","properties":{"name":"Maracaibo","region_code":"30","source_name":"Natural Earth ports","source_url":"https://raw.githubusercontent.com/nvkelso/natural-earth-vector/master/geojson/ne_10m_ports.geojson","license":"public domain"},"geometry":{"type":"Point","coordinates":[-71.58828,10.683611]}},{"type":"Feature","properties":{"name":"Da Nang","region_code":"30","source_name":"Natural Earth ports","source_url":"https://raw.githubusercontent.com/nvkelso/natural-earth-vector/master/geojson/ne_10m_ports.geojson","license":"public domain"},"geometry":{"type":"Point","coordinates":[108.223204,16.082222]}},{"type":"Feature","properties":{"name":"Port Vila","region_code":"30","source_name":"Natural Earth ports","source_url":"https://raw.githubusercontent.com/nvkelso/natural-earth-vector/master/geojson/ne_10m_ports.geojson","license":"public domain"},"geometry":{"type":"Point","coordinates":[168.30583,-17.747222]}},{"type":"Feature","properties":{"name":"Apia","region_code":"30","source_name":"Natural Earth ports","source_url":"https://raw.githubusercontent.com/nvkelso/natural-earth-vector/master/geojson/ne_10m_ports.geojson","license":"public domain"},"geometry":{"type":"Point","coordinates":[-171.75795,-13.828333]}},{"type":"Feature","properties":{"name":"Hodeidah","region_code":"30","source_name":"Natural Earth ports","source_url":"https://raw.githubusercontent.com/nvkelso/natural-earth-vector/master/geojson/ne_10m_ports.geojson","license":"public domain"},"geometry":{"type":"Point","coordinates":[42.935277,14.833611]}},{"type":"Feature","properties":{"name":"Ottawa","region_code":"30","source_name":"Natural Earth ports","source_url":"https://raw.githubusercontent.com/nvkelso/natural-earth-vector/master/geojson/ne_10m_ports.geojson","license":"public domain"},"geometry":{"type":"Point","coordinates":[-75.7,45.43]}},{"type":"Feature","properties":{"name":"Buffalo","region_code":"30","source_name":"Natural Earth ports","source_url":"https://raw.githubusercontent.com/nvkelso/natural-earth-vector/master/geojson/ne_10m_ports.geojson","license":"public domain"},"geometry":{"type":"Point","coordinates":[-78.88,42.88]}},{"type":"Feature","properties":{"name":"Cleveland","region_code":"30","source_name":"Natural Earth ports","source_url":"https://raw.githubusercontent.com/nvkelso/natural-earth-vector/master/geojson/ne_10m_ports.geojson","license":"public domain"},"geometry":{"type":"Point","coordinates":[-81.71,41.5]}},{"type":"Feature","properties":{"name":"Green Bay","region_code":"30","source_name":"Natural Earth ports","source_url":"https://raw.githubusercontent.com/nvkelso/natural-earth-vector/master/geojson/ne_10m_ports.geojson","license":"public domain"},"geometry":{"type":"Point","coordinates":[-88.01,44.51]}},{"type":"Feature","properties":{"name":"Duluth","region_code":"30","source_name":"Natural Earth ports","source_url":"https://raw.githubusercontent.com/nvkelso/natural-earth-vector/master/geojson/ne_10m_ports.geojson","license":"public domain"},"geometry":{"type":"Point","coordinates":[-92.1,46.76]}},{"type":"Feature","properties":{"name":"Eureka","region_code":"30","source_name":"Natural Earth ports","source_url":"https://raw.githubusercontent.com/nvkelso/natural-earth-vector/master/geojson/ne_10m_ports.geojson","license":"public domain"},"geometry":{"type":"Point","coordinates":[-124.18,40.8]}},{"type":"Feature","properties":{"name":"Luanda","region_code":"50","source_name":"Natural Earth ports","source_url":"https://raw.githubusercontent.com/nvkelso/natural-earth-vector/master/geojson/ne_10m_ports.geojson","license":"public domain"},"geometry":{"type":"Point","coordinates":[13.250883,-8.783889]}},{"type":"Feature","properties":{"name":"Kralendijk, Bonaire","region_code":"50","source_name":"Natural Earth ports","source_url":"https://raw.githubusercontent.com/nvkelso/natural-earth-vector/master/geojson/ne_10m_ports.geojson","license":"public domain"},"geometry":{"type":"Point","coordinates":[-68.273557,12.148333]}},{"type":"Feature","properties":{"name":"Philipsburg","region_code":"50","source_name":"Natural Earth ports","source_url":"https://raw.githubusercontent.com/nvkelso/natural-earth-vector/master/geojson/ne_10m_ports.geojson","license":"public domain"},"geometry":{"type":"Point","coordinates":[-63.043757,18.014444]}},{"type":"Feature","properties":{"name":"Adelaide","region_code":"50","source_name":"Natural Earth ports","source_url":"https://raw.githubusercontent.com/nvkelso/natural-earth-vector/master/geojson/ne_10m_ports.geojson","license":"public domain"},"geometry":{"type":"Point","coordinates":[138.50795,-34.799167]}},{"type":"Feature","properties":{"name":"Brisbane","region_code":"50","source_name":"Natural Earth ports","source_url":"https://raw.githubusercontent.com/nvkelso/natural-earth-vector/master/geojson/ne_10m_ports.geojson","license":"public domain"},"geometry":{"type":"Point","coordinates":[153.168433,-27.3825]}},{"type":"Feature","properties":{"name":"Port Hedland","region_code":"50","source_name":"Natural Earth ports","source_url":"https://raw.githubusercontent.com/nvkelso/natural-earth-vector/master/geojson/ne_10m_ports.geojson","license":"public domain"},"geometry":{"type":"Point","coordinates":[118.573204,-20.3175]}},{"type":"Feature","properties":{"name":"Chittagong","region_code":"50","source_name":"Natural Earth ports","source_url":"https://raw.githubusercontent.com/nvkelso/natural-earth-vector/master/geojson/ne_10m_ports.geojson","license":"public domain"},"geometry":{"type":"Point","coordinates":[91.825854,22.268889]}},{"type":"Feature","properties":{"name":"Bridgetown","region_code":"50","source_name":"Natural Earth ports","source_url":"https://raw.githubusercontent.com/nvkelso/natural-earth-vector/master/geojson/ne_10m_ports.geojson","license":"public domain"},"geometry":{"type":"Point","coordinates":[-59.624087,13.106944]}},{"type":"Feature","properties":{"name":"Montreal","region_code":"50","source_name":"Natural Earth ports","source_url":"https://raw.githubusercontent.com/nvkelso/natural-earth-vector/master/geojson/ne_10m_ports.geojson","license":"public domain"},"geometry":{"type":"Point","coordinates":[-73.524617,45.543611]}},{"type":"Feature","properties":{"name":"Punta Arenas","region_code":"50","source_name":"Natural Earth ports","source_url":"https://raw.githubusercontent.com/nvkelso/natural-earth-vector/master/geojson/ne_10m_ports.geojson","license":"public domain"},"geometry":{"type":"Point","coordinates":[-70.90477,-53.168333]}},{"type":"Feature","properties":{"name":"Valdivia","region_code":"50","source_name":"Natural Earth ports","source_url":"https://raw.githubusercontent.com/nvkelso/natural-earth-vector/master/geojson/ne_10m_ports.geojson","license":"public domain"},"geometry":{"type":"Point","coordinates":[-73.226561,-39.816667]}},{"type":"Feature","properties":{"name":"Dalian","region_code":"50","source_name":"Natural Earth ports","source_url":"https://raw.githubusercontent.com/nvkelso/natural-earth-vector/master/geojson/ne_10m_ports.geojson","license":"public domain"},"geometry":{"type":"Point","coordinates":[121.650353,38.933611]}},{"type":"Feature","properties":{"name":"Fuzhou","region_code":"50","source_name":"Natural Earth ports","source_url":"https://raw.githubusercontent.com/nvkelso/natural-earth-vector/master/geojson/ne_10m_ports.geojson","license":"public domain"},"geometry":{"type":"Point","coordinates":[119.30053,26.0475]}},{"type":"Feature","properties":{"name":"Qingdao","region_code":"50","source_name":"Natural Earth ports","source_url":"https://raw.githubusercontent.com/nvkelso/natural-earth-vector/master/geojson/ne_10m_ports.geojson","license":"public domain"},"geometry":{"type":"Point","coordinates":[120.31702,36.095833]}},{"type":"Feature","properties":{"name":"Shanghai","region_code":"50","source_name":"Natural Earth ports","source_url":"https://raw.githubusercontent.com/nvkelso/natural-earth-vector/master/geojson/ne_10m_ports.geojson","license":"public domain"},"geometry":{"type":"Point","coordinates":[121.48722,31.221944]}},{"type":"Feature","properties":{"name":"Shantou","region_code":"50","source_name":"Natural Earth ports","source_url":"https://raw.githubusercontent.com/nvkelso/natural-earth-vector/master/geojson/ne_10m_ports.geojson","license":"public domain"},"geometry":{"type":"Point","coordinates":[116.704064,23.354722]}},{"type":"Feature","properties":{"name":"Puntarenas","region_code":"50","source_name":"Natural Earth ports","source_url":"https://raw.githubusercontent.com/nvkelso/natural-earth-vector/master/geojson/ne_10m_ports.geojson","license":"public domain"},"geometry":{"type":"Point","coordinates":[-84.80424,9.981667]}},{"type":"Feature","properties":{"name":"Kiel","region_code":"50","source_name":"Natural Earth ports","source_url":"https://raw.githubusercontent.com/nvkelso/natural-earth-vector/master/geojson/ne_10m_ports.geojson","license":"public domain"},"geometry":{"type":"Point","coordinates":[10.15689,54.330833]}},{"type":"Feature","properties":{"name":"Roseau","region_code":"50","source_name":"Natural Earth ports","source_url":"https://raw.githubusercontent.com/nvkelso/natural-earth-vector/master/geojson/ne_10m_ports.geojson","license":"public domain"},"geometry":{"type":"Point","coordinates":[-61.385984,15.296389]}},{"type":"Feature","properties":{"name":"Santo Domingo","region_code":"50","source_name":"Natural Earth ports","source_url":"https://raw.githubusercontent.com/nvkelso/natural-earth-vector/master/geojson/ne_10m_ports.geojson","license":"public domain"},"geometry":{"type":"Point","coordinates":[-69.875854,18.475278]}},{"type":"Feature","properties":{"name":"Cartagena","region_code":"50","source_name":"Natural Earth ports","source_url":"https://raw.githubusercontent.com/nvkelso/natural-earth-vector/master/geojson/ne_10m_ports.geojson","license":"public domain"},"geometry":{"type":"Point","coordinates":[-0.985984,37.589444]}},{"type":"Feature","properties":{"name":"Vigo","region_code":"50","source_name":"Natural Earth ports","source_url":"https://raw.githubusercontent.com/nvkelso/natural-earth-vector/master/geojson/ne_10m_ports.geojson","license":"public domain"},"geometry":{"type":"Point","coordinates":[-8.726207,42.2425]}},{"type":"Feature","properties":{"name":"Santa Cruz de Tenerife","region_code":"50","source_name":"Natural Earth ports","source_url":"https://raw.githubusercontent.com/nvkelso/natural-earth-vector/master/geojson/ne_10m_ports.geojson","license":"public domain"},"geometry":{"type":"Point","coordinates":[-16.226561,28.474722]}},{"type":"Feature","properties":{"name":"Tallinn","region_code":"50","source_name":"Natural Earth ports","source_url":"https://raw.githubusercontent.com/nvkelso/natural-earth-vector/master/geojson/ne_10m_ports.geojson","license":"public domain"},"geometry":{"type":"Point","coordinates":[24.690754,59.46]}},{"type":"Feature","properties":{"name":"Suva","region_code":"50","source_name":"Natural Earth ports","source_url":"https://raw.githubusercontent.com/nvkelso/natural-earth-vector/master/geojson/ne_10m_ports.geojson","license":"public domain"},"geometry":{"type":"Point","coordinates":[178.421084,-18.1325]}},{"type":"Feature","properties":{"name":"Saint-Tropez","region_code":"50","source_name":"Natural Earth ports","source_url":"https://raw.githubusercontent.com/nvkelso/natural-earth-vector/master/geojson/ne_10m_ports.geojson","license":"public domain"},"geometry":{"type":"Point","coordinates":[6.633333,43.270556]}},{"type":"Feature","properties":{"name":"Glasgow","region_code":"50","source_name":"Natural Earth ports","source_url":"https://raw.githubusercontent.com/nvkelso/natural-earth-vector/master/geojson/ne_10m_ports.geojson","license":"public domain"},"geometry":{"type":"Point","coordinates":[-4.30318,55.863056]}},{"type":"Feature","properties":{"name":"Southampton","region_code":"50","source_name":"Natural Earth ports","source_url":"https://raw.githubusercontent.com/nvkelso/natural-earth-vector/master/geojson/ne_10m_ports.geojson","license":"public domain"},"geometry":{"type":"Point","coordinates":[-1.424441,50.9025]}},{"type":"Feature","properties":{"name":"Gibraltar","region_code":"50","source_name":"Natural Earth ports","source_url":"https://raw.githubusercontent.com/nvkelso/natural-earth-vector/master/geojson/ne_10m_ports.geojson","license":"public domain"},"geometry":{"type":"Point","coordinates":[-5.357244,36.136944]}},{"type":"Feature","properties":{"name":"Conakry","region_code":"50","source_name":"Natural Earth ports","source_url":"https://raw.githubusercontent.com/nvkelso/natural-earth-vector/master/geojson/ne_10m_ports.geojson","license":"public domain"},"geometry":{"type":"Point","coordinates":[-13.709894,9.516389]}},{"type":"Feature","properties":{"name":"Bissau","region_code":"50","source_name":"Natural Earth ports","source_url":"https://raw.githubusercontent.com/nvkelso/natural-earth-vector/master/geojson/ne_10m_ports.geojson","license":"public domain"},"geometry":{"type":"Point","coordinates":[-15.572674,11.858333]}},{"type":"Feature","properties":{"name":"Canea","region_code":"50","source_name":"Natural Earth ports","source_url":"https://raw.githubusercontent.com/nvkelso/natural-earth-vector/master/geojson/ne_10m_ports.geojson","license":"public domain"},"geometry":{"type":"Point","coordinates":[24.009717,35.518056]}},{"type":"Feature","properties":{"name":"Katakolon","region_code":"50","source_name":"Natural Earth ports","source_url":"https://raw.githubusercontent.com/nvkelso/natural-earth-vector/master/geojson/ne_10m_ports.geojson","license":"public domain"},"geometry":{"type":"Point","coordinates":[21.31861,37.646389]}},{"type":"Feature","properties":{"name":"San Jose","region_code":"50","source_name":"Natural Earth ports","source_url":"https://raw.githubusercontent.com/nvkelso/natural-earth-vector/master/geojson/ne_10m_ports.geojson","license":"public domain"},"geometry":{"type":"Point","coordinates":[-90.841284,13.915556]}},{"type":"Feature","properties":{"name":"Hong Kong","region_code":"50","source_name":"Natural Earth ports","source_url":"https://raw.githubusercontent.com/nvkelso/natural-earth-vector/master/geojson/ne_10m_ports.geojson","license":"public domain"},"geometry":{"type":"Point","coordinates":[114.156184,22.321111]}},{"type":"Feature","properties":{"name":"Port-au-Prince","region_code":"50","source_name":"Natural Earth ports","source_url":"https://raw.githubusercontent.com/nvkelso/natural-earth-vector/master/geojson/ne_10m_ports.geojson","license":"public domain"},"geometry":{"type":"Point","coordinates":[-72.339694,18.565833]}},{"type":"Feature","properties":{"name":"Surabaya","region_code":"50","source_name":"Natural Earth ports","source_url":"https://raw.githubusercontent.com/nvkelso/natural-earth-vector/master/geojson/ne_10m_ports.geojson","license":"public domain"},"geometry":{"type":"Point","coordinates":[112.723911,-7.206389]}},{"type":"Feature","properties":{"name":"Dublin","region_code":"50","source_name":"Natural Earth ports","source_url":"https://raw.githubusercontent.com/nvkelso/natural-earth-vector/master/geojson/ne_10m_ports.geojson","license":"public domain"},"geometry":{"type":"Point","coordinates":[-6.206007,53.344444]}},{"type":"Feature","properties":{"name":"Waterford","region_code":"50","source_name":"Natural Earth ports","source_url":"https://raw.githubusercontent.com/nvkelso/natural-earth-vector/master/geojson/ne_10m_ports.geojson","license":"public domain"},"geometry":{"type":"Point","coordinates":[-7.118787,52.266389]}},{"type":"Feature","properties":{"name":"Haifa","region_code":"50","source_name":"Natural Earth ports","source_url":"https://raw.githubusercontent.com/nvkelso/natural-earth-vector/master/geojson/ne_10m_ports.geojson","license":"public domain"},"geometry":{"type":"Point","coordinates":[35.018257,32.8225]}},{"type":"Feature","properties":{"name":"Livorno","region_code":"50","source_name":"Natural Earth ports","source_url":"https://raw.githubusercontent.com/nvkelso/natural-earth-vector/master/geojson/ne_10m_ports.geojson","license":"public domain"},"geometry":{"type":"Point","coordinates":[10.301943,43.555833]}},{"type":"Feature","properties":{"name":"Ischia","region_code":"50","source_name":"Natural Earth ports","source_url":"https://raw.githubusercontent.com/nvkelso/natural-earth-vector/master/geojson/ne_10m_ports.geojson","license":"public domain"},"geometry":{"type":"Point","coordinates":[13.938104,40.745278]}},{"type":"Feature","properties":{"name":"Kingston","region_code":"50","source_name":"Natural Earth ports","source_url":"https://raw.githubusercontent.com/nvkelso/natural-earth-vector/master/geojson/ne_10m_ports.geojson","license":"public domain"},"geometry":{"type":"Point","coordinates":[-76.824794,17.981667]}},{"type":"Feature","properties":{"name":"Kitakyushu","region_code":"50","source_name":"Natural Earth ports","source_url":"https://raw.githubusercontent.com/nvkelso/natural-earth-vector/master/geojson/ne_10m_ports.geojson","license":"public domain"},"geometry":{"type":"Point","coordinates":[130.85424,33.9225]}},{"type":"Feature","properties":{"name":"Mombasa","region_code":"50","source_name":"Natural Earth ports","source_url":"https://raw.githubusercontent.com/nvkelso/natural-earth-vector/master/geojson/ne_10m_ports.geojson","license":"public domain"},"geometry":{"type":"Point","coordinates":[39.622144,-4.053056]}},{"type":"Feature","properties":{"name":"Phnom Penh","region_code":"50","source_name":"Natural Earth ports","source_url":"https://raw.githubusercontent.com/nvkelso/natural-earth-vector/master/geojson/ne_10m_ports.geojson","license":"public domain"},"geometry":{"type":"Point","coordinates":[104.920907,11.583056]}},{"type":"Feature","properties":{"name":"Beirut","region_code":"50","source_name":"Natural Earth ports","source_url":"https://raw.githubusercontent.com/nvkelso/natural-earth-vector/master/geojson/ne_10m_ports.geojson","license":"public domain"},"geometry":{"type":"Point","coordinates":[35.519494,33.905]}},{"type":"Feature","properties":{"name":"Male","region_code":"50","source_name":"Natural Earth ports","source_url":"https://raw.githubusercontent.com/nvkelso/natural-earth-vector/master/geojson/ne_10m_ports.geojson","license":"public domain"},"geometry":{"type":"Point","coordinates":[73.507067,4.175]}},{"type":"Feature","properties":{"name":"Veracruz","region_code":"50","source_name":"Natural Earth ports","source_url":"https://raw.githubusercontent.com/nvkelso/natural-earth-vector/master/geojson/ne_10m_ports.geojson","license":"public domain"},"geometry":{"type":"Point","coordinates":[-96.133687,19.208333]}},{"type":"Feature","properties":{"name":"Yangon","region_code":"50","source_name":"Natural Earth ports","source_url":"https://raw.githubusercontent.com/nvkelso/natural-earth-vector/master/geojson/ne_10m_ports.geojson","license":"public domain"},"geometry":{"type":"Point","coordinates":[96.168787,16.765833]}},{"type":"Feature","properties":{"name":"Wellington","region_code":"50","source_name":"Natural Earth ports","source_url":"https://raw.githubusercontent.com/nvkelso/natural-earth-vector/master/geojson/ne_10m_ports.geojson","license":"public domain"},"geometry":{"type":"Point","coordinates":[174.78987,-41.2775]}},{"type":"Feature","properties":{"name":"Szczecin","region_code":"50","source_name":"Natural Earth ports","source_url":"https://raw.githubusercontent.com/nvkelso/natural-earth-vector/master/geojson/ne_10m_ports.geojson","license":"public domain"},"geometry":{"type":"Point","coordinates":[14.585807,53.430556]}},{"type":"Feature","properties":{"name":"Jeddah","region_code":"50","source_name":"Natural Earth ports","source_url":"https://raw.githubusercontent.com/nvkelso/natural-earth-vector/master/geojson/ne_10m_ports.geojson","license":"public domain"},"geometry":{"type":"Point","coordinates":[39.159011,21.458611]}},{"type":"Feature","properties":{"name":"Dakar","region_code":"50","source_name":"Natural Earth ports","source_url":"https://raw.githubusercontent.com/nvkelso/natural-earth-vector/master/geojson/ne_10m_ports.geojson","license":"public domain"},"geometry":{"type":"Point","coordinates":[-17.425147,14.682222]}},{"type":"Feature","properties":{"name":"Singapore","region_code":"50","source_name":"Natural Earth ports","source_url":"https://raw.githubusercontent.com/nvkelso/natural-earth-vector/master/geojson/ne_10m_ports.geojson","license":"public domain"},"geometry":{"type":"Point","coordinates":[103.722144,1.292778]}},{"type":"Feature","properties":{"name":"Freetown","region_code":"50","source_name":"Natural Earth ports","source_url":"https://raw.githubusercontent.com/nvkelso/natural-earth-vector/master/geojson/ne_10m_ports.geojson","license":"public domain"},"geometry":{"type":"Point","coordinates":[-13.207951,8.494167]}},{"type":"Feature","properties":{"name":"Stockholm","region_code":"50","source_name":"Natural Earth ports","source_url":"https://raw.githubusercontent.com/nvkelso/natural-earth-vector/master/geojson/ne_10m_ports.geojson","license":"public domain"},"geometry":{"type":"Point","coordinates":[18.109364,59.335]}},{"type":"Feature","properties":{"name":"Bangkok","region_code":"50","source_name":"Natural Earth ports","source_url":"https://raw.githubusercontent.com/nvkelso/natural-earth-vector/master/geojson/ne_10m_ports.geojson","license":"public domain"},"geometry":{"type":"Point","coordinates":[100.56914,13.606944]}},{"type":"Feature","properties":{"name":"Canakkale","region_code":"50","source_name":"Natural Earth ports","source_url":"https://raw.githubusercontent.com/nvkelso/natural-earth-vector/master/geojson/ne_10m_ports.geojson","license":"public domain"},"geometry":{"type":"Point","coordinates":[26.521967,40.264722]}},{"type":"Feature","properties":{"name":"Anchorage","region_code":"50","source_name":"Natural Earth ports","source_url":"https://raw.githubusercontent.com/nvkelso/natural-earth-vector/master/geojson/ne_10m_ports.geojson","license":"public domain"},"geometry":{"type":"Point","coordinates":[-149.88775,61.235556]}},{"type":"Feature","properties":{"name":"Long Beach","region_code":"50","source_name":"Natural Earth ports","source_url":"https://raw.githubusercontent.com/nvkelso/natural-earth-vector/master/geojson/ne_10m_ports.geojson","license":"public domain"},"geometry":{"type":"Point","coordinates":[-118.200707,33.748889]}},{"type":"Feature","properties":{"name":"Oakland","region_code":"50","source_name":"Natural Earth ports","source_url":"https://raw.githubusercontent.com/nvkelso/natural-earth-vector/master/geojson/ne_10m_ports.geojson","license":"public domain"},"geometry":{"type":"Point","coordinates":[-122.301237,37.799444]}},{"type":"Feature","properties":{"name":"Jacksonville","region_code":"50","source_name":"Natural Earth ports","source_url":"https://raw.githubusercontent.com/nvkelso/natural-earth-vector/master/geojson/ne_10m_ports.geojson","license":"public domain"},"geometry":{"type":"Point","coordinates":[-81.559187,30.380833]}},{"type":"Feature","properties":{"name":"Philadelphia","region_code":"50","source_name":"Natural Earth ports","source_url":"https://raw.githubusercontent.com/nvkelso/natural-earth-vector/master/geojson/ne_10m_ports.geojson","license":"public domain"},"geometry":{"type":"Point","coordinates":[-75.13457,39.895278]}},{"type":"Feature","properties":{"name":"Charleston","region_code":"50","source_name":"Natural Earth ports","source_url":"https://raw.githubusercontent.com/nvkelso/natural-earth-vector/master/geojson/ne_10m_ports.geojson","license":"public domain"},"geometry":{"type":"Point","coordinates":[-79.923557,32.822222]}},{"type":"Feature","properties":{"name":"Newport","region_code":"50","source_name":"Natural Earth ports","source_url":"https://raw.githubusercontent.com/nvkelso/natural-earth-vector/master/geojson/ne_10m_ports.geojson","license":"public domain"},"geometry":{"type":"Point","coordinates":[-71.324441,41.4825]}},{"type":"Feature","properties":{"name":"Ho Chi Minh City","region_code":"50","source_name":"Natural Earth ports","source_url":"https://raw.githubusercontent.com/nvkelso/natural-earth-vector/master/geojson/ne_10m_ports.geojson","license":"public domain"},"geometry":{"type":"Point","coordinates":[106.72179,10.793889]}},{"type":"Feature","properties":{"name":"Aden","region_code":"50","source_name":"Natural Earth ports","source_url":"https://raw.githubusercontent.com/nvkelso/natural-earth-vector/master/geojson/ne_10m_ports.geojson","license":"public domain"},"geometry":{"type":"Point","coordinates":[44.989694,12.795556]}},{"type":"Feature","properties":{"name":"Durban","region_code":"50","source_name":"Natural Earth ports","source_url":"https://raw.githubusercontent.com/nvkelso/natural-earth-vector/master/geojson/ne_10m_ports.geojson","license":"public domain"},"geometry":{"type":"Point","coordinates":[31.02338,-29.881111]}},{"type":"Feature","properties":{"name":"Port Elizabeth","region_code":"50","source_name":"Natural Earth ports","source_url":"https://raw.githubusercontent.com/nvkelso/natural-earth-vector/master/geojson/ne_10m_ports.geojson","license":"public domain"},"geometry":{"type":"Point","coordinates":[25.635277,-33.961389]}},{"type":"Feature","properties":{"name":"Port Elizabeth","region_code":"50","source_name":"Natural Earth ports","source_url":"https://raw.githubusercontent.com/nvkelso/natural-earth-vector/master/geojson/ne_10m_ports.geojson","license":"public domain"},"geometry":{"type":"Point","coordinates":[25.635277,-33.961389]}},{"type":"Feature","properties":{"name":"Detroit","region_code":"50","source_name":"Natural Earth ports","source_url":"https://raw.githubusercontent.com/nvkelso/natural-earth-vector/master/geojson/ne_10m_ports.geojson","license":"public domain"},"geometry":{"type":"Point","coordinates":[-83.03,42.33]}},{"type":"Feature","properties":{"name":"Port Of Memphis","region_code":"50","source_name":"Natural Earth ports","source_url":"https://raw.githubusercontent.com/nvkelso/natural-earth-vector/master/geojson/ne_10m_ports.geojson","license":"public domain"},"geometry":{"type":"Point","coordinates":[-90.16,35.06]}},{"type":"Feature","properties":{"name":"Tri-City Port","region_code":"50","source_name":"Natural Earth ports","source_url":"https://raw.githubusercontent.com/nvkelso/natural-earth-vector/master/geojson/ne_10m_ports.geojson","license":"public domain"},"geometry":{"type":"Point","coordinates":[-90.2,38.71]}},{"type":"Feature","properties":{"name":"Helsinki","region_code":"50","source_name":"Natural Earth ports","source_url":"https://raw.githubusercontent.com/nvkelso/natural-earth-vector/master/geojson/ne_10m_ports.geojson","license":"public domain"},"geometry":{"type":"Point","coordinates":[24.96,60.16]}},{"type":"Feature","properties":{"name":"Sankt-Peterburg","region_code":"50","source_name":"Natural Earth ports","source_url":"https://raw.githubusercontent.com/nvkelso/natural-earth-vector/master/geojson/ne_10m_ports.geojson","license":"public domain"},"geometry":{"type":"Point","coordinates":[30.3,59.93]}},{"type":"Feature","properties":{"name":"Oranjestad","region_code":"75","source_name":"Natural Earth ports","source_url":"https://raw.githubusercontent.com/nvkelso/natural-earth-vector/master/geojson/ne_10m_ports.geojson","license":"public domain"},"geometry":{"type":"Point","coordinates":[-70.03881,12.52]}},{"type":"Feature","properties":{"name":"Dubai","region_code":"75","source_name":"Natural Earth ports","source_url":"https://raw.githubusercontent.com/nvkelso/natural-earth-vector/master/geojson/ne_10m_ports.geojson","license":"public domain"},"geometry":{"type":"Point","coordinates":[55.269317,25.267222]}},{"type":"Feature","properties":{"name":"Buenos Aires","region_code":"75","source_name":"Natural Earth ports","source_url":"https://raw.githubusercontent.com/nvkelso/natural-earth-vector/master/geojson/ne_10m_ports.geojson","license":"public domain"},"geometry":{"type":"Point","coordinates":[-58.36967,-34.599167]}},{"type":"Feature","properties":{"name":"Darwin","region_code":"75","source_name":"Natural Earth ports","source_url":"https://raw.githubusercontent.com/nvkelso/natural-earth-vector/master/geojson/ne_10m_ports.geojson","license":"public domain"},"geometry":{"type":"Point","coordinates":[130.854947,-12.470278]}},{"type":"Feature","properties":{"name":"Melbourne","region_code":"75","source_name":"Natural Earth ports","source_url":"https://raw.githubusercontent.com/nvkelso/natural-earth-vector/master/geojson/ne_10m_ports.geojson","license":"public domain"},"geometry":{"type":"Point","coordinates":[144.917197,-37.832778]}},{"type":"Feature","properties":{"name":"Perth","region_code":"75","source_name":"Natural Earth ports","source_url":"https://raw.githubusercontent.com/nvkelso/natural-earth-vector/master/geojson/ne_10m_ports.geojson","license":"public domain"},"geometry":{"type":"Point","coordinates":[115.855477,-31.965278]}},{"type":"Feature","properties":{"name":"Sydney","region_code":"75","source_name":"Natural Earth ports","source_url":"https://raw.githubusercontent.com/nvkelso/natural-earth-vector/master/geojson/ne_10m_ports.geojson","license":"public domain"},"geometry":{"type":"Point","coordinates":[151.189164,-33.862222]}},{"type":"Feature","properties":{"name":"Cotonou","region_code":"75","source_name":"Natural Earth ports","source_url":"https://raw.githubusercontent.com/nvkelso/natural-earth-vector/master/geojson/ne_10m_ports.geojson","license":"public domain"},"geometry":{"type":"Point","coordinates":[2.42232,6.346667]}},{"type":"Feature","properties":{"name":"Nassau","region_code":"75","source_name":"Natural Earth ports","source_url":"https://raw.githubusercontent.com/nvkelso/natural-earth-vector/master/geojson/ne_10m_ports.geojson","license":"public domain"},"geometry":{"type":"Point","coordinates":[-77.32126,25.076667]}},{"type":"Feature","properties":{"name":"Rio de Janeiro","region_code":"75","source_name":"Natural Earth ports","source_url":"https://raw.githubusercontent.com/nvkelso/natural-earth-vector/master/geojson/ne_10m_ports.geojson","license":"public domain"},"geometry":{"type":"Point","coordinates":[-43.191814,-22.883056]}},{"type":"Feature","properties":{"name":"Vancouver","region_code":"75","source_name":"Natural Earth ports","source_url":"https://raw.githubusercontent.com/nvkelso/natural-earth-vector/master/geojson/ne_10m_ports.geojson","license":"public domain"},"geometry":{"type":"Point","coordinates":[-123.071437,49.297778]}},{"type":"Feature","properties":{"name":"Liverpool","region_code":"75","source_name":"Natural Earth ports","source_url":"https://raw.githubusercontent.com/nvkelso/natural-earth-vector/master/geojson/ne_10m_ports.geojson","license":"public domain"},"geometry":{"type":"Point","coordinates":[-64.70371,44.043333]}},{"type":"Feature","properties":{"name":"Valparaiso","region_code":"75","source_name":"Natural Earth ports","source_url":"https://raw.githubusercontent.com/nvkelso/natural-earth-vector/master/geojson/ne_10m_ports.geojson","license":"public domain"},"geometry":{"type":"Point","coordinates":[-71.61914,-33.035278]}},{"type":"Feature","properties":{"name":"Guangzhou","region_code":"75","source_name":"Natural Earth ports","source_url":"https://raw.githubusercontent.com/nvkelso/natural-earth-vector/master/geojson/ne_10m_ports.geojson","license":"public domain"},"geometry":{"type":"Point","coordinates":[113.409364,23.094167]}},{"type":"Feature","properties":{"name":"Tianjin","region_code":"75","source_name":"Natural Earth ports","source_url":"https://raw.githubusercontent.com/nvkelso/natural-earth-vector/master/geojson/ne_10m_ports.geojson","license":"public domain"},"geometry":{"type":"Point","coordinates":[117.456537,39.009444]}},{"type":"Feature","properties":{"name":"Abidjan","region_code":"75","source_name":"Natural Earth ports","source_url":"https://raw.githubusercontent.com/nvkelso/natural-earth-vector/master/geojson/ne_10m_ports.geojson","license":"public domain"},"geometry":{"type":"Point","coordinates":[-4.02126,5.283333]}},{"type":"Feature","properties":{"name":"Bremerhaven","region_code":"75","source_name":"Natural Earth ports","source_url":"https://raw.githubusercontent.com/nvkelso/natural-earth-vector/master/geojson/ne_10m_ports.geojson","license":"public domain"},"geometry":{"type":"Point","coordinates":[8.553004,53.563611]}},{"type":"Feature","properties":{"name":"Rostock","region_code":"75","source_name":"Natural Earth ports","source_url":"https://raw.githubusercontent.com/nvkelso/natural-earth-vector/master/geojson/ne_10m_ports.geojson","license":"public domain"},"geometry":{"type":"Point","coordinates":[12.117903,54.1525]}},{"type":"Feature","properties":{"name":"Tuborg","region_code":"75","source_name":"Natural Earth ports","source_url":"https://raw.githubusercontent.com/nvkelso/natural-earth-vector/master/geojson/ne_10m_ports.geojson","license":"public domain"},"geometry":{"type":"Point","coordinates":[12.58404,55.726111]}},{"type":"Feature","properties":{"name":"Guayaquil","region_code":"75","source_name":"Natural Earth ports","source_url":"https://raw.githubusercontent.com/nvkelso/natural-earth-vector/master/geojson/ne_10m_ports.geojson","license":"public domain"},"geometry":{"type":"Point","coordinates":[-79.902473,-2.284167]}},{"type":"Feature","properties":{"name":"Port Said","region_code":"75","source_name":"Natural Earth ports","source_url":"https://raw.githubusercontent.com/nvkelso/natural-earth-vector/master/geojson/ne_10m_ports.geojson","license":"public domain"},"geometry":{"type":"Point","coordinates":[32.306007,31.253333]}},{"type":"Feature","properties":{"name":"Barcelona","region_code":"75","source_name":"Natural Earth ports","source_url":"https://raw.githubusercontent.com/nvkelso/natural-earth-vector/master/geojson/ne_10m_ports.geojson","license":"public domain"},"geometry":{"type":"Point","coordinates":[2.168787,41.354722]}},{"type":"Feature","properties":{"name":"Malaga","region_code":"75","source_name":"Natural Earth ports","source_url":"https://raw.githubusercontent.com/nvkelso/natural-earth-vector/master/geojson/ne_10m_ports.geojson","license":"public domain"},"geometry":{"type":"Point","coordinates":[-4.418257,36.709444]}},{"type":"Feature","properties":{"name":"Palma de Mallorca","region_code":"75","source_name":"Natural Earth ports","source_url":"https://raw.githubusercontent.com/nvkelso/natural-earth-vector/master/geojson/ne_10m_ports.geojson","license":"public domain"},"geometry":{"type":"Point","coordinates":[2.625324,39.551111]}},{"type":"Feature","properties":{"name":"Le Havre","region_code":"75","source_name":"Natural Earth ports","source_url":"https://raw.githubusercontent.com/nvkelso/natural-earth-vector/master/geojson/ne_10m_ports.geojson","license":"public domain"},"geometry":{"type":"Point","coordinates":[0.173734,49.466944]}},{"type":"Feature","properties":{"name":"Marseille","region_code":"75","source_name":"Natural Earth ports","source_url":"https://raw.githubusercontent.com/nvkelso/natural-earth-vector/master/geojson/ne_10m_ports.geojson","license":"public domain"},"geometry":{"type":"Point","coordinates":[5.341284,43.329444]}},{"type":"Feature","properties":{"name":"Nice","region_code":"75","source_name":"Natural Earth ports","source_url":"https://raw.githubusercontent.com/nvkelso/natural-earth-vector/master/geojson/ne_10m_ports.geojson","license":"public domain"},"geometry":{"type":"Point","coordinates":[7.28563,43.693889]}},{"type":"Feature","properties":{"name":"London","region_code":"75","source_name":"Natural Earth ports","source_url":"https://raw.githubusercontent.com/nvkelso/natural-earth-vector/master/geojson/ne_10m_ports.geojson","license":"public domain"},"geometry":{"type":"Point","coordinates":[-0.067197,51.502778]}},{"type":"Feature","properties":{"name":"Gythion","region_code":"75","source_name":"Natural Earth ports","source_url":"https://raw.githubusercontent.com/nvkelso/natural-earth-vector/master/geojson/ne_10m_ports.geojson","license":"public domain"},"geometry":{"type":"Point","coordinates":[22.56755,36.76]}},{"type":"Feature","properties":{"name":"Rhodes","region_code":"75","source_name":"Natural Earth ports","source_url":"https://raw.githubusercontent.com/nvkelso/natural-earth-vector/master/geojson/ne_10m_ports.geojson","license":"public domain"},"geometry":{"type":"Point","coordinates":[28.23351,36.443611]}},{"type":"Feature","properties":{"name":"Dubrovnik","region_code":"75","source_name":"Natural Earth ports","source_url":"https://raw.githubusercontent.com/nvkelso/natural-earth-vector/master/geojson/ne_10m_ports.geojson","license":"public domain"},"geometry":{"type":"Point","coordinates":[18.076384,42.66]}},{"type":"Feature","properties":{"name":"Civitavecchia","region_code":"75","source_name":"Natural Earth ports","source_url":"https://raw.githubusercontent.com/nvkelso/natural-earth-vector/master/geojson/ne_10m_ports.geojson","license":"public domain"},"geometry":{"type":"Point","coordinates":[11.775677,42.098889]}},{"type":"Feature","properties":{"name":"Palermo","region_code":"75","source_name":"Natural Earth ports","source_url":"https://raw.githubusercontent.com/nvkelso/natural-earth-vector/master/geojson/ne_10m_ports.geojson","license":"public domain"},"geometry":{"type":"Point","coordinates":[13.369847,38.130833]}},{"type":"Feature","properties":{"name":"Savona","region_code":"75","source_name":"Natural Earth ports","source_url":"https://raw.githubusercontent.com/nvkelso/natural-earth-vector/master/geojson/ne_10m_ports.geojson","license":"public domain"},"geometry":{"type":"Point","coordinates":[8.489517,44.311667]}},{"type":"Feature","properties":{"name":"Marghera","region_code":"75","source_name":"Natural Earth ports","source_url":"https://raw.githubusercontent.com/nvkelso/natural-earth-vector/master/geojson/ne_10m_ports.geojson","license":"public domain"},"geometry":{"type":"Point","coordinates":[12.240577,45.453056]}},{"type":"Feature","properties":{"name":"Montego Bay","region_code":"75","source_name":"Natural Earth ports","source_url":"https://raw.githubusercontent.com/nvkelso/natural-earth-vector/master/geojson/ne_10m_ports.geojson","license":"public domain"},"geometry":{"type":"Point","coordinates":[-77.935453,18.4675]}},{"type":"Feature","properties":{"name":"Osaka","region_code":"75","source_name":"Natural Earth ports","source_url":"https://raw.githubusercontent.com/nvkelso/natural-earth-vector/master/geojson/ne_10m_ports.geojson","license":"public domain"},"geometry":{"type":"Point","coordinates":[135.433863,34.635833]}},{"type":"Feature","properties":{"name":"Yokohama","region_code":"75","source_name":"Natural Earth ports","source_url":"https://raw.githubusercontent.com/nvkelso/natural-earth-vector/master/geojson/ne_10m_ports.geojson","license":"public domain"},"geometry":{"type":"Point","coordinates":[139.667373,35.436389]}},{"type":"Feature","properties":{"name":"Riga","region_code":"75","source_name":"Natural Earth ports","source_url":"https://raw.githubusercontent.com/nvkelso/natural-earth-vector/master/geojson/ne_10m_ports.geojson","license":"public domain"},"geometry":{"type":"Point","coordinates":[24.088104,57.007778]}},{"type":"Feature","properties":{"name":"Cabo San Lucas","region_code":"75","source_name":"Natural Earth ports","source_url":"https://raw.githubusercontent.com/nvkelso/natural-earth-vector/master/geojson/ne_10m_ports.geojson","license":"public domain"},"geometry":{"type":"Point","coordinates":[-109.900707,22.883889]}},{"type":"Feature","properties":{"name":"Marsaxlokk","region_code":"75","source_name":"Natural Earth ports","source_url":"https://raw.githubusercontent.com/nvkelso/natural-earth-vector/master/geojson/ne_10m_ports.geojson","license":"public domain"},"geometry":{"type":"Point","coordinates":[14.541284,35.826111]}},{"type":"Feature","properties":{"name":"Amsterdam","region_code":"75","source_name":"Natural Earth ports","source_url":"https://raw.githubusercontent.com/nvkelso/natural-earth-vector/master/geojson/ne_10m_ports.geojson","license":"public domain"},"geometry":{"type":"Point","coordinates":[4.824087,52.413056]}},{"type":"Feature","properties":{"name":"Oslo","region_code":"75","source_name":"Natural Earth ports","source_url":"https://raw.githubusercontent.com/nvkelso/natural-earth-vector/master/geojson/ne_10m_ports.geojson","license":"public domain"},"geometry":{"type":"Point","coordinates":[10.73457,59.897222]}},{"type":"Feature","properties":{"name":"Auckland","region_code":"75","source_name":"Natural Earth ports","source_url":"https://raw.githubusercontent.com/nvkelso/natural-earth-vector/master/geojson/ne_10m_ports.geojson","license":"public domain"},"geometry":{"type":"Point","coordinates":[174.769494,-36.836389]}},{"type":"Feature","properties":{"name":"Karachi","region_code":"75","source_name":"Natural Earth ports","source_url":"https://raw.githubusercontent.com/nvkelso/natural-earth-vector/master/geojson/ne_10m_ports.geojson","license":"public domain"},"geometry":{"type":"Point","coordinates":[66.973734,24.835]}},{"type":"Feature","properties":{"name":"Colon","region_code":"75","source_name":"Natural Earth ports","source_url":"https://raw.githubusercontent.com/nvkelso/natural-earth-vector/master/geojson/ne_10m_ports.geojson","license":"public domain"},"geometry":{"type":"Point","coordinates":[-79.8851,9.373333]}},{"type":"Feature","properties":{"name":"Manila","region_code":"75","source_name":"Natural Earth ports","source_url":"https://raw.githubusercontent.com/nvkelso/natural-earth-vector/master/geojson/ne_10m_ports.geojson","license":"public domain"},"geometry":{"type":"Point","coordinates":[120.943404,14.524167]}},{"type":"Feature","properties":{"name":"San Juan","region_code":"75","source_name":"Natural Earth ports","source_url":"https://raw.githubusercontent.com/nvkelso/natural-earth-vector/master/geojson/ne_10m_ports.geojson","license":"public domain"},"geometry":{"type":"Point","coordinates":[-66.091284,18.436111]}},{"type":"Feature","properties":{"name":"Istanbul","region_code":"75","source_name":"Natural Earth ports","source_url":"https://raw.githubusercontent.com/nvkelso/natural-earth-vector/master/geojson/ne_10m_ports.geojson","license":"public domain"},"geometry":{"type":"Point","coordinates":[28.993404,41.012778]}},{"type":"Feature","properties":{"name":"Taipei","region_code":"75","source_name":"Natural Earth ports","source_url":"https://raw.githubusercontent.com/nvkelso/natural-earth-vector/master/geojson/ne_10m_ports.geojson","license":"public domain"},"geometry":{"type":"Point","coordinates":[121.374617,25.151944]}},{"type":"Feature","properties":{"name":"Dar es Salaam","region_code":"75","source_name":"Natural Earth ports","source_url":"https://raw.githubusercontent.com/nvkelso/natural-earth-vector/master/geojson/ne_10m_ports.geojson","license":"public domain"},"geometry":{"type":"Point","coordinates":[39.293404,-6.834444]}},{"type":"Feature","properties":{"name":"Mobile","region_code":"75","source_name":"Natural Earth ports","source_url":"https://raw.githubusercontent.com/nvkelso/natural-earth-vector/master/geojson/ne_10m_ports.geojson","license":"public domain"},"geometry":{"type":"Point","coordinates":[-88.03775,30.711389]}},{"type":"Feature","properties":{"name":"Los Angeles","region_code":"75","source_name":"Natural Earth ports","source_url":"https://raw.githubusercontent.com/nvkelso/natural-earth-vector/master/geojson/ne_10m_ports.geojson","license":"public domain"},"geometry":{"type":"Point","coordinates":[-118.259717,33.731944]}},{"type":"Feature","properties":{"name":"San Diego","region_code":"75","source_name":"Natural Earth ports","source_url":"https://raw.githubusercontent.com/nvkelso/natural-earth-vector/master/geojson/ne_10m_ports.geojson","license":"public domain"},"geometry":{"type":"Point","coordinates":[-117.157244,32.684444]}},{"type":"Feature","properties":{"name":"San Francisco","region_code":"75","source_name":"Natural Earth ports","source_url":"https://raw.githubusercontent.com/nvkelso/natural-earth-vector/master/geojson/ne_10m_ports.geojson","license":"public domain"},"geometry":{"type":"Point","coordinates":[-122.400883,37.788611]}},{"type":"Feature","properties":{"name":"Miami","region_code":"75","source_name":"Natural Earth ports","source_url":"https://raw.githubusercontent.com/nvkelso/natural-earth-vector/master/geojson/ne_10m_ports.geojson","license":"public domain"},"geometry":{"type":"Point","coordinates":[-80.16702,25.775]}},{"type":"Feature","properties":{"name":"Tampa","region_code":"75","source_name":"Natural Earth ports","source_url":"https://raw.githubusercontent.com/nvkelso/natural-earth-vector/master/geojson/ne_10m_ports.geojson","license":"public domain"},"geometry":{"type":"Point","coordinates":[-82.43616,27.93]}},{"type":"Feature","properties":{"name":"Honolulu","region_code":"75","source_name":"Natural Earth ports","source_url":"https://raw.githubusercontent.com/nvkelso/natural-earth-vector/master/geojson/ne_10m_ports.geojson","license":"public domain"},"geometry":{"type":"Point","coordinates":[-157.873734,21.309444]}},{"type":"Feature","properties":{"name":"Boston","region_code":"75","source_name":"Natural Earth ports","source_url":"https://raw.githubusercontent.com/nvkelso/natural-earth-vector/master/geojson/ne_10m_ports.geojson","license":"public domain"},"geometry":{"type":"Point","coordinates":[-71.035453,42.363611]}},{"type":"Feature","properties":{"name":"Baltimore","region_code":"75","source_name":"Natural Earth ports","source_url":"https://raw.githubusercontent.com/nvkelso/natural-earth-vector/master/geojson/ne_10m_ports.geojson","license":"public domain"},"geometry":{"type":"Point","coordinates":[-76.555654,39.2325]}},{"type":"Feature","properties":{"name":"New York","region_code":"75","source_name":"Natural Earth ports","source_url":"https://raw.githubusercontent.com/nvkelso/natural-earth-vector/master/geojson/ne_10m_ports.geojson","license":"public domain"},"geometry":{"type":"Point","coordinates":[-74.024264,40.688333]}},{"type":"Feature","properties":{"name":"Galveston","region_code":"75","source_name":"Natural Earth ports","source_url":"https://raw.githubusercontent.com/nvkelso/natural-earth-vector/master/geojson/ne_10m_ports.geojson","license":"public domain"},"geometry":{"type":"Point","coordinates":[-94.817903,29.304167]}},{"type":"Feature","properties":{"name":"Norfolk","region_code":"75","source_name":"Natural Earth ports","source_url":"https://raw.githubusercontent.com/nvkelso/natural-earth-vector/master/geojson/ne_10m_ports.geojson","license":"public domain"},"geometry":{"type":"Point","coordinates":[-76.292521,36.901944]}},{"type":"Feature","properties":{"name":"Seattle","region_code":"75","source_name":"Natural Earth ports","source_url":"https://raw.githubusercontent.com/nvkelso/natural-earth-vector/master/geojson/ne_10m_ports.geojson","license":"public domain"},"geometry":{"type":"Point","coordinates":[-122.359717,47.602222]}},{"type":"Feature","properties":{"name":"Cape Town","region_code":"75","source_name":"Natural Earth ports","source_url":"https://raw.githubusercontent.com/nvkelso/natural-earth-vector/master/geojson/ne_10m_ports.geojson","license":"public domain"},"geometry":{"type":"Point","coordinates":[18.435277,-33.909167]}},{"type":"Feature","properties":{"name":"Toronto","region_code":"75","source_name":"Natural Earth ports","source_url":"https://raw.githubusercontent.com/nvkelso/natural-earth-vector/master/geojson/ne_10m_ports.geojson","license":"public domain"},"geometry":{"type":"Point","coordinates":[-79.38,43.61]}},{"type":"Feature","properties":{"name":"Chicago","region_code":"75","source_name":"Natural Earth ports","source_url":"https://raw.githubusercontent.com/nvkelso/natural-earth-vector/master/geojson/ne_10m_ports.geojson","license":"public domain"},"geometry":{"type":"Point","coordinates":[-87.6,41.88]}}]}