{"type":"FeatureCollection","features":[{"type":"Feature","properties":{"name":"汾河","name_en":"Fen","region_code":"CN_RIVER_汾河","source_name":"Natural Earth ne_50m_rivers_lake_centerlines","source_url":"https://raw.githubusercontent.com/nvkelso/natural-earth-vector/master/geojson/ne_10m_rivers_lake_centerlines.geojson","license":"public domain (Natural Earth)"},"geometry":{"type":"LineString","coordinates":[[112.075613,38.861274],[112.123953,38.726345],[112.100352,38.652696],[111.99822,38.559027],[111.963145,38.415473],[111.84962,38.241156],[111.837413,38.139228],[111.856944,38.097235],[111.904307,38.05622],[112.14796,37.911241],[112.296479,37.93948],[112.336925,37.960028],[112.378673,38.008368],[112.415457,38.009589],[112.429779,37.983913],[112.466075,37.97366],[112.511811,37.905056],[112.528087,37.710273],[112.408376,37.646186],[112.373546,37.607449],[112.370372,37.562771],[112.32252,37.478298],[112.240245,37.402167],[112.205333,37.342963],[112.158702,37.309516],[112.062511,37.17239],[111.904307,37.103461],[111.842459,37.018826],[111.795014,36.980536],[111.781342,36.945828],[111.75058,36.929023],[111.740245,36.909735],[111.753998,36.849555],[111.695323,36.82331],[111.656505,36.769151],[111.671804,36.614814],[111.705658,36.575873],[111.685802,36.534247],[111.689708,36.480251],[111.659109,36.44245],[111.649669,36.37755],[111.662364,36.289903],[111.599539,36.213406],[111.500255,36.130805],[111.481049,36.072577],[111.448416,36.058295],[111.402761,36.001003],[111.405528,35.930243],[111.422455,35.904568],[111.405935,35.827989],[111.412852,35.773139],[111.353119,35.678331],[111.296641,35.669867],[111.275483,35.630927],[111.229584,35.614203],[111.178722,35.568468],[111.088634,35.588935],[110.990001,35.57864],[110.958995,35.588935],[110.782481,35.557888],[110.739268,35.568468],[110.554861,35.458604]]}},{"type":"Feature","properties":{"name":"Yi","name_en":"Yi","region_code":"CN_RIVER_Yi","source_name":"Natural Earth ne_50m_rivers_lake_centerlines","source_url":"https://raw.githubusercontent.com/nvkelso/natural-earth-vector/master/geojson/ne_10m_rivers_lake_centerlines.geojson","license":"public domain (Natural Earth)"},"geometry":{"type":"LineString","coordinates":[[118.503429,36.103542],[118.57073,36.126247],[118.59962,36.096055],[118.590831,36.06863],[118.739838,35.9831],[118.771251,35.904812],[118.835378,35.849392],[118.839854,35.804958],[118.874034,35.745958],[118.860362,35.71247],[118.874034,35.611518],[118.85849,35.557685],[118.734304,35.420437],[118.725027,35.384345],[118.665701,35.30919],[118.643077,35.239285],[118.644786,35.177598],[118.616222,35.122911],[118.523448,35.030341],[118.530772,34.815009],[118.567556,34.770819],[118.837169,34.765245],[118.874034,34.746039],[118.887706,34.718126],[118.94044,34.701239],[119.141124,34.683173],[119.200287,34.713813]]}},{"type":"Feature","properties":{"name":"Bogcang","name_en":"Bogcang","region_code":"CN_RIVER_Bogcang","source_name":"Natural Earth ne_50m_rivers_lake_centerlines","source_url":"https://raw.githubusercontent.com/nvkelso/natural-earth-vector/master/geojson/ne_10m_rivers_lake_centerlines.geojson","license":"public domain (Natural Earth)"},"geometry":{"type":"MultiLineString","coordinates":[[[85.748546,31.867947],[85.750662,31.866889]],[[85.750662,31.866889],[85.835948,31.828477],[85.946381,31.826972],[86.042898,31.869086],[86.083588,31.867947],[86.127452,31.897732],[86.171397,31.90001],[86.414968,31.813056],[86.5088,31.840644],[86.565033,31.798529],[86.634288,31.774929],[86.876557,31.766059],[86.949718,31.789822],[87.008311,31.771552],[87.067556,31.726345],[87.208425,31.785997],[87.276459,31.884223],[87.320079,31.89586],[87.413585,31.887152]],[[85.750662,31.866889],[85.754649,31.867947]],[[85.802989,31.655626],[85.73406,31.663113],[85.67213,31.689765],[85.610606,31.689765],[85.562918,31.723944],[85.557221,31.756049],[85.57545,31.777696],[85.750662,31.866889]]]}},{"type":"Feature","properties":{"name":"Herlen","name_en":"Herlen","region_code":"CN_RIVER_Herlen","source_name":"Natural Earth ne_50m_rivers_lake_centerlines","source_url":"https://raw.githubusercontent.com/nvkelso/natural-earth-vector/master/geojson/ne_10m_rivers_lake_centerlines.geojson","license":"public domain (Natural Earth)"},"geometry":{"type":"LineString","coordinates":[[115.54277256810528,48.12199930698928],[115.566905,48.081122],[115.65325,48.080593],[115.715343,48.131171],[115.809825,48.148708],[116.009532,48.239814],[116.094819,48.259101],[116.114675,48.26793],[116.133067,48.335395],[116.175304,48.398057],[116.291921,48.474392],[116.368582,48.489366],[116.52239,48.576117],[116.684825,48.575019],[116.796397,48.625312],[116.97462,48.657091],[117.044851,48.699083],[117.057872,48.759955]]}},{"type":"Feature","properties":{"name":"Qarqan","name_en":"Qarqan","region_code":"CN_RIVER_Qarqan","source_name":"Natural Earth ne_50m_rivers_lake_centerlines","source_url":"https://raw.githubusercontent.com/nvkelso/natural-earth-vector/master/geojson/ne_10m_rivers_lake_centerlines.geojson","license":"public domain (Natural Earth)"},"geometry":{"type":"LineString","coordinates":[[87.282156,36.504706],[87.228119,36.559353],[87.256114,36.628241],[87.221446,36.703966],[87.159923,36.74494],[87.15504,36.761542],[87.189464,36.82746],[87.132498,36.950385],[87.066417,37.022773],[87.025076,37.016221],[86.965424,37.050727],[86.947032,37.094346],[86.964122,37.128241],[87.06837,37.221259],[87.056895,37.374945],[87.086925,37.401638],[87.182546,37.401882],[87.221446,37.416531],[87.268565,37.508979],[87.257823,37.57392],[87.228119,37.587836],[87.185313,37.575995],[87.137462,37.588243],[86.97934,37.654853],[86.806407,37.642401],[86.73406,37.684027],[86.671886,37.67475],[86.628917,37.693305],[86.254324,37.636664],[86.12558,37.576239],[85.905528,37.515163],[85.864838,37.519599],[85.72047,37.678656],[85.678966,37.772773]]}},{"type":"Feature","properties":{"name":"Huan","name_en":"Huan","region_code":"CN_RIVER_Huan","source_name":"Natural Earth ne_50m_rivers_lake_centerlines","source_url":"https://raw.githubusercontent.com/nvkelso/natural-earth-vector/master/geojson/ne_10m_rivers_lake_centerlines.geojson","license":"public domain (Natural Earth)"},"geometry":{"type":"LineString","coordinates":[[107.224213,37.31977],[107.285737,37.261746],[107.326671,37.155219],[107.277436,37.043728],[107.293224,36.945828],[107.203868,36.788764],[107.194347,36.725287],[107.231049,36.637885],[107.427826,36.448188],[107.532725,36.267401],[107.652599,36.209662],[107.937918,35.934353],[107.956716,35.873847],[107.922455,35.767768],[107.929128,35.567003],[107.880789,35.396308],[107.892019,35.324897],[107.943614,35.260037]]}},{"type":"Feature","properties":{"name":"Zi","name_en":"Zi","region_code":"CN_RIVER_Zi","source_name":"Natural Earth ne_50m_rivers_lake_centerlines","source_url":"https://raw.githubusercontent.com/nvkelso/natural-earth-vector/master/geojson/ne_10m_rivers_lake_centerlines.geojson","license":"public domain (Natural Earth)"},"geometry":{"type":"LineString","coordinates":[[95.598562,33.277167],[95.692312,33.244493],[95.879242,32.985175],[96.03476,32.942572],[96.106212,32.892401],[96.225678,32.895819],[96.259776,32.859442],[96.307058,32.849473],[96.375987,32.790961],[96.53419,32.708564],[96.564952,32.60163],[96.607188,32.542019],[96.848888,32.38642],[96.883067,32.349555],[96.915457,32.271023],[96.892996,32.256415],[96.855724,32.265163],[96.872081,32.221869],[97.03004,32.133979],[96.999766,32.046698],[96.942312,31.990261],[96.945079,31.964179]]}},{"type":"Feature","properties":{"name":"Jiulong","name_en":"Jiulong","region_code":"CN_RIVER_Jiulong","source_name":"Natural Earth ne_50m_rivers_lake_centerlines","source_url":"https://raw.githubusercontent.com/nvkelso/natural-earth-vector/master/geojson/ne_10m_rivers_lake_centerlines.geojson","license":"public domain (Natural Earth)"},"geometry":{"type":"LineString","coordinates":[[116.79835,25.012803],[116.888927,24.988837],[116.973888,25.025987],[117.142589,25.278998],[117.295665,25.331366],[117.343842,25.304511],[117.483328,25.277126],[117.511729,25.226874],[117.502615,25.145779],[117.530528,25.085964],[117.511241,25.031277],[117.507091,24.923204],[117.555431,24.861192],[117.617198,24.73078],[117.628998,24.6671],[117.674246,24.630683],[117.70696,24.56977],[117.768321,24.521064],[117.790538,24.459784]]}},{"type":"Feature","properties":{"name":"Mei","name_en":"Mei","region_code":"CN_RIVER_Mei","source_name":"Natural Earth ne_50m_rivers_lake_centerlines","source_url":"https://raw.githubusercontent.com/nvkelso/natural-earth-vector/master/geojson/ne_10m_rivers_lake_centerlines.geojson","license":"public domain (Natural Earth)"},"geometry":{"type":"LineString","coordinates":[[116.102468,27.10696],[116.056163,26.942084],[116.083425,26.819648],[115.98463,26.358466],[115.947683,26.335232],[115.878429,26.244452],[115.846609,26.16824],[115.789073,26.180284],[115.750499,26.158393],[115.698741,26.17768],[115.631602,26.086737],[115.594493,26.064073],[115.449474,26.039374],[115.419688,25.970811],[115.395763,25.950629],[115.259532,25.898749],[115.107839,25.950019],[115.092703,25.942939],[115.075694,25.889228]]}},{"type":"Feature","properties":{"name":"Tuo","name_en":"Tuo","region_code":"CN_RIVER_Tuo","source_name":"Natural Earth ne_50m_rivers_lake_centerlines","source_url":"https://raw.githubusercontent.com/nvkelso/natural-earth-vector/master/geojson/ne_10m_rivers_lake_centerlines.geojson","license":"public domain (Natural Earth)"},"geometry":{"type":"LineString","coordinates":[[103.530528,33.067491],[103.58074,33.021593],[103.53712,32.933458],[103.537608,32.886542],[103.577647,32.806464],[103.626231,32.76557],[103.606863,32.591254],[103.727061,32.403266],[103.735362,32.312445],[103.775076,32.223253],[103.72991,32.096625],[103.695404,32.050564],[103.690033,31.903144],[103.726573,31.835883],[103.857188,31.741645],[103.859467,31.708319],[103.679779,31.526557],[103.566173,31.459825],[103.471202,31.327175],[103.492686,31.195746],[103.472097,31.013617],[103.570893,31.035956],[103.634044,31.006944],[103.706554,31.037543],[103.757823,31.022976],[103.83546,30.955146],[103.939952,30.92003],[104.282807,30.927843],[104.348399,30.92003],[104.405284,30.888495],[104.542898,30.720649],[104.506114,30.63349],[104.520763,30.600043],[104.494558,30.575629],[104.520518,30.537218],[104.519054,30.511746],[104.545909,30.508165],[104.564545,30.476752],[104.53419,30.434272],[104.588308,30.358954],[104.627533,30.34988],[104.67392,30.295722],[104.653087,30.292182],[104.628347,30.248643],[104.704275,30.172919],[104.705007,30.150092],[104.673269,30.134792],[104.653331,30.086249],[104.682628,30.03738],[104.655203,30.004991],[104.669526,29.967353],[104.720876,29.951728],[104.77003,29.858181],[104.841238,29.822537],[104.862641,29.784735],[104.938569,29.76907],[105.038503,29.59748],[105.101166,29.551825],[105.092459,29.531073],[105.050955,29.55211],[105.030772,29.516384],[105.007904,29.524604],[105.028412,29.477484],[105.014252,29.445014],[105.031505,29.390448],[105.001069,29.286566],[105.008556,29.201768],[104.961436,29.160997],[104.965343,29.124538],[105.004649,29.126573],[105.031668,29.094021],[105.063731,29.10338],[105.0713,29.050849],[105.163015,29.013007],[105.220225,29.006415],[105.25294,28.95954],[105.274913,28.97309],[105.285574,28.942084],[105.315359,28.935655],[105.3449,28.951728],[105.384044,28.903591],[105.445242,28.894151]]}},{"type":"Feature","properties":{"name":"Tumen","name_en":"Tumen","region_code":"CN_RIVER_Tumen","source_name":"Natural Earth ne_50m_rivers_lake_centerlines","source_url":"https://raw.githubusercontent.com/nvkelso/natural-earth-vector/master/geojson/ne_10m_rivers_lake_centerlines.geojson","license":"public domain (Natural Earth)"},"geometry":{"type":"MultiLineString","coordinates":[[[128.52240589123764,42.0022212135937],[128.55738775754853,42.00457445640794]],[[128.57435378568408,42.0057157672643],[128.6089754224174,42.03037544024335]],[[128.6467275114407,42.02811355915498],[128.708995,42.030463],[128.7342943414434,42.04734637425126]],[[128.7466685503617,42.04686487200595],[128.903331,42.026557],[128.939708,42.03559],[128.95448193210422,42.075149852040575]],[[128.9936372907696,42.09392300275441],[129.0409523547325,42.113573121955255]],[[129.0633709481124,42.13818947970264],[129.064464,42.153998],[129.105154,42.142361],[129.16026601851115,42.182336569889436]],[[129.17271175084807,42.190560521127274],[129.2125182412724,42.22310049214615]],[[129.21026334978316,42.23283419581495],[129.18167549327333,42.24208132441459]],[[129.1814426116783,42.24235512077673],[129.18221367289294,42.25067240121657]],[[129.20476723568825,42.26409815129022],[129.2156537349112,42.29014266522732]],[[129.22102450864153,42.30331807737156],[129.193614,42.318427],[129.235932,42.324164],[129.235769,42.374579],[129.303396,42.389838],[129.32760221271312,42.42559017366253]],[[129.34458033103584,42.4282798270672],[129.339854,42.445665],[129.3520704701064,42.44810009997203]],[[129.36686187030884,42.439675585996035],[129.38527840486827,42.42849337668315]],[[129.38667026813818,42.42847020085902],[129.39334142619018,42.430063995361]],[[129.5378810034451,42.37031896401622],[129.562999,42.404364],[129.587413,42.411648],[129.59315160867285,42.442680260629615]],[[129.5914650607362,42.44798645304987],[129.5918827227146,42.44815900008569]],[[129.6399261517894,42.44434770542456],[129.703054,42.442694],[129.728526,42.476142],[129.736339,42.585395],[129.762706,42.606472],[129.741303,42.629259],[129.75607433581123,42.644065480355316]],[[129.77224864840585,42.66105493984266],[129.786388,42.685004],[129.757335,42.703925],[129.756928,42.734931],[129.86596403478987,42.969559118850974]],[[129.88558327740566,42.97117196199393],[129.90259184912253,42.97498791780759]],[[129.90204240587204,42.9776863126819],[129.879405,42.996283],[129.9350197516878,43.007824731748386]],[[129.96240992319812,42.982943666488744],[129.96662322945858,42.97874733748551]],[[130.13136207532443,42.96440852477265],[130.12341768072542,42.945767929698846]],[[130.1132603698012,42.91664785370648],[130.15167299763857,42.90758128754522]],[[130.18653638783326,42.908326248550615],[130.2285763158265,42.903837089918106]],[[130.2425876864518,42.7487951872409],[130.2617338375425,42.70984934581141]],[[130.3828458277377,42.6128144369786],[130.39492296776984,42.606023029981564]],[[130.42745887344412,42.58013120456239],[130.44149325940515,42.555737199626975]],[[130.4703061529546,42.56760937908021],[130.454845,42.585395],[130.46548955843232,42.59827074699228]],[[130.58172646190894,42.438624168390334],[130.5848405750988,42.434969556332966]]]}},{"type":"Feature","properties":{"name":"Nemor","name_en":"Nemor","region_code":"CN_RIVER_Nemor","source_name":"Natural Earth ne_50m_rivers_lake_centerlines","source_url":"https://raw.githubusercontent.com/nvkelso/natural-earth-vector/master/geojson/ne_10m_rivers_lake_centerlines.geojson","license":"public domain (Natural Earth)"},"geometry":{"type":"LineString","coordinates":[[127.741791,47.732123],[127.669526,47.802314],[127.646576,47.897895],[127.354096,48.181708],[127.343679,48.256659],[127.285492,48.31269],[127.190684,48.472195],[127.165131,48.499294],[127.077078,48.531521],[126.782237,48.534003],[126.6928,48.584052],[126.506358,48.61876],[126.411632,48.601671],[126.331065,48.557725],[126.207286,48.526557],[126.025401,48.561103],[125.870372,48.547065],[125.765717,48.576239],[125.682872,48.539415],[125.314871,48.526638],[125.04127,48.485622],[124.906261,48.443874],[124.838878,48.458319],[124.691824,48.42414],[124.587901,48.366523],[124.54835,48.327948]]}},{"type":"Feature","properties":{"name":"Quan","name_en":"Quan","region_code":"CN_RIVER_Quan","source_name":"Natural Earth ne_50m_rivers_lake_centerlines","source_url":"https://raw.githubusercontent.com/nvkelso/natural-earth-vector/master/geojson/ne_10m_rivers_lake_centerlines.geojson","license":"public domain (Natural Earth)"},"geometry":{"type":"LineString","coordinates":[[115.556407,33.197699],[115.382498,33.228705],[115.192556,33.338813],[114.908214,33.447862],[114.810151,33.540229],[114.656668,33.605007],[114.592784,33.615261],[114.552013,33.59573],[114.524506,33.602729],[114.453054,33.64289],[114.379975,33.655626],[114.2671,33.708197],[114.079112,33.626899],[114.040701,33.568793],[113.985362,33.563666],[113.871511,33.593817],[113.689464,33.60989],[113.6303,33.665595],[113.629649,33.683702],[113.50294,33.710232],[113.439464,33.698188],[113.402192,33.655585],[113.385509,33.67239],[113.327403,33.637397],[113.285655,33.651313],[113.176362,33.730821],[113.124766,33.716986],[113.001964,33.735175],[112.831635,33.72838],[112.731619,33.756781],[112.67685,33.736029],[112.463471,33.778835],[112.33489,33.775743]]}},{"type":"Feature","properties":{"name":"Muling","name_en":"Muling","region_code":"CN_RIVER_Muling","source_name":"Natural Earth ne_50m_rivers_lake_centerlines","source_url":"https://raw.githubusercontent.com/nvkelso/natural-earth-vector/master/geojson/ne_10m_rivers_lake_centerlines.geojson","license":"public domain (Natural Earth)"},"geometry":{"type":"LineString","coordinates":[[130.079845,43.89643],[130.128184,43.999823],[130.163829,44.038438],[130.194021,44.119452],[130.25172,44.179958],[130.263438,44.221137],[130.307872,44.243109],[130.326752,44.293158],[130.381602,44.362494],[130.371511,44.402615],[130.28004,44.420193],[130.230479,44.49197],[130.257335,44.511664],[130.291515,44.580024],[130.385671,44.636786],[130.392833,44.702663],[130.4546,44.781684],[130.544037,45.004421],[130.594656,45.056993],[130.667654,45.093126],[130.674083,45.151475],[130.723888,45.181667],[130.807546,45.30744],[130.853526,45.343207],[130.929779,45.343451],[131.014171,45.30268],[131.115001,45.299628],[131.241628,45.264594],[131.441417,45.282538],[131.602794,45.338243],[131.692312,45.319648],[131.749766,45.345323],[131.939708,45.511094],[132.082123,45.582465],[132.170909,45.595404],[132.311046,45.698269],[132.495535,45.669501],[132.686941,45.672553],[132.880382,45.719916],[133.056244,45.738959],[133.345307,45.860175],[133.4981337547691,45.87326927962351]]}},{"type":"Feature","properties":{"name":"颍河","name_en":"Ying","region_code":"CN_RIVER_颍河","source_name":"Natural Earth ne_50m_rivers_lake_centerlines","source_url":"https://raw.githubusercontent.com/nvkelso/natural-earth-vector/master/geojson/ne_10m_rivers_lake_centerlines.geojson","license":"public domain (Natural Earth)"},"geometry":{"type":"LineString","coordinates":[[116.521902,32.498847],[116.480235,32.497667],[116.341319,32.556952],[116.318126,32.608018],[116.260916,32.639472],[116.241222,32.727607],[116.202891,32.771796],[116.11671,32.763373],[116.067393,32.812364],[115.995372,32.818142],[115.871349,32.871527],[115.766775,33.00788],[115.72226,33.019151],[115.684174,33.085761],[115.604096,33.125556],[115.574311,33.18891],[115.556407,33.197699]]}},{"type":"Feature","properties":{"name":"沱沱河","name_en":"Tuotuo","region_code":"CN_RIVER_沱沱河","source_name":"Natural Earth ne_50m_rivers_lake_centerlines","source_url":"https://raw.githubusercontent.com/nvkelso/natural-earth-vector/master/geojson/ne_10m_rivers_lake_centerlines.geojson","license":"public domain (Natural Earth)"},"geometry":{"type":"LineString","coordinates":[[90.794688,34.300401],[91.066498,34.341376],[91.259858,34.316596],[91.340424,34.285102],[91.414643,34.294216],[91.704845,34.256537],[91.811534,34.268175],[91.836681,34.215928],[91.97755,34.136542],[92.030528,34.13996],[92.064952,34.18769],[92.148448,34.238959],[92.216319,34.250027],[92.58546,34.210313],[92.631277,34.174099],[92.648692,34.129096],[92.722585,34.087226],[92.813243,34.081326],[92.992768,34.100287]]}},{"type":"Feature","properties":{"name":"恩梅开江","name_en":"Nmai","region_code":"CN_RIVER_恩梅开江","source_name":"Natural Earth ne_50m_rivers_lake_centerlines","source_url":"https://raw.githubusercontent.com/nvkelso/natural-earth-vector/master/geojson/ne_10m_rivers_lake_centerlines.geojson","license":"public domain (Natural Earth)"},"geometry":{"type":"LineString","coordinates":[[97.983165,28.424994],[98.030935,28.417833],[98.061615,28.387071],[98.085948,28.311387],[98.192149,28.249945],[98.250662,28.184434],[98.295665,28.167344],[98.315522,28.140082],[98.331716,28.092475],[98.312511,28.046658],[98.34433,27.928778],[98.327159,27.823594],[98.346934,27.767279],[98.315522,27.708075],[98.295665,27.695095],[98.279389,27.709011],[98.25247869927966,27.677253993261505]]}},{"type":"Feature","properties":{"name":"南盘江","name_en":"Nanpan","region_code":"CN_RIVER_南盘江","source_name":"Natural Earth ne_50m_rivers_lake_centerlines","source_url":"https://raw.githubusercontent.com/nvkelso/natural-earth-vector/master/geojson/ne_10m_rivers_lake_centerlines.geojson","license":"public domain (Natural Earth)"},"geometry":{"type":"LineString","coordinates":[[103.921641,25.878933],[103.874766,25.837836],[103.870128,25.775255],[103.832286,25.775255],[103.832286,25.697048],[103.852631,25.669745],[103.819916,25.62405],[103.866303,25.553046],[103.861908,25.295966],[103.895437,25.263983],[103.859467,25.193671],[103.804861,25.165717],[103.770112,25.118598],[103.784434,25.08751],[103.75644,25.083808],[103.69573,25.03144],[103.632823,25.010199],[103.585867,24.973944],[103.566742,24.98253],[103.523692,24.946641],[103.464366,24.934272],[103.427338,24.932929],[103.422455,24.995429],[103.380382,25.022325],[103.316417,25.00849],[103.249441,25.022325],[103.207774,24.987982],[103.186453,24.981147],[103.174327,24.995063],[103.161632,24.973253],[103.181163,24.932969],[103.165131,24.822618],[103.12794,24.776679],[103.073171,24.752468],[103.038097,24.674018],[103.032237,24.606798],[103.049083,24.566026],[103.075125,24.556749],[103.092296,24.569892],[103.120209,24.550849],[103.105398,24.453192],[103.058686,24.427273],[103.089854,24.401882],[103.092296,24.329657],[103.112804,24.303005],[103.098888,24.235907],[103.146983,24.158393],[103.126475,24.035468],[103.159434,23.98078],[103.177257,23.825548],[103.230479,23.80036],[103.270518,23.802069],[103.300222,23.854804],[103.434255,23.88463],[103.602306,23.888699],[103.598888,23.925605],[103.634288,23.997626],[103.578298,24.062771],[103.583507,24.105821],[103.649669,24.181342],[103.781668,24.213324],[103.846202,24.34162],[103.95517,24.44184],[104.004487,24.454372],[104.083588,24.441352],[104.229503,24.528917],[104.291515,24.535102],[104.372162,24.570746],[104.401134,24.627509],[104.470225,24.669949],[104.537364,24.741156],[104.555756,24.745307],[104.630056,24.682807],[104.694916,24.661689],[104.729096,24.631374],[104.780772,24.679551],[104.840831,24.694892],[104.889415,24.765326],[105.012218,24.797431],[105.047862,24.895331],[105.099864,24.95421],[105.163585,24.978787],[105.188487,25.008734],[105.248627,24.970974],[105.267019,24.938096],[105.314138,24.935818],[105.380463,24.957058],[105.430675,24.934027],[105.457774,24.866319],[105.508393,24.81741],[105.593028,24.810655],[105.654796,24.780626],[105.675141,24.789618],[105.805431,24.707058],[105.870616,24.734402],[105.916108,24.728624],[106.020437,24.641872],[106.059255,24.693427],[106.175955,24.782172],[106.199148,24.829779],[106.198334,24.876736],[106.155365,24.960273],[106.197032,24.960273],[106.227143,24.981391],[106.306244,24.981391],[106.456554,25.035997],[106.586843,25.104315],[106.666515,25.173407],[106.885753,25.196885],[106.923595,25.254828],[106.962983,25.25019],[106.97047,25.234646]]}},{"type":"Feature","properties":{"name":"怒江","name_en":"Nu","region_code":"CN_RIVER_怒江","source_name":"Natural Earth ne_50m_rivers_lake_centerlines","source_url":"https://raw.githubusercontent.com/nvkelso/natural-earth-vector/master/geojson/ne_10m_rivers_lake_centerlines.geojson","license":"public domain (Natural Earth)"},"geometry":{"type":"LineString","coordinates":[[91.518321,31.943061],[91.554698,31.772081],[91.659434,31.718817],[91.688975,31.6824],[91.73585,31.6706],[91.744151,31.645697],[91.730724,31.597276],[91.776296,31.569281],[91.808849,31.508897],[91.784679,31.4713],[91.812999,31.414252],[91.874034,31.402411],[91.938975,31.443386],[92.012625,31.428738],[92.03769,31.409125],[92.038829,31.340888],[92.089854,31.296454],[92.218761,31.289252],[92.264415,31.306749],[92.326264,31.37405],[92.320567,31.442694],[92.336843,31.469753],[92.381358,31.451361],[92.531993,31.50198],[92.664236,31.515937],[92.730968,31.547797],[92.830089,31.552354],[92.884532,31.573106],[92.924083,31.572577],[92.948741,31.540351],[93.009939,31.565253],[93.060802,31.521186],[93.129487,31.545966],[93.442149,31.552069],[93.767996,31.488593],[93.847667,31.512722],[93.925304,31.512152],[93.973237,31.537624],[94.183197,31.480089],[94.257335,31.509711],[94.30128,31.479682],[94.487641,31.484402],[94.579845,31.455512],[94.59905,31.429958],[94.57252,31.381863],[94.567963,31.314765],[94.505463,31.25788],[94.60849,31.229438],[94.639171,31.127468],[94.689138,31.096015],[94.736827,31.072781],[94.772716,31.074774],[94.900645,31.128526],[94.921641,31.16706],[94.967296,31.185126],[95.058197,31.169745],[95.112071,31.188747],[95.251964,31.18891],[95.44752,31.118923],[95.527924,30.980821],[95.601573,30.939805],[95.693777,30.96601],[95.780284,30.953966],[95.822765,31.000922],[95.864838,31.006619],[95.889903,30.97956],[95.910492,30.986396],[96.102794,30.920844],[96.254975,30.892401],[96.290701,30.85989],[96.335704,30.860785],[96.367768,30.81623],[96.44394,30.566107],[96.540457,30.433539],[96.595632,30.447943]]}},{"type":"Feature","properties":{"name":"通天河","name_en":"Tongtian","region_code":"CN_RIVER_通天河","source_name":"Natural Earth ne_50m_rivers_lake_centerlines","source_url":"https://raw.githubusercontent.com/nvkelso/natural-earth-vector/master/geojson/ne_10m_rivers_lake_centerlines.geojson","license":"public domain (Natural Earth)"},"geometry":{"type":"LineString","coordinates":[[92.992768,34.100287],[93.011729,34.108588],[93.03419,34.163031],[93.128429,34.225898],[93.348155,34.232123],[93.392019,34.218451],[93.477306,34.232123],[93.662852,34.211697],[93.748627,34.232286],[93.813731,34.273057],[93.811127,34.316718],[93.849864,34.327338],[93.917247,34.453559],[93.973155,34.4713],[94.068126,34.561347],[94.169444,34.589057],[94.264578,34.583767],[94.351166,34.670966],[94.362315,34.656684],[94.392345,34.684394],[94.475841,34.695339],[94.558442,34.764024],[94.602468,34.767524],[94.652354,34.741278],[94.883393,34.700954],[94.94394,34.66352],[94.967459,34.6706],[94.989024,34.608913],[95.006765,34.585801],[95.053803,34.574774],[95.067475,34.5338],[95.111501,34.530707],[95.169932,34.486029],[95.211436,34.49962],[95.235362,34.464911],[95.276378,34.472357],[95.313975,34.458686],[95.317556,34.480292],[95.33839,34.485907],[95.348643,34.461778],[95.466563,34.362616],[95.555919,34.329942],[95.578054,34.311143],[95.5678,34.280544],[95.588878,34.259467],[95.5678,34.238959],[95.596202,34.224677],[95.617605,34.233832],[95.680268,34.200792],[95.706635,34.129177],[95.794363,34.053331],[95.825857,34.051866],[95.865001,33.971788],[95.894786,33.944851],[95.898204,33.914374],[95.992931,33.869005],[95.987071,33.843207],[96.122081,33.797919],[96.095876,33.779649],[96.130626,33.764838],[96.218272,33.786444],[96.211436,33.773464],[96.231944,33.751736],[96.197765,33.746161],[96.227306,33.738593],[96.23463,33.717963],[96.256114,33.732489],[96.314708,33.731879],[96.35906,33.765977],[96.400076,33.746161],[96.403819,33.684109],[96.430186,33.690863],[96.500011,33.643134],[96.472097,33.622626],[96.577566,33.611151],[96.617768,33.588406],[96.623546,33.546902],[96.700694,33.547309],[96.706716,33.51911],[96.689464,33.50613],[96.722748,33.43948],[96.705496,33.423407],[96.732839,33.396674],[96.753347,33.409735],[96.746511,33.396674],[96.772716,33.38878],[96.773692,33.35574],[96.800955,33.389838],[96.793549,33.375556],[96.828298,33.313544],[96.848888,33.334581],[96.858979,33.32213],[96.917735,33.327175],[96.963959,33.348212],[96.97934,33.327175],[97.007091,33.341417],[96.999766,33.313544],[97.020437,33.320176],[97.023936,33.214464],[97.083995,33.156684],[97.134288,33.133246],[97.185313,33.046658],[97.229991,33.022732],[97.25351,32.9442],[97.360769,32.896999],[97.3838,32.77912],[97.430431,32.700222],[97.56544,32.624823],[97.603038,32.621446],[97.620372,32.587958],[97.663585,32.559841],[97.817556,32.51321],[97.856212,32.51907],[97.886648,32.497585],[98.013927,32.464423],[98.080333,32.404608],[98.122813,32.400214],[98.205577,32.355577],[98.2199,32.252143],[98.309255,32.128607],[98.374522,32.080349],[98.393321,32.040066],[98.452729,31.983995],[98.444835,31.907904],[98.418875,31.879828],[98.435069,31.838324],[98.425385,31.8133],[98.501231,31.749701],[98.541515,31.689765]]}},{"type":"Feature","properties":{"name":"怒江","name_en":"Nu","region_code":"CN_RIVER_怒江","source_name":"Natural Earth ne_50m_rivers_lake_centerlines","source_url":"https://raw.githubusercontent.com/nvkelso/natural-earth-vector/master/geojson/ne_10m_rivers_lake_centerlines.geojson","license":"public domain (Natural Earth)"},"geometry":{"type":"MultiLineString","coordinates":[[[96.595632,30.447943],[96.701752,30.441759],[96.691742,30.370225],[96.722179,30.297065],[96.772553,30.291449],[96.857432,30.239936],[96.917979,30.241767],[96.991954,30.197537],[97.060313,30.194281],[97.169037,30.113389],[97.247813,30.089667],[97.287608,30.021511],[97.337413,29.974311],[97.358165,29.899482],[97.418061,29.860663],[97.428233,29.795274],[97.447276,29.773139],[97.442393,29.684678],[97.561453,29.548041],[97.581147,29.486111],[97.703705,29.450873],[97.723643,29.422716],[97.848155,29.371772],[97.866466,29.339219],[97.897716,29.327826],[97.897227,29.290839],[97.935639,29.25491],[97.944347,29.194119],[98.040538,29.072455],[98.046967,29.038153],[98.082286,29.019151],[98.103282,28.921495],[98.182384,28.818468],[98.257498,28.790229],[98.343435,28.71544],[98.374441,28.531195],[98.439057,28.492947],[98.452729,28.407009],[98.445323,28.339301],[98.47047,28.297675],[98.485444,28.129665],[98.568858,28.096015],[98.651378,28.006293],[98.667003,27.956081],[98.685476,27.96129],[98.658214,27.927802],[98.68629,27.867377],[98.673106,27.769558],[98.731619,27.669013],[98.827566,27.568956],[98.825125,27.488634],[98.809011,27.461697],[98.88616,27.261013],[98.868663,27.173855],[98.898448,26.454901],[98.889415,26.373358],[98.859467,26.335639],[98.871511,26.280626],[98.857432,26.177191],[98.871104,26.145819],[98.843028,26.084337],[98.853282,26.048041],[98.836925,25.920478],[98.894786,25.471259],[98.871104,25.3817],[98.877371,25.324042],[98.843028,25.28616],[98.843028,25.22781],[98.858653,25.198513],[98.843028,25.188056],[98.843028,25.073269],[98.905284,24.918728],[98.888601,24.901557],[98.895437,24.873603],[98.955496,24.746039],[99.035492,24.69713],[99.054698,24.653876],[99.024994,24.490261],[98.97934,24.415391],[99.046967,24.383897],[99.064952,24.321479],[99.125255,24.284247],[98.999034,24.243232],[98.937511,24.186591],[98.82557799952473,24.131367708605307]],[[98.70373205467126,24.116445631860373],[98.659520156591,24.103802406999154]],[[98.60428624511654,24.085466390191822],[98.5931565256946,24.081097828233855]]]}},{"type":"Feature","properties":{"name":"红水河","name_en":"Hongshui","region_code":"CN_RIVER_红水河","source_name":"Natural Earth ne_50m_rivers_lake_centerlines","source_url":"https://raw.githubusercontent.com/nvkelso/natural-earth-vector/master/geojson/ne_10m_rivers_lake_centerlines.geojson","license":"public domain (Natural Earth)"},"geometry":{"type":"LineString","coordinates":[[106.97047,25.241482],[106.981944,25.134304],[107.03183,25.035997],[107.085704,24.997341],[107.155935,25.008734],[107.195079,24.9442],[107.246186,24.915351],[107.310313,24.840155],[107.334565,24.751085],[107.306895,24.707058],[107.3449,24.622585],[107.456065,24.509101],[107.514171,24.395575],[107.519786,24.323513],[107.563243,24.350775],[107.60198,24.317979],[107.608409,24.21365],[107.5595,24.163886],[107.532725,24.172634],[107.485606,24.114569],[107.521088,24.078396],[107.498546,24.055976],[107.520763,24.002509],[107.556407,23.963446],[107.62794,23.937445],[107.689057,23.969428],[107.782319,23.861843],[107.864838,23.711249],[107.885265,23.709906],[107.922455,23.746853],[107.976003,23.740831],[108.011974,23.754259],[108.042003,23.808295],[108.110362,23.830878],[108.121023,23.863349],[108.16269,23.836249],[108.197276,23.88585],[108.265717,23.915635],[108.28004,23.966579],[108.301524,23.958441],[108.320404,24.007514],[108.352794,24.004828],[108.402843,24.048163],[108.503429,24.005439],[108.601573,23.993923],[108.721202,23.856879],[108.751882,23.878445],[108.764415,23.851752],[108.796641,23.835761],[108.869721,23.829413],[108.857026,23.79914],[108.882823,23.768581],[108.853038,23.754706],[108.850108,23.734565],[108.891368,23.706488],[108.910085,23.658718],[108.942393,23.638373],[108.982432,23.641303],[109.168549,23.736274],[109.211192,23.727607],[109.218435,23.706488],[109.239024,23.706488],[109.261241,23.681342],[109.342052,23.706488],[109.424897,23.763699],[109.430919,23.850531],[109.449474,23.864203],[109.487234,23.803087],[109.528575,23.796413]]}},{"type":"Feature","properties":{"name":"Quan","name_en":"Quan","region_code":"CN_RIVER_Quan","source_name":"Natural Earth ne_50m_rivers_lake_centerlines","source_url":"https://raw.githubusercontent.com/nvkelso/natural-earth-vector/master/geojson/ne_10m_rivers_lake_centerlines.geojson","license":"public domain (Natural Earth)"},"geometry":{"type":"LineString","coordinates":[[109.528575,23.796413],[109.560964,23.789496],[109.567963,23.764838],[109.547537,23.706488],[109.602631,23.711697],[109.612315,23.682563],[109.655528,23.682318],[109.663585,23.658718],[109.635916,23.611151],[109.683604,23.582343],[109.74464,23.465196],[109.815359,23.485216],[109.838878,23.473456],[109.853282,23.429389],[109.951589,23.418524],[109.998139,23.467312],[110.089366,23.404853]]}},{"type":"Feature","properties":{"name":"浔江","name_en":"Xun","region_code":"CN_RIVER_浔江","source_name":"Natural Earth ne_50m_rivers_lake_centerlines","source_url":"https://raw.githubusercontent.com/nvkelso/natural-earth-vector/master/geojson/ne_10m_rivers_lake_centerlines.geojson","license":"public domain (Natural Earth)"},"geometry":{"type":"LineString","coordinates":[[110.089285,23.407986],[110.113699,23.418158],[110.126557,23.470486],[110.163178,23.475369],[110.16505,23.523464],[110.208263,23.583075],[110.237885,23.590766],[110.287852,23.579372],[110.312592,23.540147],[110.39739,23.532416],[110.462494,23.487372],[110.521658,23.477362],[110.553152,23.435736],[110.587901,23.462429],[110.693451,23.447292],[110.734874,23.471951],[110.786388,23.471869],[110.846934,23.43769],[110.868744,23.37877],[110.895112,23.371527],[110.962901,23.415595],[111.070567,23.452501],[111.216319,23.430854],[111.253835,23.478339],[111.301362,23.480658]]}},{"type":"Feature","properties":{"name":"金沙江","name_en":"Jinsha","region_code":"CN_RIVER_金沙江","source_name":"Natural Earth ne_50m_rivers_lake_centerlines","source_url":"https://raw.githubusercontent.com/nvkelso/natural-earth-vector/master/geojson/ne_10m_rivers_lake_centerlines.geojson","license":"public domain (Natural Earth)"},"geometry":{"type":"MultiLineString","coordinates":[[[98.541515,31.689765],[98.591889,31.598741],[98.884776,31.354031],[98.767589,31.230292],[98.682546,31.315863],[98.637625,31.30919],[98.611095,31.25613],[98.619884,31.187852],[98.603526,31.169623],[98.692882,31.12462],[98.726003,31.059638],[98.802745,30.990912],[98.797862,30.940782],[98.774913,30.902167],[98.787364,30.880805],[98.8803,30.793077],[98.954112,30.747829],[98.96046,30.727118],[98.952891,30.708116],[98.905284,30.68244],[98.90504,30.663682],[98.93157,30.579454],[98.932546,30.490587],[98.96046,30.459906],[98.986501,30.144314],[99.033946,30.055243],[99.056082,29.915229],[99.0053,29.820014],[99.000662,29.784939],[99.014415,29.767849],[99.000662,29.756944],[98.986501,29.650824],[99.04184,29.562364],[99.062266,29.308214],[99.10849,29.224148],[99.103933,29.092149],[99.120942,28.964626],[99.096446,28.835883],[99.124278,28.749579],[99.130463,28.664578],[99.17213,28.592597],[99.165294,28.554714],[99.180186,28.504706],[99.162364,28.438056],[99.226654,28.339301],[99.273448,28.307237],[99.274425,28.277208],[99.381277,28.184434],[99.398529,28.12641]],[[99.398529,28.119574],[99.394542,28.042507],[99.457774,27.86876],[99.431651,27.797716],[99.441335,27.750027],[99.480968,27.674628],[99.523041,27.653591],[99.521495,27.605048],[99.560313,27.563259],[99.555675,27.509467],[99.586192,27.486925],[99.64503,27.385932],[99.635916,27.350206],[99.653087,27.317694],[99.802419,27.195583],[99.947765,27.029486],[99.97405,26.886298],[100.063406,26.958279],[100.084727,27.069119],[100.059011,27.12873],[100.063406,27.173651],[100.11614,27.208523],[100.244558,27.361151],[100.214285,27.413886],[100.193126,27.511013],[100.295014,27.683539],[100.299571,27.832099],[100.420339,27.838487],[100.433197,27.742784],[100.464936,27.670681],[100.448822,27.498969],[100.542979,27.438788],[100.522716,27.376654],[100.552419,27.255479],[100.538829,27.21955],[100.494721,27.187934],[100.433849,27.183905],[100.497081,27.124132],[100.453868,27.0303],[100.474294,26.934678],[100.451915,26.826443],[100.398204,26.803819],[100.393972,26.787177],[100.418956,26.639228],[100.433197,26.625596],[100.426524,26.519477],[100.460704,26.403388],[100.412852,26.300076],[100.447032,26.227729],[100.473725,26.214952],[100.547944,26.229438],[100.612071,26.201036],[100.635671,26.213162],[100.667735,26.191677],[100.774913,26.184149],[100.83074,26.206],[100.905772,26.166287],[100.987804,26.269721],[101.125662,26.345282],[101.201101,26.372382],[101.239675,26.362982],[101.422944,26.393093],[101.476329,26.461046],[101.451915,26.471625],[101.464366,26.492133],[101.452729,26.531195],[101.518484,26.590644],[101.618907,26.598253],[101.646658,26.57038],[101.652354,26.589952],[101.680919,26.564154],[101.723074,26.594306],[101.754975,26.583319],[101.805675,26.601426],[101.845876,26.571885],[101.892833,26.462266],[101.947765,26.413357],[101.94044,26.317165],[101.904389,26.23782],[101.917247,26.210517],[101.857026,26.169013],[101.844737,26.13935],[101.844737,26.032823],[101.830577,25.994981],[101.874115,25.972968],[101.957774,25.994981],[102.017833,25.98668],[102.083995,25.999579],[102.098643,26.015448],[102.10198,26.071112],[102.130382,26.114814],[102.222179,26.186794],[102.25172,26.228787],[102.338308,26.251166],[102.40032,26.311713],[102.502615,26.337592],[102.567882,26.378526],[102.626231,26.345038],[102.60963,26.260118],[102.680919,26.221503],[102.710867,26.228949],[102.766775,26.293321],[102.845225,26.327094],[102.87794,26.365017],[102.951182,26.345038],[102.988292,26.365098],[103.00294,26.400255],[102.989268,26.44123],[103.00294,26.461127],[102.995535,26.485378],[103.038666,26.506171],[103.057709,26.557196],[103.030284,26.601671],[103.029226,26.661811],[102.975108,26.831081],[102.901134,26.924628],[102.899343,27.002997],[102.878184,27.035712],[102.915457,27.134345],[102.889252,27.291368],[102.9546,27.420722],[102.991222,27.385932],[103.120616,27.412177],[103.146983,27.434353],[103.160167,27.497138],[103.217865,27.566759],[103.295909,27.587755],[103.304698,27.605048],[103.28419,27.640448],[103.451427,27.759874],[103.458507,27.792548],[103.503022,27.849677],[103.518565,27.94538],[103.564708,27.983018],[103.513927,27.971381],[103.489024,28.037665],[103.440929,28.042304],[103.434255,28.068061],[103.456472,28.105251],[103.454845,28.133857],[103.538178,28.184434],[103.571544,28.243109],[103.643565,28.270453],[103.722097,28.21544],[103.879975,28.325629],[103.794932,28.531073],[103.836436,28.604844],[103.850678,28.668036]]]}},{"type":"Feature","properties":{"name":"长江","name_en":"Chang Jiang","region_code":"CN_RIVER_长江","source_name":"Natural Earth ne_50m_rivers_lake_centerlines","source_url":"https://raw.githubusercontent.com/nvkelso/natural-earth-vector/master/geojson/ne_10m_rivers_lake_centerlines.geojson","license":"public domain (Natural Earth)"},"geometry":{"type":"MultiLineString","coordinates":[[[112.78183,29.743964],[112.885834,29.791693],[112.912364,29.764431],[112.936046,29.693223],[113.019216,29.77086],[113.005951,29.706122],[112.913503,29.634467],[112.927664,29.495185],[112.953136,29.476589],[113.007823,29.518012],[113.032644,29.518988],[113.054698,29.443223],[113.07545,29.447455],[113.084727,29.494656],[113.127615,29.462755]],[[103.850678,28.668036],[103.866303,28.675116],[103.87794,28.630439],[103.972748,28.613064],[104.047537,28.63349],[104.091807,28.612616],[104.139903,28.633368],[104.232188,28.639594],[104.248057,28.661933],[104.311697,28.630439],[104.36321,28.647162],[104.456472,28.6435],[104.588634,28.728339],[104.599294,28.784369],[104.757091,28.798041],[104.803803,28.828477],[104.858409,28.817735],[104.92213,28.776923],[104.991628,28.841498],[105.029877,28.81977],[105.018321,28.756415],[105.115733,28.71369],[105.15089,28.732245],[105.164806,28.787462],[105.236257,28.749579],[105.339936,28.783515],[105.384044,28.869696],[105.435557,28.883816],[105.459565,28.911241],[105.497569,28.886786],[105.542735,28.899197],[105.559174,28.915107],[105.545909,28.95128],[105.560069,28.961127],[105.622325,28.942165],[105.639252,28.887478],[105.709076,28.894232],[105.77532,28.928249],[105.812755,28.839626],[105.84547,28.825385],[105.877208,28.836127],[105.897227,28.863715],[105.894786,28.900458],[105.873627,28.914659],[105.86907,28.946072],[105.818858,28.957546],[105.880626,29.047309],[105.990896,29.064887],[106.025076,29.106513],[106.089854,29.081244],[106.14088,29.090522],[106.117931,29.164496],[106.162364,29.229356],[106.237315,29.246527],[106.250987,29.264268],[106.244151,29.290839],[106.308686,29.276394],[106.370128,29.29206],[106.392996,29.336493],[106.463878,29.397406],[106.524832,29.408149],[106.498057,29.480496],[106.536062,29.494452],[106.534434,29.544989],[106.581635,29.568427],[106.596446,29.624538],[106.621023,29.627265],[106.680756,29.572618],[106.775076,29.617377],[106.842214,29.593329],[106.963634,29.756944],[107.070893,29.82392],[107.095876,29.804999],[107.117768,29.740261],[107.183442,29.688747],[107.221121,29.691718],[107.334076,29.7508],[107.399018,29.728217],[107.425955,29.780463],[107.473888,29.824164],[107.458751,29.884711],[107.478038,29.899034],[107.635916,29.853054],[107.68629,29.864691],[107.744395,29.903754],[107.84962,30.004706],[107.868256,30.113227],[107.928233,30.155544],[107.943614,30.209418],[107.992931,30.233018],[108.02003,30.299913],[108.074311,30.331977],[108.094493,30.313096],[108.118337,30.317572],[108.087576,30.360297],[108.231619,30.449652],[108.348725,30.638983],[108.409923,30.709744],[108.424083,30.750678],[108.409923,30.795722],[108.416596,30.833808],[108.497569,30.862413],[108.522227,30.911933],[108.6421,30.948269],[108.745616,30.922634],[108.877208,30.95954],[109.012543,30.949408],[109.17685,30.97663],[109.296641,30.965847],[109.430105,30.996202],[109.497813,31.034125],[109.573985,31.04267],[109.670421,30.997097],[109.784679,31.053656],[109.955007,31.073432],[110.042735,31.026923],[110.149506,31.038682],[110.281749,31.021023],[110.355724,31.052314],[110.44394,31.02558],[110.532807,31.031846],[110.583751,31.004991],[110.657319,30.997097],[110.801524,30.943874],[110.850678,30.893622],[110.965831,30.874213],[111.018647,30.829047],[111.124034,30.852566],[111.161225,30.826768],[111.158214,30.788601],[111.263276,30.756537],[111.277599,30.741807],[111.267507,30.709744],[111.391205,30.58572],[111.448822,30.47016],[111.444428,30.423204],[111.527436,30.401231],[111.499522,30.333686],[111.55071,30.271674],[111.592052,30.281277],[111.629324,30.356024],[111.678315,30.395046],[111.797293,30.428534],[111.881358,30.41828],[111.997813,30.291815],[112.195323,30.307481],[112.239024,30.295478],[112.268077,30.264716],[112.270518,30.223578],[112.192882,30.134345],[112.196544,30.092353],[112.352468,30.05919],[112.417898,29.99372],[112.425141,29.948798],[112.384369,29.863064],[112.368663,29.726589],[112.466075,29.778673],[112.53297,29.774359],[112.548839,29.823065],[112.575857,29.8463],[112.600352,29.839219],[112.590017,29.77497],[112.610606,29.709784],[112.636241,29.71369],[112.63795,29.805365],[112.654307,29.822333],[112.714773,29.822292],[112.764171,29.789984],[112.692556,29.764431],[112.693126,29.747382],[112.721772,29.738593],[112.788829,29.743964]]]}},{"type":"Feature","properties":{"name":"长江","name_en":"Yangtze","region_code":"CN_RIVER_长江","source_name":"Natural Earth ne_50m_rivers_lake_centerlines","source_url":"https://raw.githubusercontent.com/nvkelso/natural-earth-vector/master/geojson/ne_10m_rivers_lake_centerlines.geojson","license":"public domain (Natural Earth)"},"geometry":{"type":"MultiLineString","coordinates":[[[119.606375,32.196885],[119.572358,32.191759],[119.504812,32.239529],[119.365326,32.234402],[119.252208,32.200019],[119.078705,32.232733],[118.909679,32.173896],[118.774343,32.187079],[118.689464,32.062445],[118.498627,31.851264],[118.426199,31.724473],[118.379649,31.556179],[118.302175,31.438341],[118.324474,31.371039],[118.315115,31.308051],[118.220144,31.291124],[118.060557,31.233222],[118.014171,31.237616],[117.995942,31.208604],[117.988699,31.122829],[117.952729,31.093573],[117.907156,31.087673],[117.856863,31.140937],[117.793386,31.124457],[117.766531,31.092108],[117.768077,31.006659],[117.697276,30.803738],[117.42921,30.70246],[117.226003,30.673367],[117.232839,30.555121],[117.209565,30.514024],[117.150645,30.494249],[117.007498,30.48371],[116.89267,30.423285],[116.888276,30.402615],[116.921397,30.33747],[116.90683,30.270697],[116.808523,30.102078],[116.716075,30.05976],[116.636485,30.043321],[116.575206,29.99079],[116.51295,29.89411],[116.389171,29.876003],[116.265229,29.788886],[116.110281,29.786444],[115.99879,29.744005],[115.888682,29.731757],[115.743337,29.808783],[115.704845,29.860704],[115.534923,29.85456],[115.46339,29.871283],[115.426687,29.895331],[115.386729,29.969672],[115.330496,30.018175],[115.275401,30.120958],[115.189952,30.208767],[115.072032,30.236029],[115.061453,30.270453],[115.072765,30.341132],[115.052989,30.369005],[114.987397,30.407416],[114.860769,30.418891],[114.829275,30.441107],[114.808523,30.526313],[114.851573,30.576931],[114.844737,30.605658],[114.731456,30.609442],[114.600841,30.574286],[114.56601,30.593329],[114.502371,30.673163],[114.429128,30.690294],[114.354015,30.656521],[114.296397,30.586859]],[[116.19752,29.75141],[116.20753,29.779486]],[[113.127615,29.462755],[113.415538,29.764472],[113.607026,29.890204],[113.664236,29.954617],[113.687755,29.963446],[113.706716,29.9289],[113.748627,29.919989],[113.79241,29.933417],[113.92335,30.033555],[114.062266,30.088935],[114.064382,30.124376],[113.983409,30.185167],[113.940115,30.203233],[113.874441,30.184841],[113.858165,30.195828],[113.857595,30.231065],[113.927175,30.28852],[113.968028,30.291368],[114.018565,30.240505],[114.039073,30.2296],[114.053966,30.24018],[114.106619,30.352322],[114.24171,30.497423],[114.303233,30.593044]]]}},{"type":"Feature","properties":{"name":"叶尔羌河","name_en":"Yarkant","region_code":"CN_RIVER_叶尔羌河","source_name":"Natural Earth ne_50m_rivers_lake_centerlines","source_url":"https://raw.githubusercontent.com/nvkelso/natural-earth-vector/master/geojson/ne_10m_rivers_lake_centerlines.geojson","license":"public domain (Natural Earth)"},"geometry":{"type":"LineString","coordinates":[[77.524913,35.520697],[77.657725,35.591335],[77.681651,35.619167],[77.709972,35.753445],[77.688975,35.784939],[77.552745,35.879665],[77.543956,35.903835],[77.642182,36.079291],[77.759532,36.142605],[77.757742,36.17182],[77.627371,36.199083],[77.531179,36.267401],[77.538585,36.287869],[77.490733,36.342475],[77.498057,36.372382],[77.450776,36.429714],[77.250011,36.459174],[77.158132,36.446153],[77.079194,36.459174],[76.828868,36.383409],[76.749604,36.404568],[76.643972,36.400255],[76.493663,36.432481],[76.420828,36.552314],[76.369151,36.564724],[76.274669,36.619452],[76.191661,36.634467],[76.102631,36.688788],[76.058197,36.76081],[76.015554,36.88581],[75.962006,36.945828],[75.924408,36.956081],[75.920095,36.971788],[76.008067,37.093085],[76.015066,37.177069],[75.969493,37.206488],[75.90683,37.317898],[75.954682,37.328477],[75.974539,37.29206],[76.079356,37.288398],[76.106049,37.274726],[76.143565,37.312934],[76.184825,37.32628],[76.191661,37.363552],[76.249441,37.418158],[76.229015,37.459744],[76.236501,37.544704],[76.222748,37.582587],[76.236339,37.596869],[76.181163,37.733466],[76.207123,37.810167],[76.167491,37.837104],[76.201671,37.850775],[76.219005,37.89171],[76.26767,37.896837],[76.276134,37.966905],[76.363048,37.987901],[76.425304,37.970771],[76.518077,37.994086],[76.546804,37.982245],[76.537201,37.931586],[76.674571,37.906033],[76.727306,37.88113],[76.775401,37.882595],[76.942149,38.035102],[77.002696,38.060492],[77.019135,38.091376],[77.209727,38.23371],[77.38144,38.339301],[77.393972,38.354438],[77.3296,38.583197],[77.36671,38.604275],[77.387218,38.666327],[77.449229,38.699897],[77.483816,38.796088],[77.572765,38.871161],[77.581472,38.891303],[77.555431,39.006619],[77.617117,39.039374],[77.623139,39.093044],[77.647878,39.138699],[77.668956,39.131863],[77.710216,39.160427],[77.734874,39.148301],[77.748627,39.192491],[77.866954,39.275214],[77.929454,39.29621],[77.943858,39.332546],[78.004812,39.371446],[78.069347,39.382025],[78.087332,39.412421],[78.214447,39.483669],[78.470225,39.584337],[78.490896,39.576606],[78.552419,39.604193],[78.565929,39.563829],[78.586192,39.558132],[78.689464,39.604193],[78.819753,39.61164],[78.833995,39.645819],[78.902354,39.617499],[78.956716,39.638983],[78.97462,39.627224],[79.018647,39.634304],[79.130382,39.69538],[79.244884,39.707221],[79.34726,39.739081],[79.45753,39.82807],[79.590587,39.837592],[79.770437,39.94831],[79.852794,39.971951],[79.870372,39.994493],[79.90797,40.004503],[79.928233,40.062079],[79.957449,40.078681],[80.065522,40.090033],[80.155935,40.126166],[80.211192,40.180203],[80.259044,40.187038],[80.285737,40.214382],[80.346934,40.231228],[80.381928,40.310492],[80.435964,40.343288],[80.466807,40.404079],[80.522553,40.406114],[80.617198,40.445746],[80.642589,40.434109],[80.795095,40.45246],[80.820811,40.427273],[80.88795,40.467108]]}},{"type":"Feature","properties":{"name":"辽河","name_en":"Liao","region_code":"CN_RIVER_辽河","source_name":"Natural Earth ne_50m_rivers_lake_centerlines","source_url":"https://raw.githubusercontent.com/nvkelso/natural-earth-vector/master/geojson/ne_10m_rivers_lake_centerlines.geojson","license":"public domain (Natural Earth)"},"geometry":{"type":"LineString","coordinates":[[123.553966,43.483466],[123.603119,43.439643],[123.6338,43.370185],[123.628998,43.346381],[123.574474,43.294786],[123.539643,43.085639],[123.515147,43.047553],[123.526541,42.990058],[123.589936,42.935126],[123.601736,42.818712],[123.560802,42.702012],[123.579031,42.674262],[123.609304,42.67475],[123.649506,42.620144],[123.694021,42.597235],[123.683686,42.579169],[123.762218,42.534491],[123.766775,42.496609],[123.800955,42.469672],[123.793549,42.42829],[123.807628,42.411811],[123.863048,42.417792],[123.897227,42.400417],[123.894623,42.379462],[123.798757,42.304999],[123.757091,42.305976],[123.738862,42.291124],[123.706716,42.306505],[123.647634,42.298163],[123.622813,42.256415],[123.588145,42.256415],[123.557384,42.209906],[123.3838,42.141059],[123.351736,42.161241],[123.249278,42.174506],[123.195567,42.158637],[123.160574,42.124538],[123.089692,42.117621],[123.051687,42.101752],[123.033214,42.072089],[122.960378,42.054999],[122.97169,42.044135],[122.924571,41.982693],[122.930756,41.969021],[122.889903,41.962226],[122.924571,41.941677],[122.914236,41.923692],[122.854991,41.879665],[122.862641,41.872829],[122.8296,41.840033],[122.78419,41.830349],[122.7588,41.797065],[122.786794,41.79088],[122.766205,41.766954],[122.774425,41.740587],[122.743744,41.734198],[122.739024,41.694648],[122.690684,41.663926],[122.704194,41.585395],[122.643647,41.53144],[122.622325,41.458197],[122.656342,41.37934],[122.641775,41.305732],[122.477143,41.199571],[122.397634,41.176703],[122.388927,41.136664],[122.414806,41.086005],[122.409434,41.002631],[122.341807,40.995795],[122.334972,40.926866],[122.323253,40.94245],[122.313731,40.906358],[122.278331,40.865912],[122.203868,40.851752],[122.180431,40.868842],[122.177257,40.844916],[122.110362,40.808539],[122.115245,40.783515],[122.190929,40.715277],[122.258474,40.693468],[122.20989,40.682685],[122.165457,40.710028],[122.156261,40.701606]]}},{"type":"Feature","properties":{"name":"沅江","name_en":"Yuan","region_code":"CN_RIVER_沅江","source_name":"Natural Earth ne_50m_rivers_lake_centerlines","source_url":"https://raw.githubusercontent.com/nvkelso/natural-earth-vector/master/geojson/ne_10m_rivers_lake_centerlines.geojson","license":"public domain (Natural Earth)"},"geometry":{"type":"MultiLineString","coordinates":[[[112.993582,29.147488],[113.000011,29.216091],[113.034597,29.288113],[113.047944,29.363227],[113.070811,29.389187]],[[112.904796,29.031358],[112.843272,28.931464],[112.766612,28.892524],[112.642589,28.861762],[112.539073,28.865668],[112.507823,28.831488],[112.470714,28.81977],[112.435557,28.820665],[112.361501,28.89171],[112.3331,28.900743],[112.307628,28.843207],[112.272065,28.849555],[112.186534,28.914089],[112.007823,28.950222],[111.992931,28.984687]]]}},{"type":"Feature","properties":{"name":"沅江","name_en":"Yuan","region_code":"CN_RIVER_沅江","source_name":"Natural Earth ne_50m_rivers_lake_centerlines","source_url":"https://raw.githubusercontent.com/nvkelso/natural-earth-vector/master/geojson/ne_10m_rivers_lake_centerlines.geojson","license":"public domain (Natural Earth)"},"geometry":{"type":"MultiLineString","coordinates":[[[113.069347,29.387641],[113.127615,29.462755]],[[112.904796,29.031358],[112.942963,29.065253],[112.944591,29.114814],[112.993582,29.147488]],[[107.504812,26.337592],[107.493337,26.305691],[107.499522,26.205512],[107.59547,26.140489],[107.656261,26.160102],[107.712576,26.225898],[107.719493,26.268622],[107.803722,26.404568],[107.80714,26.44123],[107.779226,26.491482],[107.789806,26.512315],[107.861827,26.543647],[107.875418,26.564154],[107.936127,26.581244],[108.028331,26.723456],[108.152843,26.796942],[108.180756,26.831122],[108.237722,26.853339],[108.312429,26.857001],[108.351736,26.824408],[108.396007,26.832465],[108.396088,26.769599],[108.416596,26.776435],[108.430268,26.749091],[108.496755,26.732774],[108.497325,26.696479],[108.519054,26.68769],[108.519135,26.67239],[108.581065,26.646064],[108.581065,26.659735],[108.625499,26.591417],[108.702729,26.696479],[108.76295,26.694525],[108.758718,26.63349],[108.8213,26.611355],[108.868582,26.557563],[108.905284,26.555976],[108.924327,26.591417],[108.939708,26.585883],[109.03297,26.633083],[109.066987,26.591417],[109.101329,26.625596],[109.129242,26.625596],[109.190522,26.666571],[109.214854,26.718085],[109.259776,26.759955],[109.307384,26.769599],[109.389903,26.837917],[109.369151,26.851874],[109.381358,26.872748],[109.453868,26.912136],[109.444428,26.981879],[109.4581,27.033718],[109.410248,27.067206],[109.414073,27.080512],[109.468272,27.07807],[109.486095,27.11225],[109.520112,27.07807],[109.535737,27.118516],[109.591319,27.139512],[109.625662,27.132676],[109.663585,27.194159],[109.67864,27.126899],[109.732026,27.132636],[109.752371,27.146999],[109.747,27.187445],[109.763113,27.209662],[109.896414,27.146999],[110.00294,27.12641],[110.013682,27.139512],[109.995535,27.145575],[110.054617,27.207831],[110.087494,27.283759],[110.135916,27.297797],[110.124522,27.344672],[110.19337,27.382188],[110.277924,27.520575],[110.292247,27.568915],[110.269949,27.608018],[110.273041,27.632921],[110.293956,27.625841],[110.329275,27.643337],[110.324636,27.676866],[110.358328,27.685167],[110.37672,27.714911],[110.336843,27.772406],[110.378835,27.836208],[110.37851,27.866156],[110.342052,27.866319],[110.324718,27.911811],[110.244395,27.908311],[110.250255,27.943468],[110.287364,27.968777],[110.146495,28.016547],[110.135916,28.058173],[110.102468,28.096015],[110.143321,28.099148],[110.139659,28.143826],[110.16505,28.154486],[110.156993,28.167344],[110.204845,28.225775],[110.170665,28.246527],[110.16448,28.29088],[110.232839,28.284044],[110.321544,28.393337],[110.38974,28.428738],[110.363048,28.437527],[110.403412,28.472113],[110.403412,28.513739],[110.445079,28.523627],[110.451915,28.577704],[110.515147,28.600043],[110.506358,28.659369],[110.667247,28.669298],[110.791026,28.754584],[110.972179,28.810126],[111.003429,28.804389],[111.013276,28.78205],[111.081391,28.82099],[111.091889,28.848904],[111.120372,28.866278],[111.143972,28.832139],[111.205089,28.813992],[111.221934,28.758409],[111.339122,28.752997],[111.368175,28.786566],[111.404552,28.790595],[111.425141,28.832139],[111.462576,28.842719],[111.467296,28.893826],[111.493337,28.921495],[111.531668,29.034125],[111.561615,29.051296],[111.585948,29.046169],[111.591075,28.977403],[111.603038,28.969835],[111.631358,28.976426],[111.665294,29.039415],[111.696788,29.026679],[111.698985,28.995876],[111.718354,28.976833],[111.795421,28.970486],[111.814952,28.990668],[111.80128,29.00963],[111.82252,29.020535],[111.90089,28.982978],[111.986746,29.003689],[111.992931,28.98489]]]}},{"type":"Feature","properties":{"name":"象泉河","name_en":"Sutlej","region_code":"CN_RIVER_象泉河","source_name":"Natural Earth ne_50m_rivers_lake_centerlines","source_url":"https://raw.githubusercontent.com/nvkelso/natural-earth-vector/master/geojson/ne_10m_rivers_lake_centerlines.geojson","license":"public domain (Natural Earth)"},"geometry":{"type":"LineString","coordinates":[[81.294688,30.791693],[81.199311,30.852118]]}},{"type":"Feature","properties":{"name":"象泉河","name_en":"Sutlej","region_code":"CN_RIVER_象泉河","source_name":"Natural Earth ne_50m_rivers_lake_centerlines","source_url":"https://raw.githubusercontent.com/nvkelso/natural-earth-vector/master/geojson/ne_10m_rivers_lake_centerlines.geojson","license":"public domain (Natural Earth)"},"geometry":{"type":"MultiLineString","coordinates":[[[81.199311,30.852118],[81.183442,30.896308],[81.15089,30.919135],[80.951752,30.978054],[80.894949,31.034776],[80.755056,31.12462],[80.628429,31.121283],[80.563243,31.096055],[80.525483,31.054796],[80.484955,31.045518],[80.285737,31.114366],[80.231619,31.159003],[80.152436,31.185981],[80.086029,31.260443],[80.003429,31.298407],[80.00172,31.343451],[79.930186,31.402411],[79.885346,31.4713],[79.806651,31.497992],[79.679454,31.48725],[79.52589,31.509589],[79.443451,31.553249],[79.422944,31.586737],[79.354096,31.633246],[79.299408,31.635199],[79.244884,31.672716],[79.121349,31.696601],[79.031261,31.685574],[78.990896,31.648871],[78.94866,31.660956],[78.842703,31.805203],[78.769623,31.808132],[78.717296,31.84748],[78.65711413298737,31.826686632738898]],[[81.375662,30.758124],[81.330984,30.76435],[81.293712,30.792304]]]}},{"type":"Feature","properties":{"name":"汉江","name_en":"Han","region_code":"CN_RIVER_汉江","source_name":"Natural Earth ne_50m_rivers_lake_centerlines","source_url":"https://raw.githubusercontent.com/nvkelso/natural-earth-vector/master/geojson/ne_10m_rivers_lake_centerlines.geojson","license":"public domain (Natural Earth)"},"geometry":{"type":"LineString","coordinates":[[111.477631,32.567816],[111.447846,32.581122],[111.364757,32.574897],[111.138764,32.689073],[111.045828,32.703966],[111.000011,32.740668]]}},{"type":"Feature","properties":{"name":"汉江","name_en":"Han","region_code":"CN_RIVER_汉江","source_name":"Natural Earth ne_50m_rivers_lake_centerlines","source_url":"https://raw.githubusercontent.com/nvkelso/natural-earth-vector/master/geojson/ne_10m_rivers_lake_centerlines.geojson","license":"public domain (Natural Earth)"},"geometry":{"type":"MultiLineString","coordinates":[[[106.398448,33.067694],[106.473399,33.115261],[106.665619,33.143988],[106.70045,33.122341],[106.864268,33.136013],[107.015636,33.038398],[107.058849,33.033881],[107.073416,33.012478],[107.11435,33.046658],[107.156261,33.047471],[107.188243,33.088935],[107.323253,33.101264],[107.357595,33.136013],[107.420828,33.136827],[107.534923,33.215359],[107.54713,33.190619],[107.623546,33.187038],[107.644949,33.170722],[107.735362,33.177436],[107.779226,33.155829],[107.832937,33.191596],[107.863699,33.242947],[107.888682,33.243598],[107.955658,33.206407],[107.937266,33.134385],[107.955089,33.123114],[107.956716,33.080756],[107.977957,33.086615],[108.047781,33.037055],[108.101329,33.046658],[108.219656,33.032335],[108.274994,33.005683],[108.274832,32.970771],[108.245372,32.916287],[108.258881,32.882148],[108.237722,32.839423],[108.252208,32.827501],[108.286225,32.834337],[108.286225,32.799628],[108.312511,32.769843],[108.437755,32.724473],[108.396088,32.703966],[108.416596,32.662421],[108.439464,32.666449],[108.47169,32.633409],[108.448171,32.599433],[108.498057,32.566921],[108.52296,32.528835],[108.601573,32.505398],[108.622081,32.48489],[108.681733,32.504991],[108.697195,32.491767],[108.758067,32.537421],[108.774018,32.566352],[108.759858,32.607774],[108.777843,32.61461],[108.779796,32.635118],[108.800222,32.607774],[108.81894,32.618191],[108.851573,32.586534],[108.855968,32.609565],[108.890391,32.61168],[108.903331,32.642524],[108.996104,32.656195],[109.03297,32.711453],[109.086436,32.724473],[109.1338,32.783962],[109.298432,32.74787],[109.334565,32.758612],[109.389089,32.838487],[109.411794,32.844591],[109.403412,32.868476],[109.438975,32.860419],[109.514252,32.883816],[109.533946,32.909451],[109.565684,32.88349],[109.602061,32.916287],[109.650483,32.904731],[109.718191,32.94835],[109.739268,32.936794]],[[109.739268,32.929958],[109.8095,32.893134],[109.898855,32.914374],[109.992605,32.888943],[110.095632,32.841173],[110.123546,32.813259],[110.215424,32.813259],[110.274099,32.789862],[110.397634,32.858018],[110.411794,32.856065],[110.403412,32.834337],[110.418468,32.829942],[110.462169,32.841173],[110.507091,32.813259],[110.591726,32.829657],[110.588959,32.807074],[110.616954,32.820665],[110.636729,32.793402],[110.705089,32.799628],[110.685313,32.820665],[110.746104,32.86164],[110.824229,32.814643],[110.866466,32.834337],[110.902273,32.810858],[110.993175,32.807074],[110.9581,32.781195],[111.000011,32.740668]],[[111.477631,32.567816],[111.492198,32.530137],[111.547944,32.48489],[111.643891,32.434149],[111.665294,32.402371],[111.633067,32.349311],[111.637299,32.327257],[111.699474,32.265163],[111.693614,32.224189],[111.80128,32.135443],[111.827159,32.078721],[111.953054,32.094916],[111.993256,32.082831],[112.026541,32.046413],[112.192882,32.021999],[112.192882,31.991482],[112.16448,31.951524],[112.220225,31.883612],[112.177257,31.797309],[112.268077,31.737616],[112.336681,31.724392],[112.369884,31.69245],[112.406749,31.606716],[112.452403,31.550238],[112.438569,31.484402],[112.452403,31.443386],[112.402273,31.358262],[112.404552,31.333523],[112.500499,31.24197],[112.567556,31.215399],[112.548432,31.151679],[112.584239,31.086127],[112.517507,31.100775],[112.508067,31.063015],[112.567149,30.94123],[112.577729,30.877021],[112.678966,30.833279],[112.630463,30.82331],[112.649669,30.78323],[112.596283,30.676215],[112.624441,30.657904],[112.719819,30.651964],[112.678966,30.620958],[112.692556,30.552069],[112.771414,30.586859],[112.81601,30.51793],[112.874766,30.496039],[112.881602,30.555732],[112.918468,30.573188],[112.9699,30.524115],[113.06308,30.51793],[113.062511,30.47838],[113.107432,30.483181],[113.124034,30.442206],[113.165538,30.449652],[113.196218,30.428534],[113.289073,30.428534],[113.466563,30.395046],[113.500662,30.408067],[113.545665,30.473253],[113.607432,30.511908],[113.646983,30.586249],[113.74822,30.627794],[113.789236,30.60045],[113.830333,30.620958],[113.834483,30.599962],[113.816742,30.586859],[113.830333,30.575141],[113.852143,30.603217],[113.840587,30.648261],[113.920421,30.632839],[113.941498,30.6789],[113.995697,30.624579],[114.027436,30.616645],[114.031993,30.593044],[114.170665,30.598212],[114.289561,30.566352]]]}},{"type":"Feature","properties":{"name":"赣江","name_en":"Gan","region_code":"CN_RIVER_赣江","source_name":"Natural Earth ne_50m_rivers_lake_centerlines","source_url":"https://raw.githubusercontent.com/nvkelso/natural-earth-vector/master/geojson/ne_10m_rivers_lake_centerlines.geojson","license":"public domain (Natural Earth)"},"geometry":{"type":"LineString","coordinates":[[115.981944,29.279161],[116.05185,29.332546],[116.045828,29.423651],[116.127371,29.51793],[116.161794,29.651435],[116.160655,29.703192],[116.19752,29.75141]]}},{"type":"Feature","properties":{"name":"赣江","name_en":"Gan","region_code":"CN_RIVER_赣江","source_name":"Natural Earth ne_50m_rivers_lake_centerlines","source_url":"https://raw.githubusercontent.com/nvkelso/natural-earth-vector/master/geojson/ne_10m_rivers_lake_centerlines.geojson","license":"public domain (Natural Earth)"},"geometry":{"type":"LineString","coordinates":[[114.412527,24.707058],[114.501964,24.708767],[114.521983,24.746365],[114.575287,24.766872],[114.625662,24.830878],[114.70696,24.875067],[114.727794,24.871527],[114.748953,24.912543],[114.768891,24.904079],[114.765391,24.963975],[114.784597,25.018134],[114.779307,25.055528],[114.741466,25.100531],[114.817149,25.138454],[114.886811,25.157091],[114.905854,25.148708],[114.899018,25.193671],[114.869151,25.2296],[114.865001,25.265692],[114.898529,25.30447],[114.878673,25.337673],[114.919688,25.358181],[114.924734,25.388373],[114.955658,25.401557],[114.953705,25.461208],[115.003917,25.505439],[115.002615,25.621934],[115.083914,25.706488],[115.110932,25.850857],[115.079845,25.892198],[115.023448,25.893907],[115.007091,25.85871],[114.983653,25.850857],[114.953543,25.857367],[114.930186,25.88406],[114.940684,25.940375],[114.908132,25.947292],[114.897472,25.966254],[114.917898,26.020616],[114.953705,26.057074],[114.95753,26.091335],[114.892833,26.132148],[114.924571,26.207343],[114.953705,26.214708],[114.919688,26.27615],[114.923839,26.305609],[114.786143,26.447455],[114.684255,26.520331],[114.67628,26.560411],[114.80364,26.675564],[114.837576,26.776435],[114.940847,26.794216],[115.002615,26.824815],[115.009939,26.862494],[114.972179,26.920681],[114.981619,26.955146],[115.036794,27.006415],[115.03004,27.028428],[114.981619,27.063788],[114.974701,27.108507],[115.109874,27.228298],[115.115245,27.302029],[115.063487,27.451483],[115.111908,27.468533],[115.135509,27.534857],[115.180675,27.566474],[115.220632,27.632921],[115.330496,27.695095],[115.425304,27.874945],[115.440115,27.977403],[115.483165,28.056016],[115.532725,28.080186],[115.622081,28.159206],[115.772634,28.198432],[115.798757,28.238878],[115.833018,28.247504],[115.865489,28.284044],[115.841726,28.392524],[115.819591,28.418728],[115.823985,28.510606],[115.796641,28.565253],[115.815929,28.629462],[115.981537,28.853298],[116.027354,28.974189],[116.023204,29.037624],[115.996755,29.106391],[116.002208,29.208523],[115.981944,29.279161]]}},{"type":"Feature","properties":{"name":"红河","name_en":"Hong","region_code":"CN_RIVER_红河","source_name":"Natural Earth ne_50m_rivers_lake_centerlines","source_url":"https://raw.githubusercontent.com/nvkelso/natural-earth-vector/master/geojson/ne_10m_rivers_lake_centerlines.geojson","license":"public domain (Natural Earth)"},"geometry":{"type":"MultiLineString","coordinates":[[[103.96608144574276,22.502689609454723],[103.93885454986139,22.52520191848444]],[[103.90396457205871,22.555969112920483],[103.87001105996127,22.574470191706933]],[[103.82561495159672,22.615101055261434],[103.78092299261706,22.67053640800899]],[[103.75310798209364,22.693849117024996],[103.74163675028049,22.703463547660913]],[[103.70636263043846,22.738869061912524],[103.585867,22.860704],[103.564708,22.860704],[103.519542,22.910509],[103.287852,23.061632],[103.174327,23.108425],[103.084402,23.12462],[102.927257,23.210801],[102.862722,23.223822],[102.81894,23.284451],[102.725597,23.306423],[102.687755,23.292751],[102.506765,23.379584],[102.342377,23.405219],[102.249522,23.450385],[102.135753,23.480536],[102.10434,23.537869],[102.02296,23.576768],[101.986257,23.612087],[101.977794,23.642768],[101.94044,23.651923],[101.816905,23.761094],[101.717296,23.913764],[101.693289,23.915391],[101.577403,24.081895],[101.571056,24.117377],[101.529389,24.144721],[101.533621,24.163642],[101.502859,24.20307],[101.440684,24.398546],[101.401378,24.417589],[101.318858,24.540961],[101.308116,24.545478],[101.298839,24.51557],[101.274343,24.507148],[101.241466,24.535102],[101.210948,24.537624],[101.132253,24.624538],[101.115245,24.669216],[100.949474,24.835476],[100.893972,24.916693],[100.899832,24.93769],[100.818858,25.025458],[100.734386,24.987616],[100.713878,25.014919],[100.650808,25.024359],[100.578624,25.072618],[100.350515,25.132514],[100.234793,25.385443],[100.182872,25.443183]]]}},{"type":"Feature","properties":{"name":"大渡河","name_en":"Dadu","region_code":"CN_RIVER_大渡河","source_name":"Natural Earth ne_50m_rivers_lake_centerlines","source_url":"https://raw.githubusercontent.com/nvkelso/natural-earth-vector/master/geojson/ne_10m_rivers_lake_centerlines.geojson","license":"public domain (Natural Earth)"},"geometry":{"type":"LineString","coordinates":[[100.070242,33.005683],[100.190929,32.898505],[100.196788,32.858995],[100.291515,32.803168],[100.371186,32.77912],[100.441987,32.726508],[100.488455,32.683458],[100.508393,32.628241],[100.554454,32.576524],[100.71046,32.522732],[100.799897,32.455349],[100.803233,32.341498],[100.847585,32.356472],[100.871511,32.347113],[100.862804,32.331488],[100.960216,32.279853],[101.00644,32.205268],[100.970876,32.088446],[100.977061,32.023871],[101.004893,31.999579],[101.009369,31.970974],[101.081065,31.939968],[101.192149,31.814399],[101.286143,31.779161],[101.344493,31.785997],[101.424815,31.765082],[101.47755,31.802924],[101.571056,31.792263],[101.646658,31.819525],[101.660655,31.805243],[101.725597,31.846625],[101.830577,31.861111],[101.865245,31.819525],[101.933604,31.789659],[102.026378,31.710517],[102.02296,31.6824],[102.071544,31.601386],[102.076752,31.453803],[101.98878,31.367703],[102.007335,31.331],[102.048757,31.298448],[102.001069,31.202948],[101.924083,31.167548],[101.879975,31.11168],[101.880382,30.907823],[101.919932,30.867703],[101.944021,30.802517],[101.971446,30.79446],[101.979503,30.762803],[102.054861,30.699327],[102.068777,30.523871],[102.115896,30.477891],[102.123057,30.398139],[102.203054,30.213487],[102.17864,30.166815],[102.170665,30.058661],[102.228282,29.95246],[102.209402,29.848944],[102.216075,29.774726],[102.194265,29.675076],[102.165538,29.628526],[102.177257,29.593573],[102.15797,29.543036],[102.177013,29.482367],[102.222179,29.469591],[102.23585,29.390733],[102.283621,29.284613],[102.324474,29.253933],[102.47877,29.277777],[102.550385,29.325629],[102.625418,29.350287],[102.656993,29.325629],[102.777273,29.316352],[102.807709,29.300849],[102.804454,29.271023],[102.84962,29.215033],[102.901947,29.230821],[102.927257,29.284613],[102.958263,29.303331],[103.02003,29.291612],[103.043386,29.243028],[103.084565,29.259141],[103.11378,29.303656],[103.203054,29.253933],[103.262218,29.245632],[103.291026,29.290839],[103.324718,29.308173],[103.337169,29.306749],[103.33253,29.290839],[103.380382,29.318793],[103.421316,29.305121],[103.461681,29.318793],[103.509288,29.271552],[103.530528,29.277777],[103.582123,29.212673],[103.638764,29.209784],[103.640391,29.277777],[103.660818,29.315009],[103.651541,29.336737],[103.574229,29.339423],[103.553722,29.374335],[103.554128,29.420111],[103.642833,29.521552],[103.716238,29.558946]]}},{"type":"Feature","properties":{"name":"额尔齐斯河","name_en":"Ertix","region_code":"CN_RIVER_额尔齐斯河","source_name":"Natural Earth ne_50m_rivers_lake_centerlines","source_url":"https://raw.githubusercontent.com/nvkelso/natural-earth-vector/master/geojson/ne_10m_rivers_lake_centerlines.geojson","license":"public domain (Natural Earth)"},"geometry":{"type":"LineString","coordinates":[[90.325287,47.650173],[90.298106,47.62226],[90.27003,47.437812],[90.188975,47.40412],[90.10963,47.398953],[90.047455,47.332099],[89.982839,47.300116],[89.926768,47.226101],[89.708751,47.173651],[89.694835,47.142442],[89.62794,47.121405],[89.615896,47.07453],[89.551362,47.04682],[89.574718,47.043524],[89.560802,47.005723],[89.491791,46.982693],[89.146658,47.012763],[88.689464,47.207709],[88.15976,47.286444],[88.122325,47.306952],[87.991466,47.309027],[87.908214,47.351752],[87.83074,47.355333],[87.742117,47.409532],[87.634369,47.44127],[87.414806,47.465766],[87.354503,47.491889],[87.303396,47.584418],[87.180919,47.58808],[87.152436,47.567654],[86.995372,47.612982],[86.924408,47.673774],[86.796153,47.724677],[86.693777,47.820868],[86.495128,47.889757],[86.399506,47.861151],[86.382498,47.83572],[86.330089,47.869249],[86.270274,47.863349],[86.275401,47.848212],[86.248464,47.841132],[86.12558,47.881944],[86.074229,47.918891],[86.009532,47.929755],[85.953868,47.964911],[85.882498,47.957139],[85.871349,47.979112],[85.848399,47.965603],[85.765229,47.981879],[85.72991,47.966254],[85.655691,48.006903],[85.5505905987535,47.98531622009041]]}},{"type":"Feature","properties":{"name":"西拉木伦河","name_en":"Xar Moron","region_code":"CN_RIVER_西拉木伦河","source_name":"Natural Earth ne_50m_rivers_lake_centerlines","source_url":"https://raw.githubusercontent.com/nvkelso/natural-earth-vector/master/geojson/ne_10m_rivers_lake_centerlines.geojson","license":"public domain (Natural Earth)"},"geometry":{"type":"LineString","coordinates":[[117.208751,42.592149],[117.178233,42.597927],[117.160167,42.620144],[117.193126,42.653591],[117.187266,42.679551],[117.234874,42.721381],[117.23406,42.781928],[117.180431,42.905097],[117.229747,42.962104],[117.220144,43.005642],[117.290294,43.042548],[117.381847,43.051296],[117.571707,43.149482],[117.681651,43.18183],[117.843191,43.202989],[117.937592,43.195014],[118.00587,43.245551],[118.147065,43.259874],[118.250092,43.295722],[118.548595,43.274237],[118.6338,43.243272],[118.684988,43.250759],[119.131602,43.217312],[119.267833,43.256944],[119.620616,43.265937],[120.164236,43.380154],[120.341401,43.372504],[120.758474,43.423448]]}},{"type":"Feature","properties":{"name":"马泉河","name_en":"Maquan","region_code":"CN_RIVER_马泉河","source_name":"Natural Earth ne_50m_rivers_lake_centerlines","source_url":"https://raw.githubusercontent.com/nvkelso/natural-earth-vector/master/geojson/ne_10m_rivers_lake_centerlines.geojson","license":"public domain (Natural Earth)"},"geometry":{"type":"LineString","coordinates":[[82.400483,30.411444],[82.472341,30.42239],[82.589122,30.360297],[82.651296,30.382514],[82.769216,30.358507],[82.859304,30.372992],[82.906668,30.327745],[82.933604,30.25141],[82.965343,30.223741],[83.082042,30.17532],[83.09547,30.151435],[83.167735,30.124864],[83.191905,30.134345],[83.198985,30.112331],[83.252371,30.072943],[83.293061,30.076524],[83.382253,30.041531],[83.40976,29.991523],[83.537364,29.938503],[83.604503,29.877631],[83.726573,29.855902],[83.980072,29.736436],[83.952159,29.702338],[83.989513,29.633124],[84.087169,29.570176],[84.185557,29.579454],[84.237722,29.541449],[84.416108,29.535224],[84.493337,29.510565],[84.510509,29.475898],[84.480398,29.349473],[84.507091,29.322211],[84.49879,29.296698],[84.582774,29.257351],[84.617931,29.28852],[84.776296,29.224433],[84.837901,29.229356],[84.963796,29.186103],[85.001231,29.198554],[85.035248,29.229356],[85.040538,29.254462],[85.164968,29.325629],[85.250987,29.315009],[85.322683,29.277777],[85.391694,29.280626],[85.487071,29.250515],[85.555431,29.256456],[85.609467,29.191514],[85.652924,29.180609],[85.781993,29.216376],[85.946381,29.182196],[86.14739,29.178168],[86.275401,29.213446],[86.387462,29.223822],[86.453624,29.207302],[86.501394,29.220282],[86.509532,29.239203],[86.546397,29.213446],[86.606944,29.201687],[86.666515,29.213446],[87.006358,29.185126],[87.067393,29.152045],[87.120697,29.176703],[87.19394,29.145209],[87.219249,29.156846],[87.409434,29.117865],[87.660167,29.151557]]}},{"type":"Feature","properties":{"name":"孔雀河","name_en":"Konqi","region_code":"CN_RIVER_孔雀河","source_name":"Natural Earth ne_50m_rivers_lake_centerlines","source_url":"https://raw.githubusercontent.com/nvkelso/natural-earth-vector/master/geojson/ne_10m_rivers_lake_centerlines.geojson","license":"public domain (Natural Earth)"},"geometry":{"type":"LineString","coordinates":[[89.386974,40.632636],[89.299327,40.648546],[89.260265,40.632148],[89.142019,40.637763],[89.077729,40.666815],[88.919851,40.656684],[88.745942,40.707628],[88.579845,40.695746],[88.490326,40.70893],[88.324148,40.77619],[88.218435,40.850938],[87.885916,40.90119],[87.851329,40.885932],[87.594737,40.982123],[87.495616,40.982123],[87.375011,40.944607],[87.330577,40.948594],[87.278087,40.982001],[87.236095,40.97663],[87.146495,41.019599],[87.04184,41.038764],[87.003022,41.094794],[86.987804,41.149237],[86.926524,41.174506],[86.807872,41.269151],[86.740815,41.270128],[86.67335,41.338406],[86.597992,41.283759],[86.419444,41.256456],[86.411876,41.23489],[86.371593,41.242784]]}},{"type":"Feature","properties":{"name":"塔里木河","name_en":"Tarim","region_code":"CN_RIVER_塔里木河","source_name":"Natural Earth ne_50m_rivers_lake_centerlines","source_url":"https://raw.githubusercontent.com/nvkelso/natural-earth-vector/master/geojson/ne_10m_rivers_lake_centerlines.geojson","license":"public domain (Natural Earth)"},"geometry":{"type":"LineString","coordinates":[[80.88795,40.467108],[80.978445,40.512274],[81.072276,40.535753],[81.299083,40.532416],[81.379161,40.615587],[81.403819,40.621527],[81.416596,40.673651],[81.472911,40.700751],[81.571218,40.724799],[81.766368,40.724636],[81.831391,40.786933],[81.882823,40.797797],[81.939057,40.836249],[81.974701,40.826687],[82.06308,40.860541],[82.159679,40.868842],[82.273529,40.919867],[82.307628,40.913764],[82.356456,40.930284],[82.376231,40.954779],[82.442882,40.948554],[82.465343,40.974555],[82.548106,40.989569],[82.655935,41.034735],[82.712576,41.016221],[82.730072,41.033759],[82.793956,40.978705],[82.848643,40.975287],[82.886241,40.945583],[82.96933,40.930365],[82.993175,40.906358],[83.04713,40.931586],[83.082042,40.906358],[83.153331,40.957831],[83.247081,40.961615],[83.349539,40.992703],[83.357921,40.978705],[83.407237,40.995795],[83.517182,40.999335],[83.566661,40.982978],[83.602957,40.995063],[83.617117,40.982123],[83.685313,41.009467],[83.699229,41.000067],[83.72698,41.016221],[83.771576,41.014268],[83.774669,40.982123],[83.856537,40.961615],[83.866222,40.984442],[83.958995,41.009467],[83.938487,41.016221],[83.989513,41.039903],[84.014171,41.105658],[84.072765,41.111396],[84.124034,41.146593],[84.142833,41.136298],[84.322765,41.208075],[84.335867,41.193142],[84.412527,41.178778],[84.486501,41.195014],[84.713145,41.187567],[84.937755,41.155707],[85.124034,41.050401],[85.501394,40.961615],[85.706147,41.050401],[85.727061,41.035956],[85.740326,41.057237],[85.964122,41.08515],[86.015391,41.077704],[86.056244,41.091986],[86.122569,41.06623],[86.142019,41.043077],[86.259207,41.027045],[86.450206,41.050808],[86.5088,41.042914],[86.562022,41.068183],[86.556651,41.091986],[86.354584,41.179023],[86.323253,41.215522],[86.368175,41.237738],[86.385265,41.289984],[86.316987,41.270128],[86.317393,41.309394],[86.246104,41.320176],[86.220795,41.338406],[86.19752,41.330675],[86.111501,41.37934],[86.052013,41.387071],[86.056244,41.372504],[86.015391,41.386176],[86.015391,41.352078],[85.960053,41.407294],[85.908376,41.391547],[85.897472,41.434638],[85.840343,41.468777],[85.781993,41.530829],[85.782156,41.659288],[85.826752,41.712917],[85.917572,41.752956],[85.960053,41.742499],[86.019623,41.755886],[86.141205,41.751288],[86.189464,41.780626],[86.207123,41.824408],[86.235444,41.835964],[86.364757,41.797065],[86.396088,41.803331],[86.464692,41.770331],[86.512299,41.769232],[86.557628,41.7956],[86.611827,41.784044],[86.753429,41.825507]]}},{"type":"Feature","properties":{"name":"Za","name_en":"Za","region_code":"CN_RIVER_Za","source_name":"Natural Earth ne_50m_rivers_lake_centerlines","source_url":"https://raw.githubusercontent.com/nvkelso/natural-earth-vector/master/geojson/ne_10m_rivers_lake_centerlines.geojson","license":"public domain (Natural Earth)"},"geometry":{"type":"LineString","coordinates":[[94.083995,33.155829],[94.176768,33.183783],[94.348074,33.149685],[94.447765,33.163275],[94.484386,33.207953],[94.526296,33.217882],[94.579112,33.212185],[94.628184,33.186103],[94.705007,33.176947],[94.76588,33.190619],[94.860769,33.168158],[94.958263,33.087592],[94.965261,33.100409],[95.081147,33.054063],[95.089936,32.957343],[95.10434,32.941596],[95.135753,32.9442],[95.217703,32.895819],[95.252452,32.907253],[95.398448,32.853624],[95.557709,32.847968],[95.61378,32.805854],[95.65032,32.714545],[95.807384,32.662421],[95.871674,32.599921],[95.959727,32.545111],[96.181082,32.570583],[96.259776,32.497911],[96.311046,32.488308],[96.337576,32.451483],[96.362071,32.433783],[96.375906,32.443915],[96.428396,32.402452],[96.415701,32.384304],[96.424571,32.359158],[96.533132,32.166083],[96.647227,32.121772],[96.742686,32.121772],[96.759288,32.11225],[96.780528,32.046698],[96.84669,32.036566],[96.851329,31.976101],[96.917735,31.957343],[96.941335,31.965522]]}},{"type":"Feature","properties":{"name":"西辽河","name_en":"Xiliao","region_code":"CN_RIVER_西辽河","source_name":"Natural Earth ne_50m_rivers_lake_centerlines","source_url":"https://raw.githubusercontent.com/nvkelso/natural-earth-vector/master/geojson/ne_10m_rivers_lake_centerlines.geojson","license":"public domain (Natural Earth)"},"geometry":{"type":"LineString","coordinates":[[120.758474,43.423448],[120.819753,43.468288],[120.97462,43.516628],[121.159272,43.538153],[121.360362,43.534003],[121.522472,43.470486],[121.772634,43.442491],[121.919363,43.45307],[122.17628,43.568671],[122.361501,43.7237],[122.632498,43.784491],[122.711029,43.819281],[122.7588,43.805609],[122.79713,43.819281],[122.944428,43.803982],[123.00351,43.774929],[123.024913,43.731269],[123.231944,43.668484],[123.23463,43.648505],[123.372813,43.641181],[123.500011,43.586534],[123.510916,43.536811],[123.553966,43.483466]]}},{"type":"Feature","properties":{"name":"松花江","name_en":"Songhua","region_code":"CN_RIVER_松花江","source_name":"Natural Earth ne_50m_rivers_lake_centerlines","source_url":"https://raw.githubusercontent.com/nvkelso/natural-earth-vector/master/geojson/ne_10m_rivers_lake_centerlines.geojson","license":"public domain (Natural Earth)"},"geometry":{"type":"MultiLineString","coordinates":[[[132.517833,47.70661],[132.506602,47.683458],[132.460134,47.674018],[132.462494,47.618232],[132.379487,47.520128],[132.313406,47.467312],[132.062999,47.36046],[131.988862,47.253607],[131.791515,47.261746],[131.624278,47.233832],[131.466889,47.245144],[131.300304,47.185492],[131.149913,47.206244],[131.05421,47.188178],[130.972179,47.212714],[130.853282,47.18891],[130.784679,47.152899],[130.678722,47.035956],[130.544851,47.001573],[130.526785,46.934638],[130.488373,46.877061],[130.330089,46.837226]],[[124.674571,45.450466],[124.722341,45.450466],[124.767345,45.470893],[124.780365,45.450466],[124.861095,45.444281],[124.8803,45.456],[124.897553,45.527167],[124.915294,45.532742],[124.950857,45.494818],[125.041433,45.492865],[125.043468,45.451443],[125.079682,45.416571],[125.082612,45.386013],[125.232514,45.413682],[125.285492,45.400336],[125.30714,45.416856],[125.374522,45.398383],[125.397472,45.408881],[125.43214,45.477118],[125.451101,45.484809],[125.521007,45.470893],[125.618663,45.508083],[125.722992,45.517646],[125.842459,45.498236],[125.886974,45.556505],[125.923106,45.56977],[125.930919,45.622178],[125.993907,45.635443],[125.959239,45.668728],[125.997325,45.676378],[126.024343,45.703721],[126.109467,45.679307],[126.355724,45.695746],[126.385265,45.723497],[126.483979,45.750312],[126.493663,45.768581],[126.593028,45.756659],[126.684988,45.801134],[126.683197,45.857856],[126.743175,45.898708],[126.741222,45.915961],[126.786143,45.925482],[126.890717,45.997911],[126.983002,46.024034],[127.076427,46.018378],[127.188894,45.976589],[127.326752,45.969265],[127.353038,45.960476],[127.384369,45.91828],[127.51116,45.934027],[127.528331,45.950751],[127.539236,46.030463],[127.574636,46.040798],[127.692312,46.008246],[127.72755,45.956895],[127.753917,45.968695],[127.770112,45.944648],[127.837413,45.923407],[127.967865,45.91706],[128.037608,45.93655],[128.128347,45.916124],[128.288259,45.975653],[128.36142,45.978054],[128.590831,45.902289],[128.758311,45.96662],[128.81894,45.972683],[128.858409,45.964382],[128.904389,45.891059],[128.981944,45.875067],[129.016043,45.895535],[129.090587,45.902289],[129.19866,45.970893],[129.298839,46.070909],[129.389903,46.254096],[129.55714,46.343695],[129.569021,46.420111],[129.637543,46.495917],[129.782644,46.543972],[129.896251,46.611151],[129.921316,46.67475],[129.968842,46.717312],[129.971934,46.762274],[130.010916,46.775417],[130.09547,46.7685],[130.107026,46.82453],[130.127615,46.832465],[130.217214,46.818671],[130.29127,46.849433],[130.33196,46.834581]]]}},{"type":"Feature","properties":{"name":"岷江","name_en":"Min","region_code":"CN_RIVER_岷江","source_name":"Natural Earth ne_50m_rivers_lake_centerlines","source_url":"https://raw.githubusercontent.com/nvkelso/natural-earth-vector/master/geojson/ne_10m_rivers_lake_centerlines.geojson","license":"public domain (Natural Earth)"},"geometry":{"type":"LineString","coordinates":[[103.716238,29.558946],[103.755056,29.556342],[103.812266,29.371772],[103.870209,29.328437],[103.852631,29.277777],[103.902924,29.263251],[103.952403,29.226264],[104.004812,29.12169],[104.043956,29.12698],[104.084483,29.083686],[104.235362,29.023464],[104.285737,28.974311],[104.274343,28.902289],[104.307546,28.86994],[104.454112,28.79682],[104.511241,28.798041],[104.547537,28.827338],[104.599294,28.784369]]}},{"type":"Feature","properties":{"name":"Fuchun","name_en":"Fuchun","region_code":"CN_RIVER_Fuchun","source_name":"Natural Earth ne_50m_rivers_lake_centerlines","source_url":"https://raw.githubusercontent.com/nvkelso/natural-earth-vector/master/geojson/ne_10m_rivers_lake_centerlines.geojson","license":"public domain (Natural Earth)"},"geometry":{"type":"LineString","coordinates":[[119.195567,29.50373],[119.077403,29.538113],[118.97462,29.588568],[118.897065,29.655585],[118.855561,29.660509],[118.717784,29.726345]]}},{"type":"Feature","properties":{"name":"Fuchun","name_en":"Fuchun","region_code":"CN_RIVER_Fuchun","source_name":"Natural Earth ne_50m_rivers_lake_centerlines","source_url":"https://raw.githubusercontent.com/nvkelso/natural-earth-vector/master/geojson/ne_10m_rivers_lake_centerlines.geojson","license":"public domain (Natural Earth)"},"geometry":{"type":"MultiLineString","coordinates":[[[117.785167,29.707302],[117.831065,29.756659],[117.847667,29.75495],[117.976654,29.675482],[118.047944,29.699164],[118.081391,29.645616],[118.159597,29.633979],[118.274832,29.682969],[118.376964,29.76142],[118.404877,29.763699],[118.462169,29.709093],[118.530284,29.683865],[118.666026,29.725531],[118.717784,29.726345]],[[119.195567,29.50373],[119.238699,29.480007],[119.308116,29.509874],[119.346934,29.518012],[119.36614,29.504218],[119.534923,29.555935],[119.620616,29.647081],[119.675304,29.805365],[119.751069,29.869981],[119.805675,29.87991],[119.945323,30.037543],[120.045421,30.051866],[120.140391,30.093451],[120.160167,30.124945],[120.121023,30.168524],[120.148936,30.195828]]]}},{"type":"Feature","properties":{"name":"Zeya","name_en":"Zeya","region_code":"CN_RIVER_Zeya","source_name":"Natural Earth ne_50m_rivers_lake_centerlines","source_url":"https://raw.githubusercontent.com/nvkelso/natural-earth-vector/master/geojson/ne_10m_rivers_lake_centerlines.geojson","license":"public domain (Natural Earth)"},"geometry":{"type":"LineString","coordinates":[[127.59354503115075,50.24127473840501],[127.583507,50.205593]]}},{"type":"Feature","properties":{"name":"澜沧江","name_en":"Lancang","region_code":"CN_RIVER_澜沧江","source_name":"Natural Earth ne_50m_rivers_lake_centerlines","source_url":"https://raw.githubusercontent.com/nvkelso/natural-earth-vector/master/geojson/ne_10m_rivers_lake_centerlines.geojson","license":"public domain (Natural Earth)"},"geometry":{"type":"MultiLineString","coordinates":[[[96.941335,31.965522],[96.994884,31.913682],[96.992931,31.854926],[97.020763,31.826972],[97.017589,31.767117],[97.08074,31.694607],[97.093191,31.600653],[97.123139,31.594265],[97.202647,31.504218],[97.191498,31.449571],[97.219493,31.339708],[97.157237,31.281684],[97.200206,31.196397],[97.198171,31.085232],[97.215424,31.047675],[97.289073,31.018988],[97.376964,30.943142],[97.355968,30.857123],[97.37851,30.731879],[97.427338,30.677191],[97.557628,30.581814],[97.66448,30.405829],[97.723074,30.384141],[97.827891,30.284288],[97.872976,30.262397],[97.879487,30.239529],[97.936941,30.205512],[97.951752,30.165107],[98.001557,30.123969],[98.004975,30.063096],[98.042979,30.021267],[98.061615,29.956163],[98.104096,29.906195],[98.144216,29.812201],[98.210053,29.804267],[98.339285,29.638861],[98.346202,29.554551],[98.416026,29.417182],[98.434662,29.408311],[98.435313,29.356309],[98.473155,29.342637],[98.631602,29.159532],[98.583018,29.023953],[98.634288,28.944159],[98.685476,28.708604],[98.774913,28.572089],[98.850597,28.401475],[98.864268,28.335557],[98.843028,28.270453],[98.850108,28.225043],[98.912608,28.119574],[98.901134,28.011013],[99.034923,27.852078],[99.054861,27.759385],[99.048595,27.708075],[98.99879,27.669501],[99.034923,27.585232],[99.007498,27.557888],[99.04184,27.468533],[99.090261,27.396796],[99.10849,27.330349],[99.10255,27.276882],[99.082612,27.263007],[99.088959,27.24254],[99.146658,27.197699],[99.17213,27.132676],[99.150401,27.017198],[99.18629,26.92239],[99.185639,26.886298],[99.140554,26.771674],[99.159597,26.719265],[99.136648,26.607123],[99.103933,26.547065],[99.144786,26.482204],[99.130463,26.447455],[99.144949,26.339789],[99.130463,26.296658],[99.130626,26.07335],[99.165294,25.865831],[99.254649,25.734931],[99.281261,25.629706],[99.357595,25.570421],[99.336518,25.505235],[99.351329,25.43891],[99.329845,25.419623],[99.297293,25.432969],[99.292003,25.373562],[99.413503,25.212185],[99.48878,25.139472],[99.548839,25.138454],[99.635346,25.098904],[99.730724,24.977647],[99.754893,24.892035],[99.826915,24.857856],[99.892589,24.77143],[100.076671,24.733425],[100.101003,24.719062],[100.116222,24.670966],[100.210216,24.745917],[100.323416,24.76911],[100.372081,24.750922],[100.426524,24.707058],[100.433197,24.655544],[100.508393,24.576117],[100.515229,24.522732],[100.545828,24.510606],[100.557058,24.465277],[100.527354,24.448432],[100.516775,24.420111],[100.530935,24.162706],[100.519542,24.122585],[100.493907,24.091986],[100.381847,24.062771],[100.407481,23.915961],[100.323416,23.843695],[100.28948,23.764838],[100.255382,23.740668],[100.179454,23.631415],[100.138601,23.47309],[100.070242,23.346788],[100.083263,23.27143],[100.042979,23.212429],[100.114024,23.165229],[100.146658,23.065212],[100.226736,23.002997],[100.248464,23.007636],[100.269054,22.949652],[100.296153,22.959174],[100.300873,22.878852],[100.361827,22.776801],[100.364513,22.67182],[100.512706,22.551703],[100.567882,22.526923],[100.574718,22.437567],[100.564057,22.425401],[100.659272,22.314887],[100.609304,22.27851],[100.699474,22.237087],[100.734386,22.140489],[100.720714,22.109483],[100.777924,22.087592],[100.762625,22.071723],[100.795909,22.013861],[100.867279,21.983466],[100.917898,21.860948],[100.947276,21.846259],[101.029796,21.849392],[101.067393,21.828925],[101.081065,21.78795],[101.173839,21.815253],[101.181244,21.796942],[101.12193208122997,21.768135371807197]],[[101.118663,21.760992672363695],[101.127371,21.695339],[101.168468,21.638007],[101.16711499997031,21.60022036674028]],[[101.15430241448689,21.570267074328513],[101.15651001761115,21.5598650139847]]]}},{"type":"Feature","properties":{"name":"Hudi","name_en":"Hudi","region_code":"CN_RIVER_Hudi","source_name":"Natural Earth ne_50m_rivers_lake_centerlines","source_url":"https://raw.githubusercontent.com/nvkelso/natural-earth-vector/master/geojson/ne_10m_rivers_lake_centerlines.geojson","license":"public domain (Natural Earth)"},"geometry":{"type":"MultiLineString","coordinates":[[[118.741791,33.094835],[118.721283,33.114569],[118.711518,33.201972],[118.687022,33.222927],[118.590343,33.242784],[118.536794,33.199083],[118.49879,33.073757],[118.467784,33.023017],[118.388601,32.976386],[118.314138,32.970974],[118.253429,33.004828],[118.217052,33.105048],[118.217784,33.179796],[118.177338,33.21247],[118.160167,33.207099],[118.151134,33.177558],[117.914236,33.162462],[117.898041,33.146593],[117.896007,33.061957],[117.869314,33.040839],[117.762625,33.05329]],[[119.28419,32.718288],[119.277761,32.779364],[119.327078,32.899115],[119.288829,32.993842],[119.325613,33.018663],[119.337494,33.051581],[119.308686,33.11876],[119.25587,33.161811],[119.250987,33.183661],[119.230724,33.189805],[119.167898,33.162462],[119.141124,33.075141],[119.100841,33.047471],[119.038178,33.037136],[118.974864,33.056912],[118.917084,33.055447],[118.845876,33.095038]]]}},{"type":"Feature","properties":{"name":"Hudi","name_en":"Hudi","region_code":"CN_RIVER_Hudi","source_name":"Natural Earth ne_50m_rivers_lake_centerlines","source_url":"https://raw.githubusercontent.com/nvkelso/natural-earth-vector/master/geojson/ne_10m_rivers_lake_centerlines.geojson","license":"public domain (Natural Earth)"},"geometry":{"type":"MultiLineString","coordinates":[[[118.743663,33.095038],[118.845876,33.095038]],[[116.521414,32.501247],[116.558116,32.533311],[116.634695,32.541815],[116.730724,32.608995],[116.729991,32.638536],[116.690684,32.669501],[116.726166,32.68537],[116.725841,32.73546],[116.748057,32.736111],[116.759858,32.707709],[116.882823,32.632676],[116.918224,32.658026],[117.010753,32.668036],[117.078298,32.699083],[117.104421,32.822292],[117.169688,32.851345],[117.167735,32.916287],[117.195079,32.940497],[117.527192,32.971137],[117.647472,32.903266],[117.688487,32.985175],[117.740001,33.015896],[117.763601,33.054063]],[[119.616222,32.353949],[119.514089,32.355048],[119.510265,32.410956],[119.47047,32.475409],[119.47169,32.53205],[119.423595,32.628363],[119.389171,32.652777],[119.306733,32.661566],[119.28419,32.718288]]]}},{"type":"Feature","properties":{"name":"Ile","name_en":"Ile","region_code":"CN_RIVER_Ile","source_name":"Natural Earth ne_50m_rivers_lake_centerlines","source_url":"https://raw.githubusercontent.com/nvkelso/natural-earth-vector/master/geojson/ne_10m_rivers_lake_centerlines.geojson","license":"public domain (Natural Earth)"},"geometry":{"type":"LineString","coordinates":[[81.752452,43.620673],[81.636322,43.682156],[81.585216,43.754462],[81.499278,43.798204],[81.452891,43.840928],[81.235932,43.915351],[81.069835,43.908149],[80.929454,43.941433],[80.841889,43.942206],[80.78948,43.900702],[80.724864,43.879828],[80.669526,43.827948],[80.635265,43.846055],[80.52569621447525,43.81165628205342]]}},{"type":"Feature","properties":{"name":"Sanggan","name_en":"Sanggan","region_code":"CN_RIVER_Sanggan","source_name":"Natural Earth ne_50m_rivers_lake_centerlines","source_url":"https://raw.githubusercontent.com/nvkelso/natural-earth-vector/master/geojson/ne_10m_rivers_lake_centerlines.geojson","license":"public domain (Natural Earth)"},"geometry":{"type":"LineString","coordinates":[[115.574148,40.296698],[115.589122,40.240424]]}},{"type":"Feature","properties":{"name":"Sanggan","name_en":"Sanggan","region_code":"CN_RIVER_Sanggan","source_name":"Natural Earth ne_50m_rivers_lake_centerlines","source_url":"https://raw.githubusercontent.com/nvkelso/natural-earth-vector/master/geojson/ne_10m_rivers_lake_centerlines.geojson","license":"public domain (Natural Earth)"},"geometry":{"type":"MultiLineString","coordinates":[[[112.590017,39.343614],[112.713634,39.377143],[112.806407,39.466498],[112.917247,39.498074],[112.950694,39.531806],[113.023448,39.557929],[113.027761,39.576361],[113.076182,39.60989],[113.121349,39.612006],[113.129649,39.660671],[113.188406,39.703884],[113.232595,39.779608],[113.272065,39.803575],[113.458914,39.8664],[113.667572,39.97956],[113.930105,40.005439],[114.061941,40.003241],[114.575125,40.21308],[114.691824,40.278347],[114.814464,40.276923],[114.94337,40.321357],[114.993663,40.354926],[115.055186,40.347724],[115.135509,40.367214],[115.434093,40.35102],[115.496755,40.360867],[115.530284,40.346625],[115.574229,40.296251]],[[112.336925,39.165961],[112.380463,39.274929],[112.462576,39.313747],[112.590017,39.337917]]]}},{"type":"Feature","properties":{"name":"Wujia","name_en":"Wujia","region_code":"CN_RIVER_Wujia","source_name":"Natural Earth ne_50m_rivers_lake_centerlines","source_url":"https://raw.githubusercontent.com/nvkelso/natural-earth-vector/master/geojson/ne_10m_rivers_lake_centerlines.geojson","license":"public domain (Natural Earth)"},"geometry":{"type":"MultiLineString","coordinates":[[[108.863292,40.914008],[108.872325,40.933946],[108.861501,40.948676]],[[108.845144,40.902533],[108.740652,40.838406],[108.710948,40.803778]]]}},{"type":"Feature","properties":{"name":"Wujia","name_en":"Wujia","region_code":"CN_RIVER_Wujia","source_name":"Natural Earth ne_50m_rivers_lake_centerlines","source_url":"https://raw.githubusercontent.com/nvkelso/natural-earth-vector/master/geojson/ne_10m_rivers_lake_centerlines.geojson","license":"public domain (Natural Earth)"},"geometry":{"type":"MultiLineString","coordinates":[[[108.191742,41.203721],[108.354503,41.174506],[108.471202,41.185126],[108.552338,41.162299],[108.565929,41.135769],[108.615245,41.140408],[108.597097,41.124091],[108.637136,41.084784],[108.690929,41.070868],[108.693777,41.058376],[108.745616,41.057237],[108.784272,41.000312]],[[107.95281,41.171983],[108.097585,41.225165],[108.094493,41.242784],[108.191742,41.203721]],[[107.95281,41.171983],[107.953298,41.171454]],[[108.784272,41.000312],[108.80364,40.971869],[108.861501,40.948676]],[[108.863292,40.914008],[108.845144,40.902533]],[[107.841238,40.899604],[107.878835,40.916449],[108.070811,40.933783],[108.154307,41.023057],[108.160818,41.059638],[108.142182,41.122667],[108.170095,41.195014],[108.191742,41.203721]],[[107.841238,40.899604],[107.971934,40.87519],[108.159679,40.916815],[108.235037,40.917996],[108.338145,40.999213],[108.384044,41.063056],[108.410167,41.070868],[108.52589,41.070868],[108.747,41.021308],[108.784272,41.000312]],[[107.682872,40.858588],[107.690684,40.907986],[107.7588,41.009467],[107.750499,41.118191],[107.786632,41.140408],[107.95281,41.171983]],[[108.710948,40.803778],[108.663666,40.748074],[108.650401,40.698757],[108.677257,40.639472]],[[107.301687,40.681789],[107.440522,40.863308],[107.448416,40.910712],[107.484386,40.968451],[107.511729,41.090644],[107.555919,41.179958],[107.546886,41.216742],[107.682709,41.246649],[107.789806,41.195014],[107.872,41.180732],[107.935313,41.191352],[107.95281,41.171983]],[[107.301687,40.681789],[107.757823,40.892524],[107.841238,40.899604]],[[107.300141,40.680487],[107.301687,40.681789]],[[107.118826,40.521959],[107.075287,40.646511],[107.028819,40.682685],[106.961925,40.799628],[106.963634,40.899604],[106.934825,40.963568],[106.935802,41.000596],[107.058849,41.04739],[107.104503,41.08515],[107.134939,41.139431],[107.20753,41.149685],[107.204275,41.182685],[107.458507,41.25495],[107.666433,41.270941],[107.795828,41.195014]],[[107.118826,40.521959],[107.16448,40.601996],[107.301687,40.681789]],[[107.141694,40.453925],[107.118826,40.521959]],[[107.03183,40.310492],[107.046316,40.381537],[107.118826,40.521959]]]}},{"type":"Feature","properties":{"name":"雅鲁藏布江","name_en":"Yarlung","region_code":"CN_RIVER_雅鲁藏布江","source_name":"Natural Earth ne_50m_rivers_lake_centerlines","source_url":"https://raw.githubusercontent.com/nvkelso/natural-earth-vector/master/geojson/ne_10m_rivers_lake_centerlines.geojson","license":"public domain (Natural Earth)"},"geometry":{"type":"LineString","coordinates":[[87.660167,29.151557],[87.687511,29.166287],[87.668061,29.2178],[87.776296,29.333767],[87.985037,29.399034],[88.090017,29.383653],[88.168875,29.337104],[88.234304,29.377997],[88.259776,29.364325],[88.30071,29.371161],[88.342703,29.335517],[88.403087,29.330146],[88.495616,29.364325],[88.851736,29.334296],[88.872976,29.344428],[88.91212,29.328884],[88.979421,29.381212],[89.016368,29.385443],[89.055593,29.349433],[89.122813,29.342882],[89.167247,29.371161],[89.246349,29.357489],[89.280528,29.377956],[89.430919,29.348009],[89.661225,29.371161],[89.764415,29.32571],[89.811534,29.322699],[90.013927,29.36754],[90.286062,29.336249],[90.397472,29.289171],[90.427338,29.253119],[90.582449,29.284776],[90.70045,29.348904],[90.740326,29.3546],[90.764659,29.295681],[90.84962,29.344428],[90.890554,29.344428],[90.959727,29.316474],[90.990326,29.330878],[91.038015,29.316474],[91.114757,29.335395],[91.138601,29.318427],[91.302745,29.284695],[91.570079,29.305203],[91.663259,29.28738],[91.769054,29.288601],[91.865652,29.307807],[91.949718,29.293077],[91.992931,29.261054],[92.025401,29.267605],[92.059093,29.299628],[92.128917,29.304796],[92.356944,29.236843],[92.398204,29.271023],[92.42213,29.269355],[92.473725,29.254421],[92.525076,29.158881],[92.593435,29.16116],[92.581147,29.131171],[92.59433,29.117255],[92.663666,29.140163],[92.73642,29.096015],[92.870372,29.097032],[92.938731,29.059597],[92.995128,29.053575],[93.042572,29.064561],[93.106212,29.129462],[93.149018,29.037665],[93.283295,29.004177],[93.347667,29.029893],[93.474539,29.185858],[93.621349,29.182196],[93.631847,29.16116],[93.687266,29.169704],[93.730968,29.155585],[93.778412,29.169501],[93.848888,29.155707],[93.911876,29.195828],[94.026296,29.225938],[94.179617,29.217149],[94.355968,29.309516]]}},{"type":"Feature","properties":{"name":"Ghäghara","name_en":"Ghäghara","region_code":"CN_RIVER_Ghäghara","source_name":"Natural Earth ne_50m_rivers_lake_centerlines","source_url":"https://raw.githubusercontent.com/nvkelso/natural-earth-vector/master/geojson/ne_10m_rivers_lake_centerlines.geojson","license":"public domain (Natural Earth)"},"geometry":{"type":"LineString","coordinates":[[80.923269,30.552069],[81.03712,30.530951],[81.098725,30.463568],[81.108897,30.383165],[81.169932,30.318956],[81.183523,30.240302],[81.284597,30.168036],[81.34215695679637,30.155121321258168]]}},{"type":"Feature","properties":{"name":"乌江","name_en":"Wu","region_code":"CN_RIVER_乌江","source_name":"Natural Earth ne_50m_rivers_lake_centerlines","source_url":"https://raw.githubusercontent.com/nvkelso/natural-earth-vector/master/geojson/ne_10m_rivers_lake_centerlines.geojson","license":"public domain (Natural Earth)"},"geometry":{"type":"MultiLineString","coordinates":[[[106.730886,27.317694],[106.836681,27.32449],[106.907237,27.26907],[106.991466,27.358669],[107.018077,27.359483],[107.076915,27.32449],[107.149099,27.358669],[107.189952,27.354275],[107.183197,27.325059],[107.121755,27.249335],[107.142589,27.235704],[107.238455,27.251573],[107.360444,27.300116],[107.388682,27.32449],[107.425955,27.403347],[107.504812,27.454861],[107.561697,27.395819],[107.614675,27.37226],[107.667003,27.382839],[107.745128,27.489569],[107.770112,27.479031],[107.813894,27.540473],[107.882253,27.557888],[107.888438,27.636746],[108.040701,27.725409],[108.087576,27.736029],[108.138927,27.794379],[108.161794,27.804958],[108.210541,27.791287],[108.246511,27.953477],[108.187022,28.052069],[108.245372,28.187852],[108.210541,28.236274],[108.251475,28.305609],[108.303966,28.338894],[108.301768,28.362331],[108.265717,28.380316],[108.272553,28.392686],[108.338145,28.410712],[108.403575,28.451687],[108.409923,28.489529],[108.458263,28.503201],[108.503429,28.612616],[108.505382,28.639716],[108.330089,28.689073],[108.320404,28.739691],[108.37558,28.794257],[108.341563,28.859442],[108.340343,28.919542],[108.30128,29.005927],[108.290538,29.136542],[108.184825,29.224311],[108.108328,29.386786],[108.07252,29.396796],[107.952078,29.384792],[107.938406,29.32628],[107.882253,29.257351],[107.816335,29.321397],[107.72877,29.346137],[107.645763,29.397284],[107.562022,29.409491],[107.515717,29.442247],[107.470714,29.518012],[107.474864,29.583767],[107.412364,29.607489],[107.388682,29.640937],[107.402436,29.730292]],[[106.730886,27.317694],[106.724132,27.317694]],[[104.592459,26.808295],[104.757091,26.699042],[104.78769,26.705878],[104.82252,26.685411],[104.860037,26.705878],[104.931163,26.687323],[104.956716,26.638251],[105.000255,26.64643],[105.051524,26.692165],[105.127533,26.642279],[105.184662,26.664374],[105.195811,26.598253],[105.216319,26.591417],[105.231049,26.551947],[105.288097,26.5362],[105.326182,26.556708],[105.346934,26.545518],[105.375987,26.429633],[105.471609,26.340522],[105.563894,26.340115],[105.610281,26.376329],[105.675141,26.392849],[105.716726,26.386013],[105.737071,26.400255],[105.78712,26.387722],[106.10963,26.49905],[106.162039,26.626003],[106.132335,26.657335],[106.162364,26.674018],[106.17213,26.708197],[106.163097,26.777615],[106.127452,26.81741],[106.130382,26.838406],[106.220307,26.893134],[106.2706,26.86872],[106.31894,26.899359],[106.350352,26.889716],[106.37794,26.966376],[106.437022,26.995958],[106.401866,27.128974],[106.450206,27.194159],[106.490652,27.194159],[106.642833,27.298529],[106.730886,27.317694]]]}},{"type":"Feature","properties":{"name":"湘江","name_en":"Xiang","region_code":"CN_RIVER_湘江","source_name":"Natural Earth ne_50m_rivers_lake_centerlines","source_url":"https://raw.githubusercontent.com/nvkelso/natural-earth-vector/master/geojson/ne_10m_rivers_lake_centerlines.geojson","license":"public domain (Natural Earth)"},"geometry":{"type":"LineString","coordinates":[[110.616954,25.48786],[110.687999,25.536322],[110.706472,25.57807],[110.678803,25.627997],[110.739268,25.713813],[110.826915,25.755072],[110.893321,25.843817],[110.95517,25.886501],[110.972585,25.878933],[111.006847,25.906846],[111.040945,25.899441],[111.04835,25.920478],[111.088634,25.940375],[111.096121,25.988796],[111.160818,26.021104],[111.260671,26.265082],[111.283214,26.273139],[111.273692,26.303494],[111.390391,26.331366],[111.438243,26.309638],[111.487234,26.32392],[111.514415,26.290391],[111.527436,26.303494],[111.59075,26.270575],[111.607188,26.307725],[111.590261,26.350775],[111.604096,26.407904],[111.582123,26.433783],[111.637299,26.515733],[111.713145,26.577826],[111.705658,26.611355],[111.739838,26.571601],[111.740326,26.550482],[111.765391,26.595893],[111.798106,26.598253],[111.811046,26.577908],[111.863292,26.598253],[111.868582,26.506456],[111.900645,26.52558],[111.951752,26.465115],[111.984874,26.454779],[112.048839,26.467963],[112.034679,26.482204],[112.048595,26.496934],[112.133067,26.501085],[112.189382,26.548692],[112.229096,26.541205],[112.180675,26.488552],[112.2199,26.472032],[112.276866,26.480333],[112.300385,26.508612],[112.302745,26.564154],[112.316905,26.57685],[112.360281,26.556708],[112.411388,26.598253],[112.431895,26.57038],[112.462901,26.564154],[112.483409,26.584662],[112.5206,26.577826],[112.627533,26.622992],[112.630463,26.659735],[112.677257,26.75141],[112.610606,26.755927],[112.583507,26.789578],[112.591563,26.808905],[112.648692,26.827663],[112.665701,26.858344],[112.616466,26.885077],[112.610606,26.903347],[112.651541,26.975653],[112.653412,27.016059],[112.682384,27.0303],[112.716563,26.989936],[112.757498,27.00198],[112.728282,27.082953],[112.807872,27.101915],[112.80421,27.133002],[112.847585,27.160468],[112.844005,27.201606],[112.861095,27.235175],[112.920909,27.286444],[112.93214,27.32449],[112.908946,27.385362],[112.913503,27.423367],[112.973643,27.448594],[113.00058,27.399359],[113.044526,27.399726],[113.035167,27.454861],[113.138194,27.517198],[113.103445,27.636746],[113.124034,27.714911],[113.110769,27.76614],[113.137625,27.821357],[113.13087,27.841132],[113.083018,27.859565],[113.016612,27.851426],[112.944591,27.802802],[112.891368,27.811306],[112.884288,27.848944],[112.99114,27.958441],[112.93214,28.044501],[112.959483,28.201524],[112.954275,28.27912],[112.844005,28.385688],[112.766124,28.507514],[112.762706,28.545111],[112.810313,28.588935],[112.805186,28.626166],[112.776541,28.649929],[112.713634,28.639716],[112.711192,28.674425],[112.793875,28.717312],[112.826671,28.766628],[112.873627,28.776882],[112.884288,28.794257],[112.884288,28.955675],[113.010916,29.068671],[113.013438,29.110541],[112.993582,29.147488]]}},{"type":"Feature","properties":{"name":"淮河","name_en":"Huai","region_code":"CN_RIVER_淮河","source_name":"Natural Earth ne_50m_rivers_lake_centerlines","source_url":"https://raw.githubusercontent.com/nvkelso/natural-earth-vector/master/geojson/ne_10m_rivers_lake_centerlines.geojson","license":"public domain (Natural Earth)"},"geometry":{"type":"MultiLineString","coordinates":[[[113.72047,32.416042],[113.765147,32.423448],[113.796153,32.409776],[113.804617,32.425727],[113.850678,32.409776],[113.883067,32.318874],[113.905935,32.303331],[113.899343,32.276679],[113.953624,32.241319],[114.021007,32.249945],[114.062429,32.310167],[114.084565,32.39704],[114.130382,32.449815],[114.182058,32.410753],[114.213878,32.409776],[114.310069,32.360785],[114.364757,32.286241],[114.44044,32.278835],[114.490245,32.300482],[114.521902,32.287706],[114.622651,32.312567],[114.658946,32.313585],[114.659679,32.287421],[114.717296,32.31977],[114.94752,32.27265],[114.981619,32.299913],[115.033376,32.29324],[115.07724,32.306749],[115.108897,32.368598],[115.224864,32.333808],[115.348643,32.3817],[115.367198,32.397569],[115.351003,32.409776],[115.361095,32.421698],[115.392589,32.409776],[115.42628,32.434394],[115.530203,32.401068],[115.564464,32.409776]],[[115.564464,32.402371],[115.60906,32.416287],[115.646414,32.402371],[115.693614,32.491767],[115.741628,32.479112],[115.754487,32.498155],[115.789806,32.470649],[115.843191,32.542426],[115.884288,32.571601],[115.989268,32.610622],[116.107188,32.524441],[116.136974,32.457587],[116.174083,32.429633],[116.242931,32.46072],[116.257091,32.496405],[116.28948,32.51907],[116.440929,32.436469],[116.481293,32.445095],[116.521414,32.501247]]]}},{"type":"Feature","properties":{"name":"Künes","name_en":"Künes","region_code":"CN_RIVER_Künes","source_name":"Natural Earth ne_50m_rivers_lake_centerlines","source_url":"https://raw.githubusercontent.com/nvkelso/natural-earth-vector/master/geojson/ne_10m_rivers_lake_centerlines.geojson","license":"public domain (Natural Earth)"},"geometry":{"type":"LineString","coordinates":[[84.959565,43.366807],[84.926199,43.371527],[84.870616,43.299343],[84.738699,43.244167],[84.460704,43.270941],[84.361339,43.257188],[84.146495,43.311469],[84.028087,43.321112],[83.844493,43.381781],[83.725515,43.455756],[83.556407,43.46662],[83.416026,43.511746],[83.297455,43.513007],[83.160167,43.537218],[82.83196,43.521104],[82.650645,43.554145],[82.535818,43.598253],[82.368175,43.613593],[82.219249,43.593329],[81.986908,43.656521],[81.752452,43.620673]]}},{"type":"Feature","properties":{"name":"Sapt","name_en":"Sapt","region_code":"CN_RIVER_Sapt","source_name":"Natural Earth ne_50m_rivers_lake_centerlines","source_url":"https://raw.githubusercontent.com/nvkelso/natural-earth-vector/master/geojson/ne_10m_rivers_lake_centerlines.geojson","license":"public domain (Natural Earth)"},"geometry":{"type":"MultiLineString","coordinates":[[[85.754649,28.551581],[85.726654,28.63349],[85.788666,28.687445],[85.83196,28.669135],[85.905528,28.675116],[86.011485,28.651882],[86.077403,28.653998],[86.121755,28.67532],[86.156342,28.753201],[86.261974,28.807563],[86.354015,28.797553],[86.398936,28.776923],[86.427257,28.669501],[86.495128,28.606228],[86.642345,28.626736],[86.659679,28.613064],[86.751475,28.606228],[86.792491,28.620469],[87.008393,28.592597],[87.118256,28.620469],[87.180919,28.598741],[87.273448,28.612087],[87.364757,28.585069],[87.464366,28.506903],[87.512462,28.499783],[87.579112,28.461493],[87.614838,28.422471],[87.563406,28.40705],[87.468354,28.337999],[87.450694,28.27379],[87.380463,28.272162],[87.348643,28.247829],[87.330577,28.184434],[87.385753,28.013129],[87.371593,27.965033],[87.385753,27.941474],[87.371593,27.91413],[87.41739029584687,27.854322444725824]],[[87.41916639470556,27.833251453720436],[87.4214574673798,27.825326345131096]]]}},{"type":"Feature","properties":{"name":"岷江","name_en":"Min","region_code":"CN_RIVER_岷江","source_name":"Natural Earth ne_50m_rivers_lake_centerlines","source_url":"https://raw.githubusercontent.com/nvkelso/natural-earth-vector/master/geojson/ne_10m_rivers_lake_centerlines.geojson","license":"public domain (Natural Earth)"},"geometry":{"type":"LineString","coordinates":[[117.489187,27.866319],[117.455089,27.791287],[117.441417,27.708075],[117.39796,27.693956],[117.343435,27.618516],[117.337901,27.538642],[117.445811,27.361599],[117.578624,27.263007],[117.580333,27.162177],[117.675548,27.055609],[117.668875,27.022325],[117.750011,26.910224],[117.750011,26.875759],[117.780854,26.815212],[117.835134,26.777533],[117.894216,26.790066],[117.982432,26.755927],[118.003184,26.694525],[117.962169,26.633083],[117.996349,26.61876],[118.013682,26.591417],[118.092459,26.591417],[118.157725,26.642646],[118.236501,26.625596],[118.366791,26.547634],[118.408295,26.468858],[118.387299,26.417914],[118.408783,26.404079],[118.65797,26.417914],[118.678233,26.363308],[118.853526,26.273871],[118.842052,26.248725],[118.866954,26.220771],[118.993744,26.1942],[119.024832,26.201036],[119.093761,26.145819]]}},{"type":"Feature","properties":{"name":"雅鲁藏布江","name_en":"Dihang","region_code":"CN_RIVER_雅鲁藏布江","source_name":"Natural Earth ne_50m_rivers_lake_centerlines","source_url":"https://raw.githubusercontent.com/nvkelso/natural-earth-vector/master/geojson/ne_10m_rivers_lake_centerlines.geojson","license":"public domain (Natural Earth)"},"geometry":{"type":"LineString","coordinates":[[94.355968,29.309516],[94.482595,29.428494],[94.582286,29.481798],[94.654552,29.48904],[94.706554,29.464138],[94.817312,29.491767],[94.875255,29.540554],[94.924083,29.609565],[94.92628,29.621934],[94.885916,29.633083],[94.916596,29.668809],[94.891694,29.697211],[94.903575,29.71601],[94.954845,29.756944],[95.124522,29.764228],[95.092459,29.813666],[95.128835,29.880194],[95.195079,29.89293],[95.224132,29.866523],[95.296479,29.863145],[95.307546,29.843533],[95.288259,29.811225],[95.384044,29.771104],[95.379893,29.717149],[95.396495,29.687812],[95.388194,29.594916],[95.425955,29.537177],[95.437266,29.463813],[95.254649,29.288398],[95.201752,29.278835],[95.044444,29.17654],[95.000906,29.16824],[94.997569,29.130439],[94.908702,29.051052],[94.904796,29.020941],[94.831147,28.950466],[94.788503,28.934597],[94.773448,28.854438],[94.793468,28.824083],[94.915457,28.82099],[94.92685,28.742987],[94.975597,28.712226],[94.977306,28.682725],[94.999115,28.681952],[95.031993,28.616034],[95.097992,28.539374],[95.092459,28.405788],[95.013438,28.326768],[94.992931,28.286444],[94.989513,28.250556],[95.031993,28.173651],[95.129893,28.148057],[95.200125,28.178331],[95.241466,28.173163],[95.281342,28.149359],[95.305756,28.097683],[95.36078257093679,28.069801701760277]]}},{"type":"Feature","properties":{"name":"Mamas","name_en":"Mamas","region_code":"CN_RIVER_Mamas","source_name":"Natural Earth ne_50m_rivers_lake_centerlines","source_url":"https://raw.githubusercontent.com/nvkelso/natural-earth-vector/master/geojson/ne_10m_rivers_lake_centerlines.geojson","license":"public domain (Natural Earth)"},"geometry":{"type":"LineString","coordinates":[[91.776541,28.291856],[91.777761,28.08393],[91.828136,27.939805],[91.811453,27.890489],[91.74822,27.802273],[91.751231,27.708116],[91.6963,27.592597],[91.675190476284,27.498619233973553]]}},{"type":"Feature","properties":{"name":"Buh","name_en":"Buh","region_code":"CN_RIVER_Buh","source_name":"Natural Earth ne_50m_rivers_lake_centerlines","source_url":"https://raw.githubusercontent.com/nvkelso/natural-earth-vector/master/geojson/ne_10m_rivers_lake_centerlines.geojson","license":"public domain (Natural Earth)"},"geometry":{"type":"LineString","coordinates":[[98.864268,38.158718],[98.871104,38.124579],[98.797537,37.991034],[98.816417,37.943305],[98.80714,37.898383],[98.692882,37.726671],[98.631277,37.716905],[98.598725,37.692694],[98.644542,37.638536],[98.702891,37.445828],[98.750987,37.411404],[98.965912,37.363593],[99.140229,37.268134],[99.565684,37.132351],[99.631114,37.080268],[99.784272,37.004462],[99.838796,37.000271]]}},{"type":"Feature","properties":{"name":"嘉陵江","name_en":"Jialing","region_code":"CN_RIVER_嘉陵江","source_name":"Natural Earth ne_50m_rivers_lake_centerlines","source_url":"https://raw.githubusercontent.com/nvkelso/natural-earth-vector/master/geojson/ne_10m_rivers_lake_centerlines.geojson","license":"public domain (Natural Earth)"},"geometry":{"type":"LineString","coordinates":[[106.881602,34.207953],[106.858653,34.196234],[106.826427,34.20421],[106.757904,34.146999],[106.6421,33.965196],[106.510916,33.924669],[106.424083,33.834906],[106.312592,33.795844],[106.276296,33.735297],[106.223725,33.759141],[106.209483,33.7237],[106.220307,33.666693],[106.070079,33.573432],[106.022227,33.51496],[106.0678,33.378974],[106.142345,33.322292],[106.128184,33.27497],[106.052419,33.204901],[106.060557,33.16295],[106.045502,33.129177],[106.100841,33.080756],[106.059255,32.985175],[105.956716,32.933376],[105.914561,32.880968],[105.935802,32.824083],[105.935802,32.744981],[105.910167,32.744452],[105.901541,32.724473],[105.901541,32.686632],[105.853282,32.54975],[105.860606,32.491767],[105.836518,32.445828],[105.79184,32.423448],[105.805431,32.395535],[105.750662,32.38703],[105.709076,32.31977],[105.737804,32.303778],[105.715424,32.272732],[105.737722,32.205105],[105.688731,32.149115],[105.715424,32.12877],[105.716726,32.093858],[105.695567,32.080837],[105.709239,32.06684],[105.695567,32.052924],[105.749766,31.992377],[105.743337,31.943061],[105.784923,31.943061],[105.812755,31.964179],[105.822846,31.940863],[105.805431,31.922553],[105.853282,31.908881],[105.825857,31.874132],[105.833425,31.84748],[105.881114,31.854926],[105.873139,31.82335],[105.8921,31.799384],[105.921153,31.789374],[105.943289,31.799628],[105.933849,31.749091],[105.956716,31.737616],[105.938731,31.708564],[105.963145,31.6824],[105.935802,31.6824],[105.928803,31.641384],[105.956716,31.635199],[105.97047,31.573106],[106.008067,31.614691],[106.059255,31.568671],[106.060802,31.537787],[106.021007,31.511339],[106.039806,31.448513],[106.0206,31.400255],[106.065115,31.385199],[106.073009,31.367703],[106.134939,31.354031],[106.117279,31.337917],[106.12322,31.310655],[106.197032,31.361436],[106.213878,31.32628],[106.258556,31.308173],[106.267833,31.26789],[106.211436,31.211249],[106.243337,31.207139],[106.296641,31.131863],[106.346202,31.120307],[106.343435,31.083075],[106.370697,31.077663],[106.39503,31.045518],[106.312511,31.02501],[106.356863,30.985297],[106.34669,30.97663],[106.256114,31.016669],[106.271495,30.992377],[106.258311,30.965115],[106.188406,30.959744],[106.180756,30.912787],[106.079682,30.761257],[106.115652,30.711249],[106.100841,30.696112],[106.072195,30.714138],[106.058442,30.707302],[106.057384,30.665717],[106.107026,30.668769],[106.118907,30.649929],[106.062999,30.620958],[106.066742,30.566352],[106.098399,30.574286],[106.089366,30.531806],[106.145112,30.553494],[106.155365,30.538398],[106.141694,30.483181],[106.10377,30.499701],[106.095307,30.477851],[106.148529,30.449652],[106.164561,30.463446],[106.185964,30.413113],[106.210704,30.435981],[106.230479,30.387559],[106.279063,30.360297],[106.250418,30.339789],[106.268565,30.305365],[106.257823,30.264716],[106.236827,30.285183],[106.203217,30.203233],[106.233653,30.178412],[106.216889,30.14057],[106.264659,30.154853],[106.268484,30.124945],[106.285167,30.134345],[106.289561,30.123847],[106.270925,30.09337],[106.309581,30.085557],[106.31544,30.07099],[106.309662,30.028388],[106.27589,30.01435],[106.273204,29.99726],[106.319021,30.002061],[106.337494,29.989325],[106.333018,29.962999],[106.520112,29.769477],[106.516694,29.703437],[106.456391,29.704291],[106.459239,29.595567],[106.497813,29.577094],[106.586843,29.585639]]}},{"type":"Feature","properties":{"name":"Dong","name_en":"Dong","region_code":"CN_RIVER_Dong","source_name":"Natural Earth ne_50m_rivers_lake_centerlines","source_url":"https://raw.githubusercontent.com/nvkelso/natural-earth-vector/master/geojson/ne_10m_rivers_lake_centerlines.geojson","license":"public domain (Natural Earth)"},"geometry":{"type":"MultiLineString","coordinates":[[[115.707937,25.056505],[115.739757,24.964911],[115.689382,24.913275],[115.687999,24.871527],[115.624522,24.730007],[115.569347,24.662869],[115.497488,24.616807],[115.474294,24.552802],[115.474294,24.494167],[115.412201,24.444932],[115.365245,24.467475],[115.36907,24.414862],[115.317393,24.398546],[115.327403,24.361029],[115.183686,24.278144],[115.177257,24.258897],[115.241954,24.206651],[115.248546,24.148464],[115.232514,24.109687],[115.163585,24.047553],[115.107432,24.031277],[115.057058,23.957709],[114.976329,23.890326],[114.933197,23.891466],[114.780528,23.821153],[114.720225,23.76907],[114.650076,23.572089],[114.686697,23.47309],[114.57073,23.389472],[114.522634,23.396348],[114.498627,23.375312],[114.502208,23.33336],[114.563894,23.26085],[114.550304,23.240343],[114.587332,23.211697],[114.595307,23.171902],[114.583914,23.157782],[114.550304,23.171454],[114.514659,23.156073],[114.466075,23.186306],[114.408946,23.108588],[114.296397,23.157782],[114.249034,23.15644],[114.111501,23.057725],[114.058116,23.09394],[114.01588,23.080268],[113.974213,23.100409],[113.843516,23.110256]],[[114.636485,23.735948],[114.657237,23.723822],[114.707286,23.746853]],[[113.844005,23.110663],[113.843516,23.110256]],[[113.843516,23.110256],[113.830333,23.117499]],[[113.843516,23.110256],[113.756847,23.07156],[113.617768,22.949286]]]}},{"type":"Feature","properties":{"name":"雅砻江","name_en":"Yalong","region_code":"CN_RIVER_雅砻江","source_name":"Natural Earth ne_50m_rivers_lake_centerlines","source_url":"https://raw.githubusercontent.com/nvkelso/natural-earth-vector/master/geojson/ne_10m_rivers_lake_centerlines.geojson","license":"public domain (Natural Earth)"},"geometry":{"type":"LineString","coordinates":[[97.616628,34.064236],[97.591319,34.033718],[97.345714,33.942084],[97.226736,33.834906],[97.159272,33.809638],[97.251557,33.458319],[97.344168,33.360907],[97.431651,33.341417],[97.564545,33.376166],[97.695404,33.361925],[97.768077,33.409735],[97.800548,33.402371],[97.875662,33.343329],[97.904063,33.272528],[97.951264,33.228624],[98.045665,33.215115],[98.071056,33.187527],[98.157807,33.170193],[98.201915,33.128363],[98.237641,33.1164],[98.319753,33.0456],[98.364024,32.936794],[98.391612,32.904975],[98.593272,32.841173],[98.643891,32.890163],[98.761241,32.820665],[98.765636,32.833686],[98.816905,32.817694],[98.862397,32.752875],[98.99407,32.766059],[99.04184,32.738105],[99.103933,32.635118],[99.082123,32.610053],[99.090261,32.574286],[99.064464,32.539618],[99.082612,32.443915],[99.019786,32.408637],[99.010265,32.383653],[98.938243,32.361151],[98.952891,32.299913],[99.072765,32.278835],[99.142019,32.308214],[99.264415,32.280626],[99.348399,32.147162],[99.455333,32.102973],[99.494151,31.99079],[99.528575,31.975165],[99.576182,31.916327],[99.635834,31.896755],[99.665538,31.806464],[99.737641,31.762152],[99.806163,31.651719],[99.970225,31.628852],[100.060557,31.595567],[100.090017,31.56627],[100.114024,31.480984],[100.226166,31.392117],[100.282319,31.25727],[100.309825,31.128038],[100.308849,30.959255],[100.266205,30.896023],[100.199962,30.881659],[100.163829,30.856716],[100.149832,30.821112],[100.152192,30.779893],[100.217703,30.626329],[100.332774,30.52501],[100.409434,30.50491],[100.453624,30.448798],[100.594005,30.419786],[100.606456,30.387152],[100.680919,30.34337],[100.750255,30.225898],[100.787364,30.221055],[100.80421,30.193427],[100.995697,30.203233],[100.98821,30.117255],[101.013194,30.101833],[101.003022,29.981147],[101.061941,29.916124],[101.086925,29.859158],[101.08839,29.75377],[101.070811,29.702338],[101.091238,29.665107],[101.080089,29.640489],[101.132253,29.565782],[101.124766,29.52794],[101.152354,29.464667],[101.139659,29.428575],[101.107188,29.399726],[101.009369,29.359727],[101.040701,29.342353],[101.061697,29.1789],[101.105235,29.143256],[101.151378,29.029975],[101.150401,28.966661],[101.180675,28.948798],[101.175141,28.796454],[101.201101,28.749579],[101.242117,28.495185],[101.279796,28.399115],[101.365001,28.345526],[101.365001,28.304551],[101.385509,28.280707],[101.378917,28.166083],[101.443126,28.118964],[101.487315,28.063056],[101.540538,28.073676],[101.571056,28.133857],[101.625418,28.180447],[101.666515,28.36286],[101.721202,28.407009],[101.746023,28.474392],[101.74822,28.550401],[101.84962,28.612087],[101.919932,28.620469],[101.937999,28.606757],[101.864268,28.442694],[101.883556,28.316514],[101.848237,28.231716],[101.796397,28.160509],[101.769054,28.058173],[101.785574,28.028347],[101.854503,28.021674],[101.822846,27.980658],[101.872081,27.944892],[101.837901,27.886176],[101.882335,27.876532],[101.878917,27.838446],[101.91155,27.82453],[101.934255,27.743109],[101.9546,27.714911],[102.010834,27.707587],[102.015147,27.665839],[101.98878,27.612494],[102.001394,27.580675],[101.97877,27.519843],[101.960867,27.365505],[101.889089,27.257636],[101.858409,27.180487],[101.875662,27.150946],[101.815522,27.11461],[101.773692,27.011786],[101.687104,26.947781],[101.72519,26.848456],[101.796479,26.817694],[101.865245,26.742947],[101.796397,26.605089]]}},{"type":"Feature","properties":{"name":"You","name_en":"You","region_code":"CN_RIVER_You","source_name":"Natural Earth ne_50m_rivers_lake_centerlines","source_url":"https://raw.githubusercontent.com/nvkelso/natural-earth-vector/master/geojson/ne_10m_rivers_lake_centerlines.geojson","license":"public domain (Natural Earth)"},"geometry":{"type":"MultiLineString","coordinates":[[[105.257335,24.448065],[105.408214,24.3758],[105.477061,24.372138],[105.560802,24.329047],[105.636648,24.330024],[105.737315,24.295478],[105.845144,24.356024],[105.891368,24.312567],[105.88795,24.234687],[105.97047,24.183173],[106.020925,24.110867],[106.006114,24.072618],[106.014903,24.059353],[106.097179,23.995307],[106.091401,23.956366],[106.190115,23.945828],[106.244558,23.975287],[106.322195,23.952094],[106.411632,23.981065],[106.456554,23.946112]],[[106.456554,23.946112],[106.545909,23.891466],[106.627208,23.896267],[106.643972,23.834784],[106.673839,23.793077],[106.752452,23.775214],[106.816417,23.779853],[106.846772,23.755439],[106.928152,23.754747],[106.92628,23.706081],[106.966889,23.657497],[107.018647,23.626247],[107.244151,23.584337],[107.335053,23.495876],[107.409272,23.452663],[107.415538,23.425971],[107.54005,23.32449],[107.6303,23.289089],[107.64796,23.21955],[107.713308,23.166693],[107.768077,23.146552],[107.763438,23.111274],[107.810557,23.10456],[107.880626,23.034491],[107.981537,23.066921],[107.961436,22.990505],[108.040294,22.961737],[108.058197,22.898546],[108.042084,22.872178],[108.092296,22.844346]],[[106.456554,23.939276],[106.456554,23.946112]]]}},{"type":"Feature","properties":{"name":"Bei","name_en":"Bei","region_code":"CN_RIVER_Bei","source_name":"Natural Earth ne_50m_rivers_lake_centerlines","source_url":"https://raw.githubusercontent.com/nvkelso/natural-earth-vector/master/geojson/ne_10m_rivers_lake_centerlines.geojson","license":"public domain (Natural Earth)"},"geometry":{"type":"LineString","coordinates":[[112.528819,25.317247],[112.721609,25.367133],[112.869721,25.306098],[113.016775,25.281562],[113.150645,25.225124],[113.182709,25.222602],[113.254893,25.258409],[113.28297,25.226182],[113.296479,25.153998],[113.366954,25.062567],[113.414236,25.030056],[113.440115,24.950751],[113.531749,24.891466],[113.5713,24.794867],[113.563975,24.751817],[113.516205,24.71662],[113.523367,24.631619],[113.580577,24.543402],[113.56129,24.494981],[113.41448,24.30036],[113.413666,24.260769],[113.451671,24.252631],[113.451671,24.238552],[113.399669,24.113593],[113.357432,24.067979],[113.292003,24.033026],[113.244151,23.807969],[113.203298,23.736599],[113.170909,23.711778],[113.119721,23.71129],[113.084076,23.689236],[113.017182,23.69363],[112.984793,23.672227],[112.973888,23.647732],[112.981619,23.576687],[112.895437,23.457831],[112.875011,23.339382],[112.810557,23.226345],[112.803966,23.192735],[112.819347,23.152859]]}},{"type":"Feature","properties":{"name":"恒河","name_en":"Ganges","region_code":"CN_RIVER_恒河","source_name":"Natural Earth ne_50m_rivers_lake_centerlines","source_url":"https://raw.githubusercontent.com/nvkelso/natural-earth-vector/master/geojson/ne_10m_rivers_lake_centerlines.geojson","license":"public domain (Natural Earth)"},"geometry":{"type":"LineString","coordinates":[[79.84075,30.888495],[79.82448071583724,30.8632169591346]]}},{"type":"Feature","properties":{"name":"狮泉河","name_en":"Indus","region_code":"CN_RIVER_狮泉河","source_name":"Natural Earth ne_50m_rivers_lake_centerlines","source_url":"https://raw.githubusercontent.com/nvkelso/natural-earth-vector/master/geojson/ne_10m_rivers_lake_centerlines.geojson","license":"public domain (Natural Earth)"},"geometry":{"type":"MultiLineString","coordinates":[[[79.437266,32.738105],[79.356944,32.850694],[79.327403,32.868476],[79.308604,32.928168],[79.1835039098617,32.98862691317128]],[[79.73463,32.443915],[79.429779,32.744981]]]}},{"type":"Feature","properties":{"name":"Shilka","name_en":"Shilka","region_code":"CN_RIVER_Shilka","source_name":"Natural Earth ne_50m_rivers_lake_centerlines","source_url":"https://raw.githubusercontent.com/nvkelso/natural-earth-vector/master/geojson/ne_10m_rivers_lake_centerlines.geojson","license":"public domain (Natural Earth)"},"geometry":{"type":"LineString","coordinates":[[121.46940019970322,53.33086086505311],[121.477794,53.32392]]}},{"type":"Feature","properties":{"name":"Yong","name_en":"Yong","region_code":"CN_RIVER_Yong","source_name":"Natural Earth ne_50m_rivers_lake_centerlines","source_url":"https://raw.githubusercontent.com/nvkelso/natural-earth-vector/master/geojson/ne_10m_rivers_lake_centerlines.geojson","license":"public domain (Natural Earth)"},"geometry":{"type":"LineString","coordinates":[[108.092296,22.844346],[108.118582,22.842353],[108.110362,22.803168],[108.135509,22.774848],[108.183035,22.785264],[108.176362,22.830105],[108.216238,22.836982],[108.3296,22.799262],[108.327891,22.781684],[108.399669,22.782538],[108.463796,22.815782],[108.484874,22.767401],[108.506847,22.810126],[108.512218,22.794704],[108.544444,22.811957],[108.568126,22.847195],[108.628917,22.843126],[108.852061,22.884101],[108.8838,22.872138],[108.928233,22.801459],[108.893647,22.774848],[108.873057,22.779975],[108.872325,22.754991],[108.897634,22.733262]]}},{"type":"Feature","properties":{"name":"Yongding","name_en":"Yongding","region_code":"CN_RIVER_Yongding","source_name":"Natural Earth ne_50m_rivers_lake_centerlines","source_url":"https://raw.githubusercontent.com/nvkelso/natural-earth-vector/master/geojson/ne_10m_rivers_lake_centerlines.geojson","license":"public domain (Natural Earth)"},"geometry":{"type":"LineString","coordinates":[[115.589122,40.240424],[115.612315,40.180203],[115.663503,40.159735],[115.666921,40.13581],[115.690684,40.122423],[115.700857,40.063503],[115.76588,40.070909],[115.79005,40.032742],[115.810151,40.029364],[115.803396,40.016303],[115.872325,40.022528],[115.981537,39.9713],[116.005789,40.002712],[116.033295,39.974718],[116.06544,39.990912],[116.111908,39.90644],[116.19044,39.854193],[116.22934,39.803412],[116.236095,39.735175],[116.204845,39.659491],[116.2081,39.57685],[116.249522,39.505683],[116.317393,39.460801],[116.410167,39.440294],[116.502045,39.464545],[116.598155,39.448106],[116.640717,39.406195],[116.763682,39.378852],[116.895437,39.383409],[117.033621,39.33043]]}},{"type":"Feature","properties":{"name":"Song’acha","name_en":"Song’acha","region_code":"CN_RIVER_Song’acha","source_name":"Natural Earth ne_50m_rivers_lake_centerlines","source_url":"https://raw.githubusercontent.com/nvkelso/natural-earth-vector/master/geojson/ne_10m_rivers_lake_centerlines.geojson","license":"public domain (Natural Earth)"},"geometry":{"type":"MultiLineString","coordinates":[[[132.93984884029317,45.02610954613978],[132.96148831412083,45.02761261862141]],[[132.9747474335636,45.03570538143095],[133.06215107269236,45.08676624853952]],[[133.08257855045136,45.09731879010634],[133.0950092622267,45.10572555465518]],[[133.11663576124857,45.12535443193636],[133.126964,45.155626],[133.09769404527825,45.24475869117467]],[[133.10260191807976,45.256051174929226],[133.1041659285644,45.27549141047977]],[[133.10336765630427,45.29437875283684],[133.139903,45.435655],[133.199227739601,45.51010702654758]],[[133.21949917761071,45.517004743882715],[133.26593588087124,45.5277485496948]],[[133.341264377243,45.556013801001846],[133.3792853877894,45.57334499591609]]]}},{"type":"Feature","properties":{"name":"Ussuri","name_en":"Ussuri","region_code":"CN_RIVER_Ussuri","source_name":"Natural Earth ne_50m_rivers_lake_centerlines","source_url":"https://raw.githubusercontent.com/nvkelso/natural-earth-vector/master/geojson/ne_10m_rivers_lake_centerlines.geojson","license":"public domain (Natural Earth)"},"geometry":{"type":"MultiLineString","coordinates":[[[133.42307083344252,45.58412250737478],[133.41736506967538,45.603694192521196]],[[133.4594164997514,45.65066291107512],[133.48545523143787,45.66669882540591]],[[133.48504783094754,45.68854699942979],[133.4471718876386,45.704533148600554]],[[133.44590519286322,45.70611961504675],[133.44834077061213,45.71367292829752]],[[133.47338951885854,45.7367317300519],[133.47990300107236,45.75528176792898]],[[133.50511947356227,45.785637597115354],[133.50496877166657,45.78581445549634]],[[133.57519619222492,45.87575270634947],[133.61556966577984,45.934946435942436]],[[133.66127039965502,45.94310683005254],[133.719737,46.064032],[133.687022,46.142035],[133.69876929346626,46.14929755284884]],[[133.75759464465193,46.17208473568064],[133.8072131796482,46.21704270175892]],[[133.84373144438845,46.20845720238364],[133.8712092492066,46.24532453191183]],[[133.8925288297993,46.25291684272947],[133.893484,46.30211],[133.90934396949348,46.31006889633536]],[[133.91315134135903,46.31592353864395],[133.874115,46.320014],[133.8718988189353,46.346696991458636]],[[133.92817526364166,46.37760115477963],[133.921153,46.410427],[133.854015,46.444892],[133.84547,46.470893],[133.9161323371531,46.58694229785781]],[[133.99018671797495,46.6283673755523],[134.03158593962374,46.72675037039417]],[[134.04411881136033,46.77063032503742],[134.016368,46.819688],[134.0419280523331,46.871616518492985]],[[134.0654489213805,46.92181229253568],[134.06686189681074,46.970188101085895]],[[134.07141270638618,46.98497261080515],[134.1257296462538,47.07159061452656]],[[134.22120803380997,47.105006384457624],[134.226736,47.117987],[134.189464,47.173163],[134.196869,47.205593],[134.1580891585708,47.24756557152442]],[[134.15729483136562,47.24956808571774],[134.16536639355706,47.28051926648747]],[[134.25869582382836,47.369389115674224],[134.2644389829217,47.37736607403988]],[[134.55815134049163,47.47591927399442],[134.57151575313048,47.4939552747989]],[[134.61783372189817,47.54128667013955],[134.6469828865268,47.56266453226605]],[[134.6863081928093,47.623466970925996],[134.692556,47.649197],[134.70903815445993,47.65479661609676]],[[134.7614305112409,47.70010568098037],[134.769542,47.741278],[134.68028789966277,47.81832386662153]],[[134.6783217026798,47.82115871066522],[134.657481,47.88699],[134.587413,47.926134],[134.60064837902993,47.943819571935165]],[[134.6003404264754,47.94530018258729],[134.5958141683491,47.950754150318204]],[[134.58471673690732,48.059872347239256],[134.58850698338995,48.063009747628094]],[[134.80756289179544,48.30593084893121],[134.86392826349746,48.33222361884413]],[[134.9992722999446,48.36336628580475],[135.070079,48.406358],[135.09032576702404,48.441923399747765]]]}},{"type":"Feature","properties":{"name":"Yu","name_en":"Yu","region_code":"CN_RIVER_Yu","source_name":"Natural Earth ne_50m_rivers_lake_centerlines","source_url":"https://raw.githubusercontent.com/nvkelso/natural-earth-vector/master/geojson/ne_10m_rivers_lake_centerlines.geojson","license":"public domain (Natural Earth)"},"geometry":{"type":"LineString","coordinates":[[108.897634,22.733262],[108.929617,22.671983],[108.971609,22.637722],[109.029307,22.660468],[109.135916,22.623399],[109.139415,22.664984],[109.232188,22.651313],[109.252615,22.684841],[109.273204,22.67182],[109.28004,22.705919],[109.2942,22.698513],[109.326182,22.726264],[109.397553,22.734727],[109.410248,22.746894],[109.410248,22.80211],[109.516531,22.839708],[109.561127,22.884101],[109.574229,22.945502],[109.600027,22.928168],[109.636241,22.931912],[109.594737,22.952989],[109.597748,22.985785],[109.574229,22.990261],[109.561127,23.021267],[109.584727,23.086453],[109.721934,23.117499],[109.756358,23.090196],[109.796397,23.084784],[109.855398,23.107978],[109.852306,23.130479],[109.882742,23.124457],[109.882091,23.172878],[109.962413,23.213568],[110.010346,23.281846],[110.082449,23.271918],[110.081554,23.293321],[110.049408,23.291693],[110.040294,23.309272],[110.089366,23.404853]]}},{"type":"Feature","properties":{"name":"海河","name_en":"Hai","region_code":"CN_RIVER_海河","source_name":"Natural Earth ne_50m_rivers_lake_centerlines","source_url":"https://raw.githubusercontent.com/nvkelso/natural-earth-vector/master/geojson/ne_10m_rivers_lake_centerlines.geojson","license":"public domain (Natural Earth)"},"geometry":{"type":"LineString","coordinates":[[117.033621,39.33043],[117.078298,39.303168],[117.078054,39.241767],[117.232188,39.093207],[117.307872,39.069892],[117.323253,39.051866],[117.352631,39.056708],[117.376231,39.029486],[117.447032,39.027045],[117.578624,38.98786],[117.598399,39.014024],[117.708995,38.981024]]}},{"type":"Feature","properties":{"name":"狮泉河","name_en":"Shiquan","region_code":"CN_RIVER_狮泉河","source_name":"Natural Earth ne_50m_rivers_lake_centerlines","source_url":"https://raw.githubusercontent.com/nvkelso/natural-earth-vector/master/geojson/ne_10m_rivers_lake_centerlines.geojson","license":"public domain (Natural Earth)"},"geometry":{"type":"LineString","coordinates":[[81.63974,31.449571],[81.592459,31.403876],[81.489187,31.394314],[81.409597,31.47545],[81.314545,31.505927],[81.217784,31.600694],[81.165701,31.741034],[81.20517,31.840847],[81.251475,31.894843],[81.394135,31.986274],[81.375662,32.018744],[81.334076,32.018744],[81.281342,32.048855],[81.271658,32.092353],[81.283295,32.173448],[81.244395,32.201361],[81.212006,32.321072],[81.155935,32.375027],[81.053966,32.401801],[81.006358,32.447862],[80.865326,32.475409],[80.73585,32.53852],[80.647553,32.553412],[80.19573,32.551703],[80.024669,32.486029],[79.888927,32.479356],[79.73463,32.443915]]}},{"type":"Feature","properties":{"name":"Di’er Songhua","name_en":"Di’er Songhua","region_code":"CN_RIVER_Di’er Songhua","source_name":"Natural Earth ne_50m_rivers_lake_centerlines","source_url":"https://raw.githubusercontent.com/nvkelso/natural-earth-vector/master/geojson/ne_10m_rivers_lake_centerlines.geojson","license":"public domain (Natural Earth)"},"geometry":{"type":"LineString","coordinates":[[126.90504,43.51081],[126.903738,43.623806],[126.84962,43.648017],[126.791433,43.650458],[126.761974,43.704169],[126.678803,43.703803]]}},{"type":"Feature","properties":{"name":"Di’er Songhua","name_en":"Di’er Songhua","region_code":"CN_RIVER_Di’er Songhua","source_name":"Natural Earth ne_50m_rivers_lake_centerlines","source_url":"https://raw.githubusercontent.com/nvkelso/natural-earth-vector/master/geojson/ne_10m_rivers_lake_centerlines.geojson","license":"public domain (Natural Earth)"},"geometry":{"type":"MultiLineString","coordinates":[[[126.679698,43.702582],[126.62794,43.765408],[126.532237,43.791083],[126.535167,43.811835],[126.576101,43.825507],[126.579519,43.867051],[126.500987,43.915554],[126.473074,43.915554],[126.490001,43.963487],[126.459402,44.045233],[126.394216,44.109442],[126.493663,44.23078],[126.455577,44.262274],[126.457286,44.283474],[126.47991,44.29914],[126.455984,44.349392],[126.478038,44.414252],[126.425304,44.435614],[126.431163,44.51203],[126.39796,44.55976],[126.349864,44.584784],[126.268321,44.696357],[126.161143,44.720811],[126.165945,44.751573],[126.135753,44.773057],[126.028738,44.788845],[125.920421,44.778388],[125.901947,44.817491],[125.805593,44.846706],[125.741628,44.92418],[125.682872,44.949286],[125.658132,44.94953],[125.586192,44.894965],[125.493663,44.888129],[125.438731,44.90115],[125.393077,44.882758],[125.356456,44.888129],[125.310151,44.864529],[125.185151,44.867621],[125.14088,44.939968],[125.099701,44.943386],[125.046153,45.017849],[124.931814,45.087348],[124.863699,45.152655],[124.741303,45.201687],[124.725841,45.247748],[124.740815,45.267849],[124.732595,45.326361],[124.687999,45.371039],[124.651296,45.447943]],[[127.376069,42.56745],[127.298106,42.637397],[127.249604,42.605333],[127.194021,42.605333],[127.232188,42.688056],[127.193126,42.763495],[127.179454,42.832384],[127.227143,42.88703],[127.087169,42.958604],[126.990733,43.034125],[126.973399,43.113593],[126.932384,43.113593],[127.00058,43.161322],[126.97991,43.212836],[127.000906,43.247382],[127.097992,43.242458],[127.152192,43.278022],[127.120372,43.280707],[127.088634,43.310329],[127.125255,43.380683],[127.004975,43.400499],[126.987641,43.428656],[126.914806,43.468614],[126.90504,43.51081]]]}},{"type":"Feature","properties":{"name":"黄河","name_en":"Huang","region_code":"CN_RIVER_黄河","source_name":"Natural Earth ne_50m_rivers_lake_centerlines","source_url":"https://raw.githubusercontent.com/nvkelso/natural-earth-vector/master/geojson/ne_10m_rivers_lake_centerlines.geojson","license":"public domain (Natural Earth)"},"geometry":{"type":"MultiLineString","coordinates":[[[97.762787,35.08808],[97.733165,35.055203],[97.697276,34.919867],[97.617686,34.885077],[97.545909,34.876003]],[[97.288178,34.835476],[97.234304,34.907294],[97.12379,34.943427],[97.072032,34.930609]]]}},{"type":"Feature","properties":{"name":"黄河","name_en":"Huang","region_code":"CN_RIVER_黄河","source_name":"Natural Earth ne_50m_rivers_lake_centerlines","source_url":"https://raw.githubusercontent.com/nvkelso/natural-earth-vector/master/geojson/ne_10m_rivers_lake_centerlines.geojson","license":"public domain (Natural Earth)"},"geometry":{"type":"MultiLineString","coordinates":[[[96.164154,35.129665],[96.249278,35.109198],[96.483165,35.105658],[96.654877,35.050116],[96.81129,35.061347],[96.889903,35.006781],[96.97462,34.991645],[97.015391,34.937445],[97.072032,34.930609]],[[97.762787,35.08808],[97.795909,35.111111],[97.848888,35.11225],[97.991628,35.080593],[98.124441,34.937038],[98.137299,34.893378],[98.37794,34.815294],[98.396251,34.773627],[98.401459,34.649278],[98.380951,34.619167],[98.326671,34.598171],[98.329845,34.574774],[98.394786,34.547431],[98.466319,34.492214],[98.490164,34.424384],[98.51474,34.40119],[98.627371,34.357449],[98.709727,34.355048],[98.724294,34.368598],[98.723643,34.454942],[98.78297,34.451239],[98.836925,34.479193],[98.952891,34.458686],[98.986501,34.430772],[99.002045,34.436876],[99.056082,34.410264],[99.069591,34.362494],[99.034923,34.270046],[99.075776,34.153347],[99.048595,34.071357],[99.062266,33.971462],[99.096772,33.950141],[99.110606,33.913398],[99.17213,33.875841],[99.248057,33.784369],[99.306163,33.746609],[99.376882,33.752753],[99.392019,33.783962],[99.378184,33.814399],[99.395274,33.827216],[99.525483,33.802802],[99.542003,33.773464],[99.569347,33.765977],[99.645763,33.765652],[99.703298,33.806952],[99.771495,33.799994],[99.837006,33.775662],[99.905772,33.718207],[99.999115,33.675645],[100.080089,33.587917],[100.158946,33.574246],[100.288666,33.691514],[100.254649,33.746161],[100.240896,33.738715],[100.245616,33.760321],[100.316742,33.746161],[100.357839,33.756415],[100.479991,33.829535],[100.564952,33.854804],[100.663992,33.925564],[100.766043,33.928168],[100.814545,33.879828],[100.830577,33.883328],[100.869884,33.807969],[100.926199,33.786444],[100.912527,33.759141],[100.958995,33.738064],[100.995697,33.751736],[101.000662,33.726589],[101.016531,33.7296],[101.034434,33.771755],[101.01474,33.84044],[101.018321,33.871934],[101.034597,33.87698],[101.111827,33.861599],[101.182872,33.786078],[101.288178,33.711371],[101.323334,33.718207],[101.376557,33.69713],[101.389659,33.676622],[101.417735,33.694525],[101.454275,33.684109],[101.508718,33.704779],[101.606619,33.670193],[101.753673,33.680243],[101.837576,33.605984],[101.892589,33.526435],[101.889171,33.488552],[101.974539,33.40351],[102.09669,33.339911],[102.174327,33.334581],[102.266531,33.419013],[102.385916,33.409735],[102.461843,33.457546],[102.454194,33.471788],[102.481619,33.464952],[102.452729,33.523261],[102.45989,33.541571],[102.481619,33.540066],[102.355724,33.60932],[102.324474,33.653347],[102.342865,33.725124],[102.334727,33.735622],[102.290457,33.725043],[102.324474,33.751736],[102.299327,33.780707],[102.247081,33.797553],[102.263927,33.826036],[102.166515,33.945828],[102.132823,33.965196],[102.050304,33.957831],[101.943451,34.010565],[101.913097,33.999376],[101.803233,34.075059],[101.759532,34.072699],[101.72877,34.108588],[101.646983,34.135932],[101.611339,34.191189],[101.323334,34.259467],[101.265717,34.297309],[101.233979,34.300727],[101.222341,34.335273],[101.197276,34.34516],[101.194265,34.396023],[101.165701,34.406358],[101.139659,34.49962],[101.060557,34.505886],[101.001964,34.54682],[100.928966,34.551825],[100.861339,34.718126],[100.763438,34.677843],[100.674815,34.675727],[100.618256,34.691474],[100.49464,34.805487],[100.336355,34.833848],[100.288666,34.917344],[100.285818,34.984565],[100.249034,35.04621],[100.247162,35.173611],[100.22047,35.240668],[100.271251,35.295437],[100.205333,35.330634],[100.214285,35.378445],[100.193126,35.370958],[100.191173,35.402289],[100.131114,35.466579],[100.158946,35.483954],[100.166433,35.532782],[100.207612,35.574042],[100.296153,35.771674],[100.348399,35.774766],[100.390554,35.800564],[100.447032,35.77912],[100.455089,35.829657],[100.497081,35.841579],[100.543061,35.888983],[100.590912,35.888983],[100.637787,35.913113],[100.6421,35.936143],[100.72047,35.989081],[100.74171,36.070868],[100.842377,36.140082],[101.004893,36.132432],[101.064138,36.14643],[101.091807,36.100898],[101.16627,36.118476],[101.191173,36.087592],[101.262136,36.091173],[101.392019,36.051093],[101.478526,36.065945],[101.666433,36.181586],[101.697195,36.184353],[101.782725,36.146064],[101.839936,36.140652],[101.913097,36.086982],[101.912852,36.068427],[101.958425,36.053249],[101.947765,36.038601],[102.016124,35.991563],[102.073985,35.855251],[102.098888,35.830146],[102.163585,35.833767],[102.246104,35.874701],[102.441498,35.887763],[102.604584,35.842108],[102.735037,35.830349],[102.787201,35.859931],[102.837332,35.860663],[103.009207,35.825792],[103.116466,35.778184],[103.28712,35.853827],[103.359304,35.911689],[103.203624,35.961453],[103.189138,35.989773],[103.261322,36.065619],[103.392345,36.131049],[103.454845,36.18891],[103.502615,36.182074],[103.554454,36.126817],[103.646251,36.146511],[103.698416,36.098904],[103.876475,36.064643],[104.034679,36.078477],[104.047944,36.136501],[104.023367,36.147895],[104.018647,36.182237],[104.126964,36.243516],[104.157237,36.299994],[104.232595,36.368354],[104.345144,36.390326],[104.420014,36.450507],[104.493907,36.459662],[104.546153,36.503445],[104.607921,36.528998],[104.638927,36.571641],[104.710378,36.606024],[104.722992,36.692247],[104.612804,36.772569],[104.592459,36.833116],[104.466238,36.890896],[104.408702,36.882025],[104.393077,36.905829],[104.335948,36.900824],[104.337494,37.006781],[104.298595,37.079657],[104.317149,37.122626],[104.359793,37.134833],[104.305919,37.157009],[104.311046,37.16824],[104.438975,37.203437],[104.469656,37.195665],[104.603119,37.339667],[104.800955,37.37169],[104.856944,37.407823],[104.938731,37.408515],[104.992605,37.44245],[104.997325,37.473253],[105.052419,37.453559],[105.11671,37.487006],[105.229991,37.48017],[105.274669,37.494452],[105.573253,37.500678],[105.876069,37.586046],[105.94044,37.688015],[105.963145,37.815985],[105.992686,37.885037],[106.071056,37.95364],[106.1692,38.007758],[106.220632,38.082302],[106.226329,38.127468],[106.278087,38.233262],[106.40797,38.36225],[106.517019,38.426866],[106.572765,38.526557],[106.535655,38.535346],[106.518565,38.573269],[106.540457,38.621446],[106.594249,38.666327],[106.573171,38.710395],[106.604096,38.720974],[106.607921,38.751654],[106.648936,38.803534],[106.840343,38.987616],[106.866222,39.043158],[106.85377,39.077216],[106.881602,39.10456],[106.848155,39.163886],[106.808035,39.19892],[106.809093,39.309272],[106.749929,39.418809],[106.785085,39.674628],[106.751964,39.704169],[106.765636,39.762519],[106.744558,39.854926],[106.710378,39.898993],[106.738292,39.919501],[106.738048,39.971503],[106.709076,40.038113],[106.727143,40.062608],[106.858653,40.179755],[106.870128,40.183621],[106.874278,40.166571],[107.007091,40.257148],[107.057872,40.33279],[107.128022,40.351508],[107.151541,40.376044],[107.158702,40.402045],[107.141694,40.453925],[107.214366,40.499213],[107.203868,40.563788],[107.270763,40.637803],[107.39503,40.66059],[107.513927,40.739203],[107.561453,40.73725],[107.643972,40.774766],[107.706635,40.77143],[107.699799,40.829779],[107.758393,40.859483],[107.862071,40.8699],[107.91627,40.850165],[108.086681,40.847724],[108.173269,40.879706],[108.19752,40.838731],[108.240815,40.81391],[108.268891,40.826687],[108.306733,40.810818],[108.437755,40.817003],[108.484874,40.758979],[108.550873,40.717963],[108.590831,40.661566],[108.670421,40.642646],[108.697195,40.612169],[108.766124,40.612169],[108.763601,40.573188],[108.830007,40.54328],[108.879405,40.563788],[108.900401,40.529608],[108.989268,40.522773],[109.005626,40.556952],[109.02589,40.545193],[109.046641,40.556952],[109.057872,40.52501],[109.098155,40.547227],[109.207286,40.511908],[109.19752,40.488715],[109.286713,40.522773],[109.279552,40.490424],[109.396576,40.468207],[109.472341,40.502305],[109.430919,40.515326],[109.499034,40.529608],[109.50587,40.51671],[109.608328,40.550727],[109.665131,40.496772],[109.71339,40.475287],[109.749034,40.497829],[109.901378,40.52265],[109.952891,40.503974],[109.972097,40.522773],[109.988292,40.511583],[110.08253,40.522773],[110.122813,40.502875],[110.167572,40.540229],[110.202566,40.539618],[110.246104,40.474433],[110.30364,40.481391],[110.293549,40.461371],[110.306651,40.453192],[110.355724,40.450792],[110.430268,40.388495],[110.467377,40.394599],[110.479096,40.372016],[110.506847,40.381374],[110.606049,40.31741],[110.658132,40.321804],[110.879893,40.255316],[110.987397,40.261664],[111.034679,40.296902],[111.219737,40.172716],[111.302745,40.156073],[111.369884,40.090847],[111.405365,40.025824],[111.435313,39.90644],[111.359467,39.750434],[111.463145,39.620185],[111.425141,39.625312],[111.420909,39.52204],[111.316987,39.429389],[111.163992,39.423163],[111.109874,39.385077],[111.150808,39.357123],[111.16684,39.364691],[111.226573,39.296942],[111.117686,39.067328],[110.99464,39.00377],[110.972585,38.974189],[111.003429,38.902533],[110.979991,38.816514],[110.871511,38.621283],[110.900645,38.58039],[110.896983,38.535346],[110.85255,38.457099],[110.774018,38.426093],[110.746104,38.377712],[110.67099,38.316921],[110.579275,38.287218],[110.568614,38.226874],[110.510916,38.202094],[110.499604,38.166042],[110.514903,37.954901],[110.576915,37.93126],[110.653087,37.813096],[110.742686,37.764757],[110.743744,37.732449],[110.705089,37.713568],[110.794444,37.658311],[110.766612,37.637885],[110.788585,37.561347],[110.738455,37.469428],[110.636729,37.418158],[110.633311,37.379218],[110.687104,37.357123],[110.664806,37.282172],[110.536794,37.155382],[110.45989,37.051134],[110.417735,37.035183],[110.445079,37.021511],[110.427257,37.010199],[110.373057,37.017768],[110.417979,36.967231],[110.394786,36.906928],[110.369233,36.891181],[110.410818,36.849555],[110.417735,36.816026],[110.397227,36.781317],[110.37672,36.775092],[110.417735,36.753974],[110.417735,36.733507],[110.439057,36.742255],[110.44101,36.726426],[110.421153,36.692572],[110.38974,36.688788],[110.482921,36.592882],[110.498546,36.524482],[110.458751,36.349311],[110.472992,36.263699],[110.445079,36.185411],[110.446869,36.141791],[110.510753,35.886786],[110.54127,35.883816],[110.560151,35.849148],[110.57545,35.71247],[110.61964,35.597195],[110.602631,35.554226],[110.555919,35.50849],[110.547455,35.438178],[110.496186,35.403998],[110.424571,35.294135],[110.372569,35.255316],[110.335134,35.197943],[110.259369,34.944688],[110.272227,34.881456],[110.237234,34.801337],[110.251964,34.663153],[110.269949,34.637274]],[[97.288178,34.835476],[97.301199,34.817979],[97.406342,34.817939],[97.484955,34.871283],[97.546967,34.876003]]]}},{"type":"Feature","properties":{"name":"Qumar","name_en":"Qumar","region_code":"CN_RIVER_Qumar","source_name":"Natural Earth ne_50m_rivers_lake_centerlines","source_url":"https://raw.githubusercontent.com/nvkelso/natural-earth-vector/master/geojson/ne_10m_rivers_lake_centerlines.geojson","license":"public domain (Natural Earth)"},"geometry":{"type":"LineString","coordinates":[[92.298595,35.222968],[92.112234,35.235175],[92.067475,35.219346]]}},{"type":"Feature","properties":{"name":"Qumar","name_en":"Qumar","region_code":"CN_RIVER_Qumar","source_name":"Natural Earth ne_50m_rivers_lake_centerlines","source_url":"https://raw.githubusercontent.com/nvkelso/natural-earth-vector/master/geojson/ne_10m_rivers_lake_centerlines.geojson","license":"public domain (Natural Earth)"},"geometry":{"type":"MultiLineString","coordinates":[[[90.949229,35.244696],[91.158783,35.2449],[91.298595,35.209296],[91.471934,35.208686],[91.601654,35.185574],[91.72226,35.180935],[91.790457,35.196723],[91.977061,35.154731],[92.0053,35.15998],[92.067475,35.219346]],[[92.298595,35.222968],[92.367605,35.209296],[92.573253,35.209296],[92.624522,35.175808],[92.694753,35.22545],[92.785737,35.216742],[93.138764,35.303738],[93.274343,35.310736],[93.35434,35.332831],[93.392019,35.360785],[93.633311,35.296576],[93.768647,35.299343],[93.896088,35.221625],[94.129242,35.211982],[94.334483,35.065985],[94.376964,35.052273],[94.534109,35.034003],[94.609386,35.002265],[94.654307,35.020209],[94.752208,35.011257],[94.769786,34.979193],[94.929861,34.905137],[94.965912,34.806952],[94.955496,34.718573],[94.924083,34.677191]]]}},{"type":"Feature","properties":{"name":"Yalu","name_en":"Yalu","region_code":"CN_RIVER_Yalu","source_name":"Natural Earth ne_50m_rivers_lake_centerlines","source_url":"https://raw.githubusercontent.com/nvkelso/natural-earth-vector/master/geojson/ne_10m_rivers_lake_centerlines.geojson","license":"public domain (Natural Earth)"},"geometry":{"type":"MultiLineString","coordinates":[[[125.03739113807126,40.467503165866596],[125.03152567508957,40.487470333084325]],[[125.2529095267122,40.61911102949064],[125.27222276937526,40.640000338381455]]]}},{"type":"Feature","properties":{"name":"Yalu","name_en":"Yalu","region_code":"CN_RIVER_Yalu","source_name":"Natural Earth ne_50m_rivers_lake_centerlines","source_url":"https://raw.githubusercontent.com/nvkelso/natural-earth-vector/master/geojson/ne_10m_rivers_lake_centerlines.geojson","license":"public domain (Natural Earth)"},"geometry":{"type":"MultiLineString","coordinates":[[[128.090587,41.917507],[128.100841,41.8758],[128.09075,41.841986],[128.11134093165032,41.801759414504346]],[[128.11855674585584,41.79144328682894],[128.158783,41.712022],[128.25058,41.660427],[128.302745,41.583686],[128.26712955741385,41.51714689055919]],[[128.24205155347377,41.482689731330254],[128.18744895347487,41.40766579852564]],[[128.13274889013894,41.37740631803979],[128.09407123881437,41.393375]],[[128.05595206553585,41.393375],[128.050222,41.420966],[128.0249420372798,41.412046882746644]],[[128.01166576861786,41.42841705655937],[128.001231,41.471055],[127.973888,41.450629],[127.943858,41.471055],[127.881277,41.461127],[127.848562,41.431586],[127.662364,41.447211],[127.638194,41.430121],[127.55271589761807,41.46290539484486]],[[127.54386540598756,41.475716275531695],[127.542491,41.491523],[127.473643,41.49905],[127.427257,41.483344],[127.378673,41.49905],[127.28401723323111,41.49992523283703]],[[127.27464226872203,41.50748705815371],[127.28948,41.518826],[127.281261,41.531317],[127.244151,41.528266],[127.206716,41.54621],[127.19052259654515,41.52718550932813]],[[127.12389460004124,41.56050907902742],[127.179454,41.585395],[127.168121283026,41.59350910339875]],[[127.14854493512586,41.600329567332494],[127.13427498320226,41.60456126858656]],[[127.04676704574621,41.67302036629759],[127.076427,41.681016],[127.05716369499636,41.706780486467764]],[[126.9403539790868,41.77345342732978],[126.94031409448444,41.774127789569505]],[[126.85109541553891,41.743359553292265],[126.83640464794546,41.738766040491804]],[[126.80375572025956,41.72074251028214],[126.79600553183123,41.70561453318455]],[[126.69284939225753,41.74040948392052],[126.679128,41.736274],[126.686941,41.724311],[126.71992941874244,41.70635957002797]],[[126.69971204084278,41.68597250857688],[126.67708060862147,41.67094876490809]],[[126.66558488819629,41.66749199676373],[126.6203468904556,41.66666206682577]],[[126.59758186715533,41.639010771417176],[126.56660551797627,41.61024197035225]],[[126.56627534729218,41.6040716838042],[126.56798039334684,41.59985862001136]],[[126.57944585406698,41.57152817269239],[126.5737274551812,41.55726367110965]],[[126.5243707922147,41.468019995377816],[126.50422131573512,41.42272127817133]],[[126.5176997218308,41.38724293245278],[126.5213587482208,41.35210194119415]],[[126.47423740275134,41.36669398929351],[126.46853735781437,41.36463709992933]],[[126.35597414346084,41.24859699229523],[126.35117477230477,41.24353460061926]],[[126.32285013862607,41.22063298632516],[126.28527723879036,41.16641083237093]],[[126.18307667605018,41.10863365401416],[126.14966844233433,41.09364318011657]],[[126.12870900429972,41.07942233313102],[126.13307870219363,41.06335801857925]],[[126.10382627601994,41.025209665935044],[126.10358507724146,41.010323579326375]],[[126.0707286283631,40.99163334712055],[126.06524078612998,40.96834209035848]],[[126.04724679525987,40.947396731905286],[126.01834434940766,40.93417011191981]],[[126.00369338059585,40.93157870747779],[125.98853048120742,40.91452527560704]],[[125.96847139251862,40.89196519038979],[125.9473386647165,40.88209683142431]],[[125.92678323790344,40.882583965112005],[125.89272949613891,40.89863734779872]],[[125.82380813062896,40.8701784492525],[125.80674525202859,40.875135516520665]],[[125.66557889444064,40.79120791577515],[125.68163933670756,40.76875288293455]],[[125.57912771207066,40.783543114347026],[125.55685830252135,40.76627935051949]],[[125.4797828850595,40.71923439849117],[125.46798290016805,40.71219285560919]],[[125.45797090415093,40.69763552230274],[125.45641049271617,40.689819026256956]],[[125.41924130004637,40.66729414236878],[125.41641252782954,40.63853736325134]],[[124.90577589241026,40.476212564085394],[124.895112,40.483913],[124.86029597581538,40.442587292803026]],[[124.73449459588599,40.35733572628178],[124.71862518615386,40.32032272602933]],[[124.49460973357114,40.19020631258164],[124.48462401332085,40.18294215598918]],[[124.39228097425554,40.115766801665124],[124.370209,40.098253]]]}},{"type":"Feature","properties":{"name":"Tao’er","name_en":"Tao’er","region_code":"CN_RIVER_Tao’er","source_name":"Natural Earth ne_50m_rivers_lake_centerlines","source_url":"https://raw.githubusercontent.com/nvkelso/natural-earth-vector/master/geojson/ne_10m_rivers_lake_centerlines.geojson","license":"public domain (Natural Earth)"},"geometry":{"type":"LineString","coordinates":[[123.835134,45.724189],[123.882335,45.706977],[123.967296,45.727322],[124.038015,45.709906]]}},{"type":"Feature","properties":{"name":"Tao’er","name_en":"Tao’er","region_code":"CN_RIVER_Tao’er","source_name":"Natural Earth ne_50m_rivers_lake_centerlines","source_url":"https://raw.githubusercontent.com/nvkelso/natural-earth-vector/master/geojson/ne_10m_rivers_lake_centerlines.geojson","license":"public domain (Natural Earth)"},"geometry":{"type":"MultiLineString","coordinates":[[[120.165294,46.995673],[120.232432,46.947537],[120.263438,46.797878],[120.30421,46.781684],[120.428152,46.78144],[120.514903,46.732856],[120.655935,46.75613],[120.747813,46.714545],[120.95045,46.698513],[121.105479,46.655219],[121.285818,46.63878]],[[121.285818,46.631944],[121.347341,46.604682],[121.35434,46.542548],[121.447032,46.474311],[121.679861,46.409735],[121.71046,46.368476],[121.779877,46.324083],[121.92099,46.313178],[121.997976,46.27912],[122.101573,46.135688],[122.141694,46.030707],[122.237071,45.964708],[122.310802,45.868109],[122.377452,45.847724],[122.529796,45.551459],[122.78476,45.377305],[122.94752,45.361111],[123.068777,45.393988],[123.145844,45.448188],[123.160574,45.519639],[123.254893,45.608669],[123.273448,45.6081],[123.337901,45.681464],[123.474864,45.728542],[123.835134,45.724189]],[[124.038015,45.709906],[124.087901,45.717841]]]}},{"type":"Feature","properties":{"name":"黑龙江","name_en":"Amur","region_code":"CN_RIVER_黑龙江","source_name":"Natural Earth ne_50m_rivers_lake_centerlines","source_url":"https://raw.githubusercontent.com/nvkelso/natural-earth-vector/master/geojson/ne_10m_rivers_lake_centerlines.geojson","license":"public domain (Natural Earth)"},"geometry":{"type":"MultiLineString","coordinates":[[[135.04543049863665,48.446227784149656],[134.86992318142975,48.41823164133264]],[[134.7599291695705,48.372660744651554],[134.622948379018,48.40858570207858]],[[134.52536976529515,48.4148045928554],[134.13962634828536,48.34195696486983]],[[134.10658509330094,48.33423312508305],[134.040294,48.322699],[133.966238,48.278876],[133.73827647166914,48.25132438208392]],[[133.65659873463665,48.185039605986006],[133.593354,48.164374],[133.559662,48.113552],[133.524018,48.09573],[133.46339,48.089708],[133.27768152574424,48.11224514020423]],[[133.2544411726321,48.12105189288491],[133.091726,48.107001],[133.00773737113371,48.04755714078509]],[[132.92347062826994,48.01471910578563],[132.86915647477147,47.98817622775312]],[[132.80750557131898,47.937261425170384],[132.774669,47.933946],[132.705496,47.960557],[132.66173291665112,47.93561295700589]],[[132.54979586676947,47.71906079599495],[132.475597,47.707099],[132.366222,47.735622],[132.2809323185975,47.730970357624514]],[[132.2233735975914,47.71173205658895],[132.161388,47.690253],[131.98890110506704,47.693286056013285]],[[131.94300560640795,47.678732249381056],[131.913666,47.667914],[131.86507864610186,47.681670665650856]],[[131.81307700699162,47.68164443470534],[131.702647,47.696397],[131.66652840502647,47.68612074956917]],[[131.58662560518476,47.6643720085672],[131.507416,47.721788],[131.4269144222712,47.74228754291317]],[[131.3492289146689,47.73180133609624],[131.084076,47.67536],[131.023204,47.682563],[130.941742,47.718207],[130.941417,47.820868],[130.906668,47.884467],[130.674571,48.064236],[130.663097,48.116645],[130.674571,48.136176],[130.752452,48.189887],[130.7871278314011,48.25572756318583]],[[130.788469596387,48.25684009671411],[130.819021,48.282172],[130.821788,48.334052],[130.779552,48.356716],[130.75279367422252,48.397965971865794]],[[130.74771894802873,48.40513145033072],[130.7459638157383,48.4477513429348]],[[130.74852222993354,48.451759477193654],[130.758718,48.485948],[130.74407,48.497585],[130.639089,48.477484],[130.6210396024798,48.49587930230533]],[[130.62084882067938,48.496308555929566],[130.6180546421296,48.54147988040088]],[[130.6165985191081,48.565019895579915],[130.540538,48.598578],[130.53297,48.636094],[130.674083,48.871039],[130.540619,48.853705],[130.486339,48.863959],[130.465017,48.891628],[130.36707692580376,48.89217935097662]],[[130.30283368857172,48.873661277988326],[130.29011941479243,48.86999639651625]],[[130.26926681538708,48.86736610936791],[130.23938017305957,48.86848996243031]],[[130.2372158608657,48.86931408434188],[129.97405,49.015408],[129.926199,49.025946],[129.913097,49.039822],[129.920421,49.082099],[129.841238,49.109442],[129.841238,49.167426],[129.741628,49.19599],[129.710948,49.274441],[129.571544,49.280097],[129.538666,49.304023],[129.51946,49.397325],[129.4546,49.427558],[129.38543572054257,49.426915536371425]],[[129.36791134617877,49.36111511580579],[129.34075,49.341376],[129.245209,49.386176],[129.1756695026599,49.38259568261551]],[[129.13997404848755,49.357584215569695],[129.115001,49.348985],[129.066742,49.361925],[129.014415,49.431342],[128.878917,49.480007],[128.759776,49.471137],[128.749929,49.484809],[128.7630879953205,49.51381111675463]],[[128.76862659827916,49.520430218575534],[128.7694158102278,49.52109987260976]],[[128.80307460073772,49.54965968457298],[128.796641,49.572699],[128.73408944251327,49.58455249630554]],[[128.6406880234173,49.58427722436094],[128.37681696663483,49.57735889747639]],[[128.33711869224746,49.547245285622736],[128.267833,49.559027],[128.18553937048011,49.53955778386266]],[[128.18523637270027,49.53956511876996],[128.066905,49.546942],[128.01520178421848,49.585166100315334]],[[127.93600709918884,49.591721147208105],[127.90306774406334,49.58085277712523]],[[127.87390908832036,49.58338423062534],[127.84554613999501,49.58845056467546]],[[127.78774177553628,49.624346314964036],[127.72169,49.648871],[127.68930602008658,49.68403844216825]],[[127.67584447194068,49.74239690728153],[127.644054,49.767401],[127.538259,49.790229],[127.507823,49.822577],[127.533702,49.922716],[127.494151,49.973456],[127.486339,50.025906],[127.50156025951786,50.05479493978411]],[[127.50343546950232,50.05835396380968],[127.569835,50.130439],[127.590343,50.209011]]]}},{"type":"Feature","properties":{"name":"Shandian","name_en":"Shandian","region_code":"CN_RIVER_Shandian","source_name":"Natural Earth ne_50m_rivers_lake_centerlines","source_url":"https://raw.githubusercontent.com/nvkelso/natural-earth-vector/master/geojson/ne_10m_rivers_lake_centerlines.geojson","license":"public domain (Natural Earth)"},"geometry":{"type":"LineString","coordinates":[[115.995942,41.509711],[115.978526,41.588487],[115.928315,41.6258],[115.779796,41.669542],[115.751475,41.728827],[115.760753,41.77501],[115.800222,41.793647],[115.823985,41.845526],[115.831472,41.928046],[115.891124,42.127712],[115.872325,42.16706],[115.945811,42.251044],[116.1928,42.359442],[116.344737,42.359442],[116.486908,42.310574],[116.559988,42.240302],[116.616222,42.235907],[116.663097,42.146511],[116.674327,42.088813],[116.715343,42.065253],[116.700613,42.021186],[116.61435,41.907904]]}},{"type":"Feature","properties":{"name":"Da","name_en":"Da","region_code":"CN_RIVER_Da","source_name":"Natural Earth ne_50m_rivers_lake_centerlines","source_url":"https://raw.githubusercontent.com/nvkelso/natural-earth-vector/master/geojson/ne_10m_rivers_lake_centerlines.geojson","license":"public domain (Natural Earth)"},"geometry":{"type":"LineString","coordinates":[[100.612071,24.748643],[100.775483,24.617499],[100.840831,24.460639],[100.896495,24.406277],[100.934093,24.32038],[100.952078,24.310167],[100.954112,24.27501],[101.009695,24.215928],[101.009369,24.1553],[101.060802,24.132392],[101.084565,24.055447],[101.125987,24.007514],[101.157237,23.919013],[101.149669,23.755194],[101.186697,23.664822],[101.166433,23.596625],[101.225352,23.574327],[101.255056,23.538642],[101.282481,23.396064],[101.244884,23.264838],[101.34905,23.22602],[101.33074,23.124294],[101.382091,23.083319],[101.427013,23.124294],[101.497976,23.075019],[101.515717,23.017849],[101.467377,22.986518],[101.550548,22.870429],[101.628998,22.849311],[101.700613,22.91588],[101.764415,22.908271],[101.871593,22.805284],[101.933604,22.818305],[101.980398,22.80211],[102.07252,22.673529],[102.104747,22.651313],[102.163992,22.626532],[102.263194,22.616563],[102.307546,22.561957],[102.36311992628578,22.572554616605935]]}},{"type":"Feature","properties":{"name":"海拉尔河","name_en":"Hailar","region_code":"CN_RIVER_海拉尔河","source_name":"Natural Earth ne_50m_rivers_lake_centerlines","source_url":"https://raw.githubusercontent.com/nvkelso/natural-earth-vector/master/geojson/ne_10m_rivers_lake_centerlines.geojson","license":"public domain (Natural Earth)"},"geometry":{"type":"LineString","coordinates":[[117.873464,49.513495],[117.873953,49.468044],[117.924571,49.400499],[117.964122,49.363471],[118.100597,49.292426],[118.188731,49.308051],[118.253184,49.360663],[118.264415,49.38996],[118.372325,49.447699],[118.490326,49.42475],[118.56544,49.38996],[118.597585,49.347602],[118.59962,49.280097],[118.640636,49.260281],[118.613292,49.260281],[118.6338,49.219306],[118.815684,49.219306],[118.836029,49.239122],[118.861339,49.224473],[118.908132,49.232937],[118.965831,49.192735],[119.058442,49.189236],[119.192393,49.21247],[119.255951,49.197821],[119.291596,49.205634],[119.368093,49.260077],[119.415294,49.260281],[119.506114,49.299262],[119.557872,49.29918],[119.754242,49.273871],[119.896902,49.284003],[120.145518,49.232937],[120.175548,49.198188],[120.22462,49.212022],[120.259695,49.190619],[120.344493,49.207587],[120.426199,49.251776],[120.559825,49.280097],[120.65919,49.329047],[120.737315,49.322333],[120.783214,49.349636],[120.888764,49.364569],[120.98406,49.414374],[121.073009,49.430935],[121.107026,49.423367],[121.152273,49.452012],[121.357351,49.512519],[121.408783,49.55504],[121.542247,49.621039],[121.624441,49.642157],[121.811534,49.644965],[121.868907,49.676215],[121.978038,49.691677],[122.28712,49.849311]]}},{"type":"Feature","properties":{"name":"Daling","name_en":"Daling","region_code":"CN_RIVER_Daling","source_name":"Natural Earth ne_50m_rivers_lake_centerlines","source_url":"https://raw.githubusercontent.com/nvkelso/natural-earth-vector/master/geojson/ne_10m_rivers_lake_centerlines.geojson","license":"public domain (Natural Earth)"},"geometry":{"type":"LineString","coordinates":[[118.978933,41.134101],[119.033214,41.149604],[119.20045,41.149197],[119.234874,41.191677],[119.369151,41.234158],[119.413097,41.225165],[119.435069,41.186876],[119.529552,41.174262],[119.55714,41.15001],[119.610037,41.138373],[119.672455,41.163682],[119.703705,41.134711],[119.779307,41.115302],[119.871104,41.204657],[119.913259,41.225165],[119.912608,41.249335],[119.947358,41.26671],[119.951427,41.304958],[120.091563,41.40705],[120.29892,41.431749],[120.296886,41.451728],[120.461436,41.551866],[120.47462,41.602851],[120.5713,41.62755],[120.664073,41.610216],[120.722667,41.66116],[120.854503,41.736274],[120.946788,41.749864],[120.975597,41.744086],[120.998627,41.681016],[121.064708,41.60574],[121.098725,41.595323],[121.094249,41.564317],[121.110037,41.544013],[121.1421,41.560329],[121.204031,41.559149],[121.247651,41.540107],[121.366222,41.528673],[121.422455,41.489203],[121.42628,41.426825],[121.403087,41.393093],[121.388438,41.324774],[121.339854,41.290635],[121.335948,41.240587],[121.402599,41.135362],[121.505056,41.098212],[121.635916,40.961615],[121.616303,40.900255],[121.565033,40.8487]]}},{"type":"Feature","properties":{"name":"Zuo","name_en":"Zuo","region_code":"CN_RIVER_Zuo","source_name":"Natural Earth ne_50m_rivers_lake_centerlines","source_url":"https://raw.githubusercontent.com/nvkelso/natural-earth-vector/master/geojson/ne_10m_rivers_lake_centerlines.geojson","license":"public domain (Natural Earth)"},"geometry":{"type":"LineString","coordinates":[[106.58712766438175,22.472324991767696],[106.725597,22.380683],[106.938975,22.320502],[106.961843,22.32449],[107.015554,22.377794],[107.03655,22.373358],[107.102061,22.414374],[107.138194,22.407823],[107.155854,22.365098],[107.231619,22.349718],[107.258718,22.381537],[107.337901,22.42475],[107.434662,22.527126],[107.512706,22.487982],[107.639903,22.659613],[107.671967,22.667914],[107.803966,22.63463],[107.883067,22.64114],[107.939138,22.712999],[107.95753,22.712673],[107.975108,22.7567],[108.010346,22.767646],[108.042084,22.855577],[108.073741,22.838243],[108.092296,22.844346]]}},{"type":"Feature","properties":{"name":"Duliu","name_en":"Duliu","region_code":"CN_RIVER_Duliu","source_name":"Natural Earth ne_50m_rivers_lake_centerlines","source_url":"https://raw.githubusercontent.com/nvkelso/natural-earth-vector/master/geojson/ne_10m_rivers_lake_centerlines.geojson","license":"public domain (Natural Earth)"},"geometry":{"type":"LineString","coordinates":[[109.459239,25.650743],[109.401459,25.706895],[109.33253,25.717393],[109.163259,25.706488],[109.149913,25.76378],[109.055105,25.78498],[109.011974,25.771837],[108.952078,25.714667],[108.924897,25.709011],[108.898529,25.721137],[108.879649,25.773627],[108.851736,25.800238],[108.710948,25.744452],[108.69101,25.752265],[108.666921,25.802517],[108.561046,25.84748],[108.517507,25.902167],[108.396658,25.866767],[108.313569,25.87698],[108.204845,25.840277],[108.117279,25.850857],[108.093272,25.86754],[108.06837,25.974555],[107.991628,25.995958],[107.874115,25.986925],[107.784597,25.945176],[107.764578,25.82921],[107.699229,25.760199],[107.66212,25.753119],[107.597992,25.806016]]}},{"type":"Feature","properties":{"name":"Erdao","name_en":"Erdao","region_code":"CN_RIVER_Erdao","source_name":"Natural Earth ne_50m_rivers_lake_centerlines","source_url":"https://raw.githubusercontent.com/nvkelso/natural-earth-vector/master/geojson/ne_10m_rivers_lake_centerlines.geojson","license":"public domain (Natural Earth)"},"geometry":{"type":"LineString","coordinates":[[128.111095,42.170722],[128.055919,42.318427],[128.098888,42.386094],[128.124929,42.491523],[128.179779,42.532538],[128.173269,42.579169],[128.144542,42.592637],[128.063406,42.571723],[128.080333,42.643988],[128.011485,42.620144],[127.919932,42.667914],[127.878347,42.667914],[127.892019,42.688422],[127.857188,42.700385],[127.837413,42.729356],[127.871511,42.716335],[127.859304,42.744167],[127.783214,42.812323],[127.716563,42.815497],[127.713796,42.790839],[127.645518,42.749823],[127.535655,42.64057],[127.474539,42.624213],[127.480479,42.606472],[127.42213,42.561794],[127.376069,42.56745]]}},{"type":"Feature","properties":{"name":"Nanweng","name_en":"Nanweng","region_code":"CN_RIVER_Nanweng","source_name":"Natural Earth ne_50m_rivers_lake_centerlines","source_url":"https://raw.githubusercontent.com/nvkelso/natural-earth-vector/master/geojson/ne_10m_rivers_lake_centerlines.geojson","license":"public domain (Natural Earth)"},"geometry":{"type":"LineString","coordinates":[[124.639903,51.310614],[124.862641,51.309272],[125.0206,51.272773],[125.136485,51.305121],[125.215831,51.300727],[125.241466,51.294989],[125.273936,51.244818],[125.351085,51.240668],[125.391775,51.202094],[125.505382,51.179633],[125.517589,51.149034],[125.557384,51.133857],[125.569347,51.169745],[125.58839,51.178087],[125.740001,51.186225],[125.818858,51.213568],[125.843272,51.206122],[125.870372,51.144639],[125.928233,51.126492],[125.925141,51.109931],[125.98406,51.104112],[125.98878,51.070258],[126.026378,51.051052],[126.040538,51.018744]]}},{"type":"Feature","properties":{"name":"Chaor","name_en":"Chaor","region_code":"CN_RIVER_Chaor","source_name":"Natural Earth ne_50m_rivers_lake_centerlines","source_url":"https://raw.githubusercontent.com/nvkelso/natural-earth-vector/master/geojson/ne_10m_rivers_lake_centerlines.geojson","license":"public domain (Natural Earth)"},"geometry":{"type":"LineString","coordinates":[[121.826752,48.784206],[121.877452,48.762478],[121.95574,48.697821],[122.037608,48.677069],[122.135753,48.526557],[122.159679,48.454901],[122.211436,48.390692],[122.259288,48.37641],[122.29892,48.321234],[122.278331,48.249701],[122.297374,48.181464],[122.420909,48.101874],[122.603526,48.118598],[122.69101,48.0633],[122.718435,48.026231],[122.723399,47.94245],[122.775645,47.918891],[122.773041,47.776475],[122.845795,47.660671],[122.83839,47.51614],[123.108328,47.231879],[123.105154,47.156114],[123.163585,47.101508],[123.393077,46.973456],[123.519135,46.950019]]}},{"type":"Feature","properties":{"name":"Bikin","name_en":"Bikin","region_code":"CN_RIVER_Bikin","source_name":"Natural Earth ne_50m_rivers_lake_centerlines","source_url":"https://raw.githubusercontent.com/nvkelso/natural-earth-vector/master/geojson/ne_10m_rivers_lake_centerlines.geojson","license":"public domain (Natural Earth)"},"geometry":{"type":"LineString","coordinates":[[134.04115710322782,46.84826743646113],[134.039236,46.854438]]}},{"type":"Feature","properties":{"name":"Argun’","name_en":"Argun’","region_code":"CN_RIVER_Argun’","source_name":"Natural Earth ne_50m_rivers_lake_centerlines","source_url":"https://raw.githubusercontent.com/nvkelso/natural-earth-vector/master/geojson/ne_10m_rivers_lake_centerlines.geojson","license":"public domain (Natural Earth)"},"geometry":{"type":"MultiLineString","coordinates":[[[121.405365,53.317084],[121.35913212581671,53.32407009950784]],[[121.35629794058336,53.324299599454875],[121.33141368506823,53.321239661750575]],[[121.2221771576519,53.280849616669975],[121.13149119506836,53.277935649906084]],[[121.12793124293017,53.27850554073969],[121.054698,53.290229],[120.86781056718412,53.279015108488366]],[[120.85838788240703,53.27679399745394],[120.82632551981747,53.25969647277342]],[[120.82740313172943,53.24108495712047],[120.68907006314079,53.16054637314175]],[[120.66713966644863,53.13852933138356],[120.65327557779997,53.12461046694159]],[[120.61643977468701,53.09879486100209],[120.5467335622751,53.06519496451682]],[[120.3671664136301,52.94277225312496],[120.36257495342518,52.94008135067953]],[[120.32735782035328,52.9001108536647],[120.29554705720848,52.888232752729905]],[[120.26913894850429,52.859699640059624],[120.24803627892423,52.852025684620614]],[[120.15842518560692,52.810485298044696],[120.1164622828726,52.798091747062585]],[[120.06053081190896,52.77998411475894],[120.03727260036416,52.76404794584252]],[[120.04604605144175,52.610161712999194],[120.10219766045378,52.586478666040584]],[[120.14638174636242,52.584391822647675],[120.2644226647349,52.611603137546446]],[[120.36975350502001,52.61810109276993],[120.44668418137906,52.63842129992332]],[[120.62569594405454,52.571630156116726],[120.64329780865594,52.568925930066804]],[[120.66313677795237,52.564439268125504],[120.72202078300428,52.5399718716103]],[[120.71211391837366,52.524984531564456],[120.70326955790351,52.49615408240247]],[[120.69530023766876,52.479403196858],[120.68724778693996,52.43419076290727]],[[120.6686137124056,52.408809027390156],[120.65287047754265,52.37494777866369]],[[120.64537406236462,52.36830289491036],[120.625987,52.347113],[120.65031756914603,52.30540088097872]],[[120.70819019792748,52.27233118756047],[120.73253449533155,52.260052965377554]],[[120.7524923374577,52.24304448785849],[120.75253714066672,52.19776159949963]],[[120.77506525884611,52.14860783618749],[120.76762184748064,52.10963410350105]],[[120.75095505937051,52.08459934293969],[120.705496,52.061347],[120.70094701142423,52.02299315321103]],[[120.71104430315724,51.99881678026327],[120.64739,51.911322],[120.56601,51.905585],[120.5488358576028,51.89050811803252]],[[120.53970291562595,51.88285182102228],[120.48052932474067,51.86708111834114]],[[120.47296078622895,51.85313680552625],[120.40417783253095,51.82369477751393]],[[120.34412053217314,51.78822496274589],[120.30411931558506,51.76617637872865]],[[120.25000739882957,51.7296654170083],[120.165294,51.668809],[120.09699372873278,51.65682350251215]],[[120.08458114034437,51.643281706014726],[120.056407,51.596706],[120.052664,51.552436],[120.01832738460473,51.52210582245222]],[[120.01570584471182,51.52025489472228],[119.98406524862372,51.49492830291194]],[[119.98236807962031,51.44275898244526],[119.98221234677875,51.44216306446605]],[[119.95168327968895,51.397299037128924],[119.91187683951466,51.386633822585765]],[[119.91270837846983,51.34781431230914],[119.915457,51.331],[119.8844577663706,51.3191107888068]],[[119.86666764134485,51.29737895404098],[119.81842576952761,51.27347479556153]],[[119.80815225678842,51.25030443606417],[119.81434750464308,51.22322433530134]],[[119.81469394901075,51.216528019069926],[119.77079150204652,51.2183748739048]],[[119.76133634283889,51.2129237964739],[119.76107445260627,51.211907213164274]],[[119.75647231364933,51.11863238089603],[119.75419636781156,51.11380615183938]],[[119.74832734090498,51.08599777580799],[119.72271559323632,51.06417524272303]],[[119.709972,51.03908748738183],[119.58357269463771,50.95828621063678]],[[119.52123831932168,50.89975227475335],[119.527843,50.867011],[119.49758486826008,50.83654095728094]],[[119.49776814504048,50.835276196232634],[119.51006495606951,50.81860109247973]],[[119.51388837124449,50.810622046173094],[119.496511,50.737331],[119.442475,50.685329],[119.39133433603057,50.672287517305406]],[[119.37514465979045,50.64712091926738],[119.36851814313019,50.64011155704832]],[[119.34015381782899,50.62732343512344],[119.28660530665118,50.59141455935741]],[[119.27592613853528,50.55072141795816],[119.26347085272099,50.51891996267127]],[[119.26240241777928,50.49185699125053],[119.25750754772587,50.473000672782895]],[[119.24379544637299,50.446777637732445],[119.22061966883118,50.42875203746819]],[[119.20729739418611,50.41621581626125],[119.154552,50.411566],[119.13519117362662,50.387184062847474]],[[119.17203255467355,50.37565352500499],[119.174897,50.356391],[119.21057895513707,50.35660160517458]],[[119.3649002150089,50.31307535623617],[119.35064647809732,50.30190221114816]],[[119.33204253970955,50.23571386835097],[119.33354078946122,50.21245698879201]],[[119.34702700029142,50.19452358152691],[119.34696647236201,50.17424872668655]],[[119.34606690267165,50.16561203893819],[119.315929,50.092882],[119.222992,50.025214],[119.09190828943893,49.987007971743935]],[[118.97927947678184,49.9806504393994],[118.94767719595183,49.985426315153184]],[[118.76336504597795,49.959227782677345],[118.75943751901377,49.95819339545992]],[[118.71429702083621,49.949963833691946],[118.70936015814583,49.95067173647607]],[[118.59233099961736,49.92867903809579],[118.55285134122035,49.90933878760375]],[[118.48966635158237,49.8683667211197],[118.484669011082,49.856108239808954]],[[118.46678994886003,49.83282136273905],[118.39053051845795,49.81827893994987]],[[118.25446430382294,49.73722367870544],[118.229096,49.729438],[118.21441742947947,49.70290894339908]],[[118.14466367752117,49.66428595144407],[118.11737068371791,49.65565211342105]],[[118.05715592850224,49.6160451256202],[117.930431,49.567654],[117.893565,49.546902],[117.873464,49.513495]]]}},{"type":"Feature","properties":{"name":"渭河","name_en":"Wei","region_code":"CN_RIVER_渭河","source_name":"Natural Earth ne_50m_rivers_lake_centerlines","source_url":"https://raw.githubusercontent.com/nvkelso/natural-earth-vector/master/geojson/ne_10m_rivers_lake_centerlines.geojson","license":"public domain (Natural Earth)"},"geometry":{"type":"LineString","coordinates":[[104.064952,34.986274],[104.071788,35.027208],[104.197358,35.127956],[104.23406,35.139228],[104.352957,35.109198],[104.438569,35.109198],[104.503835,35.068183],[104.592459,35.057969],[104.72047,34.979112],[104.736501,34.927924],[104.729096,34.883246],[104.756358,34.828437],[104.784434,34.807196],[104.815684,34.815009],[104.886485,34.757921],[104.987641,34.754747],[105.066824,34.79446],[105.239757,34.752224],[105.387706,34.753485],[105.49114,34.725531],[105.509939,34.699001],[105.563975,34.720079],[105.627533,34.714423],[105.742686,34.656928],[105.761485,34.626736],[105.833425,34.615749],[105.884695,34.560085],[105.987315,34.54682],[106.021658,34.568549],[106.069591,34.536322],[106.088878,34.556912],[106.161713,34.531562],[106.210704,34.54682],[106.307058,34.521674],[106.486257,34.524034],[106.534679,34.490098],[106.595876,34.472846],[106.626964,34.419501],[106.67628,34.382351],[106.809093,34.373643],[106.980724,34.403428],[107.163585,34.356269],[107.454845,34.340644],[107.553233,34.300401],[107.671153,34.310126],[107.786632,34.280544],[107.816987,34.246405],[108.087576,34.238959],[108.158946,34.216986],[108.231619,34.225898],[108.276378,34.20421],[108.448416,34.208767],[108.497162,34.233913],[108.611827,34.245632],[108.690929,34.307888],[108.842377,34.382351],[109.05421,34.45185],[109.074474,34.472357],[109.172862,34.431952],[109.211192,34.4324],[109.286713,34.49962],[109.266368,34.527615],[109.328624,34.548041],[109.382335,34.532904],[109.403412,34.554267],[109.450857,34.550401],[109.466075,34.565253],[109.553233,34.519843],[109.598074,34.51435],[109.661713,34.582872],[109.735606,34.574774],[109.755626,34.614366],[109.777436,34.608222],[109.793956,34.622504],[109.815684,34.60456],[109.848399,34.616319],[109.86964,34.602078],[109.917491,34.622504],[109.925792,34.641181],[109.967459,34.645453],[109.976329,34.67121],[110.006277,34.636827],[110.071707,34.643622],[110.112722,34.670966],[110.223888,34.620307],[110.293468,34.623155]]}},{"type":"Feature","properties":{"name":"Za’gya","name_en":"Za’gya","region_code":"CN_RIVER_Za’gya","source_name":"Natural Earth ne_50m_rivers_lake_centerlines","source_url":"https://raw.githubusercontent.com/nvkelso/natural-earth-vector/master/geojson/ne_10m_rivers_lake_centerlines.geojson","license":"public domain (Natural Earth)"},"geometry":{"type":"LineString","coordinates":[[91.147878,33.070828],[91.207042,32.953681],[91.174897,32.867377],[91.213145,32.805976],[91.132904,32.657416],[91.10255,32.626736],[90.901947,32.525906],[90.804291,32.513373],[90.743175,32.470649],[90.722667,32.443915],[90.730886,32.409695],[90.700125,32.33454],[90.644623,32.262641],[90.55185,32.224189],[90.479991,32.23786],[90.093679,32.197089],[89.998464,32.204372],[89.895437,32.16116],[89.780854,32.153388],[89.694835,32.108181],[89.677745,32.077094],[89.61378,32.073269],[89.583751,32.039984],[89.473155,31.983018],[89.393891,31.998318],[89.386974,32.039862],[89.358328,32.064765],[89.280528,32.022325],[89.167247,32.02558],[89.074718,32.06037],[88.996104,32.038357],[88.939138,32.00255],[88.93214,31.989814],[88.954275,31.97781],[89.002208,31.980902],[89.002208,31.936835]]}},{"type":"Feature","properties":{"name":"Yurungkax","name_en":"Yurungkax","region_code":"CN_RIVER_Yurungkax","source_name":"Natural Earth ne_50m_rivers_lake_centerlines","source_url":"https://raw.githubusercontent.com/nvkelso/natural-earth-vector/master/geojson/ne_10m_rivers_lake_centerlines.geojson","license":"public domain (Natural Earth)"},"geometry":{"type":"LineString","coordinates":[[81.506928,35.469997],[81.485606,35.601915],[81.436046,35.612901],[81.247325,35.575385],[81.179291,35.596259],[81.115652,35.647244],[81.014415,35.668972],[80.915945,35.831977],[80.850678,35.863349],[80.692475,35.872911],[80.502208,35.951524],[80.401378,35.969794],[80.344656,35.954861],[80.261974,35.962226],[80.217052,35.982774],[80.155772,35.966824],[80.037608,35.990261],[80.004161,36.010769],[80.003347,36.046576],[79.977143,36.059353],[79.949474,36.113145],[79.836192,36.178656],[79.770518,36.25141],[79.733816,36.405707],[79.816417,36.52379],[79.880056,36.534125],[79.92099,36.559841],[79.92213,36.586127],[79.886322,36.628974],[79.873057,36.683458],[79.90919,36.705512],[79.942556,36.788438],[79.901785,36.853054],[79.893077,36.896918],[79.949474,37.048651],[79.971202,37.1553],[79.928315,37.247829],[79.929861,37.286566],[79.979991,37.385688],[79.990489,37.456366],[80.015147,37.485216],[80.371023,37.685981],[80.422455,37.758002],[80.435557,37.833075]]}},{"type":"Feature","properties":{"name":"Dali","name_en":"Dali","region_code":"CN_RIVER_Dali","source_name":"Natural Earth ne_50m_rivers_lake_centerlines","source_url":"https://raw.githubusercontent.com/nvkelso/natural-earth-vector/master/geojson/ne_10m_rivers_lake_centerlines.geojson","license":"public domain (Natural Earth)"},"geometry":{"type":"LineString","coordinates":[[108.115001,37.22016],[108.206391,37.318386],[108.306733,37.346747],[108.397634,37.421088],[108.445323,37.518175],[108.450206,37.607449],[108.492198,37.693671],[108.535818,37.719021],[108.647472,37.879747],[108.788992,37.981024],[108.927745,37.987901],[108.961518,38.015245],[109.098155,38.042548],[109.184255,38.035102],[109.324718,38.05622],[109.368744,38.035102],[109.461518,38.083523],[109.612315,38.039903],[109.750255,38.029649],[109.848562,37.966864],[109.937266,37.955634]]}},{"type":"Feature","properties":{"name":"Jing","name_en":"Jing","region_code":"CN_RIVER_Jing","source_name":"Natural Earth ne_50m_rivers_lake_centerlines","source_url":"https://raw.githubusercontent.com/nvkelso/natural-earth-vector/master/geojson/ne_10m_rivers_lake_centerlines.geojson","license":"public domain (Natural Earth)"},"geometry":{"type":"LineString","coordinates":[[106.418386,35.434841],[106.518565,35.534369],[106.643972,35.562608],[107.323253,35.350775],[107.553233,35.390326],[107.717865,35.358588],[107.747081,35.318874],[107.937755,35.26142],[107.964122,35.225857],[107.936127,35.211615],[107.938406,35.116726],[107.973725,35.090766],[108.018891,35.096137],[108.117931,35.030382],[108.176362,35.013536],[108.16269,34.986274],[108.18214,34.985216],[108.20753,34.93476],[108.430268,34.800727],[108.482188,34.783637],[108.612804,34.619249],[108.793386,34.505886],[108.94101,34.472357],[108.951671,34.486029],[108.997325,34.45661],[109.070974,34.470038]]}},{"type":"Feature","properties":{"name":"Dam","name_en":"Dam","region_code":"CN_RIVER_Dam","source_name":"Natural Earth ne_50m_rivers_lake_centerlines","source_url":"https://raw.githubusercontent.com/nvkelso/natural-earth-vector/master/geojson/ne_10m_rivers_lake_centerlines.geojson","license":"public domain (Natural Earth)"},"geometry":{"type":"LineString","coordinates":[[94.31601,32.639716],[94.237234,32.688096],[94.182709,32.792344],[94.175141,32.838935],[94.069753,32.86579],[94.017507,32.904975],[93.888194,32.879828],[93.852794,32.890326],[93.691335,33.029853],[93.501475,33.1164],[93.390554,33.223212],[93.36378,33.271064],[93.148936,33.386664],[93.071218,33.402411],[92.996593,33.452338],[92.954194,33.460028],[92.818858,33.565294],[92.806407,33.622626],[92.786876,33.63878],[92.792572,33.687812],[92.761974,33.707953],[92.737397,33.899441],[92.710704,33.971462],[92.760834,34.018744],[92.860362,34.03974],[92.92921,34.094997]]}},{"type":"Feature","properties":{"name":"Qin","name_en":"Qin","region_code":"CN_RIVER_Qin","source_name":"Natural Earth ne_50m_rivers_lake_centerlines","source_url":"https://raw.githubusercontent.com/nvkelso/natural-earth-vector/master/geojson/ne_10m_rivers_lake_centerlines.geojson","license":"public domain (Natural Earth)"},"geometry":{"type":"LineString","coordinates":[[112.366954,36.575873],[112.326264,36.435736],[112.29184,36.398017],[112.264659,36.308295],[112.273204,36.291042],[112.253917,36.283759],[112.274832,36.259955],[112.251475,36.251329],[112.268077,36.191677],[112.227061,36.109727],[112.250011,36.112494],[112.26588,36.096015],[112.34075,35.987982],[112.316417,35.842841],[112.329275,35.786933],[112.363455,35.777371],[112.435151,35.69538],[112.483816,35.686347],[112.509939,35.664252],[112.536062,35.5338],[112.517019,35.48371],[112.579519,35.367743],[112.596283,35.3699],[112.619395,35.296983],[112.606293,35.274197],[112.639089,35.252265],[112.645437,35.219062],[112.662039,35.224677],[112.65504,35.184882],[112.735281,35.120469],[112.805186,35.138251],[112.891694,35.123399],[112.98878,35.092841],[113.028819,35.05329],[113.06308,35.047716],[113.169526,35.048407],[113.334565,35.097032],[113.376964,35.086493],[113.404552,35.02143],[113.451589,34.967068]]}},{"type":"Feature","properties":{"name":"Ou","name_en":"Ou","region_code":"CN_RIVER_Ou","source_name":"Natural Earth ne_50m_rivers_lake_centerlines","source_url":"https://raw.githubusercontent.com/nvkelso/natural-earth-vector/master/geojson/ne_10m_rivers_lake_centerlines.geojson","license":"public domain (Natural Earth)"},"geometry":{"type":"LineString","coordinates":[[119.041108,27.788194],[119.000092,27.794298],[118.974539,27.818793],[118.967784,27.853583],[119.112315,28.062201],[119.174327,28.079454],[119.23878,28.130927],[119.39267,28.107204],[119.501394,28.202704],[119.533783,28.213813],[119.613048,28.204942],[119.772634,28.34044],[119.848725,28.441107],[119.891531,28.437201],[119.915294,28.415107],[119.958507,28.338446],[120.065929,28.31977],[120.13323,28.266628],[120.182221,28.251166],[120.22047,28.194648],[120.276541,28.14997],[120.333507,28.140937],[120.391694,28.161811],[120.526378,28.138048],[120.569591,28.113389]]}},{"type":"Feature","properties":{"name":"Toxkan","name_en":"Toxkan","region_code":"CN_RIVER_Toxkan","source_name":"Natural Earth ne_50m_rivers_lake_centerlines","source_url":"https://raw.githubusercontent.com/nvkelso/natural-earth-vector/master/geojson/ne_10m_rivers_lake_centerlines.geojson","license":"public domain (Natural Earth)"},"geometry":{"type":"LineString","coordinates":[[76.73891318933393,40.8868994302365],[76.890391,40.883734],[77.023529,40.850938],[77.165945,40.875759],[77.306407,40.86579],[77.388438,40.815945],[77.429698,40.765896],[77.481212,40.779568],[77.542735,40.765896],[77.668386,40.851752],[77.86321,40.902899],[78.030284,40.894355],[78.076427,40.877468],[78.249766,40.930121],[78.345144,40.93122],[78.462901,40.973822],[78.577159,40.958604],[78.728608,41.043036],[78.949718,41.122992],[79.08074,41.228095],[79.306163,41.353095],[79.351329,41.363837],[79.39796,41.360053],[79.493256,41.301703],[79.64088,41.271552],[79.768321,41.173163],[79.853119,41.134955],[79.948416,41.128119],[80.042979,41.173122]]}},{"type":"Feature","properties":{"name":"Zayü","name_en":"Zayü","region_code":"CN_RIVER_Zayü","source_name":"Natural Earth ne_50m_rivers_lake_centerlines","source_url":"https://raw.githubusercontent.com/nvkelso/natural-earth-vector/master/geojson/ne_10m_rivers_lake_centerlines.geojson","license":"public domain (Natural Earth)"},"geometry":{"type":"LineString","coordinates":[[97.148204,29.438747],[97.146983,29.371283],[97.191905,29.263861],[97.217703,29.135688],[97.242605,29.109971],[97.327891,29.092149],[97.379242,29.047919],[97.490652,28.823798],[97.469819,28.752468],[97.47226,28.689154],[97.435476,28.642524],[97.267833,28.607489],[97.199962,28.609971],[97.140066,28.584988],[97.083995,28.527615]]}},{"type":"Feature","properties":{"name":"Zhang","name_en":"Zhang","region_code":"CN_RIVER_Zhang","source_name":"Natural Earth ne_50m_rivers_lake_centerlines","source_url":"https://raw.githubusercontent.com/nvkelso/natural-earth-vector/master/geojson/ne_10m_rivers_lake_centerlines.geojson","license":"public domain (Natural Earth)"},"geometry":{"type":"LineString","coordinates":[[112.948416,37.069037],[112.88795,36.822292],[113.023448,36.804958],[113.045502,36.739285],[113.090424,36.687079],[113.12851,36.669745],[113.148936,36.621121],[113.214447,36.582302],[113.247162,36.52379],[113.368175,36.435574],[113.421804,36.363349],[113.48878,36.355577],[113.578217,36.37169],[113.66684,36.340847],[113.702729,36.360175],[113.808035,36.339301],[113.867117,36.365261],[113.90683,36.344062],[113.980886,36.35989],[114.059255,36.308661],[114.135753,36.342475],[114.156993,36.304796],[114.208914,36.285468],[114.237397,36.253038],[114.313731,36.240587],[114.442312,36.253689],[114.559581,36.202826],[114.673106,36.191677],[114.785085,36.229519],[115.091726,36.292751],[115.231619,36.366645],[115.263276,36.411078],[115.27589,36.4796],[115.347748,36.58161],[115.341401,36.599677],[115.399832,36.671576],[115.47755,36.753485],[115.626069,36.793524],[115.680593,36.8428]]}},{"type":"Feature","properties":{"name":"Luan","name_en":"Luan","region_code":"CN_RIVER_Luan","source_name":"Natural Earth ne_50m_rivers_lake_centerlines","source_url":"https://raw.githubusercontent.com/nvkelso/natural-earth-vector/master/geojson/ne_10m_rivers_lake_centerlines.geojson","license":"public domain (Natural Earth)"},"geometry":{"type":"LineString","coordinates":[[116.61435,41.907904],[116.554454,41.876247],[116.516612,41.804511],[116.47877,41.771674],[116.495616,41.687812],[116.520763,41.684841],[116.56129,41.640001],[116.764415,41.671088],[116.888113,41.622423],[116.967459,41.625067],[117.227061,41.536485],[117.255056,41.392157],[117.306733,41.352484],[117.356293,41.35338],[117.345795,41.344591],[117.359467,41.331],[117.318614,41.331],[117.356049,41.307318],[117.354096,41.228624],[117.393647,41.187567],[117.482432,41.174506],[117.482432,41.08515],[117.514659,41.072699],[117.496023,41.042914],[117.5088,41.027045],[117.496023,40.982123],[117.528738,40.991278],[117.61964,40.961615],[117.66741,41.002631],[117.708995,40.954779],[117.777273,40.934353],[117.760671,40.904893],[117.777273,40.893378],[117.856619,40.900458],[117.853608,40.858588],[117.90683,40.87226],[117.937999,40.899604],[117.969005,40.87226],[117.97226,40.848009],[118.044932,40.844916],[118.068614,40.800849],[118.125499,40.772813],[118.12672,40.728868],[118.178803,40.663398],[118.140636,40.62226],[118.136241,40.610419],[118.160737,40.612169],[118.147065,40.57807],[118.194916,40.591742],[118.174571,40.550727],[118.216075,40.570624],[118.218191,40.549994],[118.236501,40.54328],[118.229096,40.522773],[118.2706,40.512274],[118.243337,40.492377],[118.29127,40.476833],[118.256928,40.362087],[118.277436,40.31741],[118.250092,40.276435],[118.295909,40.263617],[118.304779,40.172716],[118.334239,40.147284],[118.523692,40.150499],[118.600597,40.126776],[118.606456,40.043647],[118.630789,40.002753],[118.672455,39.957302],[118.741222,39.957953],[118.743663,39.930365],[118.777843,39.909613],[118.802745,39.860053],[118.799571,39.800808],[118.764171,39.765896],[118.751069,39.710069],[118.780284,39.649359],[118.862315,39.593695],[118.853526,39.556993],[118.973399,39.543402],[118.970225,39.501776],[119.01946,39.472235],[119.096609,39.481309],[119.16505,39.466986],[119.257498,39.412421]]}},{"type":"Feature","properties":{"name":"Liu","name_en":"Liu","region_code":"CN_RIVER_Liu","source_name":"Natural Earth ne_50m_rivers_lake_centerlines","source_url":"https://raw.githubusercontent.com/nvkelso/natural-earth-vector/master/geojson/ne_10m_rivers_lake_centerlines.geojson","license":"public domain (Natural Earth)"},"geometry":{"type":"LineString","coordinates":[[109.528575,23.796413],[109.521983,23.8487],[109.542247,23.89289],[109.649832,23.928819],[109.673595,23.952012],[109.671886,24.072943],[109.731863,24.218695],[109.720225,24.24787],[109.661632,24.280463],[109.548757,24.238105],[109.466319,24.257636],[109.459972,24.2838],[109.501394,24.402859],[109.492768,24.419989]]}},{"type":"Feature","properties":{"name":"Rong","name_en":"Rong","region_code":"CN_RIVER_Rong","source_name":"Natural Earth ne_50m_rivers_lake_centerlines","source_url":"https://raw.githubusercontent.com/nvkelso/natural-earth-vector/master/geojson/ne_10m_rivers_lake_centerlines.geojson","license":"public domain (Natural Earth)"},"geometry":{"type":"LineString","coordinates":[[109.492768,24.419989],[109.424815,24.379706],[109.41212,24.311062],[109.351654,24.370469],[109.306163,24.388983],[109.306895,24.452582],[109.243256,24.468817],[109.231375,24.489854],[109.269216,24.556993],[109.244558,24.600369],[109.237315,24.658555],[109.156179,24.691514],[109.17571,24.731228],[109.132253,24.792182],[109.146902,24.818183],[109.131114,24.846747],[109.138682,24.86697],[109.151134,24.884589],[109.211925,24.88463],[109.244151,24.969102],[109.229503,25.000027],[109.257823,25.019802],[109.287039,25.104315],[109.339366,25.134955],[109.377615,25.205919],[109.474539,25.582302],[109.459239,25.650743]]}},{"type":"Feature","properties":{"name":"黑龙江","name_en":"Heilong Jiang","region_code":"CN_RIVER_黑龙江","source_name":"Natural Earth ne_50m_rivers_lake_centerlines","source_url":"https://raw.githubusercontent.com/nvkelso/natural-earth-vector/master/geojson/ne_10m_rivers_lake_centerlines.geojson","license":"public domain (Natural Earth)"},"geometry":{"type":"MultiLineString","coordinates":[[[127.590343,50.209011],[127.35434,50.298896],[127.33017,50.328437],[127.34837455276231,50.36762191978617]],[[127.35867061299734,50.38498489236254],[127.358165,50.415351],[127.288666,50.466254],[127.29752355222526,50.47374875279905]],[[127.35610894265697,50.54457146404363],[127.3628032961979,50.55301379567736]],[[127.36495171182435,50.560881243008204],[127.36329075352751,50.589282953556705]],[[127.29414320876054,50.66726183039474],[127.28712,50.751288],[127.220307,50.788398],[127.143972,50.903754],[127.06256678685847,50.95862614199708]],[[127.04848742373515,50.96652996548771],[126.94378556927023,51.050987868443116]],[[126.9191579016727,51.11843662157772],[126.90390898601004,51.18698812394781]],[[126.90506371155851,51.20929150737115],[126.92141928438896,51.237529186179714]],[[126.97076040766136,51.286467716119404],[126.980886,51.309149],[126.94955927492829,51.32967003436603]],[[126.92230954965785,51.32626381870723],[126.8845985973706,51.29711017138894]],[[126.85859140072344,51.25189072069533],[126.823416,51.265896],[126.806814,51.308417],[126.843028,51.349636],[126.897227,51.36225],[126.909109,51.391384],[126.88974,51.407294],[126.800141,51.419257],[126.78919428642308,51.437478050542424]],[[126.79724951533761,51.46923809186375],[126.80443398959403,51.480865159173234]],[[126.82949337395604,51.509044966931214],[126.80714,51.534451],[126.676524,51.576931],[126.68321869708154,51.596009105486935]],[[126.71262243756999,51.624024506242],[126.724132,51.649848],[126.707123,51.685858],[126.725352,51.709052],[126.647634,51.741523],[126.48478428273373,51.93625308932094]],[[126.46461028811147,51.96037645803598],[126.438975,51.998114],[126.44982171882124,52.02089137730291]],[[126.497515026671,52.04009852930583],[126.514089,52.042792],[126.550955,52.113227],[126.54373916176323,52.141512536727205]],[[126.4999482499807,52.16004090166747],[126.49743042209518,52.16061939752082]],[[126.4562501420026,52.16553409037156],[126.35505681811155,52.19080629532504]],[[126.34317315229913,52.19265836893779],[126.31505059645919,52.20265311408966]],[[126.43674397345211,52.277037660873425],[126.328695140174,52.31023958890077]],[[126.32769572290259,52.310709653950845],[126.31544,52.316474],[126.3238686826195,52.32868459843026]],[[126.34100385205316,52.35350824910429],[126.343272,52.391669],[126.275808,52.463568],[126.20634350789257,52.46645942020353]],[[126.20503899297918,52.4666444351564],[126.2002395649044,52.47672677943333]],[[126.21090775527563,52.521574315869614],[126.21135100669773,52.5266709968849]],[[126.19317579638135,52.53981820576757],[126.082286,52.593614],[126.050385,52.571479],[126.008881,52.568671],[125.97472096162075,52.622332584417634]],[[126.05376999717176,52.673488938807836],[126.06503774840412,52.67864201807342]],[[126.06747959339019,52.682557295273504],[126.034923,52.727403],[126.04660431229955,52.7359204811523]],[[126.10367587409661,52.75482966786404],[126.066417,52.783474],[126.00073391178985,52.77484452167084]],[[125.93077141524574,52.80058435121368],[125.85665943385173,52.8652889925936]],[[125.6664921110679,52.8788294018155],[125.646251,52.885118],[125.646902,52.90119],[125.67864,52.933458],[125.719656,52.94656],[125.733165,52.981879],[125.649913,53.023627],[125.621023,53.062364],[125.521007,53.04267],[125.476166,53.083767],[125.13453108906477,53.204070234617205]],[[124.86294904513916,53.110019336286435],[124.82417403170008,53.144442611011556]],[[124.73177030735287,53.14861226966677],[124.65605082562973,53.20741223910743]],[[124.4271673657456,53.232799739664934],[124.342214,53.272732],[124.29389228459341,53.35026207124985]],[[124.1171876109725,53.355150576517204],[124.02383731476122,53.40353437112699]],[[123.68148077491679,53.51860340244312],[123.65539451703405,53.53830840871385]],[[123.53968700177764,53.51485485060509],[123.519135,53.52029],[123.54713,53.540798],[123.53586899753257,53.55403633913978]],[[123.4636614275735,53.522424071443574],[123.42622292503036,53.53726619228334]],[[122.41949637288423,53.45236759459481],[122.32419633946466,53.494580881947016]],[[122.1654899703671,53.46821046156718],[122.15728124966363,53.4650804329939]],[[121.54448815527236,53.34407110857971],[121.405365,53.317084]]]}},{"type":"Feature","properties":{"name":"Nen","name_en":"Nen","region_code":"CN_RIVER_Nen","source_name":"Natural Earth ne_50m_rivers_lake_centerlines","source_url":"https://raw.githubusercontent.com/nvkelso/natural-earth-vector/master/geojson/ne_10m_rivers_lake_centerlines.geojson","license":"public domain (Natural Earth)"},"geometry":{"type":"LineString","coordinates":[[126.040538,51.018744],[126.053803,50.960557],[125.990001,50.875108],[125.951427,50.892524],[125.925141,50.856635],[125.89088,50.856635],[125.911794,50.836208],[125.823741,50.766669],[125.767833,50.767768],[125.753673,50.754218],[125.808442,50.695868],[125.782481,50.675482],[125.809581,50.596788],[125.793061,50.534247],[125.71282,50.507188],[125.646495,50.452582],[125.574474,50.436225],[125.572032,50.393907],[125.54184,50.406521],[125.506114,50.314032],[125.464122,50.292426],[125.438975,50.253974],[125.453298,50.231879],[125.434011,50.200629],[125.342784,50.164618],[125.359304,50.144477],[125.342377,50.128974],[125.30128,50.137274],[125.264171,50.105658],[125.280772,50.069037],[125.329112,50.062201],[125.243337,50.050971],[125.288666,50.022284],[125.288259,50.004421],[125.247813,49.988837],[125.225515,49.959093],[125.18629,49.951606],[125.225515,49.918158],[125.24464,49.87698],[125.225515,49.863593],[125.234386,49.847927],[125.177745,49.818874],[125.222992,49.786892],[125.219249,49.668036],[125.188243,49.643866],[125.150971,49.664333],[125.124929,49.656521],[125.147634,49.61933],[125.195079,49.599799],[125.235362,49.554267],[125.218272,49.519599],[125.2671,49.438341],[125.239757,49.38996],[125.253429,49.3428],[125.222179,49.285427],[125.232921,49.273871],[125.218435,49.258979],[125.222667,49.219916],[125.157807,49.150987],[125.112641,49.135037],[125.062266,49.136746],[125.030935,49.164008],[124.87322,49.17829],[124.856049,49.16767],[124.822032,49.115668],[124.8213,49.060818],[124.621593,48.741889],[124.606863,48.638617],[124.531342,48.55919],[124.54835,48.519802],[124.533295,48.501532],[124.543875,48.466742],[124.520437,48.368964],[124.54713,48.352159],[124.559093,48.314765],[124.561941,48.236151],[124.527843,48.190863],[124.520274,48.128607],[124.381114,48.07156],[124.31837,47.961493],[124.283946,47.934434],[124.308116,47.875515],[124.219249,47.765652],[124.246674,47.75255],[124.239187,47.736762],[124.199229,47.69949],[124.153575,47.687445],[124.089692,47.615831],[124.095225,47.58808],[123.94752,47.50141],[123.924571,47.478217],[123.921153,47.447821],[123.881602,47.422065],[123.88087,47.397895],[123.903412,47.379584],[123.889659,47.358466],[123.897227,47.331488],[123.859874,47.253445],[123.828298,47.231879],[123.8095,47.250678],[123.644542,47.181586],[123.598237,47.178656],[123.597585,47.018134],[123.574474,47.026394],[123.465831,46.834581]]}},{"type":"Feature","properties":{"name":"Wuding","name_en":"Wuding","region_code":"CN_RIVER_Wuding","source_name":"Natural Earth ne_50m_rivers_lake_centerlines","source_url":"https://raw.githubusercontent.com/nvkelso/natural-earth-vector/master/geojson/ne_10m_rivers_lake_centerlines.geojson","license":"public domain (Natural Earth)"},"geometry":{"type":"LineString","coordinates":[[109.937266,37.955634],[109.979503,37.952419],[110.020518,37.925238],[110.167735,37.766954],[110.206635,37.684434],[110.202403,37.63113],[110.230479,37.618476],[110.232839,37.582587],[110.287608,37.469265],[110.34669,37.421332],[110.342052,37.377143],[110.379242,37.353787],[110.397227,37.309516],[110.413015,37.318305],[110.402924,37.284613],[110.462169,37.288398],[110.445079,37.247423],[110.4192,37.246039],[110.417735,37.233832],[110.445079,37.196234],[110.421397,37.167996],[110.416515,37.150214],[110.437592,37.137559],[110.412852,37.081895],[110.437592,37.042019]]}},{"type":"Feature","properties":{"name":"Aksu","name_en":"Aksu","region_code":"CN_RIVER_Aksu","source_name":"Natural Earth ne_50m_rivers_lake_centerlines","source_url":"https://raw.githubusercontent.com/nvkelso/natural-earth-vector/master/geojson/ne_10m_rivers_lake_centerlines.geojson","license":"public domain (Natural Earth)"},"geometry":{"type":"LineString","coordinates":[[80.042979,41.173122],[80.066661,41.187567],[80.149099,41.132921],[80.271414,41.097846],[80.312022,40.993191],[80.285737,40.941189],[80.321056,40.849433],[80.389415,40.783515],[80.51295,40.694159],[80.533376,40.694159],[80.580577,40.643256],[80.60491,40.577216],[80.670828,40.560492],[80.698009,40.525702],[80.837169,40.471788],[80.882253,40.468207]]}},{"type":"Feature","properties":{"name":"Luhit","name_en":"Luhit","region_code":"CN_RIVER_Luhit","source_name":"Natural Earth ne_50m_rivers_lake_centerlines","source_url":"https://raw.githubusercontent.com/nvkelso/natural-earth-vector/master/geojson/ne_10m_rivers_lake_centerlines.geojson","license":"public domain (Natural Earth)"},"geometry":{"type":"LineString","coordinates":[[97.083995,28.527615],[97.041108,28.379503],[97.044363,28.147406],[96.993663,28.047675],[96.979503,27.958848],[96.959402,27.935818],[96.864024,27.896267],[96.807384,27.940009],[96.685802,27.97956],[96.574229,28.085313],[96.49361764045732,28.07998015132649]]}},{"type":"Feature","properties":{"name":"黄河","name_en":"Huang","region_code":"CN_RIVER_黄河","source_name":"Natural Earth ne_50m_rivers_lake_centerlines","source_url":"https://raw.githubusercontent.com/nvkelso/natural-earth-vector/master/geojson/ne_10m_rivers_lake_centerlines.geojson","license":"public domain (Natural Earth)"},"geometry":{"type":"MultiLineString","coordinates":[[[114.837576,35.019802],[114.864757,35.120469],[114.851329,35.178046],[114.941417,35.218777],[115.067963,35.379991],[115.150483,35.415798],[115.248546,35.424506],[115.306814,35.475694],[115.340017,35.485053],[115.330496,35.534369],[115.341319,35.555365],[115.383311,35.55744],[115.402843,35.630479],[115.491791,35.678087],[115.503917,35.722724],[115.617686,35.731147],[115.654714,35.746283],[115.76116,35.849148],[115.873546,35.865505],[115.883718,35.887519],[115.857921,35.916327],[115.943777,35.979682],[116.033295,35.965684],[116.064138,36.040839],[116.091401,36.068142],[116.077729,36.109727],[116.119314,36.116523],[116.13974,36.150702],[116.198822,36.172553],[116.311941,36.293321],[116.410167,36.315212],[116.575043,36.414822],[116.597585,36.447577],[116.598643,36.467353],[116.578624,36.4796],[116.601654,36.494981],[116.598562,36.514431],[116.65683,36.582709],[116.736339,36.624294],[116.780772,36.702745],[116.858653,36.740343],[116.992442,36.726671],[117.105724,36.796251],[117.189464,36.93419],[117.226329,36.961046],[117.237804,37.031033],[117.284923,37.059394],[117.388113,37.073188],[117.552257,37.149237],[117.627045,37.254259],[117.760509,37.247423],[117.827403,37.272081],[117.890554,37.261746],[118.06544,37.352078],[118.207042,37.375271],[118.229421,37.396308],[118.231537,37.450222],[118.29127,37.508124],[118.304779,37.576443],[118.328868,37.596381],[118.55421,37.626492],[118.710053,37.749823],[118.860362,37.796169],[118.917003,37.830634],[118.978038,37.79975],[119.033214,37.802558]],[[110.269949,34.637274],[110.297862,34.621161],[110.37672,34.615749],[110.410818,34.589057],[110.482921,34.615749],[110.530284,34.583604],[110.708425,34.620917],[110.765636,34.661241],[110.883474,34.666042],[110.922862,34.685736],[110.910574,34.732449],[110.989757,34.721869],[111.025483,34.747423],[111.109304,34.768622],[111.138438,34.819159],[111.222667,34.798529],[111.256602,34.827989],[111.284679,34.816352],[111.342459,34.842312],[111.383474,34.821804],[111.557384,34.863308],[111.630463,34.958319],[111.678315,34.978827],[111.670339,34.997382],[111.682709,35.007839],[111.740652,35.018907],[111.829112,35.082465],[111.897472,35.096137],[111.957449,35.094062],[112.058116,35.033393],[112.151378,35.013536],[112.178966,34.970811],[112.240733,34.944688],[112.274832,34.965155],[112.288992,34.947781],[112.480235,34.906806],[112.779226,34.797919],[113.089773,34.842312],[113.19752,34.876288],[113.24879,34.948554],[113.353608,34.972357],[113.497569,34.965155],[113.534109,34.979519],[113.665619,34.907538],[113.867768,34.87641],[113.953868,34.896918],[113.977631,34.94127],[113.997813,34.949083],[114.062429,34.931667],[114.179454,34.935981],[114.303233,34.898464],[114.421641,34.924669],[114.509288,34.901923],[114.577403,34.91767],[114.631602,34.896918],[114.729991,34.920925],[114.781668,34.985867],[114.83074,35.019802]]]}},{"type":"Feature","properties":{"name":"Di’er Songhua","name_en":"Di’er Songhua","region_code":"CN_RIVER_Di’er Songhua","source_name":"Natural Earth ne_50m_rivers_lake_centerlines","source_url":"https://raw.githubusercontent.com/nvkelso/natural-earth-vector/master/geojson/ne_10m_rivers_lake_centerlines.geojson","license":"public domain (Natural Earth)"},"geometry":{"type":"LineString","coordinates":[[123.465831,46.834581],[123.489187,46.817206],[123.54184,46.815782],[123.562999,46.86518],[123.591563,46.875556],[123.613048,46.84101],[123.598399,46.806749],[123.671153,46.800238],[123.773692,46.717312],[123.759369,46.635321],[123.810476,46.555365],[123.787364,46.519314],[123.855154,46.402208],[123.842052,46.357611],[123.853608,46.312771],[123.842052,46.305732],[123.884776,46.297146],[123.907237,46.266669],[123.956472,46.290635],[123.958344,46.192572],[123.985932,46.159288],[124.010916,46.055976],[124.038666,46.034369],[124.033783,46.018378],[124.001394,46.016547],[123.992768,46.005398],[124.006358,45.996283],[123.973725,45.964952],[123.979096,45.929633],[124.061697,45.871649],[124.04127,45.830349],[124.059581,45.808946],[124.013276,45.768581],[124.074718,45.744656],[124.054861,45.731635],[124.102794,45.709581],[124.125987,45.668972],[124.164806,45.662706],[124.140717,45.632107],[124.148936,45.622138],[124.223399,45.635443],[124.226085,45.611192],[124.261648,45.589952],[124.274506,45.550238],[124.352061,45.541775],[124.362804,45.52558],[124.350108,45.498481],[124.376475,45.457302],[124.455496,45.463446],[124.502533,45.423163],[124.549246,45.414374],[124.572195,45.419135],[124.589366,45.457302],[124.674571,45.450466]]}},{"type":"Feature","properties":{"name":"西江","name_en":"Xi","region_code":"CN_RIVER_西江","source_name":"Natural Earth ne_50m_rivers_lake_centerlines","source_url":"https://raw.githubusercontent.com/nvkelso/natural-earth-vector/master/geojson/ne_10m_rivers_lake_centerlines.geojson","license":"public domain (Natural Earth)"},"geometry":{"type":"MultiLineString","coordinates":[[[111.301362,23.480658],[111.392833,23.477729],[111.467052,23.449042],[111.554861,23.293158],[111.538097,23.204413],[111.668224,23.148139],[111.800955,23.13227],[111.878429,23.140733],[112.00058,23.085395],[112.070404,23.077094],[112.124522,23.09101],[112.174815,23.078721],[112.31544,23.159613],[112.350027,23.154242],[112.400645,23.073188],[112.444835,23.047309],[112.501069,23.064073],[112.595795,23.165595],[112.664561,23.176866],[112.78297,23.163845],[112.805919,23.142442],[112.858653,22.972602],[112.927257,22.83572],[112.970144,22.806586],[113.0713,22.781806],[113.095307,22.660997],[113.165538,22.575629]],[[112.804698,23.147895],[112.845144,23.159857],[112.917898,23.128241],[112.971772,23.072537],[112.982026,23.040351]],[[112.97991,23.041124],[112.982026,23.040351]],[[112.982026,23.040351],[113.029063,23.036892],[113.075776,23.056464],[113.11085,23.041124],[113.152843,23.067735],[113.220144,23.041124],[113.313243,23.055365],[113.391205,23.038275],[113.419363,23.062852]],[[112.982026,23.040351],[113.002859,22.952948],[113.076182,22.890245],[113.213308,22.911973]],[[113.082774,22.764268],[113.151866,22.739447],[113.186534,22.703803],[113.244233,22.734687],[113.303803,22.693223],[113.371349,22.676378],[113.467784,22.573269],[113.555919,22.583075]]]}},{"type":"Feature","properties":{"name":"Dan","name_en":"Dan","region_code":"CN_RIVER_Dan","source_name":"Natural Earth ne_50m_rivers_lake_centerlines","source_url":"https://raw.githubusercontent.com/nvkelso/natural-earth-vector/master/geojson/ne_10m_rivers_lake_centerlines.geojson","license":"public domain (Natural Earth)"},"geometry":{"type":"LineString","coordinates":[[111.229015,33.055609],[111.308849,32.988308],[111.469005,32.929958],[111.526785,32.872097],[111.558442,32.738796],[111.550873,32.712714],[111.5088,32.676703],[111.47755,32.569525]]}},{"type":"Feature","properties":{"name":"Dan","name_en":"Dan","region_code":"CN_RIVER_Dan","source_name":"Natural Earth ne_50m_rivers_lake_centerlines","source_url":"https://raw.githubusercontent.com/nvkelso/natural-earth-vector/master/geojson/ne_10m_rivers_lake_centerlines.geojson","license":"public domain (Natural Earth)"},"geometry":{"type":"LineString","coordinates":[[109.87379,33.882107],[110.028738,33.834052],[110.195323,33.742621],[110.312755,33.712104],[110.400401,33.604438],[110.446381,33.498887],[110.47169,33.484239],[110.793224,33.441677],[110.896495,33.325303],[110.996593,33.267157],[111.156993,33.118598],[111.213878,33.092963],[111.229015,33.055609]]}},{"type":"Feature","properties":{"name":"珠江","name_en":"","region_code":"CN_RIVER_珠江","source_name":"教学示意（Natural Earth 未收录）","license":"derived educational geometry"},"geometry":{"type":"LineString","coordinates":[[102.8,24.9],[104.2,24.9],[106.7,25.3],[108.8,23.9],[110.5,23.5],[112.8,23.1],[113.3,23.1]]}}]}