{"type":"FeatureCollection","features":[{"type":"Feature","properties":{"name":"第一级阶梯（青藏高原）","terrain_step":"第一级阶梯（青藏高原）","region_code":"CN_TERRAIN_STEP_第一","source_year":"approximated","source_name":"按省级区划归并的教学示意","license":"derived educational geometry","__fillColor":"#7c3aed","__fillOpacity":0.4,"__strokeColor":"#0f172a","__strokeWidth":0.6},"geometry":{"type":"Polygon","coordinates":[[[97.700763,32.53488],[97.940363,32.482393],[98.218768,32.342444],[98.218768,32.234683],[98.434962,32.007613],[98.432498,31.922825],[98.399238,31.895899],[98.414636,31.832365],[98.545831,31.717383],[98.553839,31.660349],[98.619128,31.591555],[98.887062,31.37465],[98.773113,31.249382],[98.691809,31.333253],[98.643766,31.338876],[98.602498,31.192062],[98.675179,31.15417],[98.806374,30.995783],[98.774345,30.908019],[98.797135,30.87926],[98.957895,30.765166],[98.963438,30.728134],[98.907388,30.698292],[98.965286,30.449937],[98.9813,30.182843],[99.044742,30.079842],[99.068148,29.931621],[98.992387,29.677163],[99.052133,29.563748],[99.075539,29.316186],[99.113727,29.221171],[99.024416,29.188783],[98.9813,29.204978],[98.960974,29.165792],[99.013329,29.036632],[98.925866,28.978536],[98.917859,28.886877],[98.973909,28.864867],[98.972677,28.832367],[98.852569,28.798283],[98.786048,28.998952],[98.624056,28.95864],[98.683802,28.740054],[98.594491,28.667615],[98.637606,28.552029],[98.625903,28.489455],[98.673947,28.478934],[98.740468,28.348395],[98.712135,28.229296],[98.625903,28.165475],[98.559382,28.182885],[98.464527,28.151229],[98.428803,28.104785],[98.389383,28.114814],[98.37768,28.246167],[98.301303,28.384204],[98.208913,28.358401],[98.266811,28.242477],[98.169492,28.206093],[98.17442,28.163365],[98.139311,28.142259],[98.090036,28.195544],[98.03337,28.187105],[98.020435,28.253548],[97.907718,28.363141],[97.801161,28.326798],[97.68598,28.519958],[97.569567,28.541515],[97.521524,28.495766],[97.485184,28.38631],[97.518445,28.327852],[97.461162,28.26778],[97.422358,28.297293],[97.398336,28.238786],[97.349677,28.235623],[97.352757,28.149646],[97.305945,28.071522],[97.375547,28.062545],[97.413119,28.01342],[97.379242,27.970087],[97.386634,27.882839],[97.324424,27.880723],[97.303482,27.913516],[97.253591,27.891832],[97.103301,27.780697],[97.097758,27.740979],[97.062649,27.742568],[97.049099,27.81405],[97.008447,27.807698],[96.972722,27.861149],[96.810114,27.890245],[96.538485,28.075218],[96.499681,28.067297],[96.426384,28.161782],[96.398667,28.118509],[96.298269,28.140148],[96.275479,28.228241],[95.989067,28.198181],[95.907763,28.241422],[95.874502,28.29782],[95.832003,28.295186],[95.39715,28.142259],[95.28628,27.939955],[94.88592,27.743098],[94.524979,27.596282],[94.277372,27.58143],[93.849294,27.168499],[93.817265,27.025183],[93.56781,26.938252],[93.111399,26.880082],[92.909371,26.914241],[92.802813,26.895028],[92.64698,26.952656],[92.109265,26.854991],[92.124664,26.960124],[92.02673,27.108318],[92.071077,27.237694],[92.125896,27.273339],[92.010715,27.474758],[91.71876,27.467324],[91.585101,27.540578],[91.562311,27.627569],[91.642383,27.7664],[91.610355,27.819343],[91.544449,27.820401],[91.561079,27.855329],[91.618978,27.856916],[91.611586,27.891303],[91.486551,27.937311],[91.464993,28.002852],[91.309776,28.057791],[91.251878,27.970615],[91.162567,27.968501],[91.155175,27.894476],[91.113292,27.846333],[91.025828,27.857445],[90.96485,27.900294],[90.96177,27.9537],[90.896481,27.946299],[90.802242,28.040362],[90.701844,28.076274],[90.591591,28.021345],[90.513983,28.062016],[90.384019,28.06096],[90.297172,28.153868],[90.231882,28.144897],[90.124709,28.190797],[90.103151,28.141731],[90.03355,28.136981],[89.976268,28.189215],[89.901739,28.18183],[89.789638,28.240895],[89.779167,28.197127],[89.605472,28.161782],[89.511233,28.086307],[89.375727,27.875962],[89.238988,27.796581],[89.184786,27.673689],[89.131815,27.633402],[89.163228,27.574534],[89.109025,27.537925],[89.095474,27.471572],[89.182938,27.373829],[89.152757,27.319076],[89.077612,27.287168],[89.067757,27.240354],[88.984605,27.208957],[88.911924,27.272807],[88.920548,27.325456],[88.809063,27.405711],[88.783193,27.467324],[88.797976,27.521473],[88.770874,27.563924],[88.852178,27.671039],[88.888519,27.846863],[88.842939,28.006023],[88.764099,28.068353],[88.67602,28.068353],[88.645223,28.111119],[88.565151,28.083139],[88.554064,28.027684],[88.498013,28.04089],[88.401311,27.976958],[88.357579,27.986471],[88.254101,27.939426],[88.242398,27.967444],[88.156783,27.957929],[88.111819,27.864852],[88.037291,27.901881],[87.982472,27.884426],[87.826639,27.927794],[87.727473,27.802933],[87.668343,27.809815],[87.670191,27.832045],[87.598126,27.814579],[87.58088,27.859562],[87.45954,27.820931],[87.418272,27.825694],[87.421967,27.856916],[87.364069,27.824106],[87.280917,27.845275],[87.227946,27.812991],[87.118309,27.840512],[87.035157,27.946299],[86.935375,27.955286],[86.864542,28.022401],[86.756753,28.032967],[86.768456,28.06941],[86.700086,28.101617],[86.647732,28.06941],[86.568891,28.103201],[86.514689,27.954757],[86.414906,27.904526],[86.231972,27.974315],[86.19132,28.167058],[86.128495,28.086835],[86.086611,28.090002],[86.125415,27.923035],[86.002227,27.90717],[85.949256,27.937311],[85.980053,27.984357],[85.901213,28.053566],[85.854402,28.172334],[85.753388,28.227714],[85.720743,28.372093],[85.682555,28.375779],[85.650526,28.283592],[85.601251,28.254075],[85.602483,28.295712],[85.520563,28.326798],[85.415853,28.321003],[85.379512,28.274105],[85.113427,28.344708],[85.108499,28.461047],[85.189803,28.544669],[85.195963,28.624022],[85.126361,28.676016],[85.05676,28.674441],[84.981616,28.586193],[84.857196,28.567798],[84.698284,28.633478],[84.699515,28.671816],[84.620059,28.732182],[84.483321,28.735331],[84.408176,28.85386],[84.234481,28.889497],[84.248648,29.030353],[84.194445,29.045004],[84.20738,29.118749],[84.176583,29.133909],[84.17104,29.19453],[84.203068,29.239972],[84.130388,29.239972],[84.116837,29.286438],[83.911729,29.323491],[83.82057,29.294267],[83.800244,29.249372],[83.727563,29.244672],[83.656114,29.16736],[83.596368,29.174153],[83.463941,29.285916],[83.415898,29.420496],[83.383253,29.42206],[83.325355,29.502826],[83.27608,29.505951],[83.266841,29.571035],[83.12887,29.623593],[83.088834,29.604863],[83.011226,29.667804],[82.966878,29.658963],[82.9484,29.704718],[82.830756,29.687562],[82.757459,29.761881],[82.691553,29.766037],[82.737749,29.80655],[82.703872,29.847566],[82.6238,29.834588],[82.64351,29.868846],[82.560974,29.955476],[82.498148,29.947698],[82.333693,30.045138],[82.17786,30.06793],[82.207425,30.143519],[82.114418,30.226806],[82.132896,30.30434],[82.104563,30.346182],[81.99123,30.322939],[81.63029,30.446842],[81.613044,30.412784],[81.566232,30.428782],[81.555761,30.369421],[81.418407,30.420525],[81.432573,30.379231],[81.399929,30.319323],[81.427646,30.305373],[81.393769,30.199396],[81.335871,30.149729],[81.269349,30.153351],[81.293371,30.094859],[81.256415,30.011978],[81.131995,30.016124],[81.034677,30.246971],[80.81725,30.321389],[80.633084,30.458707],[80.549316,30.448905],[80.43044,30.515952],[80.357759,30.520592],[80.322035,30.564403],[80.214245,30.586044],[80.143412,30.55822],[80.04363,30.603559],[79.970333,30.685941],[79.961094,30.771337],[79.900732,30.7991],[79.913051,30.833022],[79.835443,30.851006],[79.75845,30.936769],[79.668523,30.980392],[79.59769,30.925989],[79.505915,31.027584],[79.427075,31.018353],[79.404901,31.071678],[79.316206,31.01784],[79.33222,30.969103],[79.227511,30.949088],[79.181931,31.015788],[79.096931,30.992192],[79.010084,31.043994],[78.97436,31.115751],[78.997765,31.158779],[78.865338,31.312804],[78.859179,31.289281],[78.795121,31.301043],[78.755085,31.355742],[78.792041,31.435944],[78.729832,31.478316],[78.740303,31.532912],[78.845628,31.609905],[78.798817,31.675629],[78.763092,31.668499],[78.654687,31.819144],[78.739687,31.885228],[78.762476,31.947203],[78.60726,32.023851],[78.509941,32.147065],[78.469905,32.127808],[78.430485,32.212407],[78.508709,32.297939],[78.458818,32.379853],[78.472985,32.435431],[78.395377,32.530339],[78.741534,32.703743],[78.781571,32.608009],[78.760629,32.563635],[78.782186,32.480373],[78.970664,32.331826],[79.005772,32.375304],[79.103091,32.369744],[79.135736,32.472295],[79.252148,32.516715],[79.308199,32.596918],[79.27309,32.678056],[79.301423,32.728919],[79.275554,32.778746],[79.225047,32.784281],[79.255844,32.942628],[79.162837,33.01191],[79.152366,33.184375],[79.072294,33.22844],[79.022403,33.323504],[78.84994,33.419963],[78.74215,33.55323],[78.755085,33.623025],[78.684868,33.654415],[78.779723,33.73259],[78.744614,33.980585],[78.656535,34.030196],[78.661462,34.086718],[78.9257,34.155584],[78.981751,34.31836],[79.019939,34.313417],[79.048888,34.348506],[79.0107,34.399877],[79.039033,34.421601],[79.161605,34.441345],[79.241677,34.415183],[79.545335,34.476381],[79.675914,34.451216],[79.699936,34.477861],[79.801566,34.478847],[79.861312,34.528166],[79.84345,34.55725],[79.88595,34.642965],[79.866856,34.671517],[79.906892,34.683821],[79.898268,34.732035],[79.947544,34.821008],[79.926602,34.849499],[79.996819,34.856375],[80.034391,34.902033],[80.031311,35.034447],[80.23026,35.147565],[80.257977,35.203331],[80.362687,35.20871],[80.267832,35.295701],[80.321419,35.38699],[80.375006,35.387966],[80.432904,35.449418],[80.514824,35.391869],[80.65649,35.393821],[80.689135,35.339162],[80.844351,35.345508],[80.963844,35.310842],[81.026053,35.31133],[81.002648,35.334768],[81.030981,35.337209],[81.031597,35.380648],[81.09935,35.40748],[81.142466,35.365032],[81.191741,35.36552],[81.219458,35.319144],[81.363588,35.354783],[81.441196,35.333303],[81.513261,35.23511],[81.68634,35.235599],[81.927789,35.271275],[81.955506,35.307423],[82.030034,35.321585],[82.05344,35.35039],[82.034346,35.451855],[82.328149,35.559523],[82.336156,35.651486],[82.392823,35.656349],[82.424852,35.712736],[82.468583,35.717595],[82.628727,35.692324],[82.731589,35.637868],[82.795031,35.688436],[82.967494,35.667532],[82.998907,35.484512],[83.067892,35.46258],[83.127022,35.398699],[83.251442,35.417722],[83.622238,35.335256],[83.885244,35.367472],[83.906186,35.40309],[84.005968,35.422599],[84.077417,35.400163],[84.095895,35.362592],[84.160569,35.359663],[84.45314,35.473303],[84.475929,35.516181],[84.448828,35.550272],[84.729081,35.613546],[85.053065,35.752086],[85.146071,35.742371],[85.271107,35.788989],[85.373969,35.700101],[85.518715,35.680658],[85.566142,35.6403],[85.612953,35.651486],[85.691178,35.751114],[85.949256,35.778794],[86.05335,35.842857],[86.199944,36.047801],[86.187625,36.130983],[86.2794,36.170608],[86.69947,36.24449],[86.746282,36.291777],[86.86331,36.299977],[86.887332,36.262829],[86.996353,36.308658],[87.149106,36.297565],[87.193454,36.349158],[87.292004,36.358797],[87.363453,36.420463],[87.426895,36.42576],[87.460155,36.409868],[87.470626,36.354459],[87.570409,36.342409],[87.919646,36.39349],[87.983088,36.437797],[88.134609,36.427205],[88.241782,36.468605],[88.470912,36.48208],[88.498629,36.446463],[88.573158,36.461386],[88.623665,36.389636],[88.766563,36.292259],[88.802903,36.33807],[88.926091,36.36458],[88.964279,36.318785],[89.126887,36.254626],[89.198952,36.260417],[89.232213,36.295636],[89.292575,36.231457],[89.375727,36.228078],[89.490291,36.151281],[89.766848,36.073925],[89.941159,36.067637],[89.944855,36.140649],[90.019999,36.213594],[90.003369,36.278752],[90.145651,36.239181],[90.130252,36.2078],[90.23681,36.160462],[90.659344,36.13485],[90.776373,36.086501],[90.850285,36.016827],[90.922966,36.028927],[90.979017,36.106811],[91.081263,36.088436],[91.124994,36.115514],[91.096045,36.219871],[91.051698,36.238215],[91.07264,36.299012],[91.026444,36.323607],[91.051698,36.433946],[91.028292,36.443093],[91.035683,36.529703],[90.741264,36.585947],[90.730793,36.655594],[90.706156,36.658955],[90.754815,36.721341],[90.732025,36.825844],[90.853981,36.915373],[91.036915,36.929727],[91.051698,36.96751],[91.126842,36.978507],[91.181045,37.025345],[91.303617,37.012444],[91.280211,37.163779],[91.1909,37.205737],[91.194596,37.273868],[91.134849,37.324331],[91.073256,37.475992],[90.958075,37.477891],[90.865684,37.53059],[90.882314,37.575664],[90.777605,37.648672],[90.519526,37.730601],[90.531229,38.319886],[90.361846,38.300163],[90.352607,38.233441],[90.280542,38.238142],[90.137644,38.340543],[90.179528,38.396848],[90.111774,38.418889],[90.111774,38.477945],[90.427135,38.493873],[90.463476,38.556611],[90.608837,38.594508],[90.645794,38.635191],[90.619308,38.664636],[90.65996,38.674449],[90.724634,38.658094],[91.298689,38.746365],[91.446515,38.813546],[91.87952,38.884391],[92.263866,39.002153],[92.380279,38.999828],[92.459119,39.042604],[92.489916,39.099753],[92.938936,39.169848],[93.043029,39.146645],[93.115094,39.17959],[93.142196,39.160567],[93.131725,39.108112],[93.198246,39.045857],[93.179152,38.923977],[93.274007,38.896036],[93.729186,38.924443],[93.884403,38.867618],[93.884403,38.826136],[93.756287,38.807484],[93.800019,38.750566],[93.885018,38.720689],[94.370379,38.7627],[94.527443,38.425922],[94.527443,38.365416],[94.56132,38.351807],[94.973999,38.430142],[95.122441,38.417014],[95.259179,38.302981],[95.455664,38.291709],[95.487693,38.314721],[95.51849,38.294997],[95.703887,38.400131],[95.83693,38.344298],[95.852945,38.287481],[95.89606,38.2903],[96.06606,38.173245],[96.264392,38.145952],[96.313051,38.161952],[96.335841,38.246132],[96.378341,38.277146],[96.665369,38.23015],[96.626564,38.356031],[96.707868,38.459203],[96.6666,38.483567],[96.780549,38.504177],[96.7941,38.608072],[96.961019,38.558015],[97.055874,38.594508],[97.057722,38.67258],[97.009063,38.702477],[97.023229,38.755699],[96.940693,38.90768],[96.969643,39.097895],[97.012142,39.142004],[96.962251,39.198144],[97.347213,39.167528],[97.679205,39.010524],[97.701379,38.963076],[98.009348,38.85923],[98.091884,38.786495],[98.242173,38.880664],[98.280977,39.027263],[98.383839,39.029588],[98.457752,38.952838],[98.584635,38.93003],[98.743548,39.086747],[98.816845,39.085818],[98.951735,38.987735],[99.107568,38.951907],[99.068764,38.896968],[99.361951,38.718354],[99.450646,38.60433],[99.501769,38.612281],[99.52887,38.546314],[99.65945,38.449361],[100.071513,38.284663],[100.126332,38.231561],[100.182998,38.222158],[100.163904,38.328337],[100.093071,38.407166],[100.022238,38.432017],[100.001296,38.467169],[100.025933,38.507923],[100.064122,38.518694],[100.24028,38.441861],[100.259374,38.366355],[100.301874,38.388405],[100.318505,38.329276],[100.424446,38.307208],[100.432453,38.275267],[100.474953,38.288891],[100.595061,38.242372],[100.619083,38.26587],[100.71517,38.253652],[100.860531,38.148305],[100.913502,38.17889],[100.93814,38.16007],[100.895024,38.013107],[101.103211,37.946593],[101.202994,37.84742],[101.362522,37.791162],[101.459224,37.86632],[101.598427,37.827569],[101.670491,37.754264],[101.659405,37.733441],[101.791832,37.696041],[101.815853,37.654357],[101.946432,37.728235],[101.998787,37.724921],[102.036359,37.685149],[102.035128,37.627819],[102.131214,37.54625],[102.103497,37.482641],[102.299981,37.391404],[102.428097,37.308624],[102.490307,37.223371],[102.599944,37.174748],[102.642444,37.099845],[102.488459,37.078362],[102.506321,37.019134],[102.450271,36.968467],[102.56114,36.91968],[102.720052,36.767858],[102.601176,36.710307],[102.630741,36.650793],[102.761936,36.568645],[102.734219,36.562396],[102.793349,36.497957],[102.771791,36.47438],[102.845704,36.331803],[102.896827,36.331803],[103.066826,36.216974],[102.986754,36.193312],[102.941174,36.104877],[102.882044,36.082632],[102.968276,36.044414],[102.94487,35.829757],[102.787189,35.862745],[102.686175,35.771996],[102.808747,35.560496],[102.729291,35.523487],[102.782878,35.527871],[102.743458,35.494745],[102.503241,35.585322],[102.447807,35.437229],[102.408387,35.409431],[102.293822,35.424063],[102.287663,35.36552],[102.317844,35.343067],[102.280887,35.303028],[102.370199,35.263946],[102.404075,35.179366],[102.310452,35.128967],[102.29567,35.071681],[102.094874,34.986901],[102.048062,34.910868],[102.068388,34.887798],[101.916867,34.873561],[101.934729,34.58731],[102.001867,34.538519],[102.155852,34.507456],[102.259329,34.355917],[102.186649,34.352952],[102.149692,34.271885],[102.067772,34.293642],[102.062229,34.227858],[102.01357,34.218456],[102.030816,34.190739],[102.003099,34.162022],[101.965526,34.167469],[101.955055,34.109514],[101.851578,34.153108],[101.836795,34.124378],[101.764114,34.122892],[101.736397,34.080275],[101.6206,34.178857],[101.327413,34.24468],[101.193754,34.336646],[101.054552,34.322808],[100.951074,34.38358],[100.821727,34.317371],[100.764445,34.178857],[100.870386,34.083744],[100.994806,33.891707],[101.153718,33.8445],[101.190675,33.791796],[101.166653,33.659894],[101.23687,33.685793],[101.385312,33.644949],[101.501724,33.702723],[101.58426,33.674339],[101.622448,33.502343],[101.718535,33.494857],[101.777665,33.533776],[101.769042,33.45592],[101.695745,33.433948],[101.663716,33.383991],[101.64955,33.323004],[101.735781,33.279987],[101.633535,33.101193],[101.487557,33.226938],[101.403174,33.225436],[101.381616,33.153316],[101.297232,33.262475],[101.182668,33.26948],[101.11553,33.194893],[101.169733,33.10019],[101.146327,33.056563],[101.184515,33.041514],[101.183899,32.984304],[101.129081,32.989324],[101.124153,32.909976],[101.223935,32.855698],[101.22332,32.725898],[101.157414,32.661431],[101.077342,32.68259],[100.93198,32.600447],[100.690532,32.678056],[100.710242,32.610026],[100.661583,32.616075],[100.645568,32.526303],[100.54517,32.569687],[100.420135,32.73194],[100.378251,32.698707],[100.399193,32.756101],[100.339447,32.719353],[100.258759,32.742511],[100.208252,32.606497],[100.109701,32.640268],[100.088143,32.668988],[100.139266,32.724388],[100.123252,32.837095],[100.029629,32.895907],[100.038252,32.929066],[99.956332,32.948152],[99.877492,33.045527],[99.851007,32.941623],[99.788181,32.956689],[99.764159,32.924545],[99.791877,32.883344],[99.760464,32.769689],[99.717964,32.732443],[99.700718,32.76667],[99.589233,32.789312],[99.558436,32.839106],[99.376118,32.899927],[99.268944,32.878318],[99.196263,33.035493],[98.858728,33.150811],[98.802062,33.270481],[98.759562,33.276985],[98.779888,33.370497],[98.736157,33.406975],[98.742316,33.477887],[98.648077,33.548741],[98.652389,33.595114],[98.622824,33.610067],[98.61728,33.637476],[98.6567,33.64744],[98.582788,33.731595],[98.494092,33.768915],[98.463295,33.848477],[98.407245,33.867362],[98.440506,33.981577],[98.399854,34.085231],[98.206449,34.08424],[98.028442,34.122892],[97.898479,34.209548],[97.8104,34.207568],[97.766668,34.158555],[97.665654,34.126855],[97.70261,34.036644],[97.652719,33.998448],[97.629314,33.919523],[97.395257,33.889224],[97.398336,33.848477],[97.371851,33.842015],[97.422974,33.754984],[97.415583,33.605582],[97.523372,33.577166],[97.511669,33.520805],[97.552321,33.465906],[97.754349,33.409972],[97.676125,33.341004],[97.622538,33.337005],[97.607756,33.263976],[97.487648,33.168346],[97.487032,33.107209],[97.542466,33.035995],[97.499966,33.011408],[97.523988,32.988822],[97.375547,32.956689],[97.347829,32.895907],[97.376163,32.886359],[97.42359,32.70475],[97.48272,32.654377],[97.607756,32.614059],[97.700763,32.53488]]]}},{"type":"Feature","properties":{"name":"第三级阶梯（东部平原丘陵）","terrain_step":"第三级阶梯（东部平原丘陵）","region_code":"CN_TERRAIN_STEP_第三","source_year":"approximated","source_name":"按省级区划归并的教学示意","license":"derived educational geometry","__fillColor":"#16a34a","__fillOpacity":0.4,"__strokeColor":"#0f172a","__strokeWidth":0.6},"geometry":{"type":"MultiPolygon","coordinates":[[[[112.0645,3.8302],[111.9973,3.8481],[112.0337,3.8923],[112.0737,3.866],[112.0645,3.8302]]],[[[112.2419,3.8457],[112.2086,3.8761],[112.2603,3.9179],[112.28,3.8678],[112.2419,3.8457]]],[[[112.2542,3.9794],[112.2881,3.9735],[112.2924,3.9466],[112.2419,3.9424],[112.2542,3.9794]]],[[[112.3503,5.6217],[112.3854,5.6432],[112.386,5.6158],[112.3503,5.6217]]],[[[109.7091,7.5111],[109.5132,7.32],[109.464,7.3153],[109.536,7.4488],[109.6531,7.5597],[109.8163,7.5728],[109.9487,7.523],[109.7091,7.5111]]],[[[111.5428,7.5247],[111.5668,7.606],[111.6124,7.5924],[111.5834,7.5431],[111.5428,7.5247]]],[[[111.7072,7.6487],[111.6703,7.6511],[111.7263,7.73],[111.7497,7.7039],[111.7072,7.6487]]],[[[110.4852,7.8278],[110.5117,7.8059],[110.4877,7.7833],[110.4606,7.7999],[110.4852,7.8278]]],[[[111.6037,7.8616],[111.6198,7.8403],[111.5853,7.7715],[111.5539,7.8077],[111.6037,7.8616]]],[[[109.953,7.8889],[110.0331,7.9446],[110.0781,7.9493],[110.0503,7.8462],[109.9881,7.8124],[109.9364,7.8237],[109.953,7.8889]]],[[[111.6653,7.8871],[111.6518,7.9327],[111.7134,7.9274],[111.7128,7.8871],[111.6653,7.8871]]],[[[110.609,8.011],[110.6416,8.0311],[110.6429,7.989],[110.609,8.011]]],[[[112.0133,8.0933],[111.9949,8.0471],[111.9253,8.0708],[111.9548,8.1064],[112.0133,8.0933]]],[[[110.5998,8.1567],[110.5542,8.0939],[110.471,8.072],[110.4618,8.1283],[110.5684,8.1727],[110.5998,8.1567]]],[[[111.4633,8.525],[111.5095,8.5505],[111.4972,8.5239],[111.4633,8.525]]],[[[111.7177,8.6499],[111.666,8.6227],[111.6579,8.673],[111.6974,8.6789],[111.7177,8.6499]]],[[[112.2412,8.8528],[112.2357,8.8274],[112.208,8.8356],[112.2412,8.8528]]],[[[112.2443,8.8747],[112.2887,8.8859],[112.2813,8.8551],[112.2443,8.8747]]],[[[112.2166,8.8664],[112.1803,8.8622],[112.2061,8.8877],[112.2166,8.8664]]],[[[112.346,8.9261],[112.3848,8.9468],[112.3928,8.9196],[112.346,8.9261]]],[[[112.2037,15.714],[112.2406,15.7411],[112.2597,15.7347],[112.2339,15.6961],[112.2037,15.714]]],[[[111.8298,16.0708],[111.7916,16.0289],[111.7614,16.0616],[111.8298,16.0708]]],[[[111.6814,16.2623],[111.5988,16.1985],[111.6068,16.1778],[111.6906,16.2111],[111.6111,16.1565],[111.568,16.1628],[111.5779,16.2082],[111.6814,16.2623]]],[[[111.7904,16.2203],[111.7898,16.2502],[111.7165,16.249],[111.8132,16.2617],[111.8169,16.2243],[111.7343,16.1973],[111.7904,16.2203]]],[[[112.5313,16.2858],[112.4759,16.2887],[112.3835,16.2657],[112.5092,16.3174],[112.5313,16.2858]]],[[[112.0762,16.3237],[112.0023,16.3065],[111.9745,16.3237],[112.0472,16.3605],[112.0762,16.3237]]],[[[111.5385,16.4615],[111.5458,16.4345],[111.4953,16.4374],[111.5003,16.4518],[111.5385,16.4615]]],[[[111.5927,16.4908],[111.6142,16.4403],[111.5785,16.4472],[111.5927,16.4908]]],[[[111.7867,16.52],[111.7393,16.4529],[111.7596,16.5459],[111.7867,16.52]]],[[[111.6906,16.5877],[111.7171,16.594],[111.7245,16.5602],[111.6906,16.5877]]],[[[112.2111,16.7958],[112.2622,16.7781],[112.2542,16.7517],[112.2265,16.7591],[112.2111,16.7958]]],[[[112.3022,16.963],[112.3342,16.9625],[112.3607,16.9253],[112.349,16.9121],[112.3022,16.963]]],[[[112.208,16.9871],[112.2665,16.9939],[112.293,16.9676],[112.2228,16.9608],[112.208,16.9871]]],[[[111.4861,17.058],[111.5366,17.1049],[111.4522,17.0929],[111.5422,17.1198],[111.5594,17.0878],[111.4861,17.058]]],[[[110.6878,20.1639],[110.7445,20.074],[110.8086,20.0358],[110.9662,20.0184],[111.0716,19.6288],[110.9207,19.5527],[110.8443,19.45],[110.7297,19.3789],[110.6195,19.1523],[110.5782,18.7845],[110.4994,18.7516],[110.4994,18.6518],[110.2462,18.6099],[110.1169,18.5066],[110.0707,18.376],[109.7855,18.3397],[109.7498,18.1936],[109.5847,18.1436],[109.3556,18.2152],[109.2878,18.2647],[109.1388,18.2681],[109.1086,18.3238],[108.9447,18.3141],[108.8813,18.4163],[108.6891,18.4476],[108.6448,18.4867],[108.6639,18.6734],[108.6528,18.7403],[108.593,18.8094],[108.5955,18.8723],[108.638,18.9243],[108.5912,19.1416],[108.609,19.2767],[108.6448,19.3495],[108.7655,19.4009],[109.0488,19.6198],[109.0938,19.6897],[109.1474,19.7049],[109.1591,19.7905],[109.2595,19.8986],[109.3007,19.9177],[109.4985,19.8732],[109.5268,19.9436],[109.658,20.0116],[109.7122,20.0173],[109.7615,19.9813],[109.9974,19.9801],[110.1446,20.0746],[110.2893,20.056],[110.3183,20.1089],[110.3873,20.1134],[110.5265,20.0752],[110.6878,20.1639]]],[[[111.2034,19.9256],[111.204,19.9256],[111.2034,19.925],[111.2034,19.9256]]],[[[110.5566,20.3273],[110.5862,20.3812],[110.5936,20.3604],[110.5566,20.3273]]],[[[110.4144,20.7102],[110.4378,20.6777],[110.4051,20.6782],[110.4144,20.7102]]],[[[110.5486,20.9088],[110.5844,20.949],[110.6447,20.9356],[110.6115,20.8601],[110.5628,20.8612],[110.5486,20.9088]]],[[[110.3984,21.0965],[110.5603,21.0613],[110.5357,20.9227],[110.5117,20.9166],[110.4729,20.9831],[110.4076,20.9904],[110.2013,20.9384],[110.306,21.0881],[110.3984,21.0965]]],[[[109.1388,21.0674],[109.1178,21.0177],[109.0882,21.0149],[109.0926,21.0574],[109.1388,21.0674]]],[[[110.5252,21.1902],[110.6324,21.2109],[110.5825,21.0948],[110.5449,21.0836],[110.4316,21.1808],[110.4513,21.1863],[110.4994,21.2131],[110.5252,21.1902]]],[[[112.4587,21.6899],[112.4562,21.6488],[112.4353,21.6638],[112.4587,21.6899]]],[[[105.4973,24.8093],[105.6076,24.8039],[105.8275,24.7028],[105.942,24.7251],[106.0246,24.6332],[106.0474,24.6843],[106.173,24.7604],[106.2063,24.8511],[106.1453,24.9543],[106.4422,25.0194],[106.5906,25.0877],[106.6448,25.1646],[106.8881,25.182],[106.9331,25.2507],[106.9756,25.2329],[107.0138,25.2756],[107.0125,25.353],[106.9639,25.4379],[107.0667,25.5092],[107.0643,25.5594],[107.1856,25.5788],[107.2053,25.608],[107.3365,25.4611],[107.318,25.4016],[107.4209,25.393],[107.4326,25.2891],[107.4813,25.3],[107.4899,25.2767],[107.472,25.2139],[107.5995,25.2507],[107.6599,25.3162],[107.7005,25.1944],[107.7621,25.2291],[107.7892,25.1549],[107.7627,25.1251],[107.8391,25.1159],[108.0017,25.1966],[108.1151,25.2101],[108.1428,25.3908],[108.1933,25.4054],[108.1625,25.4449],[108.2518,25.4303],[108.2413,25.4622],[108.3085,25.5259],[108.3485,25.5362],[108.4187,25.4433],[108.4717,25.4589],[108.6251,25.3081],[108.6072,25.4919],[108.6891,25.5335],[108.6583,25.5502],[108.6891,25.6231],[108.784,25.6285],[108.7815,25.5545],[108.8148,25.527],[108.8265,25.5502],[108.949,25.5572],[109.0248,25.5124],[109.0882,25.5508],[109.031,25.6296],[109.079,25.7207],[109.0076,25.7347],[108.9004,25.6824],[108.8961,25.7142],[109.095,25.8053],[109.1437,25.7951],[109.148,25.7417],[109.2065,25.7881],[109.2071,25.7401],[109.2964,25.7142],[109.3402,25.7315],[109.3396,25.8344],[109.435,25.9335],[109.4085,25.9674],[109.4825,26.0298],[109.4498,26.1018],[109.5028,26.0965],[109.5139,26.1282],[109.4763,26.148],[109.4393,26.2388],[109.4671,26.3139],[109.3513,26.264],[109.2712,26.3279],[109.3198,26.4185],[109.3808,26.4544],[109.3623,26.4721],[109.4073,26.5331],[109.355,26.6589],[109.3063,26.661],[109.2835,26.6984],[109.355,26.6931],[109.448,26.7599],[109.5225,26.7492],[109.5096,26.8779],[109.4868,26.8956],[109.4529,26.8619],[109.4363,26.8924],[109.5551,26.9468],[109.52,27.0588],[109.4547,27.0694],[109.4726,27.135],[109.4412,27.1179],[109.4153,27.1541],[109.2392,27.1493],[109.1659,27.0668],[109.1012,27.0689],[109.1289,27.1227],[109.0328,27.1041],[108.9404,27.0449],[108.9429,27.0172],[108.8776,27.0161],[108.7908,27.0843],[108.8788,27.1062],[108.9269,27.1605],[108.9078,27.2047],[109.0538,27.2936],[109.0445,27.3313],[109.1036,27.3366],[109.1418,27.4482],[109.1671,27.4179],[109.2022,27.4503],[109.3001,27.4238],[109.3032,27.4758],[109.4615,27.5676],[109.4707,27.68],[109.4141,27.7251],[109.3667,27.7219],[109.302,27.9563],[109.379,28.0346],[109.3359,28.0631],[109.2983,28.0361],[109.3882,28.2683],[109.318,28.2778],[109.2687,28.3379],[109.2736,28.5384],[109.3198,28.5799],[109.3069,28.6209],[109.2016,28.5978],[109.193,28.6361],[109.2712,28.6718],[109.2527,28.6918],[109.2946,28.7222],[109.2989,28.7474],[109.241,28.7768],[109.2355,28.8822],[109.3198,29.0424],[109.2404,29.0863],[109.2157,29.1454],[109.1394,29.1689],[109.1104,29.2165],[109.1418,29.2703],[109.1067,29.2885],[109.1123,29.3611],[109.0605,29.4033],[109.0347,29.3605],[108.9195,29.3261],[108.9275,29.4356],[108.8665,29.4705],[108.901,29.6049],[108.8702,29.5965],[108.8881,29.6288],[108.8443,29.6584],[108.7815,29.6356],[108.7864,29.6917],[108.7526,29.6491],[108.691,29.6896],[108.6589,29.8548],[108.601,29.8637],[108.5043,29.7078],[108.4372,29.7411],[108.4243,29.8159],[108.3713,29.8413],[108.516,29.8855],[108.5364,29.9835],[108.5136,30.0576],[108.5819,30.2558],[108.4021,30.3766],[108.4267,30.4922],[108.513,30.5015],[108.5678,30.4685],[108.6497,30.5391],[108.6429,30.5788],[108.6885,30.5876],[108.7439,30.4948],[108.7895,30.5134],[108.8086,30.4912],[109.0427,30.6556],[109.1117,30.6463],[109.0926,30.5788],[109.1437,30.5211],[109.2995,30.6303],[109.3611,30.551],[109.3371,30.5216],[109.355,30.4871],[109.4356,30.5958],[109.5354,30.6648],[109.5742,30.6468],[109.6568,30.7605],[109.7806,30.8484],[109.8945,30.8998],[110.0085,30.8834],[110.0195,30.8294],[110.0824,30.7996],[110.152,30.9116],[110.1729,30.9789],[110.1409,30.9871],[110.1199,31.0886],[110.2,31.1588],[110.1187,31.4099],[110.054,31.4109],[109.9875,31.4747],[109.945,31.4707],[109.9697,31.5089],[109.8378,31.5554],[109.7276,31.5482],[109.7645,31.6028],[109.7313,31.7006],[109.5859,31.7265],[109.5921,31.7891],[109.634,31.8044],[109.5847,31.9005],[109.6315,31.9624],[109.5909,32.0127],[109.6217,32.1065],[109.5927,32.2195],[109.5502,32.2251],[109.4954,32.3005],[109.5028,32.389],[109.5755,32.5066],[109.6371,32.5409],[109.6315,32.5999],[109.9105,32.5929],[110.0177,32.547],[110.0842,32.5808],[110.0904,32.6171],[110.1538,32.5934],[110.2062,32.6332],[110.1569,32.6831],[110.1594,32.7672],[110.1052,32.8326],[109.9074,32.9039],[109.7898,32.8823],[109.7645,32.9095],[109.7947,33.0671],[109.6882,33.1167],[109.5761,33.1102],[109.4387,33.1523],[109.5145,33.238],[109.6069,33.2359],[109.6198,33.2755],[109.7325,33.2314],[109.852,33.248],[110.0313,33.1919],[110.1649,33.2094],[110.2185,33.1633],[110.338,33.1603],[110.3725,33.1864],[110.471,33.1714],[110.5413,33.2555],[110.5776,33.2505],[110.5942,33.1683],[110.6509,33.1573],[110.7026,33.0972],[110.7531,33.1503],[110.8246,33.1583],[110.8289,33.2014],[110.9219,33.2039],[110.9847,33.2555],[111.026,33.3305],[110.9964,33.4359],[111.0266,33.4679],[111.0038,33.5787],[110.824,33.6858],[110.7821,33.7963],[110.6121,33.8525],[110.5874,33.8877],[110.6657,33.9379],[110.6207,34.0357],[110.5874,34.0233],[110.5918,34.1016],[110.6423,34.161],[110.4396,34.2432],[110.4285,34.2882],[110.5037,34.3371],[110.3608,34.5168],[110.4045,34.5577],[110.3669,34.5666],[110.3793,34.6006],[110.71,34.605],[110.7494,34.6523],[110.8246,34.6159],[110.8837,34.6439],[110.9201,34.7301],[110.9761,34.7065],[111.1184,34.7566],[111.1486,34.8077],[111.2329,34.7896],[111.2551,34.8195],[111.5705,34.8431],[111.682,34.9511],[111.6641,34.9844],[111.807,35.033],[111.8101,35.0624],[111.9333,35.0834],[112.062,35.056],[112.0398,35.194],[112.0786,35.2195],[112.0589,35.2801],[112.2425,35.2346],[112.3047,35.2517],[112.2881,35.22],[112.6373,35.2258],[112.6281,35.2635],[112.7204,35.2063],[112.7728,35.2077],[112.8221,35.2581],[112.8843,35.2439],[112.9921,35.2962],[112.9964,35.3621],[113.1263,35.3323],[113.1898,35.4489],[113.3044,35.427],[113.3124,35.4811],[113.3481,35.4684],[113.499,35.5323],[113.5581,35.6218],[113.5476,35.6568],[113.6253,35.6325],[113.5828,35.8181],[113.661,35.837],[113.6376,35.87],[113.6487,35.9941],[113.6788,35.9858],[113.6949,36.027],[113.6604,36.0347],[113.6856,36.056],[113.6554,36.1252],[113.7127,36.1295],[113.6511,36.1745],[113.6979,36.1817],[113.6819,36.2165],[113.7312,36.3631],[113.7084,36.4234],[113.5544,36.4946],[113.5889,36.548],[113.5446,36.6234],[113.4867,36.6354],[113.507,36.705],[113.4651,36.7079],[113.6807,36.7899],[113.6967,36.8824],[113.7731,36.8551],[113.7731,37.1519],[113.8322,37.1676],[113.8864,37.2391],[113.9024,37.3101],[114.1186,37.5908],[114.1396,37.6757],[114.0681,37.7216],[113.9936,37.7069],[114.0447,37.7618],[113.977,37.8167],[113.9591,37.9065],[113.8722,37.9905],[113.8766,38.0551],[113.8113,38.1177],[113.8316,38.1685],[113.7207,38.1747],[113.7115,38.2137],[113.5988,38.2273],[113.5446,38.2706],[113.5575,38.3434],[113.5255,38.3832],[113.5834,38.4597],[113.5464,38.4929],[113.5618,38.5585],[113.6031,38.587],[113.6129,38.6459],[113.7023,38.6516],[113.7207,38.7132],[113.7755,38.7099],[113.8026,38.7632],[113.8396,38.7585],[113.8556,38.8289],[113.7762,38.8858],[113.7675,38.9598],[113.8981,39.0677],[114.0509,39.136],[114.1088,39.0524],[114.3459,39.0751],[114.3884,39.1768],[114.4438,39.174],[114.4759,39.2162],[114.4161,39.2427],[114.4309,39.3075],[114.4666,39.3297],[114.4691,39.401],[114.5689,39.5737],[114.5153,39.565],[114.4956,39.6083],[114.4315,39.6139],[114.4081,39.6521],[114.3952,39.8674],[114.2159,39.8619],[114.2122,39.9188],[114.1741,39.8977],[114.0472,39.9161],[114.0293,39.9858],[113.9104,40.0156],[113.9591,40.0335],[113.9893,40.1123],[114.0459,40.0569],[114.0866,40.0715],[114.073,40.1685],[114.0977,40.1937],[114.1359,40.1754],[114.2357,40.1983],[114.2554,40.2362],[114.4697,40.2682],[114.5307,40.3453],[114.312,40.3726],[114.2671,40.4742],[114.2831,40.5907],[114.2363,40.607],[114.1045,40.7976],[114.0447,40.8307],[114.0737,40.8574],[114.0576,40.9252],[113.9948,40.9388],[113.8193,41.0977],[113.9967,41.1924],[114.0164,41.232],[113.9924,41.2698],[113.9714,41.2396],[113.8994,41.3161],[113.9449,41.3925],[113.871,41.4131],[113.9332,41.4871],[114.1014,41.5378],[114.2307,41.5136],[114.2264,41.6166],[114.2591,41.6233],[114.2153,41.685],[114.2375,41.6988],[114.2005,41.7899],[114.3521,41.9535],[114.4783,41.9517],[114.5116,41.982],[114.4679,42.026],[114.4802,42.0647],[114.5603,42.1326],[114.6477,42.1095],[114.8257,42.1397],[114.9021,42.0158],[114.9391,41.8461],[114.8688,41.8136],[114.9027,41.6957],[114.8608,41.6009],[115.0992,41.6237],[115.1953,41.6023],[115.2039,41.5714],[115.2901,41.6228],[115.3105,41.5929],[115.3776,41.6031],[115.3191,41.6917],[115.3468,41.7122],[115.6542,41.8292],[115.8346,41.9383],[115.9166,41.945],[116.0071,41.7975],[116.0989,41.7765],[116.1291,41.806],[116.1229,41.8617],[116.1943,41.8617],[116.2239,41.9326],[116.3101,41.9971],[116.3736,42.01],[116.4142,41.9824],[116.3933,41.9428],[116.5109,41.9744],[116.5534,41.9286],[116.7961,41.978],[116.8799,42.0184],[116.8904,42.0926],[116.7893,42.2005],[116.9033,42.1907],[116.8867,42.3665],[116.9218,42.4036],[117.0955,42.484],[117.3905,42.4619],[117.4133,42.4716],[117.4102,42.5197],[117.3874,42.5175],[117.4755,42.6026],[117.6671,42.5823],[117.7798,42.6185],[118.0243,42.3851],[118.0089,42.3466],[118.06,42.2984],[117.9775,42.2297],[118.1062,42.1721],[118.0976,42.1051],[118.1555,42.0811],[118.1167,42.0371],[118.1943,42.0313],[118.2393,42.0926],[118.2965,42.0575],[118.2399,42.0247],[118.3138,41.9882],[118.3064,41.9401],[118.2688,41.9303],[118.3403,41.8724],[118.3353,41.8452],[118.2922,41.773],[118.1783,41.8149],[118.1327,41.7332],[118.2066,41.6506],[118.2152,41.5955],[118.3027,41.5526],[118.3156,41.5127],[118.2719,41.4714],[118.3489,41.4284],[118.3489,41.3426],[118.3803,41.3121],[118.5281,41.3552],[118.7419,41.3242],[118.8435,41.3745],[118.8909,41.3008],[118.9494,41.3179],[119.1977,41.2828],[119.2962,41.3251],[119.3307,41.3853],[119.3098,41.4059],[119.3763,41.4221],[119.4065,41.5033],[119.3621,41.5664],[119.42,41.5678],[119.3079,41.6573],[119.3178,41.764],[119.2925,41.7908],[119.3344,41.8715],[119.3245,41.9695],[119.3757,42.0233],[119.3849,42.0895],[119.2377,42.2009],[119.2802,42.2607],[119.4329,42.3174],[119.5026,42.3882],[119.5722,42.3594],[119.5395,42.2979],[119.6171,42.2528],[119.8419,42.2155],[119.8456,42.0971],[120.0415,41.8189],[120.036,41.7082],[120.0963,41.6971],[120.1887,41.8484],[120.2866,41.88],[120.2719,41.9254],[120.3735,41.9949],[120.4566,42.0162],[120.4505,42.0571],[120.4936,42.0735],[120.4665,42.1055],[120.5841,42.1672],[120.6248,42.1543],[120.934,42.2798],[121.0707,42.2541],[121.3861,42.4743],[121.5709,42.4871],[121.6078,42.5162],[121.6657,42.4372],[121.699,42.4385],[121.8899,42.5568],[121.9392,42.6885],[122.0624,42.7236],[122.1609,42.6849],[122.2047,42.6854],[122.2047,42.7329],[122.339,42.67],[122.3962,42.6841],[122.4609,42.7553],[122.3716,42.7764],[122.3513,42.8304],[122.5564,42.8277],[122.6247,42.7733],[122.7332,42.786],[122.8489,42.7122],[122.8871,42.7702],[123.0584,42.7689],[123.2278,42.8317],[123.1699,42.8598],[123.184,42.926],[123.2592,42.9934],[123.4747,43.0424],[123.5727,43.0035],[123.6312,43.0883],[123.7039,43.3705],[123.6084,43.3661],[123.4864,43.4453],[123.4199,43.41],[123.383,43.4691],[123.3158,43.4922],[123.3047,43.5507],[123.4526,43.546],[123.4212,43.5984],[123.5117,43.5928],[123.537,43.634],[123.4827,43.7374],[123.468,43.8536],[123.3706,43.97],[123.4008,43.9795],[123.3312,44.029],[123.3281,44.084],[123.3867,44.1618],[123.2869,44.2116],[123.197,44.3448],[123.1286,44.3671],[123.1249,44.5098],[123.0251,44.4932],[122.7609,44.3696],[122.6753,44.2857],[122.4831,44.2369],[122.2712,44.2557],[122.286,44.4778],[122.2281,44.4803],[122.1961,44.5597],[122.1314,44.5776],[122.103,44.6739],[122.1616,44.7283],[122.1024,44.7364],[122.1104,44.7679],[122.169,44.7704],[122.1,44.7823],[122.0495,44.913],[122.079,44.9143],[122.1098,45.1422],[122.1431,45.1832],[122.2299,45.2068],[122.2392,45.2763],[122.1474,45.2957],[122.1683,45.4399],[122.0026,45.5079],[121.9663,45.5963],[122.0033,45.6231],[121.97,45.693],[121.8671,45.7197],[121.8111,45.6871],[121.7138,45.7017],[121.6442,45.7523],[121.7544,45.7949],[121.8173,45.8753],[121.8092,45.9611],[121.7618,45.9989],[121.8437,46.0243],[122.0402,45.959],[122.0913,45.882],[122.201,45.857],[122.254,45.7982],[122.3728,45.8562],[122.3624,45.9174],[122.4461,45.917],[122.496,45.8582],[122.5046,45.7869],[122.5564,45.8216],[122.6408,45.7711],[122.6716,45.7005],[122.7418,45.7051],[122.7923,45.7661],[122.7522,45.8349],[122.8286,45.9124],[122.7929,46.0733],[123.046,46.0999],[123.1126,46.1302],[123.1027,46.172],[123.1785,46.2482],[123.0116,46.435],[123.0023,46.5746],[123.0528,46.58],[123.046,46.6178],[123.2284,46.5882],[123.2795,46.617],[123.2764,46.6609],[123.6035,46.6893],[123.6318,46.7287],[123.6293,46.8135],[123.5801,46.8274],[123.6256,46.8475],[123.6053,46.8913],[123.577,46.8913],[123.5628,46.8258],[123.5068,46.827],[123.4834,46.8459],[123.5283,46.9448],[123.4236,46.9342],[123.3374,46.9889],[123.3017,47.0],[123.3041,46.9649],[123.3602,46.971],[123.4045,46.9354],[123.3743,46.8377],[123.3411,46.8266],[123.2955,46.8651],[123.2216,46.8504],[123.1637,46.7402],[123.0036,46.7307],[122.9068,46.8074],[122.8951,46.9604],[122.7911,46.9416],[122.7744,46.9738],[122.8526,47.0722],[122.6155,47.1243],[122.4184,47.3506],[122.5071,47.4013],[122.594,47.5473],[122.8489,47.6744],[123.1618,47.7819],[123.3004,47.9537],[123.5795,48.0454],[123.7464,48.1976],[124.2595,48.5364],[124.3143,48.5039],[124.318,48.351],[124.4221,48.2459],[124.419,48.1817],[124.475,48.1737],[124.4159,48.0878],[124.5298,48.147],[124.5126,48.1645],[124.5797,48.2973],[124.5188,48.378],[124.5077,48.4456],[124.5557,48.4678],[124.5206,48.5562],[124.6019,48.6326],[124.6543,48.8343],[124.6974,48.8418],[124.7091,48.9205],[124.7442,48.9205],[124.8083,49.0207],[124.8095,49.1159],[124.9068,49.1841],[125.0398,49.1762],[125.1175,49.1261],[125.2197,49.1891],[125.2148,49.2771],[125.2616,49.3223],[125.2708,49.4544],[125.2111,49.5399],[125.2339,49.5368],[125.2302,49.5954],[125.1273,49.6551],[125.1649,49.6694],[125.1852,49.6346],[125.2197,49.6691],[125.2228,49.799],[125.1778,49.8295],[125.2456,49.872],[125.1901,49.9598],[125.2314,49.9575],[125.2979,50.0145],[125.253,50.0414],[125.3281,50.066],[125.2585,50.1036],[125.3115,50.1405],[125.3761,50.1374],[125.3355,50.1612],[125.4488,50.2163],[125.4636,50.2959],[125.5468,50.359],[125.5363,50.42],[125.5831,50.4097],[125.5622,50.4383],[125.6275,50.4433],[125.8295,50.5617],[125.7894,50.6797],[125.8258,50.7036],[125.7586,50.7468],[125.8467,50.7695],[125.8363,50.7934],[125.8905,50.8058],[125.9619,50.9011],[125.9976,50.8727],[125.9964,50.9067],[126.0685,50.9674],[126.034,51.0111],[126.0592,51.0435],[125.9761,51.0845],[125.9939,51.1191],[125.9465,51.1082],[125.8646,51.1465],[125.8504,51.2136],[125.7617,51.2264],[125.7001,51.3275],[125.3515,51.6238],[125.1304,51.6353],[125.1285,51.6591],[125.0602,51.5967],[125.0731,51.5535],[125.0472,51.5297],[124.929,51.4984],[124.9425,51.4473],[124.8643,51.3798],[124.7836,51.3921],[124.6937,51.3327],[124.6265,51.3275],[124.4904,51.3805],[124.4436,51.3581],[124.4067,51.2721],[124.2718,51.3084],[124.2391,51.3447],[123.9262,51.3005],[123.8425,51.3675],[123.7113,51.3981],[123.662,51.3192],[123.4403,51.271],[123.2943,51.2541],[123.0695,51.3211],[123.0029,51.3121],[122.966,51.3869],[122.8545,51.4776],[122.8742,51.5613],[122.8329,51.5818],[122.8563,51.6067],[122.7492,51.7466],[122.772,51.7796],[122.7061,51.8902],[122.7264,51.9787],[122.6839,51.9747],[122.6254,52.0675],[122.6291,52.1366],[122.7381,52.1535],[122.7874,52.2525],[122.4782,52.2961],[122.4474,52.3941],[122.419,52.3751],[122.342,52.4141],[122.3106,52.4754],[122.2078,52.4692],[122.169,52.5137],[121.9478,52.2983],[121.8413,52.2825],[121.7144,52.318],[121.6583,52.3904],[121.6787,52.42],[121.6399,52.4444],[121.5191,52.4568],[121.3239,52.5737],[121.1822,52.5992],[121.5912,52.8247],[121.6208,52.8533],[121.6103,52.8923],[121.8179,53.0616],[121.7532,53.1475],[121.6651,53.1705],[121.6799,53.2407],[121.4994,53.3373],[121.8758,53.4266],[122.1111,53.4269],[122.1616,53.4686],[122.35,53.5056],[122.435,53.4447],[122.8268,53.4572],[123.1372,53.4982],[123.2746,53.5633],[123.4544,53.5366],[123.4994,53.4978],[123.4908,53.5426],[123.5172,53.5583],[123.5579,53.532],[123.5314,53.5071],[123.6207,53.5501],[123.6983,53.4985],[123.8652,53.4896],[124.1258,53.348],[124.2391,53.3798],[124.4356,53.2239],[124.6789,53.207],[124.7208,53.1923],[124.7343,53.1468],[124.8329,53.1453],[124.8723,53.099],[124.9093,53.1181],[124.8877,53.1644],[125.1421,53.2042],[125.5036,53.0954],[125.5307,53.0512],[125.6139,53.0836],[125.6841,53.008],[125.7426,52.994],[125.7371,52.9435],[125.665,52.9136],[125.6786,52.8608],[125.8276,52.8991],[125.9668,52.7599],[126.0524,52.8001],[126.1165,52.7682],[126.0444,52.7396],[126.0617,52.6733],[125.9958,52.6751],[125.9687,52.6304],[126.0309,52.5763],[126.0666,52.6039],[126.1473,52.573],[126.2132,52.5253],[126.2052,52.4663],[126.2686,52.4751],[126.3536,52.3893],[126.3278,52.3103],[126.4331,52.2986],[126.4368,52.277],[126.313,52.2353],[126.3068,52.2056],[126.5563,52.1362],[126.5144,52.0373],[126.451,52.0277],[126.4627,51.9485],[126.6727,51.7318],[126.7343,51.7114],[126.7411,51.6424],[126.6789,51.6022],[126.8372,51.536],[126.7916,51.4324],[126.9086,51.4074],[126.9302,51.3592],[126.8372,51.345],[126.8205,51.2811],[126.9086,51.2466],[126.887,51.3219],[126.9838,51.3189],[126.9,51.2005],[126.9228,51.0619],[127.1137,50.9376],[127.2363,50.7813],[127.2954,50.7551],[127.2948,50.6634],[127.3706,50.5814],[127.2936,50.4657],[127.3644,50.4383],[127.3324,50.3406],[127.3718,50.2967],[127.6034,50.2393],[127.5874,50.1378],[127.5018,50.0568],[127.4956,49.9945],[127.5473,49.9286],[127.5319,49.8261],[127.6748,49.7642],[127.6779,49.6977],[127.8153,49.5939],[128.0013,49.5923],[128.1854,49.5395],[128.2871,49.5663],[128.3431,49.545],[128.3899,49.59],[128.5378,49.6043],[128.7152,49.5648],[128.7441,49.595],[128.8131,49.5582],[128.7613,49.482],[128.8716,49.4925],[129.0139,49.4571],[129.0847,49.3598],[129.2153,49.3991],[129.3582,49.3559],[129.3902,49.4326],[129.5183,49.4237],[129.5627,49.2997],[129.7302,49.2884],[129.7616,49.2575],[129.7536,49.2087],[129.8479,49.1813],[129.9372,49.0403],[130.0209,49.0211],[130.2378,48.8686],[130.4121,48.9051],[130.4712,48.9055],[130.502,48.8658],[130.6806,48.8811],[130.6899,48.8497],[130.6221,48.7838],[130.5383,48.612],[130.6055,48.5942],[130.6209,48.496],[130.7675,48.5078],[130.7478,48.4043],[130.8451,48.2965],[130.6665,48.105],[130.6997,48.0442],[130.8913,47.9273],[130.9615,47.8281],[130.9664,47.7332],[131.0299,47.6946],[131.4561,47.7473],[131.5435,47.736],[131.5904,47.6607],[131.6901,47.707],[131.9766,47.6732],[132.0006,47.7123],[132.2426,47.7099],[132.372,47.7654],[132.558,47.7183],[132.6873,47.8851],[132.6615,47.9449],[132.7231,47.9629],[132.8192,47.9369],[132.8832,48.0026],[132.9922,48.0354],[133.0532,48.1102],[133.1302,48.135],[133.3021,48.103],[133.546,48.1214],[133.5731,48.1821],[133.6932,48.1869],[133.7406,48.2547],[134.1163,48.3331],[134.2038,48.3824],[134.5019,48.419],[134.7045,48.4054],[134.7643,48.3701],[134.9275,48.4515],[135.0957,48.4376],[135.0907,48.4035],[135.0094,48.3657],[134.6793,48.2562],[134.6725,48.1705],[134.5518,48.0326],[134.5543,47.9822],[134.6078,47.9092],[134.6774,47.8847],[134.6787,47.8193],[134.7729,47.7634],[134.7797,47.7159],[134.6898,47.6381],[134.6781,47.5885],[134.5764,47.519],[134.5684,47.4782],[134.3073,47.4288],[134.1773,47.3263],[134.157,47.2484],[134.2303,47.1821],[134.2223,47.1052],[134.1428,47.0933],[134.064,46.98],[134.011,46.6379],[133.9198,46.596],[133.8496,46.4754],[133.9488,46.4012],[133.8693,46.3384],[133.9229,46.3309],[133.91,46.2544],[133.8675,46.2507],[133.8496,46.2039],[133.8145,46.2309],[133.7646,46.1733],[133.7061,46.1633],[133.6907,46.1339],[133.7455,46.0754],[133.6765,45.9432],[133.615,45.9428],[133.5835,45.8687],[133.5121,45.887],[133.4677,45.8349],[133.4696,45.7995],[133.5053,45.7857],[133.4696,45.7778],[133.4868,45.7402],[133.4456,45.7051],[133.485,45.6917],[133.4856,45.6587],[133.4486,45.6474],[133.4714,45.6311],[133.4129,45.6181],[133.4234,45.5842],[133.2035,45.5167],[133.1438,45.4307],[133.0957,45.2468],[133.1394,45.1275],[132.954,45.0231],[132.0037,45.2544],[131.8879,45.3424],[131.83,45.3117],[131.7936,45.2118],[131.7216,45.2346],[131.6815,45.2152],[131.6507,45.16],[131.6957,45.1321],[131.4844,44.9956],[131.5017,44.9778],[131.3551,44.9901],[131.275,44.9198],[131.2079,44.9138],[131.161,44.9482],[131.0902,44.9244],[131.0791,44.8816],[130.9652,44.8507],[131.0163,44.7895],[131.0643,44.787],[131.1118,44.71],[131.3107,44.0466],[131.2658,44.0346],[131.2541,43.8933],[131.2171,43.8363],[131.2393,43.6703],[131.2005,43.5321],[131.3187,43.4995],[131.2959,43.4418],[131.3144,43.3927],[131.2756,43.3692],[131.2553,43.2651],[131.206,43.2372],[131.2079,43.1316],[131.1025,43.021],[131.1457,42.9365],[131.0342,42.9291],[131.0434,42.8628],[130.9498,42.8769],[130.8907,42.8528],[130.802,42.8795],[130.7841,42.8422],[130.6658,42.8479],[130.4071,42.7315],[130.4644,42.6885],[130.5211,42.7021],[130.5925,42.6713],[130.6338,42.6035],[130.5704,42.5572],[130.5654,42.5065],[130.6455,42.4266],[130.5815,42.4354],[130.5229,42.6224],[130.4823,42.6268],[130.4761,42.57],[130.4355,42.5533],[130.4466,42.6075],[130.388,42.6031],[130.2575,42.7109],[130.2451,42.7992],[130.2778,42.8922],[130.1022,42.9229],[130.1441,42.9764],[130.1084,42.9899],[130.0271,42.9676],[129.9637,42.9785],[129.9544,43.0109],[129.8971,43.0017],[129.9039,42.9685],[129.8682,42.9737],[129.875,42.9238],[129.8466,42.9185],[129.7838,42.7628],[129.7672,42.7078],[129.7967,42.6819],[129.7542,42.6458],[129.7869,42.6154],[129.7462,42.5846],[129.7487,42.4712],[129.7044,42.427],[129.652,42.4266],[129.6274,42.4628],[129.591,42.4478],[129.6015,42.4151],[129.5461,42.3616],[129.4524,42.4412],[129.3662,42.4288],[129.3681,42.4593],[129.3089,42.4036],[129.3262,42.3899],[129.2406,42.3762],[129.2603,42.3355],[129.2085,42.2931],[129.2159,42.2652],[129.1833,42.2621],[129.2159,42.2084],[129.1137,42.1406],[129.0484,42.1375],[129.009,42.0917],[128.9714,42.0971],[128.9529,42.0255],[128.7379,42.0504],[128.5981,42.0073],[128.2945,42.0264],[128.0339,42.0002],[128.1066,41.9499],[128.1128,41.7935],[128.1479,41.781],[128.1639,41.7216],[128.3019,41.6278],[128.3179,41.5758],[128.2384,41.4979],[128.2039,41.4109],[128.1146,41.3642],[128.0906,41.3745],[128.1109,41.3934],[128.0401,41.3934],[128.0,41.4427],[127.9914,41.4212],[127.8824,41.4481],[127.8695,41.4037],[127.6366,41.4136],[127.564,41.4329],[127.5473,41.4773],[127.4198,41.4602],[127.2535,41.4867],[127.2886,41.5019],[127.1186,41.54],[127.1784,41.6],[127.1359,41.6005],[127.038,41.6769],[127.0509,41.7449],[126.94,41.7734],[126.9314,41.8127],[126.8482,41.7341],[126.8094,41.7493],[126.8002,41.7029],[126.6949,41.7511],[126.7244,41.7109],[126.6881,41.6743],[126.608,41.6693],[126.5643,41.609],[126.5828,41.5633],[126.4972,41.4068],[126.539,41.3669],[126.4374,41.3534],[126.2951,41.1717],[126.1245,41.0923],[126.1085,41.012],[126.066,40.9975],[126.0826,40.9768],[126.0414,40.9289],[126.0081,40.9365],[125.9594,40.8818],[125.8751,40.9085],[125.8172,40.8669],[125.7784,40.8976],[125.6484,40.8261],[125.641,40.7985],[125.6853,40.769],[125.5856,40.7885],[125.5449,40.7296],[125.4186,40.6733],[125.4223,40.6357],[125.2794,40.6552],[125.2628,40.6202],[125.0158,40.5339],[125.0047,40.4961],[125.0442,40.4665],[124.9456,40.456],[124.9136,40.482],[124.7393,40.3717],[124.7226,40.3216],[124.5151,40.2202],[124.3469,40.0798],[124.3364,40.05],[124.3722,40.0216],[124.2884,39.9629],[124.2866,39.9317],[124.2416,39.9285],[124.1732,39.8412],[124.151,39.7456],[124.0993,39.7773],[124.103,39.8233],[124.0026,39.8003],[123.8123,39.8311],[123.6454,39.8238],[123.6127,39.775],[123.5468,39.7562],[123.5345,39.7884],[123.3928,39.7239],[123.3885,39.7474],[123.2746,39.7539],[123.2869,39.7042],[123.2154,39.6968],[123.213,39.6659],[123.0109,39.6553],[122.9728,39.5949],[122.8607,39.6046],[122.8089,39.5599],[122.6494,39.5165],[122.533,39.4199],[122.4129,39.4116],[122.2749,39.3223],[122.2429,39.2677],[122.1172,39.2139],[122.124,39.1726],[122.1671,39.1587],[122.0482,39.1011],[122.0618,39.0603],[121.853,39.0356],[121.9207,38.9696],[121.8634,38.9426],[121.8049,38.971],[121.7901,39.0226],[121.6713,39.0101],[121.6626,38.9663],[121.6189,38.95],[121.7193,38.9203],[121.7088,38.8727],[121.5647,38.8746],[121.5099,38.8177],[121.3596,38.8224],[121.2598,38.7865],[121.1988,38.7216],[121.1379,38.723],[121.112,38.7762],[121.1299,38.8793],[121.0892,38.9221],[121.128,38.9589],[121.2044,38.9412],[121.3411,38.9808],[121.3171,39.0124],[121.3707,39.0603],[121.4311,39.0273],[121.508,39.0342],[121.5992,39.0988],[121.5623,39.1271],[121.5906,39.155],[121.6423,39.1197],[121.606,39.0807],[121.6319,39.0779],[121.6824,39.1179],[121.6041,39.1661],[121.5912,39.2287],[121.6312,39.2264],[121.5894,39.263],[121.6725,39.2756],[121.6676,39.3108],[121.7187,39.3205],[121.7249,39.3644],[121.5154,39.2867],[121.4329,39.3575],[121.3079,39.3913],[121.2703,39.3742],[121.2457,39.4569],[121.3017,39.4763],[121.2247,39.5193],[121.2266,39.5548],[121.2992,39.606],[121.4502,39.6249],[121.5025,39.7032],[121.4594,39.7479],[121.4871,39.7603],[121.4723,39.8022],[121.5419,39.8743],[121.7791,39.9427],[121.8246,40.0257],[121.9565,40.1333],[121.9953,40.1283],[122.0033,40.1722],[121.9404,40.2421],[122.0267,40.2449],[122.0402,40.322],[122.1104,40.3156],[122.1357,40.3749],[122.1985,40.3822],[122.1868,40.4228],[122.2509,40.4456],[122.2219,40.4811],[122.265,40.4802],[122.1338,40.6143],[122.1486,40.672],[122.0661,40.6488],[121.9515,40.6806],[121.9343,40.7981],[121.8431,40.8316],[121.816,40.8949],[121.683,40.8298],[121.553,40.8175],[121.5549,40.8497],[121.4994,40.88],[121.4403,40.8818],[121.4391,40.8302],[121.1779,40.8737],[121.1262,40.8691],[121.0867,40.7981],[120.9716,40.8058],[121.0325,40.7092],[120.8299,40.6711],[120.8225,40.5943],[120.6667,40.4674],[120.6192,40.4601],[120.6026,40.3608],[120.5219,40.3047],[120.4917,40.2001],[119.9473,40.0404],[119.9183,39.9899],[119.8543,39.9886],[119.8721,39.9606],[119.8204,39.9794],[119.5407,39.8881],[119.5364,39.8091],[119.4742,39.8132],[119.3664,39.735],[119.2697,39.4985],[119.3172,39.4107],[119.2728,39.3635],[119.1853,39.3422],[118.926,39.1234],[118.8903,39.1188],[118.9513,39.1787],[118.8145,39.1388],[118.6372,39.1573],[118.5786,39.1309],[118.5885,39.1076],[118.5331,39.0909],[118.6045,38.9715],[118.5398,38.91],[118.3778,38.9719],[118.3661,39.0161],[118.2251,39.0347],[118.1253,39.1828],[118.0329,39.2199],[117.8715,39.1225],[117.8377,39.057],[117.8555,38.9575],[117.898,38.9486],[117.8475,38.8555],[117.7785,38.869],[117.6461,38.8289],[117.6467,38.7888],[117.741,38.7538],[117.741,38.7001],[117.6566,38.6604],[117.6381,38.5449],[117.6855,38.5393],[117.6449,38.5276],[117.781,38.3739],[117.9578,38.3762],[117.8968,38.2795],[118.0188,38.2024],[118.1124,38.2104],[118.2171,38.1469],[118.5047,38.1139],[118.5522,38.0555],[118.6261,38.1384],[118.9082,38.1394],[118.9741,38.0942],[119.0018,37.9961],[119.1108,37.9216],[119.1613,37.8191],[119.2402,37.8781],[119.2919,37.8696],[119.3091,37.8053],[119.2623,37.6605],[119.024,37.642],[118.9396,37.5273],[119.0012,37.3186],[119.04,37.3043],[119.0541,37.2548],[119.1281,37.2548],[119.1367,37.231],[119.2044,37.2801],[119.2069,37.2234],[119.2987,37.1972],[119.3276,37.1156],[119.6787,37.1581],[119.7403,37.1337],[119.8924,37.2639],[119.8438,37.3767],[120.1444,37.4817],[120.2466,37.5567],[120.2084,37.5885],[120.2152,37.6212],[120.2725,37.6368],[120.2275,37.6937],[120.3679,37.6979],[120.4548,37.7576],[120.5909,37.7642],[120.7332,37.8337],[120.9408,37.8195],[120.9432,37.7855],[121.0375,37.7188],[121.136,37.7235],[121.16,37.6989],[121.149,37.6264],[121.2173,37.5828],[121.3048,37.5828],[121.3584,37.5975],[121.3491,37.6354],[121.391,37.6254],[121.4354,37.5927],[121.3959,37.5899],[121.4009,37.5576],[121.4773,37.476],[121.5715,37.4413],[121.6355,37.494],[121.9238,37.4731],[121.9977,37.4945],[122.0174,37.5311],[122.1505,37.5572],[122.1634,37.5192],[122.132,37.4993],[122.1665,37.4389],[122.2527,37.4679],[122.3371,37.4142],[122.6414,37.4285],[122.7141,37.3924],[122.6075,37.3643],[122.5736,37.2962],[122.5675,37.2596],[122.5927,37.2615],[122.6241,37.191],[122.5736,37.1762],[122.581,37.1476],[122.4843,37.129],[122.4671,37.0373],[122.5835,37.0373],[122.5447,37.0048],[122.5324,36.9015],[122.4892,36.8867],[122.4831,36.9139],[122.4344,36.9144],[122.4547,36.879],[122.3445,36.8282],[122.1745,36.8426],[122.1757,36.8943],[122.1197,36.8919],[122.1412,36.9383],[122.0519,36.9048],[122.0427,36.8718],[122.0088,36.9622],[121.6319,36.8009],[121.6516,36.7237],[121.5561,36.7645],[121.5752,36.74],[121.5321,36.7362],[121.4865,36.7847],[121.3941,36.7381],[121.4009,36.7012],[121.2986,36.7022],[121.0288,36.573],[120.8471,36.6186],[120.9833,36.5461],[120.9654,36.4662],[120.9087,36.4503],[120.918,36.4176],[120.8718,36.367],[120.8287,36.4667],[120.7597,36.4628],[120.6944,36.3901],[120.7443,36.3279],[120.663,36.3318],[120.7123,36.1266],[120.286,36.0473],[120.3624,36.1962],[120.3199,36.2324],[120.2971,36.2257],[120.31,36.1851],[120.1813,36.2039],[120.1086,36.1276],[120.1166,36.1029],[120.2392,36.0623],[120.1986,35.9955],[120.2571,36.0251],[120.2491,35.9921],[120.3162,36.0023],[120.3051,35.9718],[120.2023,35.8918],[120.1696,35.8884],[120.2078,35.9476],[120.0643,35.8734],[120.0138,35.7142],[119.9263,35.7599],[119.9503,35.7297],[119.9251,35.6374],[119.8684,35.6087],[119.8241,35.6461],[119.7723,35.579],[119.7514,35.6179],[119.6621,35.5892],[119.5383,35.2967],[119.4933,35.3187],[119.4114,35.2317],[119.3978,35.1378],[119.428,35.1211],[119.3738,35.0785],[119.2925,35.0687],[119.3073,35.033],[119.2851,35.0683],[119.2383,35.0487],[119.2112,34.9815],[119.2026,34.8903],[119.2383,34.7994],[119.3787,34.7645],[119.4397,34.7851],[119.497,34.7542],[119.3818,34.7522],[119.526,34.7335],[119.4656,34.673],[119.6411,34.5691],[120.3119,34.307],[120.3673,34.0917],[120.6802,33.5203],[120.7412,33.3375],[120.8336,33.275],[120.8194,33.238],[120.8718,33.047],[120.9328,33.0059],[120.9814,32.8597],[120.9531,32.7143],[120.9161,32.7012],[120.9636,32.6826],[120.9617,32.612],[121.3904,32.4607],[121.4255,32.4309],[121.4502,32.2823],[121.4939,32.2635],[121.4994,32.2114],[121.4588,32.1775],[121.7594,32.0594],[121.8561,31.9553],[121.97,31.7189],[121.9817,31.464],[121.8905,31.4288],[121.8191,31.438],[121.4341,31.5905],[121.3953,31.5854],[121.3436,31.512],[121.7224,31.3036],[121.9466,31.066],[121.9909,30.9686],[121.994,30.8628],[121.9546,30.8258],[121.9928,30.6952],[122.1332,30.5953],[121.9971,30.6587],[121.9047,30.814],[121.6811,30.8186],[121.5173,30.7755],[121.3621,30.6798],[121.2746,30.6772],[121.0584,30.5639],[121.2253,30.4045],[121.3719,30.371],[121.7212,29.9928],[121.784,29.9933],[121.9195,29.9207],[121.9712,29.9555],[122.007,29.8917],[122.14,29.9015],[122.0033,29.7624],[121.9374,29.7484],[121.8333,29.6532],[121.9663,29.6361],[122.0002,29.5825],[121.9688,29.5158],[121.9934,29.4523],[121.9361,29.348],[121.9583,29.3344],[121.9447,29.2843],[122.0002,29.2786],[121.9669,29.2499],[121.9719,29.1935],[121.9484,29.1935],[121.9885,29.1109],[121.9663,29.0529],[121.8844,29.1057],[121.8598,29.0863],[121.8111,29.1099],[121.7803,29.1099],[121.768,29.1668],[121.7156,29.125],[121.6084,29.1689],[121.6602,29.1182],[121.659,29.0586],[121.7125,29.0288],[121.7748,28.8638],[121.6873,28.8633],[121.6891,28.7191],[121.5407,28.6555],[121.6343,28.5625],[121.6928,28.4074],[121.6343,28.3479],[121.6694,28.3331],[121.6275,28.252],[121.5801,28.2404],[121.5715,28.2794],[121.489,28.3015],[121.3738,28.1333],[121.3282,28.1343],[121.2611,28.0346],[121.1409,28.0314],[121.1083,28.1391],[121.059,28.0963],[120.9919,27.95],[121.0559,27.9003],[121.1625,27.9072],[121.1921,27.8225],[121.1342,27.786],[121.152,27.8156],[121.0276,27.8326],[120.942,27.8966],[120.8404,27.759],[120.7775,27.7749],[120.6346,27.5772],[120.703,27.4785],[120.6654,27.3579],[120.5804,27.3212],[120.546,27.1568],[120.4616,27.1424],[120.392,27.0811],[120.2829,27.0897],[120.2959,27.0358],[120.2331,26.9078],[120.1265,26.9206],[120.1179,26.8828],[120.0544,26.8635],[120.1037,26.7946],[120.1364,26.7978],[120.1068,26.753],[120.1511,26.7508],[120.1622,26.7177],[120.1105,26.6926],[120.1382,26.638],[119.9676,26.5979],[119.8672,26.509],[119.8284,26.524],[119.8518,26.5952],[119.9491,26.6246],[119.9941,26.7204],[120.0618,26.769],[119.9429,26.7845],[119.8992,26.6931],[119.9085,26.6615],[119.874,26.6428],[119.8339,26.691],[119.7114,26.6867],[119.6645,26.7262],[119.5777,26.6225],[119.6054,26.5957],[119.6701,26.6182],[119.7883,26.5834],[119.8358,26.434],[119.8937,26.3558],[119.946,26.3745],[119.9547,26.3525],[119.9041,26.3086],[119.8068,26.3075],[119.8025,26.2688],[119.6762,26.2629],[119.6645,26.2023],[119.6042,26.169],[119.606,26.1529],[119.619,26.1196],[119.6547,26.09],[119.6689,26.026],[119.7237,26.0115],[119.6953,25.9044],[119.6282,25.8721],[119.6029,25.6851],[119.473,25.6625],[119.4785,25.6317],[119.5414,25.6247],[119.5346,25.5853],[119.5869,25.5923],[119.6344,25.4751],[119.675,25.4751],[119.7157,25.5119],[119.6836,25.5929],[119.7859,25.6679],[119.7902,25.6144],[119.8838,25.5464],[119.8111,25.507],[119.8666,25.4551],[119.7643,25.4335],[119.7736,25.3957],[119.675,25.4681],[119.6227,25.4341],[119.6701,25.4357],[119.6491,25.3427],[119.5974,25.3346],[119.5777,25.446],[119.5487,25.366],[119.4865,25.3697],[119.4915,25.4433],[119.4385,25.4124],[119.4527,25.4935],[119.359,25.5216],[119.3535,25.4119],[119.263,25.4281],[119.2562,25.4886],[119.2198,25.4687],[119.2322,25.4422],[119.1515,25.4265],[119.1447,25.3881],[119.2186,25.3681],[119.2408,25.3167],[119.2993,25.3286],[119.3806,25.2502],[119.295,25.2372],[119.3147,25.1901],[119.2691,25.1597],[119.1318,25.2231],[119.1083,25.1939],[119.1656,25.1457],[119.1194,25.0129],[119.1071,25.0752],[119.1342,25.1061],[119.0757,25.0996],[119.0289,25.1397],[119.0745,25.2112],[118.9901,25.202],[118.9969,25.2664],[118.9156,25.2567],[118.9002,25.2426],[118.9852,25.169],[118.9519,25.1516],[118.9747,25.1153],[118.8922,25.0926],[118.9451,25.0286],[119.024,25.0438],[118.9895,24.9738],[119.0326,24.9619],[119.0141,24.9413],[118.9186,24.9326],[118.9889,24.8788],[118.8644,24.8875],[118.8343,24.8544],[118.6476,24.8435],[118.6507,24.8088],[118.7862,24.7767],[118.7037,24.6653],[118.6704,24.68],[118.6526,24.6539],[118.6612,24.6223],[118.687,24.6337],[118.6803,24.582],[118.6144,24.5216],[118.5583,24.5124],[118.5571,24.5728],[118.5127,24.6082],[118.4444,24.6147],[118.3637,24.5679],[118.3754,24.5363],[118.243,24.5124],[118.1506,24.5837],[118.1216,24.5701],[118.0933,24.5407],[118.084,24.5287],[118.0489,24.4181],[118.0884,24.4089],[118.0816,24.3565],[118.1124,24.3571],[118.1586,24.2698],[118.0194,24.1972],[117.9362,24.1],[117.9103,24.012],[117.8648,24.0049],[117.7625,23.8868],[117.672,23.878],[117.6603,23.7894],[117.6018,23.7017],[117.5014,23.7045],[117.4934,23.6425],[117.4546,23.6283],[117.4638,23.5849],[117.3874,23.5553],[117.2913,23.5712],[117.045,23.54],[117.0105,23.5026],[116.9285,23.5301],[116.8885,23.5015],[116.8719,23.4159],[116.7826,23.3137],[116.8214,23.2406],[116.8066,23.201],[116.745,23.2153],[116.5664,23.1344],[116.5768,23.0144],[116.5054,22.9306],[116.3828,22.9191],[116.3027,22.9516],[116.1044,22.8165],[116.0564,22.8446],[115.8833,22.7856],[115.8291,22.7348],[115.7964,22.7393],[115.7601,22.8347],[115.6542,22.8656],[115.5839,22.8286],[115.5414,22.7553],[115.6092,22.7531],[115.5753,22.6509],[115.4718,22.6979],[115.3813,22.684],[115.3382,22.7768],[115.2304,22.7768],[115.2366,22.8253],[115.1904,22.8187],[115.191,22.7735],[115.1546,22.8016],[115.0764,22.7884],[115.0395,22.7139],[114.928,22.6216],[114.9224,22.5493],[114.8855,22.5388],[114.8664,22.5918],[114.7463,22.5819],[114.75,22.7641],[114.7099,22.7878],[114.5153,22.6553],[114.6034,22.6388],[114.559,22.5835],[114.6145,22.5454],[114.6114,22.4818],[114.5067,22.4387],[114.4272,22.589],[114.3816,22.6017],[114.2326,22.5399],[114.341,22.5034],[114.2529,22.4453],[114.2055,22.4497],[114.2203,22.4276],[114.3256,22.479],[114.4063,22.4337],[114.3946,22.3618],[114.357,22.3402],[114.3225,22.3856],[114.2831,22.3867],[114.2782,22.3285],[114.317,22.2986],[114.3133,22.2643],[114.2621,22.2948],[114.2486,22.2748],[114.2658,22.2006],[114.1648,22.2266],[114.1205,22.2721],[114.1457,22.3009],[114.07,22.3269],[113.9967,22.2061],[113.9813,22.23],[113.8495,22.1912],[113.8433,22.2294],[113.8981,22.3086],[113.9696,22.3213],[113.9554,22.2986],[114.0262,22.3479],[113.9203,22.3678],[113.9184,22.4182],[114.0318,22.5039],[113.9763,22.5106],[113.8938,22.4425],[113.7337,22.7365],[113.6782,22.726],[113.7404,22.5343],[113.5735,22.4116],[113.6659,22.4387],[113.6049,22.3396],[113.5945,22.2289],[113.5587,22.2122],[113.6037,22.1324],[113.5544,22.1075],[113.5674,22.0753],[113.3302,21.9616],[113.3198,21.9094],[113.2668,21.8716],[113.1516,21.9799],[113.0919,22.0653],[113.0869,22.1263],[113.0321,22.0459],[113.0475,21.9566],[112.9896,21.8694],[112.9299,21.8389],[112.8935,21.8444],[112.8412,21.9205],[112.7925,21.9211],[112.6471,21.7583],[112.5357,21.7539],[112.4457,21.8033],[112.4156,21.735],[112.3533,21.7072],[112.2388,21.7022],[112.1969,21.7366],[112.1926,21.7894],[112.1365,21.7939],[111.9561,21.7105],[111.9542,21.6677],[112.0269,21.6337],[111.9727,21.6031],[111.8101,21.5553],[111.8323,21.5787],[111.7947,21.6115],[111.7368,21.6098],[111.6506,21.5124],[111.4442,21.5141],[111.2859,21.4188],[111.2576,21.415],[111.2502,21.4512],[111.2761,21.4434],[111.2828,21.4857],[111.0346,21.4389],[110.9293,21.3759],[110.7685,21.3648],[110.6262,21.2159],[110.5012,21.2176],[110.4224,21.1908],[110.391,21.1249],[110.2967,21.0937],[110.2419,21.0161],[110.2086,21.0507],[110.184,20.892],[110.2099,20.8601],[110.3934,20.8165],[110.3922,20.6827],[110.4113,20.671],[110.4661,20.6805],[110.5505,20.4726],[110.5413,20.4205],[110.4255,20.2914],[110.1686,20.2196],[110.1181,20.2196],[110.0824,20.2589],[109.9937,20.2544],[109.929,20.2117],[109.9161,20.3167],[109.8613,20.3767],[109.8884,20.4754],[109.8397,20.4894],[109.7935,20.6155],[109.7448,20.6211],[109.6648,20.8623],[109.6746,21.1367],[109.7639,21.2265],[109.7578,21.347],[109.8686,21.3659],[109.8945,21.4422],[109.7042,21.4629],[109.6124,21.557],[109.5299,21.4372],[109.2459,21.4255],[109.1388,21.3888],[109.0464,21.4244],[109.0396,21.4578],[109.1425,21.5119],[109.1388,21.5675],[108.938,21.5898],[108.8813,21.6271],[108.7458,21.6026],[108.6263,21.6799],[108.5918,21.6771],[108.4926,21.5547],[108.33,21.5403],[108.2302,21.4913],[108.2105,21.5057],[108.25,21.5614],[108.2413,21.5998],[108.1563,21.5508],[108.1939,21.5197],[108.1083,21.5085],[108.0344,21.5458],[107.958,21.5341],[107.8638,21.651],[107.5847,21.6148],[107.5472,21.5864],[107.4868,21.5959],[107.4776,21.6599],[107.3883,21.5942],[107.3106,21.7338],[107.2423,21.7033],[107.0938,21.8033],[107.0181,21.8194],[107.06,21.915],[106.9996,21.9477],[106.9743,21.9233],[106.9263,21.9677],[106.7384,22.0082],[106.6984,21.9599],[106.683,21.9999],[106.7156,22.0897],[106.7064,22.1607],[106.6732,22.1823],[106.7021,22.2073],[106.6885,22.2604],[106.6633,22.3308],[106.5629,22.3457],[106.5888,22.3745],[106.5604,22.4558],[106.5882,22.473],[106.614,22.6023],[106.712,22.5752],[106.7803,22.7089],[106.7686,22.7393],[106.8388,22.8033],[106.7748,22.8126],[106.7169,22.8816],[106.675,22.8915],[106.6571,22.8634],[106.606,22.9257],[106.5259,22.9466],[106.5044,22.9103],[106.3664,22.8579],[106.287,22.8672],[106.2069,22.9786],[106.1539,22.9885],[106.0196,22.9907],[105.9944,22.9378],[105.8792,22.9169],[105.8392,22.9874],[105.7246,23.0623],[105.5749,23.0662],[105.5263,23.2345],[105.6495,23.3461],[105.7,23.3275],[105.6378,23.4044],[105.7,23.4016],[105.8521,23.5268],[105.9864,23.4895],[105.9999,23.4477],[106.1416,23.5696],[106.1207,23.6052],[106.1576,23.7242],[106.1367,23.7954],[106.1921,23.8249],[106.1927,23.8791],[106.1576,23.8912],[106.0498,24.0896],[105.9192,24.1224],[105.8921,24.0405],[105.8595,24.0569],[105.7967,24.0235],[105.7653,24.0738],[105.6495,24.0328],[105.6285,24.1268],[105.5946,24.1377],[105.5337,24.1301],[105.493,24.017],[105.4062,24.0437],[105.3205,24.1164],[105.2602,24.0612],[105.2004,24.1055],[105.1826,24.1672],[105.2294,24.1656],[105.2429,24.2087],[105.1647,24.2884],[105.1881,24.3473],[105.1117,24.3723],[105.1068,24.4149],[105.0428,24.4421],[104.93,24.411],[104.7656,24.4595],[104.7034,24.4198],[104.7089,24.3211],[104.611,24.3772],[104.6165,24.4219],[104.5759,24.4247],[104.4896,24.6533],[104.5297,24.7316],[104.7292,24.618],[104.842,24.6762],[104.8992,24.7528],[105.0335,24.7876],[105.0391,24.8729],[105.0779,24.9185],[105.2128,24.9955],[105.2676,24.9293],[105.4283,24.9309],[105.4973,24.8093]],[[121.4892,36.7874],[121.4853,36.7861],[121.4865,36.7847],[121.4892,36.7874]],[[121.5487,36.8076],[121.5653,36.8306],[121.4892,36.7874],[121.5487,36.8076]],[[109.597,26.7562],[109.5286,26.7439],[109.5681,26.7262],[109.597,26.7562]]],[[[109.1061,30.5706],[109.0987,30.5793],[109.1012,30.5793],[109.1061,30.5706]]],[[[112.9108,5.0384],[112.9527,5.0479],[112.9434,4.9919],[112.9071,4.9931],[112.9108,5.0384]]],[[[112.6558,5.0557],[112.6508,5.1069],[112.6786,5.1212],[112.7192,5.0759],[112.6558,5.0557]]],[[[112.6016,5.1201],[112.6108,5.0914],[112.5689,5.0718],[112.5572,5.1093],[112.6016,5.1201]]],[[[112.612,5.368],[112.6237,5.4019],[112.6909,5.4067],[112.6404,5.3477],[112.612,5.368]]],[[[112.5831,5.5616],[112.6163,5.5687],[112.6428,5.4895],[112.6145,5.4657],[112.5831,5.5616]]],[[[112.5449,5.6164],[112.5233,5.6563],[112.5289,5.6873],[112.5615,5.6771],[112.5449,5.6164]]],[[[112.4722,5.7397],[112.4981,5.7754],[112.4969,5.7367],[112.4722,5.7397]]],[[[112.5621,5.8206],[112.5628,5.7593],[112.532,5.7665],[112.5277,5.7944],[112.5621,5.8206]]],[[[112.5541,5.9784],[112.5757,5.9712],[112.5535,5.9427],[112.5541,5.9784]]],[[[113.2175,6.3062],[113.244,6.3259],[113.2304,6.2854],[113.2175,6.3062]]],[[[113.6,6.9619],[113.6234,6.9423],[113.5803,6.9203],[113.6,6.9619]]],[[[113.7922,7.3734],[113.8291,7.3835],[113.8285,7.3621],[113.7922,7.3734]]],[[[113.815,7.6031],[113.7737,7.6019],[113.7694,7.6369],[113.8316,7.6446],[113.815,7.6031]]],[[[112.9317,7.8675],[112.9299,7.8278],[112.8923,7.8444],[112.9317,7.8675]]],[[[113.9049,7.9636],[113.895,8.0051],[113.94,8.0181],[113.9708,7.9446],[113.9049,7.9636]]],[[[113.2699,8.12],[113.2834,8.1111],[113.2218,8.0738],[113.2699,8.12]]],[[[113.3432,8.1935],[113.2662,8.1259],[113.3536,8.2379],[113.3542,8.3042],[113.3863,8.2894],[113.3499,8.1721],[113.289,8.1194],[113.3432,8.1935]]],[[[112.9453,8.4102],[112.9496,8.4327],[112.9853,8.4291],[112.9453,8.4102]]],[[[113.956,8.8404],[114.0121,8.7984],[113.9751,8.7931],[113.956,8.8404]]],[[[114.0601,8.8161],[114.0355,8.7836],[113.977,8.8729],[114.041,8.8439],[114.0601,8.8161]]],[[[112.5985,8.8593],[112.6398,8.8185],[112.5708,8.8155],[112.5375,8.8463],[112.5985,8.8593]]],[[[113.8938,8.8628],[113.9123,8.8889],[113.9394,8.8753],[113.9166,8.838],[113.8938,8.8628]]],[[[112.8732,8.9084],[112.8596,8.8894],[112.8233,8.9107],[112.8732,8.9084]]],[[[113.6548,8.9622],[113.645,8.9894],[113.7195,9.0201],[113.7306,9.0041],[113.6548,8.9622]]],[[[113.6604,9.231],[113.6973,9.2257],[113.677,9.2027],[113.6604,9.231]]],[[[112.5671,9.554],[112.5689,9.5168],[112.5086,9.5257],[112.5123,9.5446],[112.5671,9.554]]],[[[113.8458,10.0187],[113.8722,10.123],[113.8655,10.0034],[113.8458,10.0187]]],[[[113.5969,10.2408],[113.6382,10.2432],[113.6179,10.222],[113.5969,10.2408]]],[[[113.8605,15.4771],[113.8901,15.4909],[113.8938,15.4638],[113.8605,15.4771]]],[[[113.9388,15.8355],[113.9708,15.8395],[113.9733,15.8056],[113.9388,15.8355]]],[[[112.588,16.0708],[112.612,16.0392],[112.5702,16.011],[112.4488,16.0053],[112.4624,16.0438],[112.588,16.0708]]],[[[112.6718,16.3318],[112.6779,16.3593],[112.7013,16.3318],[112.6718,16.3318]]],[[[112.6465,16.3857],[112.6601,16.4265],[112.6816,16.4007],[112.6465,16.3857]]],[[[112.4993,16.4936],[112.5751,16.5373],[112.5868,16.5258],[112.5073,16.4661],[112.4993,16.4936]]],[[[113.807,19.223],[113.9203,19.2236],[113.9147,19.1721],[113.8322,19.1586],[113.807,19.223]]],[[[113.029,19.529],[113.0389,19.4805],[112.9933,19.472],[112.9933,19.5262],[113.029,19.529]]],[[[112.5307,21.5837],[112.5923,21.6933],[112.6638,21.7144],[112.6391,21.6727],[112.6656,21.6426],[112.5307,21.5837]]],[[[112.8763,21.7728],[112.8048,21.6866],[112.8171,21.5903],[112.7753,21.5642],[112.7309,21.6137],[112.7802,21.6716],[112.7057,21.6794],[112.7241,21.7199],[112.8763,21.7728]]],[[[113.1368,21.8689],[113.1676,21.8766],[113.204,21.8611],[113.143,21.8317],[113.1368,21.8689]]],[[[113.0457,21.8828],[113.0253,21.8478],[113.0075,21.8694],[113.0457,21.8828]]],[[[113.7232,21.9222],[113.7189,21.9516],[113.7429,21.9505],[113.7232,21.9222]]],[[[113.7417,21.9916],[113.7743,21.9982],[113.7651,21.9621],[113.7417,21.9916]]],[[[113.576,22.1945],[113.576,22.2012],[113.5865,22.2012],[113.576,22.1945]]],[[[113.7866,22.4138],[113.8137,22.4199],[113.8199,22.3961],[113.7866,22.4138]]],[[[114.8695,7.1989],[114.8196,7.193],[114.8541,7.2446],[114.8695,7.1989]]],[[[115.0124,7.485],[114.9606,7.485],[114.9489,7.5087],[115.0136,7.5259],[115.0124,7.485]]],[[[114.7038,7.6149],[114.7216,7.5918],[114.6717,7.5639],[114.6656,7.59],[114.7038,7.6149]]],[[[114.5405,7.9458],[114.5405,7.8622],[114.4198,7.7656],[114.3687,7.6386],[114.0589,7.5378],[113.9197,7.5669],[113.8969,7.6072],[113.9215,7.6392],[114.0293,7.6701],[114.2116,7.7869],[114.2683,7.8705],[114.4149,7.9529],[114.5405,7.9458]]],[[[114.8682,7.9837],[114.9144,8.0074],[114.9076,7.9511],[114.8682,7.9837]]],[[[114.596,8.1206],[114.5079,8.12],[114.6243,8.1496],[114.596,8.1206]]],[[[114.7918,8.1609],[114.8122,8.1105],[114.7771,8.1141],[114.7918,8.1609]]],[[[114.7266,8.2106],[114.7413,8.1893],[114.6699,8.21],[114.7266,8.2106]]],[[[115.2994,8.3705],[115.2852,8.3149],[115.1811,8.3457],[115.1676,8.3865],[115.2994,8.3705]]],[[[115.5544,8.4611],[115.5217,8.4605],[115.5143,8.5191],[115.5587,8.5233],[115.5544,8.4611]]],[[[115.2963,8.5108],[115.271,8.4771],[115.2581,8.5097],[115.2963,8.5108]]],[[[114.2221,8.7848],[114.2486,8.7244],[114.2012,8.728],[114.2221,8.7848]]],[[[114.6822,8.8812],[114.5991,8.8463],[114.6656,8.9001],[114.6822,8.8812]]],[[[114.1944,9.3917],[114.1956,9.3509],[114.1753,9.3421],[114.1667,9.3846],[114.1944,9.3917]]],[[[115.4564,9.4171],[115.47,9.3592],[115.4503,9.345],[115.4361,9.3934],[115.4564,9.4171]]],[[[114.705,9.7003],[114.681,9.7074],[114.6933,9.741],[114.7149,9.7369],[114.705,9.7003]]],[[[115.5482,9.869],[115.5002,9.8979],[115.518,9.9339],[115.5815,9.9174],[115.5482,9.869]]],[[[114.6859,9.9792],[114.6724,9.928],[114.6422,9.9174],[114.6175,9.9657],[114.6859,9.9792]]],[[[115.3333,10.2002],[115.2883,10.1725],[115.2889,10.2114],[115.3333,10.2002]]],[[[114.2424,10.242],[114.3126,10.3009],[114.3262,10.2844],[114.2634,10.2397],[114.2424,10.242]]],[[[114.7025,10.3127],[114.6896,10.3456],[114.7173,10.3804],[114.7475,10.3721],[114.7025,10.3127]]],[[[115.7583,10.461],[115.802,10.4634],[115.7761,10.4345],[115.7583,10.461]]],[[[115.7823,10.541],[115.8051,10.5246],[115.7952,10.4999],[115.7823,10.541]]],[[[114.5393,10.7933],[114.5627,10.7781],[114.4931,10.7175],[114.5393,10.7933]]],[[[114.5874,10.9091],[114.5935,10.8562],[114.4753,10.8145],[114.4691,10.8363],[114.5874,10.9091]]],[[[114.9107,10.8633],[114.96,10.9021],[114.931,10.8416],[114.9107,10.8633]]],[[[114.0965,10.9479],[114.11,10.9185],[114.0644,10.9044],[114.0749,10.9291],[114.0965,10.9479]]],[[[114.7999,11.1048],[114.7105,11.002],[114.697,11.0043],[114.7666,11.11],[114.7999,11.1048]]],[[[115.0216,11.086],[115.0136,11.0631],[114.9853,11.0783],[115.0216,11.086]]],[[[114.7204,11.4921],[114.7376,11.4639],[114.7222,11.4293],[114.689,11.4692],[114.7204,11.4921]]],[[[114.6212,11.5185],[114.6619,11.5226],[114.6526,11.437],[114.62,11.4323],[114.6212,11.5185]]],[[[115.3973,13.9252],[115.3616,13.949],[115.4232,13.9774],[115.4386,13.9438],[115.3973,13.9252]]],[[[114.4574,15.5993],[114.4919,15.5935],[114.4666,15.5768],[114.4574,15.5993]]],[[[114.6101,15.6494],[114.6108,15.6154],[114.5812,15.6252],[114.6101,15.6494]]],[[[114.1057,16.0041],[114.1322,16.0076],[114.1106,15.9782],[114.1057,16.0041]]],[[[114.9261,16.0369],[114.9107,16.0018],[114.8953,16.0363],[114.9261,16.0369]]],[[[114.2689,16.0593],[114.312,16.0346],[114.2129,16.0409],[114.2689,16.0593]]],[[[114.5214,16.0565],[114.4851,16.0346],[114.4482,16.034],[114.4654,16.0674],[114.5214,16.0565]]],[[[114.7044,16.199],[114.8029,16.2151],[114.8165,16.1985],[114.7032,16.1703],[114.7044,16.199]]],[[[114.1242,21.9855],[114.1716,22.0004],[114.1537,21.9749],[114.1242,21.9855]]],[[[114.1901,21.9866],[114.1808,22.0099],[114.2295,21.9954],[114.1901,21.9866]]],[[[114.2313,22.0165],[114.24,22.0354],[114.3114,22.0415],[114.2313,22.0165]]],[[[114.1205,22.1779],[114.1236,22.2388],[114.1667,22.205],[114.1205,22.1779]]],[[[114.3237,22.2981],[114.3243,22.2975],[114.3237,22.2975],[114.3237,22.2981]]],[[[114.3724,22.3236],[114.373,22.3236],[114.3724,22.323],[114.3724,22.3236]]],[[[114.3139,22.3407],[114.3053,22.3728],[114.333,22.3535],[114.3139,22.3407]]],[[[116.3058,8.9172],[116.3323,8.9013],[116.2941,8.8581],[116.2732,8.8794],[116.3058,8.9172]]],[[[116.7493,9.0567],[116.7087,9.0242],[116.6994,9.0491],[116.7493,9.0567]]],[[[116.4573,9.1743],[116.5005,9.1643],[116.4771,9.1371],[116.4573,9.1743]]],[[[115.9264,9.3114],[115.9775,9.322],[115.9991,9.2936],[115.943,9.2694],[115.9264,9.3114]]],[[[116.1525,9.5794],[116.1876,9.5953],[116.1894,9.5652],[116.1525,9.5794]]],[[[115.9012,9.7959],[115.9258,9.7817],[115.9012,9.6708],[115.8673,9.6502],[115.8377,9.7098],[115.9012,9.7959]]],[[[116.5571,9.7452],[116.5935,9.7239],[116.5664,9.7186],[116.5571,9.7452]]],[[[116.4697,9.81],[116.5085,9.7912],[116.4795,9.7853],[116.4697,9.81]]],[[[117.3739,10.1065],[117.3856,10.0635],[117.3542,10.0629],[117.348,10.0906],[117.3739,10.1065]]],[[[116.0705,10.1289],[116.0958,10.0936],[116.0675,10.0659],[116.0453,10.0953],[116.0705,10.1289]]],[[[117.2747,10.358],[117.3,10.3433],[117.2993,10.3139],[117.2581,10.3203],[117.2747,10.358]]],[[[116.4617,10.3492],[116.5263,10.4269],[116.5146,10.3492],[116.6378,10.3651],[116.6446,10.3351],[116.5115,10.298],[116.4672,10.3091],[116.4617,10.3492]]],[[[116.8325,10.4769],[116.8688,10.4957],[116.8552,10.4687],[116.8325,10.4769]]],[[[116.6994,10.5175],[116.7087,10.4928],[116.6384,10.504],[116.6994,10.5175]]],[[[117.4182,10.7028],[117.4047,10.671],[117.2667,10.6916],[117.2932,10.7351],[117.3696,10.7422],[117.4182,10.7028]]],[[[117.2069,10.7075],[117.1872,10.7416],[117.2137,10.7351],[117.2069,10.7075]]],[[[117.8315,10.8386],[117.7989,10.7534],[117.7705,10.7734],[117.8019,10.8398],[117.8315,10.8386]]],[[[117.6905,11.0167],[117.656,11.0249],[117.6535,11.046],[117.6911,11.049],[117.6905,11.0167]]],[[[117.2993,11.0777],[117.2846,11.0255],[117.2642,11.0631],[117.2993,11.0777]]],[[[116.7271,11.5015],[116.7721,11.4458],[116.7653,11.4305],[116.7271,11.5015]]],[[[117.8278,15.1117],[117.7126,15.1186],[117.7151,15.2226],[117.7484,15.2301],[117.8389,15.159],[117.7847,15.1689],[117.7447,15.2179],[117.725,15.1313],[117.8278,15.1117]]],[[[116.708,16.2996],[116.6951,16.3455],[116.7179,16.3737],[116.7475,16.3605],[116.7388,16.3036],[116.708,16.2996]]],[[[116.886,20.7756],[116.9341,20.6766],[116.9051,20.6194],[116.8626,20.5886],[116.7493,20.601],[116.8491,20.6284],[116.8897,20.6833],[116.8725,20.7381],[116.761,20.7505],[116.7696,20.7717],[116.886,20.7756]]],[[[115.9701,20.9194],[115.9264,20.9814],[115.9541,20.9998],[116.0009,20.9484],[115.9701,20.9194]]],[[[115.9652,21.1238],[116.0441,21.1104],[116.0675,21.0406],[116.0404,21.0205],[115.9535,21.0641],[115.9652,21.1238]]],[[[115.8352,22.7227],[115.8346,22.7221],[115.8346,22.7232],[115.8352,22.7227]]],[[[119.4212,23.2169],[119.4533,23.2164],[119.436,23.1861],[119.4212,23.2169]]],[[[119.4976,23.3868],[119.5167,23.35],[119.4952,23.35],[119.4976,23.3868]]],[[[117.0246,23.4379],[117.1293,23.4834],[117.1429,23.4005],[116.9519,23.4197],[116.9827,23.4609],[117.0246,23.4379]]],[[[119.5062,23.5773],[119.5062,23.6255],[119.5253,23.625],[119.5192,23.5597],[119.4724,23.557],[119.5062,23.5773]]],[[[119.5574,23.6666],[119.6153,23.6612],[119.6085,23.62],[119.5574,23.6666]]],[[[118.2306,24.4012],[118.2337,24.4459],[118.2738,24.441],[118.2306,24.4012]]],[[[118.4579,24.4121],[118.4056,24.4279],[118.3298,24.3822],[118.2824,24.4132],[118.3119,24.4247],[118.2984,24.4775],[118.3748,24.459],[118.4123,24.5145],[118.4518,24.5069],[118.477,24.4377],[118.4579,24.4121]]],[[[118.0686,24.4633],[118.0958,24.5417],[118.145,24.5608],[118.1918,24.5369],[118.1937,24.4633],[118.1432,24.4208],[118.0686,24.4633]]],[[[119.5666,25.2101],[119.5253,25.1576],[119.444,25.202],[119.4434,25.2388],[119.4736,25.2599],[119.5013,25.2172],[119.5666,25.2101]]],[[[118.8694,39.1429],[118.8577,39.0988],[118.8201,39.1086],[118.8694,39.1429]]],[[[121.5752,22.0371],[121.6048,22.0226],[121.5943,21.9954],[121.5074,22.0487],[121.5105,22.087],[121.5758,22.0842],[121.5752,22.0371]]],[[[120.355,22.3274],[120.3833,22.3557],[120.3957,22.3424],[120.355,22.3274]]],[[[121.5148,22.6763],[121.5136,22.6316],[121.4748,22.6437],[121.468,22.6769],[121.5148,22.6763]]],[[[119.6091,23.5037],[119.5623,23.5306],[119.5666,23.5849],[119.6781,23.6003],[119.691,23.5471],[119.6461,23.5509],[119.6091,23.5037]]],[[[120.1216,23.5048],[120.1025,23.7012],[120.1752,23.8074],[120.246,23.8403],[120.6889,24.6005],[120.8921,24.7675],[120.9149,24.8647],[121.0245,25.0405],[121.2093,25.1272],[121.3719,25.1597],[121.4446,25.2707],[121.5352,25.3075],[121.6232,25.2946],[121.7452,25.1619],[121.917,25.1381],[121.9472,25.0318],[122.0125,25.0015],[121.845,24.8365],[121.8856,24.5298],[121.8092,24.3391],[121.6436,24.0978],[121.6596,24.0071],[121.4797,23.3225],[121.415,23.196],[121.4304,23.1372],[121.3707,23.0843],[121.3245,22.9455],[121.2105,22.7707],[121.0332,22.6509],[120.9814,22.5282],[120.9149,22.3025],[120.9075,22.0332],[120.8662,21.9843],[120.8545,21.8833],[120.7018,21.9272],[120.6513,22.0332],[120.6408,22.2416],[120.57,22.3618],[120.2743,22.5603],[120.2004,22.721],[120.1333,23.0006],[120.0298,23.0485],[120.1216,23.5048]]],[[[119.5802,25.6274],[119.5808,25.6501],[119.6116,25.6695],[119.5802,25.6274]]],[[[119.7187,25.635],[119.6621,25.6468],[119.7169,25.6646],[119.7187,25.635]]],[[[119.6083,26.1551],[119.627,26.1733],[119.6652,26.1556],[119.643,26.1292],[119.6083,26.1551]]],[[[119.9294,26.1341],[119.9195,26.1722],[119.9602,26.147],[119.9294,26.1341]]],[[[120.0162,26.2173],[119.9768,26.191],[119.9707,26.2179],[120.0162,26.2173]]],[[[120.0341,26.4887],[120.036,26.516],[120.0717,26.5213],[120.0668,26.4983],[120.0341,26.4887]]],[[[120.1671,26.5717],[120.1179,26.569],[120.1536,26.6048],[120.1671,26.5717]]],[[[119.7606,26.6134],[119.7964,26.6305],[119.8185,26.6166],[119.7766,26.6],[119.7606,26.6134]]],[[[119.6738,26.6808],[119.7489,26.6813],[119.7588,26.6594],[119.6682,26.6284],[119.6738,26.6808]]],[[[119.9066,26.6899],[119.951,26.6926],[119.9269,26.6648],[119.9066,26.6899]]],[[[120.14,26.7952],[120.1616,26.8032],[120.1635,26.7984],[120.14,26.7952]]],[[[120.3193,26.9447],[120.363,26.9676],[120.3944,26.934],[120.3606,26.9169],[120.3193,26.9447]]],[[[121.0664,27.4615],[121.067,27.4785],[121.1071,27.444],[121.0664,27.4615]]],[[[121.1976,27.618],[121.2038,27.626],[121.1988,27.617],[121.1976,27.618]]],[[[121.0381,27.9489],[121.1206,27.9865],[121.1527,27.9616],[121.0381,27.9489]]],[[[121.1859,27.9632],[121.1976,28.0007],[121.2377,27.9881],[121.1859,27.9632]]],[[[121.0898,27.9986],[121.0442,27.9791],[121.0738,28.0076],[121.0898,27.9986]]],[[[121.8696,28.4237],[121.8899,28.451],[121.9109,28.44],[121.8696,28.4237]]],[[[121.9189,28.4973],[121.8893,28.4716],[121.8819,28.5026],[121.9189,28.4973]]],[[[121.8616,28.814],[121.8628,28.782],[121.8376,28.7705],[121.8616,28.814]]],[[[121.7908,29.0821],[121.8431,29.0821],[121.8326,29.0502],[121.7908,29.0821]]],[[[121.845,29.983],[121.8487,30.1011],[121.8856,30.0949],[121.933,29.9949],[121.8745,29.9648],[121.845,29.983]]],[[[121.9103,30.0892],[121.9626,30.1062],[121.946,30.0643],[121.9103,30.0892]]],[[[121.9213,30.3074],[121.9891,30.34],[122.0008,30.3085],[121.9577,30.2878],[121.9213,30.3074]]],[[[121.8825,31.2407],[121.9238,31.234],[121.909,31.1951],[121.8825,31.2407]]],[[[122.0975,31.2555],[121.8407,31.2954],[121.7926,31.3777],[122.1228,31.3072],[122.0975,31.2555]]],[[[121.7421,31.4073],[121.7926,31.3634],[121.7852,31.3113],[121.5099,31.4824],[121.7421,31.4073]]],[[[121.6269,31.4451],[121.5795,31.4798],[121.6319,31.4569],[121.6269,31.4451]]],[[[120.1721,35.7856],[120.193,35.7569],[120.1696,35.7404],[120.1591,35.7652],[120.1721,35.7856]]],[[[120.9783,36.4286],[120.99,36.4132],[120.9506,36.4147],[120.9783,36.4286]]],[[[121.4896,37.5776],[121.489,37.578],[121.4896,37.5785],[121.4896,37.5776]]],[[[121.4877,37.5785],[121.4877,37.5776],[121.4859,37.5785],[121.4877,37.5785]]],[[[120.7295,37.9471],[120.7646,37.8951],[120.7215,37.9173],[120.7295,37.9471]]],[[[120.6316,37.981],[120.6266,37.9457],[120.602,37.9787],[120.6316,37.981]]],[[[120.7326,37.9617],[120.6925,37.9839],[120.7246,37.9876],[120.7326,37.9617]]],[[[120.7424,38.1991],[120.7874,38.1587],[120.7504,38.1502],[120.7424,38.1991]]],[[[120.8484,38.3058],[120.8022,38.2842],[120.8163,38.318],[120.8484,38.3058]]],[[[120.9149,38.3734],[120.9186,38.3452],[120.8952,38.3631],[120.9149,38.3734]]],[[[120.833,40.492],[120.7868,40.4738],[120.7745,40.4802],[120.8053,40.5257],[120.833,40.492]]],[[[122.1221,25.4957],[122.1104,25.466],[122.0975,25.5],[122.1221,25.4957]]],[[[122.0926,25.6393],[122.087,25.6107],[122.0667,25.6247],[122.0926,25.6393]]],[[[123.5123,25.7552],[123.5086,25.7229],[123.4452,25.7261],[123.4791,25.7687],[123.5123,25.7552]]],[[[124.5428,25.9039],[124.5668,25.9416],[124.5847,25.9087],[124.5428,25.9039]]],[[[123.6669,25.9141],[123.6897,25.9399],[123.707,25.9152],[123.6669,25.9141]]],[[[121.9768,29.1919],[121.9791,29.1625],[121.9538,29.188],[121.9768,29.1919]]],[[[122.0759,29.1762],[122.0569,29.1585],[122.0131,29.1517],[122.0365,29.2076],[122.0759,29.1762]]],[[[122.2108,29.7006],[122.2312,29.7104],[122.27,29.6855],[122.2108,29.7006]]],[[[122.1314,29.7889],[122.2115,29.6922],[122.1825,29.6506],[122.0476,29.7198],[122.084,29.7832],[122.1314,29.7889]]],[[[122.0384,29.7593],[122.0298,29.7167],[122.0113,29.7463],[122.0384,29.7593]]],[[[122.3014,29.7484],[122.2515,29.7312],[122.2133,29.7718],[122.2416,29.7847],[122.3014,29.7484]]],[[[122.2995,29.8195],[122.31,29.7666],[122.2213,29.8325],[122.3192,29.8294],[122.2995,29.8195]]],[[[122.3014,29.8839],[122.3433,29.8605],[122.2829,29.8605],[122.3014,29.8839]]],[[[122.3309,29.9378],[122.4116,29.9518],[122.4332,29.9192],[122.4018,29.8699],[122.4159,29.8289],[122.3864,29.8341],[122.3309,29.9378]]],[[[122.4708,29.9259],[122.4726,29.9275],[122.4732,29.9254],[122.4708,29.9259]]],[[[122.4671,29.9285],[122.4492,29.9394],[122.4603,29.9472],[122.4671,29.9285]]],[[[122.0439,29.9306],[122.0291,29.955],[122.0587,29.956],[122.0439,29.9306]]],[[[122.2004,29.9695],[122.2398,29.9601],[122.2737,29.9321],[122.2336,29.9467],[122.2004,29.9695]]],[[[122.4541,29.9565],[122.448,29.9477],[122.4455,29.9524],[122.4541,29.9565]]],[[[122.1843,29.9555],[122.1634,29.9881],[122.193,29.9653],[122.1843,29.9555]]],[[[122.3913,29.9705],[122.3679,29.9804],[122.3784,30.0239],[122.4116,30.026],[122.3913,29.9705]]],[[[122.3414,29.9767],[122.3223,29.9404],[122.2792,29.9373],[122.2398,29.9627],[122.1634,29.9881],[122.1184,29.9866],[122.1067,30.0058],[122.0279,29.9912],[121.9349,30.1616],[121.9552,30.1839],[122.0488,30.1471],[122.0957,30.158],[122.1529,30.1135],[122.294,30.1006],[122.3414,29.9767]]],[[[122.7603,30.142],[122.7781,30.1368],[122.7843,30.1301],[122.7603,30.142]]],[[[122.1683,30.1383],[122.1529,30.1911],[122.2139,30.1865],[122.1683,30.1383]]],[[[122.0655,30.1797],[122.0254,30.1616],[122.0174,30.1865],[122.0556,30.2004],[122.0655,30.1797]]],[[[122.3001,30.2713],[122.3155,30.2501],[122.278,30.2428],[122.254,30.2371],[122.3001,30.2713]]],[[[122.3174,30.2496],[122.4073,30.2728],[122.4172,30.2387],[122.2802,30.2427],[122.3174,30.2496]]],[[[122.1763,30.3519],[122.2472,30.3012],[122.2318,30.2346],[122.0581,30.2919],[122.1763,30.3519]]],[[[122.278,30.4716],[122.4326,30.4453],[122.4301,30.4087],[122.2817,30.4185],[122.278,30.4716]]],[[[122.5595,30.6798],[122.5705,30.6442],[122.5465,30.652],[122.5595,30.6798]]],[[[122.7812,30.6942],[122.7572,30.7137],[122.7787,30.7297],[122.7997,30.7163],[122.7812,30.6942]]],[[[122.8311,30.7286],[122.836,30.6988],[122.8077,30.7142],[122.8311,30.7286]]],[[[122.427,30.6978],[122.4455,30.7451],[122.4751,30.7142],[122.528,30.725],[122.533,30.6967],[122.427,30.6978]]],[[[121.9595,31.1593],[121.9509,31.2289],[122.0088,31.2212],[121.9959,31.1608],[121.9595,31.1593]]],[[[122.7048,39.0445],[122.7393,39.0366],[122.7578,39.0096],[122.7332,39.0142],[122.7048,39.0445]]],[[[123.2056,39.057],[123.144,39.0389],[123.1458,39.0919],[123.2056,39.057]]],[[[122.3186,39.1708],[122.3433,39.2032],[122.3932,39.2134],[122.3987,39.162],[122.3661,39.175],[122.3451,39.1448],[122.3186,39.1708]]],[[[122.6968,39.2065],[122.69,39.2348],[122.6284,39.232],[122.7405,39.2487],[122.7516,39.2297],[122.6968,39.2065]]],[[[122.5034,39.2413],[122.5478,39.2292],[122.5022,39.2241],[122.5034,39.2413]]],[[[122.5391,39.3084],[122.6408,39.2881],[122.679,39.2686],[122.5773,39.27],[122.5089,39.2904],[122.5391,39.3084]]],[[[123.0867,39.4269],[123.0541,39.4578],[123.0904,39.4509],[123.0867,39.4269]]],[[[122.9611,39.5511],[123.0226,39.5465],[123.0362,39.5331],[122.9955,39.4953],[122.945,39.5202],[122.9611,39.5511]]],[[[123.7168,39.7451],[123.7199,39.7631],[123.7568,39.7543],[123.7168,39.7451]]]]}},{"type":"Feature","properties":{"name":"第二级阶梯（内陆高原盆地）","terrain_step":"第二级阶梯（内陆高原盆地）","region_code":"CN_TERRAIN_STEP_第二","source_year":"approximated","source_name":"按省级区划归并的教学示意","license":"derived educational geometry","__fillColor":"#a16207","__fillOpacity":0.4,"__strokeColor":"#0f172a","__strokeWidth":0.6},"geometry":{"type":"MultiPolygon","coordinates":[[[[104.4896,24.6533],[104.5759,24.4247],[104.6165,24.4219],[104.611,24.3772],[104.7089,24.3211],[104.7034,24.4198],[104.7656,24.4595],[104.93,24.411],[105.0428,24.4421],[105.1068,24.4149],[105.1117,24.3723],[105.1881,24.3473],[105.1647,24.2884],[105.2429,24.2087],[105.2294,24.1656],[105.1826,24.1672],[105.2004,24.1055],[105.2602,24.0612],[105.3205,24.1164],[105.4062,24.0437],[105.493,24.017],[105.5337,24.1301],[105.5946,24.1377],[105.6285,24.1268],[105.6495,24.0328],[105.7653,24.0738],[105.7967,24.0235],[105.8595,24.0569],[105.8921,24.0405],[105.9192,24.1224],[105.9981,24.1208],[106.0498,24.0896],[106.1576,23.8912],[106.1927,23.8791],[106.1921,23.8249],[106.1367,23.7954],[106.1576,23.7242],[106.1207,23.6052],[106.1416,23.5696],[105.9999,23.4477],[105.9864,23.4895],[105.8521,23.5268],[105.7,23.4016],[105.6378,23.4044],[105.7,23.3275],[105.6495,23.3461],[105.5934,23.3126],[105.5263,23.2345],[105.5429,23.1845],[105.4456,23.2928],[105.3729,23.3176],[105.3255,23.3901],[105.238,23.2642],[105.0933,23.2609],[104.959,23.1889],[104.9491,23.152],[104.8826,23.1636],[104.8746,23.1234],[104.8044,23.1102],[104.8604,22.9709],[104.8463,22.9262],[104.7724,22.8937],[104.7379,22.8259],[104.5962,22.8463],[104.3757,22.6901],[104.2728,22.7382],[104.2617,22.8419],[104.1176,22.8088],[104.0456,22.7282],[104.0092,22.5177],[103.9649,22.5023],[103.6421,22.795],[103.5294,22.5929],[103.4364,22.6973],[103.4413,22.7531],[103.3231,22.8077],[103.283,22.6785],[103.1956,22.6482],[103.1611,22.5901],[103.1832,22.5586],[103.0718,22.4884],[103.0816,22.4542],[103.0305,22.4414],[102.9307,22.4824],[102.8802,22.5868],[102.8235,22.6233],[102.6073,22.731],[102.5698,22.7012],[102.5106,22.7746],[102.4595,22.763],[102.4367,22.6995],[102.3844,22.6796],[102.4047,22.6299],[102.2562,22.4575],[102.2704,22.4199],[102.1793,22.4304],[102.1454,22.3977],[102.1312,22.4309],[102.0462,22.458],[101.9076,22.437],[101.9015,22.3844],[101.8232,22.4271],[101.7746,22.5061],[101.6723,22.4752],[101.6483,22.4005],[101.6717,22.3728],[101.6255,22.2826],[101.5473,22.2383],[101.5966,22.1613],[101.5738,22.1153],[101.6261,22.006],[101.6064,21.9677],[101.7013,21.9388],[101.7001,21.8972],[101.7715,21.8333],[101.7475,21.73],[101.7801,21.641],[101.8288,21.6171],[101.8048,21.5775],[101.7549,21.5848],[101.7727,21.513],[101.7413,21.4829],[101.7302,21.3369],[101.7456,21.2973],[101.8337,21.2527],[101.8343,21.2048],[101.7949,21.2081],[101.7647,21.1478],[101.7031,21.1462],[101.6723,21.1947],[101.6058,21.1724],[101.6015,21.2332],[101.5325,21.2522],[101.2905,21.1785],[101.2221,21.2343],[101.2449,21.3024],[101.1839,21.3347],[101.1426,21.4094],[101.195,21.425],[101.1931,21.474],[101.2252,21.4991],[101.2092,21.5575],[101.1469,21.5603],[101.1691,21.5903],[101.1531,21.6693],[101.1168,21.691],[101.1235,21.7716],[101.0151,21.7072],[100.8704,21.6727],[100.7306,21.5185],[100.579,21.4517],[100.483,21.459],[100.4374,21.533],[100.3493,21.5286],[100.2988,21.4779],[100.2354,21.4668],[100.2064,21.5096],[100.1688,21.4829],[100.1313,21.5041],[100.1079,21.5853],[100.1694,21.6632],[100.1319,21.6999],[100.0493,21.6699],[99.9914,21.7038],[99.944,21.8211],[100.0001,21.9732],[99.9723,22.0531],[99.8713,22.067],[99.8701,22.0293],[99.649,22.1008],[99.5166,22.0997],[99.487,22.1286],[99.3546,22.0958],[99.2197,22.1108],[99.1562,22.1596],[99.1883,22.1629],[99.1753,22.1856],[99.2782,22.3463],[99.2517,22.3933],[99.3823,22.4934],[99.3595,22.5354],[99.386,22.5714],[99.3151,22.7376],[99.3854,22.7619],[99.4014,22.8264],[99.463,22.8446],[99.447,22.9345],[99.5313,22.897],[99.5634,22.9257],[99.5172,23.0067],[99.5283,23.0656],[99.3484,23.1289],[99.2554,23.0777],[99.1063,23.0865],[99.0484,23.1146],[99.0577,23.1647],[98.8895,23.2092],[98.937,23.3099],[98.8729,23.3297],[98.9209,23.361],[98.9123,23.4263],[98.8747,23.4834],[98.8261,23.4703],[98.8039,23.5405],[98.8821,23.62],[98.847,23.6321],[98.7848,23.7817],[98.669,23.8009],[98.7017,23.8343],[98.701,23.9464],[98.6733,23.9606],[98.7275,23.9705],[98.8951,24.0989],[98.8766,24.1514],[98.5939,24.0804],[98.5471,24.1284],[98.0913,24.0858],[97.9022,24.0142],[97.896,23.9743],[97.7956,23.9519],[97.718,23.8676],[97.6841,23.8769],[97.6472,23.8408],[97.6182,23.8884],[97.5283,23.9267],[97.7543,24.1639],[97.7297,24.2273],[97.7673,24.2584],[97.665,24.2965],[97.6626,24.3391],[97.7162,24.3587],[97.67,24.453],[97.5301,24.4432],[97.5708,24.6027],[97.5474,24.7392],[97.6804,24.8272],[97.7975,24.8457],[97.7297,24.9087],[97.7199,25.0806],[97.7962,25.156],[97.8393,25.2707],[97.9404,25.215],[98.0069,25.2983],[98.0697,25.3119],[98.1011,25.3887],[98.1375,25.3816],[98.1578,25.4573],[98.1313,25.5102],[98.1898,25.5691],[98.1707,25.6204],[98.2477,25.608],[98.3149,25.5432],[98.4023,25.5939],[98.4097,25.6641],[98.4578,25.683],[98.4768,25.7773],[98.5292,25.8409],[98.6407,25.7989],[98.706,25.8554],[98.6869,25.926],[98.6142,25.9685],[98.5754,26.1185],[98.6561,26.14],[98.661,26.0879],[98.7201,26.1271],[98.7355,26.1851],[98.7134,26.2313],[98.6727,26.2399],[98.6813,26.308],[98.7337,26.3509],[98.7817,26.6209],[98.7306,26.8513],[98.7571,26.8779],[98.7325,27.0023],[98.7657,27.0508],[98.7128,27.0758],[98.6961,27.2111],[98.7232,27.2212],[98.7411,27.3302],[98.6869,27.4254],[98.7066,27.5533],[98.6622,27.5867],[98.5834,27.5714],[98.5545,27.6461],[98.5354,27.6207],[98.4442,27.6652],[98.4294,27.5491],[98.3888,27.5151],[98.3173,27.5193],[98.2834,27.6546],[98.2342,27.6906],[98.2157,27.8109],[98.1695,27.8511],[98.2052,27.8897],[98.1874,27.9394],[98.143,27.9489],[98.1603,28.1011],[98.1393,28.1423],[98.1744,28.1634],[98.1695,28.2061],[98.2668,28.2425],[98.2089,28.3584],[98.3013,28.3842],[98.3777,28.2462],[98.3894,28.1148],[98.4288,28.1048],[98.4645,28.1512],[98.5594,28.1829],[98.6259,28.1655],[98.7121,28.2293],[98.7405,28.3484],[98.6739,28.4789],[98.6259,28.4895],[98.6376,28.552],[98.5945,28.6676],[98.6838,28.7401],[98.6241,28.9586],[98.786,28.999],[98.8526,28.7983],[98.9727,28.8324],[98.9739,28.8649],[98.9179,28.8869],[98.9259,28.9785],[99.0133,29.0366],[98.961,29.1658],[98.9813,29.205],[99.0244,29.1888],[99.1143,29.2436],[99.0755,29.3162],[99.0521,29.5637],[98.9924,29.6772],[99.0681,29.9316],[99.0447,30.0798],[98.9813,30.1828],[98.9653,30.4499],[98.9074,30.6983],[98.9634,30.7281],[98.9579,30.7652],[98.7971,30.8793],[98.7743,30.908],[98.8064,30.9958],[98.6752,31.1542],[98.6025,31.1921],[98.6438,31.3389],[98.6918,31.3333],[98.7731,31.2494],[98.8871,31.3746],[98.6191,31.5916],[98.5538,31.6603],[98.5458,31.7174],[98.4146,31.8324],[98.3992,31.8959],[98.4325,31.9228],[98.435,32.0076],[98.2188,32.2347],[98.2188,32.3424],[97.9404,32.4824],[97.7008,32.5349],[97.4236,32.7047],[97.3762,32.8864],[97.3478,32.8959],[97.3755,32.9567],[97.524,32.9888],[97.5,33.0114],[97.5425,33.036],[97.487,33.1072],[97.4876,33.1683],[97.6078,33.264],[97.6225,33.337],[97.6761,33.341],[97.7543,33.41],[97.5523,33.4659],[97.5117,33.5208],[97.5234,33.5772],[97.4156,33.6056],[97.423,33.755],[97.3719,33.842],[97.3983,33.8485],[97.3953,33.8892],[97.6293,33.9195],[97.6527,33.9984],[97.7026,34.0366],[97.6657,34.1269],[97.7667,34.1586],[97.8104,34.2076],[97.8985,34.2095],[98.0284,34.1229],[98.2064,34.0842],[98.3999,34.0852],[98.4405,33.9816],[98.4072,33.8674],[98.4633,33.8485],[98.4941,33.7689],[98.5828,33.7316],[98.6567,33.6474],[98.6173,33.6375],[98.6481,33.5487],[98.7257,33.5033],[98.7362,33.407],[98.7799,33.3705],[98.7596,33.277],[98.8021,33.2705],[98.8587,33.1508],[99.1963,33.0355],[99.2689,32.8783],[99.3761,32.8999],[99.5584,32.8391],[99.5892,32.7893],[99.7007,32.7667],[99.718,32.7324],[99.7605,32.7697],[99.7919,32.8833],[99.7642,32.9245],[99.7882,32.9567],[99.851,32.9416],[99.8775,33.0455],[99.9563,32.9482],[100.0383,32.9291],[100.0296,32.8959],[100.1233,32.8371],[100.1393,32.7244],[100.0881,32.669],[100.2083,32.6065],[100.2588,32.7425],[100.3394,32.7194],[100.3992,32.7561],[100.3783,32.6987],[100.4201,32.7319],[100.5452,32.5697],[100.6456,32.5263],[100.6616,32.6161],[100.7102,32.61],[100.6905,32.6781],[100.932,32.6004],[101.0773,32.6826],[101.1574,32.6614],[101.2233,32.7259],[101.2375,32.825],[101.1242,32.91],[101.1291,32.9893],[101.1839,32.9843],[101.1845,33.0415],[101.1463,33.0566],[101.1697,33.1002],[101.1248,33.2214],[101.1827,33.2695],[101.2972,33.2625],[101.3816,33.1533],[101.4032,33.2254],[101.4876,33.2269],[101.6335,33.1012],[101.7358,33.28],[101.6496,33.323],[101.6637,33.384],[101.6957,33.4339],[101.769,33.4559],[101.7777,33.5338],[101.7185,33.4949],[101.6224,33.5023],[101.5843,33.6743],[101.5017,33.7027],[101.3853,33.6449],[101.2369,33.6858],[101.1667,33.6599],[101.1907,33.7918],[101.1537,33.8445],[100.9948,33.8917],[100.8704,34.0837],[100.7644,34.1789],[100.8217,34.3174],[100.9511,34.3836],[101.0546,34.3228],[101.1938,34.3366],[101.3274,34.2447],[101.6206,34.1789],[101.7364,34.0803],[101.7641,34.1229],[101.8368,34.1244],[101.8516,34.1531],[101.9551,34.1095],[101.9655,34.1675],[102.0031,34.162],[102.0308,34.1907],[102.0136,34.2185],[102.0622,34.2279],[102.0678,34.2936],[102.1497,34.2719],[102.1866,34.353],[102.2593,34.3559],[102.1559,34.5075],[102.0019,34.5385],[101.9347,34.5873],[101.9169,34.8736],[102.0684,34.8878],[102.0481,34.9109],[102.0949,34.9869],[102.2957,35.0717],[102.3105,35.129],[102.4041,35.1794],[102.3702,35.2639],[102.2809,35.303],[102.3178,35.3431],[102.2877,35.3655],[102.2938,35.4241],[102.4084,35.4094],[102.4478,35.4372],[102.5032,35.5853],[102.7435,35.4947],[102.7829,35.5279],[102.7293,35.5235],[102.8087,35.5605],[102.6862,35.772],[102.7872,35.8627],[102.9449,35.8298],[102.9683,36.0444],[102.882,36.0826],[102.9412,36.1049],[102.9868,36.1933],[103.0668,36.217],[102.8968,36.3318],[102.8457,36.3318],[102.7718,36.4744],[102.7933,36.498],[102.7342,36.5624],[102.7619,36.5686],[102.6307,36.6508],[102.6012,36.7103],[102.7201,36.7679],[102.5611,36.9197],[102.4503,36.9685],[102.5063,37.0191],[102.4885,37.0784],[102.6424,37.0998],[102.5999,37.1747],[102.4903,37.2234],[102.4281,37.3086],[102.3,37.3914],[102.1035,37.4826],[102.1312,37.5463],[102.0351,37.6278],[102.0364,37.6851],[101.9988,37.7249],[101.9464,37.7282],[101.8159,37.6544],[101.7918,37.696],[101.6594,37.7334],[101.6705,37.7543],[101.5984,37.8276],[101.4592,37.8663],[101.3625,37.7912],[101.203,37.8474],[101.1032,37.9466],[100.895,38.0131],[100.9381,38.1601],[100.9135,38.1789],[100.8605,38.1483],[100.7152,38.2537],[100.6191,38.2659],[100.5951,38.2424],[100.475,38.2889],[100.4325,38.2753],[100.4244,38.3072],[100.3185,38.3293],[100.3019,38.3884],[100.2594,38.3664],[100.2403,38.4419],[100.0641,38.5187],[100.0259,38.5079],[100.0013,38.4672],[100.0222,38.432],[100.0931,38.4072],[100.1639,38.3283],[100.183,38.2222],[100.1263,38.2316],[100.0715,38.2847],[99.6595,38.4494],[99.5289,38.5463],[99.5018,38.6123],[99.4506,38.6043],[99.362,38.7184],[99.0688,38.897],[99.1076,38.9519],[98.9517,38.9877],[98.8168,39.0858],[98.7435,39.0867],[98.5846,38.93],[98.4578,38.9528],[98.3838,39.0296],[98.281,39.0273],[98.2422,38.8807],[98.0919,38.7865],[98.0093,38.8592],[97.7014,38.9631],[97.6792,39.0105],[97.3472,39.1675],[96.9623,39.1981],[97.0121,39.142],[96.9696,39.0979],[96.9407,38.9077],[97.0232,38.7557],[97.0091,38.7025],[97.0577,38.6726],[97.0559,38.5945],[96.961,38.558],[96.7941,38.6081],[96.7805,38.5042],[96.6666,38.4836],[96.7079,38.4592],[96.6266,38.356],[96.6654,38.2302],[96.3783,38.2771],[96.3358,38.2461],[96.3131,38.162],[96.2644,38.146],[96.0661,38.1732],[95.8961,38.2903],[95.8529,38.2875],[95.8369,38.3443],[95.7039,38.4001],[95.5185,38.295],[95.4877,38.3147],[95.4557,38.2917],[95.2592,38.303],[95.1224,38.417],[94.974,38.4301],[94.5613,38.3518],[94.5274,38.3654],[94.5274,38.4259],[94.3704,38.7627],[93.885,38.7207],[93.8,38.7506],[93.7563,38.8075],[93.8844,38.8261],[93.8844,38.8676],[93.7292,38.9244],[93.274,38.896],[93.1792,38.924],[93.1982,39.0459],[93.1317,39.1081],[93.1422,39.1606],[93.1151,39.1796],[92.9784,39.1434],[92.9389,39.1698],[92.4899,39.0998],[92.4591,39.0426],[92.3803,38.9998],[92.2639,39.0022],[91.8795,38.8844],[91.4465,38.8135],[91.2987,38.7464],[90.6193,38.6646],[90.6458,38.6352],[90.6088,38.5945],[90.4635,38.5566],[90.4271,38.4939],[90.1118,38.4779],[90.1118,38.4189],[90.1795,38.3968],[90.1376,38.3405],[90.2805,38.2381],[90.3526,38.2334],[90.3618,38.3002],[90.5312,38.3199],[90.5195,37.7306],[90.7776,37.6487],[90.8823,37.5757],[90.8657,37.5306],[90.9581,37.4779],[91.0733,37.476],[91.1348,37.3243],[91.1946,37.2739],[91.1909,37.2057],[91.2802,37.1638],[91.3036,37.0124],[91.181,37.0253],[91.1268,36.9785],[91.0517,36.9675],[91.0369,36.9297],[90.854,36.9154],[90.732,36.8258],[90.7548,36.7213],[90.7062,36.659],[90.7308,36.6556],[90.7413,36.5859],[91.0357,36.5297],[91.0283,36.4431],[91.0517,36.4339],[91.0264,36.3236],[91.0726,36.299],[91.0517,36.2382],[91.096,36.2199],[91.125,36.1155],[91.0813,36.0884],[90.979,36.1068],[90.923,36.0289],[90.8503,36.0168],[90.7764,36.0865],[90.6593,36.1349],[90.2368,36.1605],[90.1303,36.2078],[90.1457,36.2392],[90.0034,36.2788],[90.02,36.2136],[89.9449,36.1406],[89.9412,36.0676],[89.7668,36.0739],[89.4903,36.1513],[89.3757,36.2281],[89.2926,36.2315],[89.2322,36.2956],[89.199,36.2604],[89.1269,36.2546],[88.9643,36.3188],[88.9261,36.3646],[88.8029,36.3381],[88.7666,36.2923],[88.6237,36.3896],[88.5732,36.4614],[88.4986,36.4465],[88.4709,36.4821],[88.357,36.4773],[88.3662,36.458],[88.2418,36.4686],[88.1346,36.4272],[87.9831,36.4378],[87.9196,36.3935],[87.5704,36.3424],[87.4706,36.3545],[87.4602,36.4099],[87.4269,36.4258],[87.3635,36.4205],[87.292,36.3588],[87.1935,36.3492],[87.1491,36.2976],[86.9964,36.3087],[86.8873,36.2628],[86.8633,36.3],[86.7463,36.2918],[86.6995,36.2445],[86.3927,36.2068],[86.3582,36.1687],[86.1876,36.131],[86.1999,36.0478],[86.0903,35.8768],[85.9493,35.7788],[85.6912,35.7511],[85.613,35.6515],[85.5661,35.6403],[85.5187,35.6807],[85.374,35.7001],[85.2711,35.789],[85.1461,35.7424],[85.0531,35.7521],[84.7291,35.6135],[84.4488,35.5503],[84.4759,35.5162],[84.4531,35.4733],[84.1606,35.3597],[84.0959,35.3626],[84.0774,35.4002],[84.006,35.4226],[83.9062,35.4031],[83.8852,35.3675],[83.6222,35.3353],[83.2514,35.4177],[83.127,35.3987],[83.0679,35.4626],[82.9989,35.4845],[82.9675,35.6675],[82.795,35.6884],[82.7316,35.6379],[82.6287,35.6923],[82.4686,35.7176],[82.4249,35.7127],[82.3928,35.6563],[82.3362,35.6515],[82.3281,35.5595],[82.0343,35.4519],[82.0534,35.3504],[82.03,35.3216],[81.9555,35.3074],[81.9278,35.2713],[81.6863,35.2356],[81.5133,35.2351],[81.4412,35.3333],[81.3636,35.3548],[81.2195,35.3191],[81.1917,35.3655],[81.1425,35.365],[81.0994,35.4075],[81.0316,35.3806],[81.031,35.3372],[81.0026,35.3348],[81.0261,35.3113],[80.9638,35.3108],[80.8444,35.3455],[80.6891,35.3392],[80.6565,35.3938],[80.5148,35.3919],[80.4329,35.4494],[80.375,35.388],[80.3214,35.387],[80.2678,35.2957],[80.3627,35.2087],[80.258,35.2033],[80.2303,35.1476],[80.0313,35.0344],[80.0344,34.902],[79.9968,34.8564],[79.9266,34.8495],[79.9475,34.821],[79.8983,34.732],[79.9069,34.6838],[79.8669,34.6715],[79.8859,34.643],[79.8435,34.5573],[79.8613,34.5282],[79.8016,34.4788],[79.6999,34.4779],[79.6759,34.4512],[79.5453,34.4764],[79.2417,34.4152],[79.1616,34.4413],[79.039,34.4216],[79.0107,34.3999],[79.0396,34.3347],[78.959,34.386],[78.8998,34.3549],[78.7428,34.4547],[78.7588,34.4818],[78.7083,34.5222],[78.635,34.538],[78.5814,34.5055],[78.5426,34.5745],[78.436,34.5439],[78.4274,34.5942],[78.2808,34.6233],[78.2673,34.7055],[78.2131,34.7178],[78.2377,34.8824],[78.1823,34.9369],[78.202,34.9746],[78.1231,35.0369],[78.1508,35.0697],[78.125,35.1084],[78.0628,35.1148],[78.0603,35.1803],[78.0172,35.2283],[78.0135,35.366],[78.1404,35.4947],[78.0295,35.4694],[77.9174,35.4908],[77.9149,35.465],[77.8164,35.5186],[77.6907,35.4484],[77.6575,35.4777],[77.6396,35.4548],[77.5189,35.4821],[77.3969,35.4679],[77.3076,35.5405],[77.1955,35.5191],[77.0723,35.5912],[76.9067,35.615],[76.8488,35.668],[76.7693,35.6539],[76.6929,35.7477],[76.5938,35.772],[76.566,35.8191],[76.5974,35.8957],[76.558,35.9233],[76.4318,35.8516],[76.3696,35.8632],[76.3659,35.8244],[76.1601,35.8244],[76.1651,35.9088],[76.0973,36.0226],[75.9827,36.0313],[75.9495,36.0701],[75.9365,36.1349],[76.0166,36.1653],[76.0117,36.229],[76.061,36.2252],[75.9914,36.352],[76.0351,36.4094],[75.992,36.5057],[75.9242,36.5662],[75.947,36.5908],[75.8713,36.6666],[75.6341,36.7717],[75.5374,36.7731],[75.5368,36.73],[75.4586,36.7209],[75.4259,36.7789],[75.4302,36.8733],[75.3964,36.9044],[75.4136,36.9546],[75.0323,37.0167],[74.8938,36.9398],[74.847,37.0569],[74.7392,37.0282],[74.709,37.0846],[74.5679,37.0325],[74.5304,37.0822],[74.4989,37.0722],[74.4651,37.1471],[74.5113,37.24],[74.6425,37.2615],[74.6659,37.2358],[74.7275,37.2829],[74.8162,37.2167],[74.911,37.2334],[74.927,37.2777],[75.126,37.3224],[75.1401,37.3553],[75.1297,37.4594],[75.0785,37.5111],[75.0022,37.5116],[74.9406,37.5591],[74.8919,37.6681],[75.0065,37.7708],[74.9172,37.8451],[74.9258,38.0174],[74.8796,38.0211],[74.8045,38.1671],[74.7897,38.3246],[74.8685,38.4039],[74.863,38.484],[74.64,38.5997],[74.422,38.6478],[74.1479,38.6768],[74.0684,38.5856],[74.0906,38.5421],[74.0117,38.5248],[73.9261,38.536],[73.899,38.5791],[73.7992,38.6109],[73.7574,38.7198],[73.7691,38.7758],[73.6995,38.8578],[73.7426,38.9338],[73.8263,38.917],[73.8399,39.0082],[73.8202,39.0417],[73.7432,39.0296],[73.6397,39.2204],[73.5424,39.2695],[73.5541,39.3501],[73.5024,39.3839],[73.5929,39.4121],[73.6108,39.4657],[73.8682,39.4828],[73.9163,39.5866],[73.9538,39.6],[73.9243,39.7221],[73.8417,39.7562],[73.8454,39.8311],[73.907,39.8738],[73.9107,39.9344],[73.9803,40.0046],[73.9434,40.0161],[74.0234,40.0853],[74.263,40.1251],[74.3567,40.0894],[74.5772,40.2604],[74.6733,40.2787],[74.7004,40.3462],[74.9085,40.3389],[74.7952,40.4433],[74.8445,40.5211],[74.9954,40.4551],[75.2424,40.4487],[75.5996,40.6597],[75.6366,40.6243],[75.6464,40.5166],[75.7333,40.4742],[75.6698,40.364],[75.7093,40.2809],[75.8312,40.3275],[75.9218,40.2914],[75.9864,40.3818],[76.0265,40.3553],[76.0813,40.3963],[76.1761,40.3813],[76.2796,40.4392],[76.3332,40.3435],[76.5396,40.4642],[76.5568,40.5425],[76.6572,40.6202],[76.6769,40.696],[76.6467,40.76],[76.7317,40.8189],[76.7619,40.9542],[76.8537,40.9763],[76.8857,41.0273],[77.0021,41.0734],[77.0914,41.0626],[77.169,41.0093],[77.2368,41.0278],[77.2965,41.0048],[77.3631,41.0409],[77.5916,40.9921],[77.7807,41.0228],[77.8293,41.0594],[77.8072,41.0919],[77.8361,41.1532],[78.1293,41.2284],[78.1638,41.3835],[78.3855,41.3947],[78.5808,41.4818],[78.6504,41.4674],[78.6966,41.5418],[78.8253,41.5602],[78.9577,41.6515],[79.217,41.7256],[79.3261,41.8096],[79.7763,41.8925],[79.8527,42.0153],[79.9235,42.0424],[80.1422,42.0349],[80.1933,42.0815],[80.1397,42.1512],[80.1637,42.1526],[80.1687,42.2005],[80.2863,42.2333],[80.2925,42.2598],[80.2062,42.4315],[80.2654,42.5021],[80.1637,42.6299],[80.2284,42.6929],[80.2623,42.8286],[80.407,42.8348],[80.6029,42.8944],[80.3787,43.0315],[80.593,43.1333],[80.7945,43.1373],[80.8043,43.1783],[80.7772,43.3082],[80.6861,43.3339],[80.7612,43.4466],[80.755,43.4943],[80.5222,43.8165],[80.4495,44.078],[80.3941,44.127],[80.4132,44.2647],[80.3504,44.4846],[80.4003,44.6288],[80.2007,44.7568],[80.1699,44.8447],[79.9993,44.7938],[79.9537,44.8494],[79.9691,44.8778],[79.8878,44.9092],[80.112,45.0527],[80.2438,45.0315],[80.3282,45.07],[80.3584,45.0408],[80.4939,45.127],[80.5992,45.1059],[80.7316,45.1562],[80.8979,45.1275],[80.9355,45.1604],[81.0809,45.1827],[81.1117,45.2182],[81.4375,45.2826],[81.4628,45.2641],[81.5755,45.3079],[81.5829,45.3365],[81.788,45.3836],[81.921,45.2333],[82.0528,45.2557],[82.0959,45.2498],[82.1095,45.2114],[82.2943,45.2477],[82.4871,45.1811],[82.5628,45.2047],[82.601,45.3462],[82.5468,45.426],[82.282,45.5389],[82.2666,45.6202],[82.29,45.7164],[82.3405,45.7727],[82.3429,45.9353],[82.4618,45.9798],[82.5185,46.1538],[82.7267,46.4948],[82.8295,46.7726],[82.8782,46.7971],[83.0272,47.2154],[83.1547,47.2362],[83.2576,47.1731],[83.3703,47.1784],[83.419,47.119],[83.4633,47.132],[83.576,47.0591],[83.9327,46.9702],[84.4254,47.0089],[84.5067,46.973],[84.7482,47.0098],[84.9551,46.861],[84.9872,46.9183],[85.082,46.9399],[85.2767,47.0689],[85.3259,47.0448],[85.5458,47.0579],[85.5828,47.1426],[85.6826,47.2228],[85.701,47.2886],[85.6758,47.3218],[85.7016,47.3843],[85.685,47.4288],[85.6148,47.498],[85.5316,48.0462],[85.5871,48.1917],[85.7916,48.419],[86.2258,48.4325],[86.3053,48.492],[86.4161,48.4817],[86.58,48.5388],[86.641,48.629],[86.7808,48.7314],[86.7543,48.7846],[86.8214,48.8504],[86.758,48.8949],[86.7321,48.9948],[86.8362,49.0513],[86.8879,49.132],[87.1128,49.1555],[87.4368,49.0752],[87.5119,49.1018],[87.5174,49.1457],[87.8211,49.1739],[87.8673,49.1089],[87.8353,49.0544],[87.9116,48.9798],[87.7601,48.926],[87.7423,48.8811],[87.7811,48.8721],[87.8266,48.8008],[88.0909,48.7199],[87.9615,48.5994],[87.9732,48.576],[88.3182,48.4785],[88.4383,48.3935],[88.5233,48.4035],[88.6058,48.3379],[88.575,48.2778],[88.6384,48.1837],[88.7007,48.1809],[88.8245,48.107],[88.939,48.1154],[89.0782,47.987],[89.2316,47.9802],[89.3813,48.0462],[89.5691,48.0378],[89.6511,47.9136],[89.7354,47.8976],[89.7619,47.8358],[89.9578,47.843],[89.9603,47.8859],[90.0662,47.8835],[90.076,47.7775],[90.1352,47.7231],[90.3846,47.6442],[90.3464,47.6373],[90.4684,47.4976],[90.4684,47.4049],[90.5263,47.379],[90.4881,47.3174],[90.5614,47.2069],[90.7671,46.9926],[90.9014,46.9608],[90.9581,46.8794],[90.9427,46.8258],[91.0542,46.7176],[91.0178,46.5824],[91.0794,46.559],[90.9833,46.3747],[90.9002,46.3124],[91.0215,46.121],[91.0283,46.0231],[90.7148,45.7289],[90.6766,45.5825],[90.671,45.4877],[90.7727,45.4323],[90.8047,45.2948],[90.8977,45.2498],[90.8817,45.192],[91.1299,45.2161],[91.242,45.1372],[91.3775,45.111],[91.449,45.1566],[91.5617,45.0755],[92.0569,45.0869],[92.2405,45.0159],[92.501,45.0011],[92.8841,45.0468],[92.9328,45.0176],[93.5093,44.9681],[94.2152,44.6679],[94.3297,44.5827],[94.3593,44.5158],[94.4708,44.5094],[94.6063,44.4483],[94.7227,44.3406],[94.9457,44.2926],[94.9986,44.2532],[95.4138,44.2986],[95.4304,44.2819],[95.3762,44.2274],[95.3269,44.0286],[95.5271,44.0075],[95.8579,43.4174],[95.88,43.2803],[96.3636,42.9006],[96.3863,42.7276],[96.9684,42.7562],[97.1729,42.7953],[98.1954,42.6533],[99.5122,42.5682],[99.9693,42.648],[100.2723,42.6365],[100.3253,42.6902],[100.863,42.6713],[101.8035,42.5039],[102.0702,42.2324],[102.449,42.1441],[102.712,42.153],[103.4185,41.8822],[103.8688,41.8024],[104.08,41.8051],[104.5303,41.8751],[104.5241,41.6617],[104.9233,41.6541],[105.0095,41.583],[105.2306,41.7511],[105.2916,41.7498],[105.7418,41.949],[106.7859,42.2913],[107.2718,42.3643],[107.3039,42.4125],[107.4665,42.4588],[107.5743,42.4129],[107.9395,42.4036],[108.2383,42.4602],[108.8456,42.3957],[109.026,42.4584],[109.2915,42.4359],[109.544,42.4725],[109.7338,42.5793],[109.9062,42.6356],[110.1082,42.6427],[110.4372,42.7812],[110.4698,42.8392],[110.6312,42.9361],[110.7365,43.0897],[111.0204,43.33],[111.4565,43.4943],[111.5643,43.4904],[111.7941,43.6721],[111.9511,43.6933],[111.9598,43.8234],[111.8704,43.9403],[111.6629,44.0612],[111.5594,44.1712],[111.5341,44.2622],[111.4288,44.3196],[111.4159,44.3572],[111.4787,44.4889],[111.5699,44.5763],[111.5606,44.6471],[111.6247,44.7785],[111.7645,44.9693],[112.0029,45.0907],[112.439,45.0717],[112.5997,44.9308],[112.8504,44.8405],[113.6314,44.7453],[113.8618,44.8634],[113.9074,44.9151],[114.1168,44.957],[114.4599,45.2135],[114.5196,45.2839],[114.551,45.3874],[114.745,45.4382],[114.9834,45.3794],[115.3647,45.3924],[115.6997,45.4596],[116.0354,45.685],[116.1746,45.6888],[116.2867,45.7752],[116.2886,45.8391],[116.243,45.8762],[116.2719,45.9669],[116.5855,46.2925],[116.7456,46.3276],[116.8343,46.3842],[117.372,46.3603],[117.3923,46.463],[117.4478,46.5281],[117.4201,46.582],[117.5962,46.6034],[117.704,46.5166],[117.7484,46.5219],[117.8709,46.5499],[117.9147,46.6079],[118.3163,46.7393],[118.4468,46.7045],[118.586,46.693],[118.639,46.7213],[118.7881,46.6872],[118.8453,46.7717],[118.9143,46.775],[118.9125,46.7332],[119.0116,46.7459],[119.1231,46.6429],[119.263,46.649],[119.3744,46.6034],[119.4317,46.6388],[119.558,46.6338],[119.6565,46.6256],[119.6775,46.5849],[119.7834,46.626],[119.8044,46.6819],[119.9115,46.6696],[119.9349,46.7127],[119.9269,46.904],[119.8598,46.917],[119.7163,47.1955],[119.5678,47.2484],[119.5592,47.3032],[119.3221,47.4272],[119.3658,47.4774],[119.1521,47.5405],[119.1342,47.6643],[118.7733,47.771],[118.5682,47.9922],[118.1247,48.0474],[118.052,48.0142],[117.8136,48.0162],[117.3843,47.6414],[117.0948,47.8241],[116.7912,47.8976],[116.453,47.8374],[116.2658,47.8767],[116.1303,47.8233],[115.9393,47.6833],[115.5802,47.9216],[115.5291,48.1553],[115.8229,48.2594],[115.7995,48.515],[116.0779,48.8225],[116.0484,48.8733],[116.7179,49.8473],[117.069,49.6954],[117.2784,49.6365],[117.4853,49.633],[117.8093,49.5213],[117.866,49.5915],[118.0828,49.6167],[118.1296,49.6694],[118.2115,49.6907],[118.2208,49.7298],[118.384,49.784],[118.3859,49.8272],[118.4838,49.8307],[118.485,49.8662],[118.5749,49.9313],[119.0905,49.9856],[119.1632,50.0276],[119.1903,50.0879],[119.2365,50.0752],[119.3098,50.1612],[119.3504,50.1661],[119.3584,50.198],[119.319,50.2209],[119.3818,50.3242],[119.3584,50.359],[119.1884,50.3475],[119.1256,50.3891],[119.165,50.4227],[119.2174,50.4147],[119.2956,50.5738],[119.2814,50.6016],[119.3615,50.6327],[119.3855,50.6828],[119.4502,50.6953],[119.5069,50.7638],[119.4915,50.8788],[119.7643,51.092],[119.7883,51.1746],[119.7606,51.2125],[119.8216,51.2144],[119.8111,51.2811],[119.9466,51.3607],[119.9109,51.391],[119.9713,51.4003],[120.0027,51.4593],[119.9854,51.5051],[120.0526,51.561],[120.036,51.5837],[120.1006,51.6491],[120.0871,51.678],[120.1727,51.6799],[120.4006,51.8336],[120.48,51.855],[120.4813,51.8857],[120.6568,51.9263],[120.7178,52.0156],[120.6907,52.0472],[120.7535,52.0855],[120.7868,52.1579],[120.7455,52.2059],[120.7554,52.2584],[120.6273,52.3239],[120.6236,52.3612],[120.6882,52.4276],[120.687,52.5115],[120.7344,52.537],[120.4622,52.6453],[120.3969,52.6163],[120.2897,52.6235],[120.1949,52.5788],[120.076,52.5861],[120.0353,52.6464],[120.0711,52.7063],[120.0316,52.7737],[120.2971,52.8699],[120.4529,53.0102],[120.6439,53.1069],[120.6907,53.1748],[120.8385,53.2396],[120.8207,53.269],[121.0984,53.3069],[121.1292,53.2772],[121.2278,53.2805],[121.3368,53.3259],[121.4994,53.3373],[121.6799,53.2407],[121.6651,53.1705],[121.7532,53.1475],[121.8179,53.0616],[121.7858,53.0185],[121.7156,52.9979],[121.6626,52.9125],[121.6103,52.8923],[121.6208,52.8533],[121.5912,52.8247],[121.1822,52.5992],[121.3239,52.5737],[121.5191,52.4568],[121.6399,52.4444],[121.6787,52.42],[121.6583,52.3904],[121.7144,52.318],[121.8413,52.2825],[121.9478,52.2983],[122.169,52.5137],[122.2078,52.4692],[122.3106,52.4754],[122.342,52.4141],[122.419,52.3751],[122.4474,52.3941],[122.4782,52.2961],[122.7874,52.2525],[122.7381,52.1535],[122.6291,52.1366],[122.6254,52.0675],[122.6839,51.9747],[122.7264,51.9787],[122.7061,51.8902],[122.772,51.7796],[122.7492,51.7466],[122.8563,51.6067],[122.8329,51.5818],[122.8742,51.5613],[122.8545,51.4776],[122.966,51.3869],[123.0029,51.3121],[123.0695,51.3211],[123.2943,51.2541],[123.4403,51.271],[123.662,51.3192],[123.7113,51.3981],[123.8425,51.3675],[123.9262,51.3005],[124.2391,51.3447],[124.2718,51.3084],[124.4067,51.2721],[124.4436,51.3581],[124.4904,51.3805],[124.6265,51.3275],[124.6937,51.3327],[124.7836,51.3921],[124.8643,51.3798],[124.9425,51.4473],[124.929,51.4984],[125.0472,51.5297],[125.0731,51.5535],[125.0602,51.5967],[125.1285,51.6591],[125.1304,51.6353],[125.3515,51.6238],[125.7001,51.3275],[125.7617,51.2264],[125.8504,51.2136],[125.8646,51.1465],[125.9465,51.1082],[125.9939,51.1191],[125.9761,51.0845],[126.0592,51.0435],[126.034,51.0111],[126.0685,50.9674],[126.0426,50.9256],[125.9964,50.9067],[125.9976,50.8727],[125.9619,50.9011],[125.8289,50.7567],[125.7586,50.7468],[125.8258,50.7036],[125.7894,50.6797],[125.8295,50.5617],[125.6275,50.4433],[125.5622,50.4383],[125.5831,50.4097],[125.5363,50.42],[125.5468,50.359],[125.4636,50.2959],[125.4488,50.2163],[125.3355,50.1612],[125.3761,50.1374],[125.3115,50.1405],[125.2585,50.1036],[125.3281,50.066],[125.253,50.0414],[125.2979,50.0145],[125.2314,49.9575],[125.1901,49.9598],[125.2456,49.872],[125.1778,49.8295],[125.2228,49.799],[125.2197,49.6691],[125.1852,49.6346],[125.1649,49.6694],[125.1273,49.6551],[125.2302,49.5954],[125.2339,49.5368],[125.2111,49.5399],[125.2708,49.4544],[125.2616,49.3223],[125.2148,49.2771],[125.2197,49.1891],[125.1175,49.1261],[125.0398,49.1762],[124.9068,49.1841],[124.8095,49.1159],[124.8083,49.0207],[124.7442,48.9205],[124.7091,48.9205],[124.6974,48.8418],[124.6543,48.8343],[124.6019,48.6326],[124.5206,48.5562],[124.5557,48.4678],[124.5077,48.4456],[124.5188,48.378],[124.5797,48.2973],[124.5126,48.1645],[124.5298,48.147],[124.4159,48.0878],[124.475,48.1737],[124.419,48.1817],[124.4221,48.2459],[124.318,48.351],[124.3143,48.5039],[124.2595,48.5364],[123.7464,48.1976],[123.5795,48.0454],[123.3004,47.9537],[123.1618,47.7819],[122.8489,47.6744],[122.594,47.5473],[122.5071,47.4013],[122.4184,47.3506],[122.6155,47.1243],[122.8526,47.0722],[122.7744,46.9738],[122.7911,46.9416],[122.8951,46.9604],[122.9068,46.8074],[123.0036,46.7307],[123.1637,46.7402],[123.2216,46.8504],[123.2955,46.8651],[123.3411,46.8266],[123.3743,46.8377],[123.4045,46.9354],[123.3602,46.971],[123.3041,46.9649],[123.3017,47.0],[123.3374,46.9889],[123.4236,46.9342],[123.5283,46.9448],[123.4834,46.8459],[123.5068,46.827],[123.5628,46.8258],[123.577,46.8913],[123.6053,46.8913],[123.6256,46.8475],[123.5801,46.8274],[123.6293,46.8135],[123.6318,46.7287],[123.6035,46.6893],[123.2764,46.6609],[123.2795,46.617],[123.2284,46.5882],[123.046,46.6178],[123.0528,46.58],[123.0023,46.5746],[123.0116,46.435],[123.1785,46.2482],[123.1027,46.172],[123.1126,46.1302],[123.046,46.0999],[122.7929,46.0733],[122.8286,45.9124],[122.7522,45.8349],[122.7923,45.7661],[122.7418,45.7051],[122.6716,45.7005],[122.6408,45.7711],[122.5564,45.8216],[122.5046,45.7869],[122.496,45.8582],[122.4461,45.917],[122.3624,45.9174],[122.3728,45.8562],[122.254,45.7982],[122.201,45.857],[122.0913,45.882],[122.0402,45.959],[121.8437,46.0243],[121.7618,45.9989],[121.8092,45.9611],[121.8173,45.8753],[121.7544,45.7949],[121.6442,45.7523],[121.7138,45.7017],[121.8111,45.6871],[121.8671,45.7197],[121.97,45.693],[122.0033,45.6231],[121.9663,45.5963],[122.0026,45.5079],[122.1683,45.4399],[122.1474,45.2957],[122.2392,45.2763],[122.2299,45.2068],[122.1431,45.1832],[122.1098,45.1422],[122.079,44.9143],[122.0495,44.913],[122.1,44.7823],[122.169,44.7704],[122.1104,44.7679],[122.1024,44.7364],[122.1616,44.7283],[122.103,44.6739],[122.1314,44.5776],[122.1961,44.5597],[122.2281,44.4803],[122.286,44.4778],[122.2712,44.2557],[122.4831,44.2369],[122.6753,44.2857],[122.7609,44.3696],[123.0251,44.4932],[123.1249,44.5098],[123.1286,44.3671],[123.197,44.3448],[123.2869,44.2116],[123.3867,44.1618],[123.3281,44.084],[123.3312,44.029],[123.4008,43.9795],[123.3706,43.97],[123.468,43.8536],[123.4827,43.7374],[123.537,43.634],[123.5117,43.5928],[123.4212,43.5984],[123.4526,43.546],[123.3047,43.5507],[123.3158,43.4922],[123.383,43.4691],[123.4199,43.41],[123.4864,43.4453],[123.6084,43.3661],[123.7039,43.3705],[123.6983,43.2721],[123.6645,43.2647],[123.6768,43.2237],[123.646,43.2089],[123.6669,43.1796],[123.5727,43.0035],[123.4747,43.0424],[123.2592,42.9934],[123.184,42.926],[123.1699,42.8598],[123.2278,42.8317],[123.0584,42.7689],[122.8871,42.7702],[122.8489,42.7122],[122.7332,42.786],[122.6247,42.7733],[122.5564,42.8277],[122.4369,42.8431],[122.3513,42.8304],[122.3716,42.7764],[122.4609,42.7553],[122.3962,42.6841],[122.339,42.67],[122.2047,42.7329],[122.2047,42.6854],[122.0624,42.7236],[121.9392,42.6885],[121.8899,42.5568],[121.699,42.4385],[121.6657,42.4372],[121.6078,42.5162],[121.5709,42.4871],[121.3861,42.4743],[121.0707,42.2541],[120.8835,42.2696],[120.8835,42.2426],[120.8299,42.2528],[120.4665,42.1055],[120.4936,42.0735],[120.4505,42.0571],[120.4566,42.0162],[120.2719,41.9254],[120.2866,41.88],[120.1887,41.8484],[120.0963,41.6971],[120.036,41.7082],[120.0415,41.8189],[119.8456,42.0971],[119.8419,42.2155],[119.6171,42.2528],[119.5395,42.2979],[119.5722,42.3594],[119.5026,42.3882],[119.4329,42.3174],[119.2802,42.2607],[119.2377,42.2009],[119.3849,42.0895],[119.3757,42.0233],[119.3245,41.9695],[119.3344,41.8715],[119.2925,41.7908],[119.3178,41.764],[119.3079,41.6573],[119.42,41.5678],[119.3621,41.5664],[119.4065,41.5033],[119.3763,41.4221],[119.3098,41.4059],[119.3307,41.3853],[119.2962,41.3251],[119.1977,41.2828],[118.9494,41.3179],[118.8909,41.3008],[118.8435,41.3745],[118.7419,41.3242],[118.5281,41.3552],[118.3803,41.3121],[118.3489,41.3426],[118.3489,41.4284],[118.2719,41.4714],[118.3156,41.5127],[118.3027,41.5526],[118.2152,41.5955],[118.2066,41.6506],[118.1327,41.7332],[118.1783,41.8149],[118.2922,41.773],[118.3353,41.8452],[118.3403,41.8724],[118.2688,41.9303],[118.3064,41.9401],[118.3138,41.9882],[118.2399,42.0247],[118.2965,42.0575],[118.2393,42.0926],[118.1943,42.0313],[118.1167,42.0371],[118.1555,42.0811],[118.0976,42.1051],[118.1062,42.1721],[117.9775,42.2297],[118.06,42.2984],[118.0089,42.3466],[118.0243,42.3851],[117.7798,42.6185],[117.6671,42.5823],[117.4755,42.6026],[117.3874,42.5175],[117.4102,42.5197],[117.4133,42.4716],[117.3905,42.4619],[117.0955,42.484],[116.9218,42.4036],[116.8867,42.3665],[116.9033,42.1907],[116.7893,42.2005],[116.8904,42.0926],[116.8799,42.0184],[116.7961,41.978],[116.5534,41.9286],[116.5109,41.9744],[116.3933,41.9428],[116.4142,41.9824],[116.3736,42.01],[116.3101,41.9971],[116.2239,41.9326],[116.1943,41.8617],[116.1229,41.8617],[116.1291,41.806],[116.0989,41.7765],[116.0071,41.7975],[115.9166,41.945],[115.8346,41.9383],[115.6542,41.8292],[115.3468,41.7122],[115.3191,41.6917],[115.3776,41.6031],[115.3105,41.5929],[115.2901,41.6228],[115.2039,41.5714],[115.1953,41.6023],[115.0992,41.6237],[114.8608,41.6009],[114.9027,41.6957],[114.8688,41.8136],[114.9391,41.8461],[114.8627,42.098],[114.7943,42.1495],[114.7549,42.1157],[114.5603,42.1326],[114.4802,42.0647],[114.4679,42.026],[114.5116,41.982],[114.4783,41.9517],[114.3521,41.9535],[114.2005,41.7899],[114.2375,41.6988],[114.2153,41.685],[114.2591,41.6233],[114.2264,41.6166],[114.2307,41.5136],[114.0324,41.5297],[113.8778,41.4311],[113.9449,41.3925],[113.8994,41.3161],[113.9714,41.2396],[113.9924,41.2698],[114.0164,41.232],[113.9967,41.1924],[113.8193,41.0977],[113.9948,40.9388],[114.0576,40.9252],[114.0737,40.8574],[114.0447,40.8307],[114.1045,40.7976],[114.2363,40.607],[114.2831,40.5907],[114.2671,40.4742],[114.312,40.3726],[114.5307,40.3453],[114.4697,40.2682],[114.2554,40.2362],[114.2357,40.1983],[114.1359,40.1754],[114.0977,40.1937],[114.073,40.1685],[114.0866,40.0715],[114.0459,40.0569],[113.9893,40.1123],[113.9591,40.0335],[113.9104,40.0156],[114.0293,39.9858],[114.0472,39.9161],[114.1741,39.8977],[114.2122,39.9188],[114.2159,39.8619],[114.3952,39.8674],[114.4081,39.6521],[114.4315,39.6139],[114.4956,39.6083],[114.5153,39.565],[114.5689,39.5737],[114.4691,39.401],[114.4666,39.3297],[114.4309,39.3075],[114.4161,39.2427],[114.4759,39.2162],[114.4438,39.174],[114.3884,39.1768],[114.3459,39.0751],[114.1088,39.0524],[114.0509,39.136],[113.8981,39.0677],[113.7675,38.9598],[113.7762,38.8858],[113.8556,38.8289],[113.8396,38.7585],[113.8026,38.7632],[113.7755,38.7099],[113.7207,38.7132],[113.7023,38.6516],[113.6129,38.6459],[113.6031,38.587],[113.5618,38.5585],[113.5464,38.4929],[113.5834,38.4597],[113.5255,38.3832],[113.5575,38.3434],[113.5446,38.2706],[113.5988,38.2273],[113.7115,38.2137],[113.7207,38.1747],[113.8316,38.1685],[113.8113,38.1177],[113.8766,38.0551],[113.8722,37.9905],[113.9591,37.9065],[113.977,37.8167],[114.0447,37.7618],[113.9936,37.7069],[114.0681,37.7216],[114.1396,37.6757],[114.1186,37.5908],[113.9024,37.3101],[113.8864,37.2391],[113.8322,37.1676],[113.7731,37.1519],[113.7731,36.8551],[113.6967,36.8824],[113.6807,36.7899],[113.4651,36.7079],[113.507,36.705],[113.4867,36.6354],[113.5446,36.6234],[113.5889,36.548],[113.5544,36.4946],[113.7084,36.4234],[113.7312,36.3631],[113.6819,36.2165],[113.6979,36.1817],[113.6511,36.1745],[113.7127,36.1295],[113.6554,36.1252],[113.6856,36.056],[113.6604,36.0347],[113.6949,36.027],[113.6788,35.9858],[113.6487,35.9941],[113.6376,35.87],[113.661,35.837],[113.5828,35.8181],[113.6253,35.6325],[113.5476,35.6568],[113.5581,35.6218],[113.499,35.5323],[113.3481,35.4684],[113.3124,35.4811],[113.3044,35.427],[113.1898,35.4489],[113.1263,35.3323],[112.9964,35.3621],[112.9921,35.2962],[112.8843,35.2439],[112.8221,35.2581],[112.7728,35.2077],[112.7204,35.2063],[112.6281,35.2635],[112.6373,35.2258],[112.2881,35.22],[112.3047,35.2517],[112.2425,35.2346],[112.0589,35.2801],[112.0786,35.2195],[112.0398,35.194],[112.062,35.056],[111.9333,35.0834],[111.8101,35.0624],[111.807,35.033],[111.6641,34.9844],[111.682,34.9511],[111.5705,34.8431],[111.2551,34.8195],[111.2329,34.7896],[111.1486,34.8077],[111.1184,34.7566],[110.9761,34.7065],[110.9201,34.7301],[110.8837,34.6439],[110.8246,34.6159],[110.7494,34.6523],[110.71,34.605],[110.3793,34.6006],[110.3669,34.5666],[110.4045,34.5577],[110.3608,34.5168],[110.5037,34.3371],[110.4285,34.2882],[110.4396,34.2432],[110.6423,34.161],[110.5918,34.1016],[110.5874,34.0233],[110.6207,34.0357],[110.6657,33.9379],[110.5874,33.8877],[110.6121,33.8525],[110.7821,33.7963],[110.824,33.6858],[111.0038,33.5787],[111.0266,33.4679],[110.9964,33.4359],[111.026,33.3305],[110.9847,33.2555],[110.9219,33.2039],[110.8289,33.2014],[110.8246,33.1583],[110.7531,33.1503],[110.7026,33.0972],[110.6509,33.1573],[110.5942,33.1683],[110.5776,33.2505],[110.5413,33.2555],[110.471,33.1714],[110.3725,33.1864],[110.338,33.1603],[110.2185,33.1633],[110.1649,33.2094],[110.0313,33.1919],[109.852,33.248],[109.7325,33.2314],[109.6198,33.2755],[109.6069,33.2359],[109.5145,33.238],[109.4387,33.1523],[109.5761,33.1102],[109.6882,33.1167],[109.7947,33.0671],[109.7645,32.9095],[109.7898,32.8823],[109.9074,32.9039],[110.1052,32.8326],[110.1594,32.7672],[110.1569,32.6831],[110.2062,32.6332],[110.1538,32.5934],[110.0904,32.6171],[110.0842,32.5808],[110.0177,32.547],[109.9105,32.5929],[109.6315,32.5999],[109.6371,32.5409],[109.5755,32.5066],[109.5028,32.389],[109.4954,32.3005],[109.5502,32.2251],[109.5927,32.2195],[109.6217,32.1065],[109.5909,32.0127],[109.6315,31.9624],[109.5847,31.9005],[109.634,31.8044],[109.5921,31.7891],[109.5859,31.7265],[109.7313,31.7006],[109.7645,31.6028],[109.7276,31.5482],[109.8378,31.5554],[109.9697,31.5089],[109.945,31.4707],[109.9875,31.4747],[110.054,31.4109],[110.1187,31.4099],[110.2,31.1588],[110.1199,31.0886],[110.1409,30.9871],[110.1729,30.9789],[110.152,30.9116],[110.0824,30.7996],[110.0195,30.8294],[110.0085,30.8834],[109.8945,30.8998],[109.7806,30.8484],[109.6568,30.7605],[109.5742,30.6468],[109.5354,30.6648],[109.4356,30.5958],[109.355,30.4871],[109.3371,30.5216],[109.3611,30.551],[109.2995,30.6303],[109.1437,30.5211],[109.0926,30.5788],[109.1117,30.6463],[109.0427,30.6556],[108.8086,30.4912],[108.7895,30.5134],[108.7439,30.4948],[108.6885,30.5876],[108.6429,30.5788],[108.6497,30.5391],[108.5678,30.4685],[108.513,30.5015],[108.4267,30.4922],[108.4021,30.3766],[108.5819,30.2558],[108.5136,30.0576],[108.5364,29.9835],[108.516,29.8855],[108.3713,29.8413],[108.4243,29.8159],[108.4372,29.7411],[108.5043,29.7078],[108.601,29.8637],[108.6589,29.8548],[108.691,29.6896],[108.7526,29.6491],[108.7864,29.6917],[108.7815,29.6356],[108.8443,29.6584],[108.8881,29.6288],[108.8702,29.5965],[108.901,29.6049],[108.8665,29.4705],[108.9275,29.4356],[108.9195,29.3261],[109.0347,29.3605],[109.0605,29.4033],[109.1123,29.3611],[109.1067,29.2885],[109.1418,29.2703],[109.1104,29.2165],[109.1394,29.1689],[109.2157,29.1454],[109.2404,29.0863],[109.3198,29.0424],[109.2355,28.8822],[109.241,28.7768],[109.2989,28.7474],[109.2946,28.7222],[109.2527,28.6918],[109.2712,28.6718],[109.193,28.6361],[109.2016,28.5978],[109.3069,28.6209],[109.3198,28.5799],[109.2736,28.5384],[109.2687,28.3379],[109.318,28.2778],[109.3882,28.2683],[109.2983,28.0361],[109.3359,28.0631],[109.379,28.0346],[109.302,27.9563],[109.3667,27.7219],[109.4141,27.7251],[109.4707,27.68],[109.4615,27.5676],[109.3032,27.4758],[109.3001,27.4238],[109.2022,27.4503],[109.1671,27.4179],[109.1418,27.4482],[109.1036,27.3366],[109.0445,27.3313],[109.0538,27.2936],[108.9078,27.2047],[108.9269,27.1605],[108.8788,27.1062],[108.7908,27.0843],[108.8776,27.0161],[108.9429,27.0172],[108.9404,27.0449],[109.0328,27.1041],[109.1289,27.1227],[109.1012,27.0689],[109.1659,27.0668],[109.2392,27.1493],[109.4153,27.1541],[109.4412,27.1179],[109.4726,27.135],[109.4547,27.0694],[109.52,27.0588],[109.5551,26.9468],[109.4363,26.8924],[109.4529,26.8619],[109.4868,26.8956],[109.5096,26.8779],[109.5225,26.7492],[109.448,26.7599],[109.355,26.6931],[109.2835,26.6984],[109.3063,26.661],[109.355,26.6589],[109.4073,26.5331],[109.3623,26.4721],[109.3808,26.4544],[109.3198,26.4185],[109.2712,26.3279],[109.3513,26.264],[109.4671,26.3139],[109.4393,26.2388],[109.4763,26.148],[109.5139,26.1282],[109.5028,26.0965],[109.4498,26.1018],[109.4825,26.0298],[109.4085,25.9674],[109.435,25.9335],[109.3396,25.8344],[109.3402,25.7315],[109.2964,25.7142],[109.2071,25.7401],[109.2065,25.7881],[109.148,25.7417],[109.1437,25.7951],[109.095,25.8053],[108.8961,25.7142],[108.9004,25.6824],[109.0076,25.7347],[109.079,25.7207],[109.031,25.6296],[109.0882,25.5508],[109.0248,25.5124],[108.949,25.5572],[108.8265,25.5502],[108.8148,25.527],[108.7815,25.5545],[108.784,25.6285],[108.6891,25.6231],[108.6583,25.5502],[108.6891,25.5335],[108.6072,25.4919],[108.6251,25.3081],[108.4717,25.4589],[108.4187,25.4433],[108.3485,25.5362],[108.3085,25.5259],[108.2413,25.4622],[108.2518,25.4303],[108.1625,25.4449],[108.1933,25.4054],[108.1428,25.3908],[108.1151,25.2101],[108.0017,25.1966],[107.8391,25.1159],[107.7627,25.1251],[107.7892,25.1549],[107.7621,25.2291],[107.7005,25.1944],[107.6599,25.3162],[107.5995,25.2507],[107.472,25.2139],[107.4899,25.2767],[107.4813,25.3],[107.4326,25.2891],[107.4209,25.393],[107.318,25.4016],[107.3365,25.4611],[107.2053,25.608],[107.1856,25.5788],[107.0643,25.5594],[107.0667,25.5092],[106.9639,25.4379],[107.0125,25.353],[107.0138,25.2756],[106.9756,25.2329],[106.9331,25.2507],[106.8881,25.182],[106.6448,25.1646],[106.5906,25.0877],[106.4422,25.0194],[106.1453,24.9543],[106.2063,24.8511],[106.173,24.7604],[106.0474,24.6843],[106.0246,24.6332],[105.942,24.7251],[105.8275,24.7028],[105.6076,24.8039],[105.4973,24.8093],[105.4283,24.9309],[105.2676,24.9293],[105.2128,24.9955],[105.0779,24.9185],[105.0391,24.8729],[105.0335,24.7876],[104.8992,24.7528],[104.842,24.6762],[104.7292,24.618],[104.5297,24.7316],[104.4896,24.6533]],[[109.1012,30.5793],[109.0987,30.5793],[109.1061,30.5706],[109.1012,30.5793]]],[[[109.597,26.7562],[109.5681,26.7262],[109.5286,26.7439],[109.5545,26.7353],[109.597,26.7562]]]]}}]}