{"type": "FeatureCollection", "features": [{"type": "Feature", "geometry": {"type": "MultiPolygon", "coordinates": [[[[116.33333333333331, 34.66666666666667], [116.41666666666663, 34.66666666666667], [116.41666666666663, 34.583333333333336], [116.5, 34.583333333333336], [116.5, 34.5], [116.75, 34.5], [116.75, 34.41666666666667], [116.91666666666663, 34.41666666666667], [116.91666666666663, 34.333333333333336], [117.0, 34.333333333333336], [117.0, 34.16666666666667], [117.08333333333331, 34.16666666666667], [117.08333333333331, 34.083333333333336], [117.41666666666663, 34.083333333333336], [117.41666666666663, 34.0], [117.66666666666663, 34.0], [117.66666666666663, 33.91666666666667], [117.75, 33.91666666666667], [117.75, 33.75], [118.16666666666663, 33.75], [118.16666666666663, 33.583333333333336], [118.08333333333331, 33.583333333333336], [118.08333333333331, 33.5], [118.0, 33.5], [118.0, 33.16666666666667], [118.25, 33.16666666666667], [118.25, 32.833333333333336], [118.33333333333331, 32.833333333333336], [118.33333333333331, 32.75], [118.75, 32.75], [118.75, 32.91666666666667], [119.08333333333331, 32.91666666666667], [119.08333333333331, 32.833333333333336], [119.16666666666663, 32.833333333333336], [119.16666666666663, 32.66666666666667], [119.25, 32.66666666666667], [119.25, 32.583333333333336], [119.16666666666663, 32.583333333333336], [119.16666666666663, 32.5], [118.91666666666663, 32.5], [118.91666666666663, 32.583333333333336], [118.58333333333331, 32.583333333333336], [118.58333333333331, 32.5], [118.66666666666663, 32.5], [118.66666666666663, 32.25], [118.58333333333331, 32.25], [118.58333333333331, 32.16666666666667], [118.5, 32.16666666666667], [118.5, 32.083333333333336], [118.41666666666663, 32.083333333333336], [118.41666666666663, 32.0], [118.33333333333331, 32.0], [118.33333333333331, 31.91666666666667], [118.41666666666663, 31.91666666666667], [118.41666666666663, 31.833333333333336], [118.5, 31.833333333333336], [118.5, 31.75], [118.66666666666663, 31.75], [118.66666666666663, 31.66666666666667], [118.83333333333331, 31.66666666666667], [118.83333333333331, 31.5], [118.91666666666663, 31.5], [118.91666666666663, 31.41666666666667], [118.83333333333331, 31.41666666666667], [118.83333333333331, 31.333333333333336], [118.75, 31.333333333333336], [118.75, 31.25], [119.41666666666663, 31.25], [119.41666666666663, 31.16666666666667], [119.66666666666663, 31.16666666666667], [119.66666666666663, 31.0], [119.58333333333331, 31.0], [119.58333333333331, 30.833333333333336], [119.5, 30.833333333333336], [119.5, 30.66666666666667], [119.33333333333331, 30.66666666666667], [119.33333333333331, 30.583333333333336], [119.25, 30.583333333333336], [119.25, 30.5], [119.33333333333331, 30.5], [119.33333333333331, 30.333333333333336], [118.91666666666663, 30.333333333333336], [118.91666666666663, 30.0], [118.83333333333331, 30.0], [118.83333333333331, 29.833333333333336], [118.75, 29.833333333333336], [118.75, 29.75], [118.66666666666663, 29.75], [118.66666666666663, 29.66666666666667], [118.58333333333331, 29.66666666666667], [118.58333333333331, 29.583333333333336], [118.5, 29.583333333333336], [118.5, 29.5], [118.33333333333331, 29.5], [118.33333333333331, 29.41666666666667], [118.16666666666663, 29.41666666666667], [118.16666666666663, 29.5], [118.08333333333331, 29.5], [118.08333333333331, 29.583333333333336], [117.5, 29.583333333333336], [117.5, 29.66666666666667], [117.41666666666663, 29.66666666666667], [117.41666666666663, 29.833333333333336], [117.25, 29.833333333333336], [117.25, 29.91666666666667], [117.08333333333331, 29.91666666666667], [117.08333333333331, 29.66666666666667], [116.91666666666663, 29.66666666666667], [116.91666666666663, 29.583333333333336], [116.66666666666663, 29.583333333333336], [116.66666666666663, 29.75], [116.75, 29.75], [116.75, 29.833333333333336], [116.83333333333331, 29.833333333333336], [116.83333333333331, 29.91666666666667], [116.91666666666663, 29.91666666666667], [116.91666666666663, 30.0], [116.75, 30.0], [116.75, 30.083333333333336], [116.58333333333331, 30.083333333333336], [116.58333333333331, 29.91666666666667], [116.41666666666663, 29.91666666666667], [116.41666666666663, 29.833333333333336], [116.16666666666663, 29.833333333333336], [116.16666666666663, 29.91666666666667], [116.08333333333331, 29.91666666666667], [116.08333333333331, 30.25], [116.0, 30.25], [116.0, 30.333333333333336], [115.91666666666663, 30.333333333333336], [115.91666666666663, 30.583333333333336], [115.83333333333331, 30.583333333333336], [115.83333333333331, 30.66666666666667], [115.75, 30.66666666666667], [115.75, 30.75], [115.83333333333331, 30.75], [115.83333333333331, 30.833333333333336], [115.91666666666663, 30.833333333333336], [115.91666666666663, 30.91666666666667], [116.0, 30.91666666666667], [116.0, 31.083333333333336], [115.83333333333331, 31.083333333333336], [115.83333333333331, 31.16666666666667], [115.5, 31.16666666666667], [115.5, 31.25], [115.41666666666663, 31.25], [115.41666666666663, 31.583333333333336], [115.5, 31.583333333333336], [115.5, 31.66666666666667], [115.58333333333331, 31.66666666666667], [115.58333333333331, 31.75], [115.83333333333331, 31.75], [115.83333333333331, 31.833333333333336], [115.91666666666663, 31.833333333333336], [115.91666666666663, 32.41666666666667], [115.83333333333331, 32.41666666666667], [115.83333333333331, 32.5], [115.66666666666663, 32.5], [115.66666666666663, 32.41666666666667], [115.5, 32.41666666666667], [115.5, 32.5], [115.41666666666663, 32.5], [115.41666666666663, 32.583333333333336], [115.16666666666663, 32.583333333333336], [115.16666666666663, 32.91666666666667], [114.91666666666663, 32.91666666666667], [114.91666666666663, 33.16666666666667], [115.0, 33.16666666666667], [115.0, 33.083333333333336], [115.16666666666663, 33.083333333333336], [115.16666666666663, 33.16666666666667], [115.33333333333331, 33.16666666666667], [115.33333333333331, 33.5], [115.41666666666663, 33.5], [115.41666666666663, 33.583333333333336], [115.58333333333331, 33.583333333333336], [115.58333333333331, 34.0], [115.66666666666663, 34.0], [115.66666666666663, 34.083333333333336], [115.83333333333331, 34.083333333333336], [115.83333333333331, 34.0], [116.0, 34.0], [116.0, 33.833333333333336], [116.08333333333331, 33.833333333333336], [116.08333333333331, 33.75], [116.41666666666663, 33.75], [116.41666666666663, 33.833333333333336], [116.5, 33.833333333333336], [116.5, 33.91666666666667], [116.66666666666663, 33.91666666666667], [116.66666666666663, 34.0], [116.58333333333331, 34.0], [116.58333333333331, 34.083333333333336], [116.5, 34.083333333333336], [116.5, 34.16666666666667], [116.58333333333331, 34.16666666666667], [116.58333333333331, 34.25], [116.41666666666663, 34.25], [116.41666666666663, 34.333333333333336], [116.25, 34.333333333333336], [116.25, 34.41666666666667], [116.16666666666663, 34.41666666666667], [116.16666666666663, 34.583333333333336], [116.33333333333331, 34.583333333333336], [116.33333333333331, 34.66666666666667]]]]}, "properties": {"name": "安徽省", "name_en": "Anhui", "gdp_per_capita_2020": 14201.0, "iso3": "CHN"}}, {"type": "Feature", "geometry": {"type": "MultiPolygon", "coordinates": [[[[116.5, 41.0], [116.66666666666663, 41.0], [116.66666666666663, 40.91666666666667], [116.75, 40.91666666666667], [116.75, 40.833333333333336], [116.91666666666663, 40.833333333333336], [116.91666666666663, 40.75], [117.0, 40.75], [117.0, 40.66666666666667], [117.41666666666663, 40.66666666666667], [117.41666666666663, 40.583333333333336], [117.25, 40.583333333333336], [117.25, 40.25], [117.41666666666663, 40.25], [117.41666666666663, 40.16666666666667], [117.25, 40.16666666666667], [117.25, 40.083333333333336], [116.83333333333331, 40.083333333333336], [116.83333333333331, 40.0], [116.75, 40.0], [116.75, 39.91666666666667], [116.83333333333331, 39.91666666666667], [116.83333333333331, 39.833333333333336], [116.91666666666663, 39.833333333333336], [116.91666666666663, 39.66666666666667], [116.83333333333331, 39.66666666666667], [116.83333333333331, 39.583333333333336], [116.5, 39.583333333333336], [116.5, 39.5], [116.41666666666663, 39.5], [116.41666666666663, 39.41666666666667], [116.33333333333331, 39.41666666666667], [116.33333333333331, 39.5], [116.25, 39.5], [116.25, 39.583333333333336], [115.83333333333331, 39.583333333333336], [115.83333333333331, 39.5], [115.75, 39.5], [115.75, 39.583333333333336], [115.5, 39.583333333333336], [115.5, 39.91666666666667], [115.41666666666663, 39.91666666666667], [115.41666666666663, 40.0], [115.5, 40.0], [115.5, 40.083333333333336], [115.66666666666663, 40.083333333333336], [115.66666666666663, 40.16666666666667], [115.83333333333331, 40.16666666666667], [115.83333333333331, 40.25], [115.91666666666663, 40.25], [115.91666666666663, 40.333333333333336], [115.83333333333331, 40.333333333333336], [115.83333333333331, 40.41666666666667], [115.75, 40.41666666666667], [115.75, 40.583333333333336], [116.08333333333331, 40.583333333333336], [116.08333333333331, 40.66666666666667], [116.16666666666663, 40.66666666666667], [116.16666666666663, 40.75], [116.41666666666663, 40.75], [116.41666666666663, 40.833333333333336], [116.33333333333331, 40.833333333333336], [116.33333333333331, 40.91666666666667], [116.5, 40.91666666666667], [116.5, 41.0]]]]}, "properties": {"name": "北京市", "name_en": "Beijing", "gdp_per_capita_2020": 37354.0, "iso3": "CHN"}}, {"type": "Feature", "geometry": {"type": "MultiPolygon", "coordinates": [[[[108.41666666666663, 32.16666666666667], [108.66666666666663, 32.16666666666667], [108.66666666666663, 32.083333333333336], [108.83333333333331, 32.083333333333336], [108.83333333333331, 32.0], [109.0, 32.0], [109.0, 31.91666666666667], [109.16666666666663, 31.91666666666667], [109.16666666666663, 31.833333333333336], [109.25, 31.833333333333336], [109.25, 31.75], [109.66666666666663, 31.75], [109.66666666666663, 31.66666666666667], [109.75, 31.66666666666667], [109.75, 31.583333333333336], [109.83333333333331, 31.583333333333336], [109.83333333333331, 31.5], [110.0, 31.5], [110.0, 31.41666666666667], [110.16666666666663, 31.41666666666667], [110.16666666666663, 31.083333333333336], [110.08333333333331, 31.083333333333336], [110.08333333333331, 31.0], [110.16666666666663, 31.0], [110.16666666666663, 30.91666666666667], [110.08333333333331, 30.91666666666667], [110.08333333333331, 30.833333333333336], [110.0, 30.833333333333336], [110.0, 30.91666666666667], [109.83333333333331, 30.91666666666667], [109.83333333333331, 30.833333333333336], [109.66666666666663, 30.833333333333336], [109.66666666666663, 30.75], [109.58333333333331, 30.75], [109.58333333333331, 30.66666666666667], [109.5, 30.66666666666667], [109.5, 30.583333333333336], [109.41666666666663, 30.583333333333336], [109.41666666666663, 30.5], [109.33333333333331, 30.5], [109.33333333333331, 30.583333333333336], [109.08333333333331, 30.583333333333336], [109.08333333333331, 30.66666666666667], [109.0, 30.66666666666667], [109.0, 30.583333333333336], [108.83333333333331, 30.583333333333336], [108.83333333333331, 30.5], [108.66666666666663, 30.5], [108.66666666666663, 30.583333333333336], [108.58333333333331, 30.583333333333336], [108.58333333333331, 30.5], [108.41666666666663, 30.5], [108.41666666666663, 30.333333333333336], [108.5, 30.333333333333336], [108.5, 30.25], [108.58333333333331, 30.25], [108.58333333333331, 30.083333333333336], [108.5, 30.083333333333336], [108.5, 29.91666666666667], [108.41666666666663, 29.91666666666667], [108.41666666666663, 29.75], [108.5, 29.75], [108.5, 29.833333333333336], [108.66666666666663, 29.833333333333336], [108.66666666666663, 29.66666666666667], [108.83333333333331, 29.66666666666667], [108.83333333333331, 29.583333333333336], [108.91666666666663, 29.583333333333336], [108.91666666666663, 29.333333333333336], [109.0, 29.333333333333336], [109.0, 29.41666666666667], [109.08333333333331, 29.41666666666667], [109.08333333333331, 29.16666666666667], [109.25, 29.16666666666667], [109.25, 29.083333333333336], [109.33333333333331, 29.083333333333336], [109.33333333333331, 29.0], [109.25, 29.0], [109.25, 28.5], [109.16666666666663, 28.5], [109.16666666666663, 28.333333333333336], [109.08333333333331, 28.333333333333336], [109.08333333333331, 28.16666666666667], [108.91666666666663, 28.16666666666667], [108.91666666666663, 28.25], [108.75, 28.25], [108.75, 28.5], [108.66666666666663, 28.5], [108.66666666666663, 28.333333333333336], [108.58333333333331, 28.333333333333336], [108.58333333333331, 28.66666666666667], [108.33333333333331, 28.66666666666667], [108.33333333333331, 29.083333333333336], [108.0, 29.083333333333336], [108.0, 29.0], [107.83333333333331, 29.0], [107.83333333333331, 29.16666666666667], [107.41666666666663, 29.16666666666667], [107.41666666666663, 28.833333333333336], [107.16666666666663, 28.833333333333336], [107.16666666666663, 28.91666666666667], [107.0, 28.91666666666667], [107.0, 28.833333333333336], [106.83333333333331, 28.833333333333336], [106.83333333333331, 28.583333333333336], [106.75, 28.583333333333336], [106.75, 28.5], [106.58333333333331, 28.5], [106.58333333333331, 28.583333333333336], [106.66666666666663, 28.583333333333336], [106.66666666666663, 28.66666666666667], [106.58333333333331, 28.66666666666667], [106.58333333333331, 28.75], [106.5, 28.75], [106.5, 28.583333333333336], [106.41666666666663, 28.583333333333336], [106.41666666666663, 28.5], [106.33333333333331, 28.5], [106.33333333333331, 28.66666666666667], [106.25, 28.66666666666667], [106.25, 28.91666666666667], [105.83333333333331, 28.91666666666667], [105.83333333333331, 29.0], [105.75, 29.0], [105.75, 29.25], [105.5, 29.25], [105.5, 29.333333333333336], [105.41666666666663, 29.333333333333336], [105.41666666666663, 29.41666666666667], [105.33333333333331, 29.41666666666667], [105.33333333333331, 29.66666666666667], [105.5, 29.66666666666667], [105.5, 29.75], [105.58333333333331, 29.75], [105.58333333333331, 29.833333333333336], [105.66666666666663, 29.833333333333336], [105.66666666666663, 29.91666666666667], [105.75, 29.91666666666667], [105.75, 30.0], [105.66666666666663, 30.0], [105.66666666666663, 30.083333333333336], [105.58333333333331, 30.083333333333336], [105.58333333333331, 30.25], [105.75, 30.25], [105.75, 30.41666666666667], [106.0, 30.41666666666667], [106.0, 30.333333333333336], [106.16666666666663, 30.333333333333336], [106.16666666666663, 30.25], [106.5, 30.25], [106.5, 30.333333333333336], [106.58333333333331, 30.333333333333336], [106.58333333333331, 30.25], [106.66666666666663, 30.25], [106.66666666666663, 30.083333333333336], [106.75, 30.083333333333336], [106.75, 30.0], [106.91666666666663, 30.0], [106.91666666666663, 30.083333333333336], [107.08333333333331, 30.083333333333336], [107.08333333333331, 30.16666666666667], [107.16666666666663, 30.16666666666667], [107.16666666666663, 30.25], [107.25, 30.25], [107.25, 30.333333333333336], [107.33333333333331, 30.333333333333336], [107.33333333333331, 30.5], [107.41666666666663, 30.5], [107.41666666666663, 30.583333333333336], [107.5, 30.583333333333336], [107.5, 30.66666666666667], [107.41666666666663, 30.66666666666667], [107.41666666666663, 30.75], [107.5, 30.75], [107.5, 30.833333333333336], [107.91666666666663, 30.833333333333336], [107.91666666666663, 31.0], [108.0, 31.0], [108.0, 31.16666666666667], [108.08333333333331, 31.16666666666667], [108.08333333333331, 31.333333333333336], [108.16666666666663, 31.333333333333336], [108.16666666666663, 31.41666666666667], [108.25, 31.41666666666667], [108.25, 31.5], [108.33333333333331, 31.5], [108.33333333333331, 31.583333333333336], [108.41666666666663, 31.583333333333336], [108.41666666666663, 31.66666666666667], [108.5, 31.66666666666667], [108.5, 31.833333333333336], [108.33333333333331, 31.833333333333336], [108.33333333333331, 31.91666666666667], [108.25, 31.91666666666667], [108.25, 32.0], [108.33333333333331, 32.0], [108.33333333333331, 32.083333333333336], [108.41666666666663, 32.083333333333336], [108.41666666666663, 32.16666666666667]], [[106.41666666666663, 28.833333333333336], [106.41666666666663, 28.75], [106.5, 28.75], [106.5, 28.833333333333336], [106.41666666666663, 28.833333333333336]]]]}, "properties": {"name": "重庆市", "name_en": "Chongqing", "gdp_per_capita_2020": 17816.0, "iso3": "CHN"}}, {"type": "Feature", "geometry": {"type": "MultiPolygon", "coordinates": [[[[120.66666666666663, 27.083333333333336], [120.66666666666663, 27.0], [120.75, 27.0], [120.75, 27.083333333333336], [120.66666666666663, 27.083333333333336]]], [[[120.33333333333331, 26.66666666666667], [120.33333333333331, 26.583333333333336], [120.41666666666663, 26.583333333333336], [120.41666666666663, 26.66666666666667], [120.33333333333331, 26.66666666666667]]], [[[118.33333333333331, 28.25], [118.75, 28.25], [118.75, 27.91666666666667], [118.83333333333331, 27.91666666666667], [118.83333333333331, 27.66666666666667], [118.91666666666663, 27.66666666666667], [118.91666666666663, 27.5], [119.08333333333331, 27.5], [119.08333333333331, 27.41666666666667], [119.25, 27.41666666666667], [119.25, 27.5], [119.41666666666663, 27.5], [119.41666666666663, 27.583333333333336], [119.5, 27.583333333333336], [119.5, 27.66666666666667], [119.66666666666663, 27.66666666666667], [119.66666666666663, 27.41666666666667], [119.75, 27.41666666666667], [119.75, 27.333333333333336], [120.08333333333331, 27.333333333333336], [120.08333333333331, 27.41666666666667], [120.33333333333331, 27.41666666666667], [120.33333333333331, 27.333333333333336], [120.41666666666663, 27.333333333333336], [120.41666666666663, 27.083333333333336], [120.33333333333331, 27.083333333333336], [120.33333333333331, 27.0], [120.41666666666663, 27.0], [120.41666666666663, 26.91666666666667], [120.16666666666663, 26.91666666666667], [120.16666666666663, 26.5], [120.0, 26.5], [120.0, 26.333333333333336], [119.91666666666663, 26.333333333333336], [119.91666666666663, 26.25], [119.66666666666663, 26.25], [119.66666666666663, 26.16666666666667], [119.75, 26.16666666666667], [119.75, 25.833333333333343], [119.66666666666663, 25.833333333333343], [119.66666666666663, 25.66666666666667], [119.91666666666663, 25.66666666666667], [119.91666666666663, 25.41666666666667], [119.83333333333331, 25.41666666666667], [119.83333333333331, 25.333333333333343], [119.75, 25.333333333333343], [119.75, 25.25], [119.66666666666663, 25.25], [119.66666666666663, 25.16666666666667], [119.41666666666663, 25.16666666666667], [119.41666666666663, 25.25], [119.33333333333331, 25.25], [119.33333333333331, 25.16666666666667], [119.16666666666663, 25.16666666666667], [119.16666666666663, 25.0], [119.08333333333331, 25.0], [119.08333333333331, 24.91666666666667], [119.0, 24.91666666666667], [119.0, 24.833333333333343], [118.83333333333331, 24.833333333333343], [118.83333333333331, 24.75], [118.75, 24.75], [118.75, 24.583333333333343], [118.66666666666663, 24.583333333333343], [118.66666666666663, 24.5], [118.5, 24.5], [118.5, 24.583333333333343], [118.33333333333331, 24.583333333333343], [118.33333333333331, 24.5], [118.25, 24.5], [118.25, 24.41666666666667], [118.16666666666663, 24.41666666666667], [118.16666666666663, 24.25], [118.08333333333331, 24.25], [118.08333333333331, 24.16666666666667], [118.0, 24.16666666666667], [118.0, 24.083333333333343], [117.91666666666663, 24.083333333333343], [117.91666666666663, 24.0], [117.83333333333331, 24.0], [117.83333333333331, 23.91666666666667], [117.75, 23.91666666666667], [117.75, 23.75], [117.66666666666663, 23.75], [117.66666666666663, 23.66666666666667], [117.5, 23.66666666666667], [117.5, 23.583333333333343], [117.41666666666663, 23.583333333333343], [117.41666666666663, 23.5], [117.25, 23.5], [117.25, 23.583333333333343], [117.16666666666663, 23.583333333333343], [117.16666666666663, 23.66666666666667], [117.08333333333331, 23.66666666666667], [117.08333333333331, 23.75], [117.0, 23.75], [117.0, 24.0], [116.91666666666663, 24.0], [116.91666666666663, 24.41666666666667], [116.83333333333331, 24.41666666666667], [116.83333333333331, 24.5], [116.75, 24.5], [116.75, 24.66666666666667], [116.58333333333331, 24.66666666666667], [116.58333333333331, 24.583333333333343], [116.5, 24.583333333333343], [116.5, 24.75], [116.41666666666663, 24.75], [116.41666666666663, 24.833333333333343], [116.08333333333331, 24.833333333333343], [116.08333333333331, 24.91666666666667], [115.91666666666663, 24.91666666666667], [115.91666666666663, 25.16666666666667], [115.83333333333331, 25.16666666666667], [115.83333333333331, 25.25], [116.0, 25.25], [116.0, 25.583333333333343], [116.08333333333331, 25.583333333333343], [116.08333333333331, 25.75], [116.16666666666663, 25.75], [116.16666666666663, 25.91666666666667], [116.33333333333331, 25.91666666666667], [116.33333333333331, 26.0], [116.41666666666663, 26.0], [116.41666666666663, 26.083333333333336], [116.5, 26.083333333333336], [116.5, 26.16666666666667], [116.41666666666663, 26.16666666666667], [116.41666666666663, 26.333333333333336], [116.5, 26.333333333333336], [116.5, 26.41666666666667], [116.58333333333331, 26.41666666666667], [116.58333333333331, 26.66666666666667], [116.5, 26.66666666666667], [116.5, 26.75], [116.58333333333331, 26.75], [116.58333333333331, 26.91666666666667], [116.66666666666663, 26.91666666666667], [116.66666666666663, 27.0], [116.91666666666663, 27.0], [116.91666666666663, 27.083333333333336], [117.0, 27.083333333333336], [117.0, 27.16666666666667], [117.08333333333331, 27.16666666666667], [117.08333333333331, 27.25], [117.16666666666663, 27.25], [117.16666666666663, 27.333333333333336], [117.08333333333331, 27.333333333333336], [117.08333333333331, 27.583333333333336], [117.0, 27.583333333333336], [117.0, 27.66666666666667], [117.25, 27.66666666666667], [117.25, 27.833333333333336], [117.33333333333331, 27.833333333333336], [117.33333333333331, 27.91666666666667], [117.5, 27.91666666666667], [117.5, 28.0], [117.58333333333331, 28.0], [117.58333333333331, 27.833333333333336], [117.75, 27.833333333333336], [117.75, 27.91666666666667], [117.91666666666663, 27.91666666666667], [117.91666666666663, 28.0], [118.08333333333331, 28.0], [118.08333333333331, 28.083333333333336], [118.33333333333331, 28.083333333333336], [118.33333333333331, 28.25]], [[119.83333333333331, 26.5], [119.83333333333331, 26.41666666666667], [119.91666666666663, 26.41666666666667], [119.91666666666663, 26.5], [119.83333333333331, 26.5]], [[119.33333333333331, 25.41666666666667], [119.33333333333331, 25.333333333333343], [119.41666666666663, 25.333333333333343], [119.41666666666663, 25.41666666666667], [119.33333333333331, 25.41666666666667]], [[117.5, 23.833333333333343], [117.5, 23.75], [117.58333333333331, 23.75], [117.58333333333331, 23.833333333333343], [117.5, 23.833333333333343]]]]}, "properties": {"name": "福建省", "name_en": "Fujian", "gdp_per_capita_2020": 23917.0, "iso3": "CHN"}}, {"type": "Feature", "geometry": {"type": "MultiPolygon", "coordinates": [[[[100.08333333333331, 38.333333333333336], [100.08333333333331, 38.25], [100.16666666666663, 38.25], [100.16666666666663, 38.333333333333336], [100.08333333333331, 38.333333333333336]]], [[[96.33333333333331, 42.75], [97.25, 42.75], [97.25, 42.583333333333336], [97.33333333333331, 42.583333333333336], [97.33333333333331, 42.41666666666667], [97.41666666666663, 42.41666666666667], [97.41666666666663, 42.333333333333336], [97.5, 42.333333333333336], [97.5, 42.16666666666667], [97.58333333333331, 42.16666666666667], [97.58333333333331, 42.0], [97.66666666666663, 42.0], [97.66666666666663, 41.91666666666667], [97.75, 41.91666666666667], [97.75, 41.75], [97.83333333333331, 41.75], [97.83333333333331, 41.583333333333336], [97.66666666666663, 41.583333333333336], [97.66666666666663, 41.5], [97.58333333333331, 41.5], [97.58333333333331, 41.41666666666667], [97.66666666666663, 41.41666666666667], [97.66666666666663, 41.333333333333336], [97.75, 41.333333333333336], [97.75, 41.25], [97.83333333333331, 41.25], [97.83333333333331, 41.16666666666667], [97.91666666666663, 41.16666666666667], [97.91666666666663, 41.083333333333336], [98.08333333333331, 41.083333333333336], [98.08333333333331, 41.0], [98.25, 41.0], [98.25, 40.91666666666667], [98.33333333333331, 40.91666666666667], [98.33333333333331, 40.583333333333336], [98.25, 40.583333333333336], [98.25, 40.5], [98.66666666666663, 40.5], [98.66666666666663, 40.583333333333336], [98.75, 40.583333333333336], [98.75, 40.66666666666667], [98.83333333333331, 40.66666666666667], [98.83333333333331, 40.75], [99.0, 40.75], [99.0, 40.833333333333336], [99.58333333333331, 40.833333333333336], [99.58333333333331, 40.91666666666667], [100.08333333333331, 40.91666666666667], [100.08333333333331, 40.833333333333336], [100.16666666666663, 40.833333333333336], [100.16666666666663, 40.75], [100.25, 40.75], [100.25, 40.583333333333336], [100.16666666666663, 40.583333333333336], [100.16666666666663, 40.5], [100.08333333333331, 40.5], [100.08333333333331, 40.41666666666667], [100.0, 40.41666666666667], [100.0, 40.333333333333336], [99.91666666666663, 40.333333333333336], [99.91666666666663, 40.16666666666667], [99.75, 40.16666666666667], [99.75, 40.083333333333336], [99.58333333333331, 40.083333333333336], [99.58333333333331, 40.0], [99.5, 40.0], [99.5, 39.91666666666667], [99.75, 39.91666666666667], [99.75, 39.833333333333336], [99.91666666666663, 39.833333333333336], [99.91666666666663, 39.75], [100.16666666666663, 39.75], [100.16666666666663, 39.66666666666667], [100.33333333333331, 39.66666666666667], [100.33333333333331, 39.5], [100.5, 39.5], [100.5, 39.41666666666667], [100.83333333333331, 39.41666666666667], [100.83333333333331, 39.0], [101.16666666666663, 39.0], [101.16666666666663, 38.91666666666667], [101.25, 38.91666666666667], [101.25, 38.833333333333336], [101.33333333333331, 38.833333333333336], [101.33333333333331, 38.75], [101.58333333333331, 38.75], [101.58333333333331, 38.66666666666667], [101.83333333333331, 38.66666666666667], [101.83333333333331, 38.75], [101.91666666666663, 38.75], [101.91666666666663, 38.833333333333336], [102.08333333333331, 38.833333333333336], [102.08333333333331, 38.91666666666667], [102.0, 38.91666666666667], [102.0, 39.0], [101.91666666666663, 39.0], [101.91666666666663, 39.083333333333336], [102.0, 39.083333333333336], [102.0, 39.16666666666667], [102.33333333333331, 39.16666666666667], [102.33333333333331, 39.25], [102.58333333333331, 39.25], [102.58333333333331, 39.16666666666667], [102.91666666666663, 39.16666666666667], [102.91666666666663, 39.083333333333336], [103.0, 39.083333333333336], [103.0, 39.16666666666667], [103.16666666666663, 39.16666666666667], [103.16666666666663, 39.25], [103.33333333333331, 39.25], [103.33333333333331, 39.333333333333336], [103.5, 39.333333333333336], [103.5, 39.41666666666667], [103.83333333333331, 39.41666666666667], [103.83333333333331, 39.5], [104.0, 39.5], [104.0, 39.41666666666667], [104.08333333333331, 39.41666666666667], [104.08333333333331, 39.16666666666667], [104.16666666666663, 39.16666666666667], [104.16666666666663, 38.91666666666667], [104.0, 38.91666666666667], [104.0, 38.75], [103.91666666666663, 38.75], [103.91666666666663, 38.66666666666667], [103.83333333333331, 38.66666666666667], [103.83333333333331, 38.583333333333336], [103.66666666666663, 38.583333333333336], [103.66666666666663, 38.5], [103.5, 38.5], [103.5, 38.41666666666667], [103.41666666666663, 38.41666666666667], [103.41666666666663, 38.333333333333336], [103.5, 38.333333333333336], [103.5, 38.16666666666667], [103.41666666666663, 38.16666666666667], [103.41666666666663, 38.083333333333336], [103.33333333333331, 38.083333333333336], [103.33333333333331, 38.0], [103.41666666666663, 38.0], [103.41666666666663, 37.833333333333336], [103.66666666666663, 37.833333333333336], [103.66666666666663, 37.75], [103.75, 37.75], [103.75, 37.66666666666667], [103.83333333333331, 37.66666666666667], [103.83333333333331, 37.583333333333336], [104.0, 37.583333333333336], [104.0, 37.5], [104.08333333333331, 37.5], [104.08333333333331, 37.41666666666667], [104.66666666666663, 37.41666666666667], [104.66666666666663, 37.16666666666667], [104.75, 37.16666666666667], [104.75, 37.25], [104.83333333333331, 37.25], [104.83333333333331, 37.16666666666667], [104.91666666666663, 37.16666666666667], [104.91666666666663, 37.083333333333336], [105.0, 37.083333333333336], [105.0, 37.0], [105.16666666666663, 37.0], [105.16666666666663, 36.91666666666667], [105.25, 36.91666666666667], [105.25, 36.833333333333336], [105.33333333333331, 36.833333333333336], [105.33333333333331, 36.75], [105.25, 36.75], [105.25, 36.5], [105.33333333333331, 36.5], [105.33333333333331, 36.41666666666667], [105.41666666666663, 36.41666666666667], [105.41666666666663, 36.333333333333336], [105.5, 36.333333333333336], [105.5, 36.083333333333336], [105.33333333333331, 36.083333333333336], [105.33333333333331, 35.833333333333336], [105.41666666666663, 35.833333333333336], [105.41666666666663, 35.75], [105.75, 35.75], [105.75, 35.583333333333336], [105.83333333333331, 35.583333333333336], [105.83333333333331, 35.5], [106.08333333333331, 35.5], [106.08333333333331, 35.41666666666667], [106.25, 35.41666666666667], [106.25, 35.333333333333336], [106.33333333333331, 35.333333333333336], [106.33333333333331, 35.25], [106.41666666666663, 35.25], [106.41666666666663, 35.333333333333336], [106.5, 35.333333333333336], [106.5, 35.5], [106.41666666666663, 35.5], [106.41666666666663, 35.583333333333336], [106.5, 35.583333333333336], [106.5, 35.75], [106.66666666666663, 35.75], [106.66666666666663, 35.66666666666667], [106.75, 35.66666666666667], [106.75, 35.75], [106.91666666666663, 35.75], [106.91666666666663, 36.16666666666667], [106.83333333333331, 36.16666666666667], [106.83333333333331, 36.25], [106.5, 36.25], [106.5, 36.5], [106.41666666666663, 36.5], [106.41666666666663, 36.66666666666667], [106.5, 36.66666666666667], [106.5, 36.75], [106.66666666666663, 36.75], [106.66666666666663, 36.833333333333336], [106.58333333333331, 36.833333333333336], [106.58333333333331, 37.0], [106.66666666666663, 37.0], [106.66666666666663, 37.083333333333336], [106.75, 37.083333333333336], [106.75, 37.16666666666667], [106.83333333333331, 37.16666666666667], [106.83333333333331, 37.083333333333336], [107.0, 37.083333333333336], [107.0, 37.16666666666667], [107.16666666666663, 37.16666666666667], [107.16666666666663, 37.083333333333336], [107.25, 37.083333333333336], [107.25, 37.0], [107.33333333333331, 37.0], [107.33333333333331, 36.91666666666667], [107.5, 36.91666666666667], [107.5, 36.833333333333336], [107.75, 36.833333333333336], [107.75, 36.75], [107.91666666666663, 36.75], [107.91666666666663, 36.66666666666667], [108.0, 36.66666666666667], [108.0, 36.583333333333336], [108.33333333333331, 36.583333333333336], [108.33333333333331, 36.5], [108.41666666666663, 36.5], [108.41666666666663, 36.41666666666667], [108.66666666666663, 36.41666666666667], [108.66666666666663, 36.0], [108.58333333333331, 36.0], [108.58333333333331, 35.91666666666667], [108.5, 35.91666666666667], [108.5, 35.583333333333336], [108.58333333333331, 35.583333333333336], [108.58333333333331, 35.333333333333336], [108.5, 35.333333333333336], [108.5, 35.25], [108.41666666666663, 35.25], [108.41666666666663, 35.333333333333336], [108.33333333333331, 35.333333333333336], [108.33333333333331, 35.25], [108.25, 35.25], [108.25, 35.333333333333336], [108.08333333333331, 35.333333333333336], [108.08333333333331, 35.25], [107.66666666666663, 35.25], [107.66666666666663, 35.16666666666667], [107.75, 35.16666666666667], [107.75, 35.083333333333336], [107.83333333333331, 35.083333333333336], [107.83333333333331, 35.0], [107.75, 35.0], [107.75, 34.91666666666667], [107.08333333333331, 34.91666666666667], [107.08333333333331, 35.0], [107.0, 35.0], [107.0, 35.083333333333336], [106.5, 35.083333333333336], [106.5, 34.833333333333336], [106.58333333333331, 34.833333333333336], [106.58333333333331, 34.75], [106.5, 34.75], [106.5, 34.66666666666667], [106.41666666666663, 34.66666666666667], [106.41666666666663, 34.583333333333336], [106.33333333333331, 34.583333333333336], [106.33333333333331, 34.5], [106.58333333333331, 34.5], [106.58333333333331, 34.41666666666667], [106.66666666666663, 34.41666666666667], [106.66666666666663, 34.25], [106.58333333333331, 34.25], [106.58333333333331, 34.083333333333336], [106.5, 34.083333333333336], [106.5, 33.91666666666667], [106.41666666666663, 33.91666666666667], [106.41666666666663, 33.833333333333336], [106.5, 33.833333333333336], [106.5, 33.66666666666667], [106.58333333333331, 33.66666666666667], [106.58333333333331, 33.5], [106.5, 33.5], [106.5, 33.583333333333336], [105.91666666666663, 33.583333333333336], [105.91666666666663, 33.5], [105.83333333333331, 33.5], [105.83333333333331, 33.41666666666667], [105.75, 33.41666666666667], [105.75, 33.25], [105.91666666666663, 33.25], [105.91666666666663, 32.91666666666667], [105.41666666666663, 32.91666666666667], [105.41666666666663, 32.66666666666667], [105.16666666666663, 32.66666666666667], [105.16666666666663, 32.583333333333336], [105.08333333333331, 32.583333333333336], [105.08333333333331, 32.66666666666667], [105.0, 32.66666666666667], [105.0, 32.583333333333336], [104.83333333333331, 32.583333333333336], [104.83333333333331, 32.66666666666667], [104.58333333333331, 32.66666666666667], [104.58333333333331, 32.75], [104.41666666666663, 32.75], [104.41666666666663, 32.833333333333336], [104.25, 32.833333333333336], [104.25, 32.91666666666667], [104.33333333333331, 32.91666666666667], [104.33333333333331, 33.333333333333336], [104.25, 33.333333333333336], [104.25, 33.41666666666667], [104.16666666666663, 33.41666666666667], [104.16666666666663, 33.66666666666667], [103.5, 33.66666666666667], [103.5, 33.833333333333336], [103.41666666666663, 33.833333333333336], [103.41666666666663, 33.75], [103.25, 33.75], [103.25, 33.833333333333336], [103.16666666666663, 33.833333333333336], [103.16666666666663, 34.16666666666667], [103.0, 34.16666666666667], [103.0, 34.25], [102.91666666666663, 34.25], [102.91666666666663, 34.333333333333336], [102.83333333333331, 34.333333333333336], [102.83333333333331, 34.25], [102.66666666666663, 34.25], [102.66666666666663, 34.083333333333336], [102.41666666666663, 34.083333333333336], [102.41666666666663, 34.0], [102.25, 34.0], [102.25, 33.75], [102.33333333333331, 33.75], [102.33333333333331, 33.583333333333336], [102.41666666666663, 33.583333333333336], [102.41666666666663, 33.41666666666667], [102.25, 33.41666666666667], [102.25, 33.333333333333336], [102.16666666666663, 33.333333333333336], [102.16666666666663, 33.25], [102.08333333333331, 33.25], [102.08333333333331, 33.16666666666667], [101.83333333333331, 33.16666666666667], [101.83333333333331, 33.333333333333336], [101.91666666666663, 33.333333333333336], [101.91666666666663, 33.583333333333336], [101.75, 33.583333333333336], [101.75, 33.5], [101.58333333333331, 33.5], [101.58333333333331, 33.66666666666667], [101.16666666666663, 33.66666666666667], [101.16666666666663, 33.833333333333336], [101.0, 33.833333333333336], [101.0, 33.91666666666667], [100.91666666666663, 33.91666666666667], [100.91666666666663, 34.083333333333336], [100.83333333333331, 34.083333333333336], [100.83333333333331, 34.16666666666667], [100.75, 34.16666666666667], [100.75, 34.25], [100.83333333333331, 34.25], [100.83333333333331, 34.333333333333336], [100.91666666666663, 34.333333333333336], [100.91666666666663, 34.41666666666667], [101.0, 34.41666666666667], [101.0, 34.333333333333336], [101.25, 34.333333333333336], [101.25, 34.25], [101.5, 34.25], [101.5, 34.16666666666667], [101.66666666666663, 34.16666666666667], [101.66666666666663, 34.083333333333336], [101.83333333333331, 34.083333333333336], [101.83333333333331, 34.16666666666667], [102.0, 34.16666666666667], [102.0, 34.25], [102.16666666666663, 34.25], [102.16666666666663, 34.333333333333336], [102.25, 34.333333333333336], [102.25, 34.41666666666667], [102.16666666666663, 34.41666666666667], [102.16666666666663, 34.5], [102.08333333333331, 34.5], [102.08333333333331, 34.583333333333336], [101.91666666666663, 34.583333333333336], [101.91666666666663, 34.66666666666667], [101.75, 34.66666666666667], [101.75, 34.75], [101.91666666666663, 34.75], [101.91666666666663, 34.91666666666667], [102.08333333333331, 34.91666666666667], [102.08333333333331, 35.0], [102.16666666666663, 35.0], [102.16666666666663, 35.083333333333336], [102.33333333333331, 35.083333333333336], [102.33333333333331, 35.16666666666667], [102.41666666666663, 35.16666666666667], [102.41666666666663, 35.25], [102.33333333333331, 35.25], [102.33333333333331, 35.41666666666667], [102.41666666666663, 35.41666666666667], [102.41666666666663, 35.5], [102.5, 35.5], [102.5, 35.583333333333336], [102.58333333333331, 35.583333333333336], [102.58333333333331, 35.5], [102.66666666666663, 35.5], [102.66666666666663, 35.583333333333336], [102.75, 35.583333333333336], [102.75, 35.75], [102.66666666666663, 35.75], [102.66666666666663, 35.833333333333336], [102.91666666666663, 35.833333333333336], [102.91666666666663, 36.16666666666667], [103.0, 36.16666666666667], [103.0, 36.25], [102.91666666666663, 36.25], [102.91666666666663, 36.333333333333336], [102.83333333333331, 36.333333333333336], [102.83333333333331, 36.41666666666667], [102.75, 36.41666666666667], [102.75, 36.583333333333336], [102.66666666666663, 36.583333333333336], [102.66666666666663, 36.66666666666667], [102.58333333333331, 36.66666666666667], [102.58333333333331, 36.75], [102.66666666666663, 36.75], [102.66666666666663, 36.833333333333336], [102.58333333333331, 36.833333333333336], [102.58333333333331, 36.91666666666667], [102.5, 36.91666666666667], [102.5, 37.083333333333336], [102.58333333333331, 37.083333333333336], [102.58333333333331, 37.16666666666667], [102.5, 37.16666666666667], [102.5, 37.25], [102.41666666666663, 37.25], [102.41666666666663, 37.333333333333336], [102.25, 37.333333333333336], [102.25, 37.41666666666667], [102.08333333333331, 37.41666666666667], [102.08333333333331, 37.583333333333336], [102.0, 37.583333333333336], [102.0, 37.75], [101.91666666666663, 37.75], [101.91666666666663, 37.66666666666667], [101.83333333333331, 37.66666666666667], [101.83333333333331, 37.5], [101.75, 37.5], [101.75, 37.583333333333336], [101.58333333333331, 37.583333333333336], [101.58333333333331, 37.66666666666667], [101.5, 37.66666666666667], [101.5, 37.75], [101.33333333333331, 37.75], [101.33333333333331, 37.833333333333336], [101.16666666666663, 37.833333333333336], [101.16666666666663, 37.91666666666667], [101.08333333333331, 37.91666666666667], [101.08333333333331, 38.0], [100.83333333333331, 38.0], [100.83333333333331, 38.083333333333336], [100.66666666666663, 38.083333333333336], [100.66666666666663, 38.16666666666667], [100.58333333333331, 38.16666666666667], [100.58333333333331, 38.25], [100.41666666666663, 38.25], [100.41666666666663, 38.333333333333336], [100.25, 38.333333333333336], [100.25, 38.41666666666667], [100.16666666666663, 38.41666666666667], [100.16666666666663, 38.5], [100.08333333333331, 38.5], [100.08333333333331, 38.333333333333336], [99.83333333333331, 38.333333333333336], [99.83333333333331, 38.41666666666667], [99.66666666666663, 38.41666666666667], [99.66666666666663, 38.5], [99.58333333333331, 38.5], [99.58333333333331, 38.583333333333336], [99.41666666666663, 38.583333333333336], [99.41666666666663, 38.66666666666667], [99.33333333333331, 38.66666666666667], [99.33333333333331, 38.75], [99.25, 38.75], [99.25, 38.833333333333336], [99.08333333333331, 38.833333333333336], [99.08333333333331, 39.0], [98.91666666666663, 39.0], [98.91666666666663, 39.083333333333336], [98.75, 39.083333333333336], [98.75, 39.0], [98.58333333333331, 39.0], [98.58333333333331, 38.91666666666667], [98.5, 38.91666666666667], [98.5, 39.0], [98.25, 39.0], [98.25, 38.91666666666667], [98.16666666666663, 38.91666666666667], [98.16666666666663, 38.833333333333336], [97.91666666666663, 38.833333333333336], [97.91666666666663, 38.91666666666667], [97.75, 38.91666666666667], [97.75, 39.0], [97.58333333333331, 39.0], [97.58333333333331, 39.083333333333336], [97.41666666666663, 39.083333333333336], [97.41666666666663, 39.16666666666667], [97.0, 39.16666666666667], [97.0, 38.333333333333336], [96.75, 38.333333333333336], [96.75, 38.41666666666667], [96.5, 38.41666666666667], [96.5, 38.583333333333336], [96.33333333333331, 38.583333333333336], [96.33333333333331, 38.66666666666667], [96.25, 38.66666666666667], [96.25, 38.583333333333336], [96.16666666666663, 38.583333333333336], [96.16666666666663, 38.66666666666667], [96.08333333333331, 38.66666666666667], [96.08333333333331, 38.75], [95.91666666666663, 38.75], [95.91666666666663, 38.833333333333336], [95.75, 38.833333333333336], [95.75, 38.91666666666667], [95.58333333333331, 38.91666666666667], [95.58333333333331, 39.0], [95.5, 39.0], [95.5, 39.083333333333336], [95.33333333333331, 39.083333333333336], [95.33333333333331, 39.16666666666667], [95.08333333333331, 39.16666666666667], [95.08333333333331, 39.25], [94.66666666666663, 39.25], [94.66666666666663, 39.333333333333336], [94.08333333333331, 39.333333333333336], [94.08333333333331, 39.25], [93.33333333333331, 39.25], [93.33333333333331, 39.16666666666667], [92.91666666666663, 39.16666666666667], [92.91666666666663, 39.583333333333336], [92.83333333333331, 39.583333333333336], [92.83333333333331, 39.833333333333336], [92.75, 39.833333333333336], [92.75, 39.91666666666667], [92.83333333333331, 39.91666666666667], [92.83333333333331, 40.0], [92.91666666666663, 40.0], [92.91666666666663, 40.5], [93.5, 40.5], [93.5, 40.583333333333336], [93.66666666666663, 40.583333333333336], [93.66666666666663, 40.75], [93.75, 40.75], [93.75, 40.833333333333336], [93.83333333333331, 40.833333333333336], [93.83333333333331, 40.91666666666667], [93.91666666666663, 40.91666666666667], [93.91666666666663, 41.0], [94.0, 41.0], [94.0, 41.083333333333336], [94.08333333333331, 41.083333333333336], [94.08333333333331, 41.16666666666667], [94.16666666666663, 41.16666666666667], [94.16666666666663, 41.25], [94.25, 41.25], [94.25, 41.333333333333336], [94.41666666666663, 41.333333333333336], [94.41666666666663, 41.41666666666667], [94.5, 41.41666666666667], [94.5, 41.5], [94.58333333333331, 41.5], [94.58333333333331, 41.583333333333336], [94.66666666666663, 41.583333333333336], [94.66666666666663, 41.66666666666667], [94.91666666666663, 41.66666666666667], [94.91666666666663, 41.75], [95.16666666666663, 41.75], [95.16666666666663, 41.833333333333336], [95.91666666666663, 41.833333333333336], [95.91666666666663, 41.91666666666667], [96.0, 41.91666666666667], [96.0, 42.0], [96.08333333333331, 42.0], [96.08333333333331, 42.083333333333336], [96.0, 42.083333333333336], [96.0, 42.25], [96.08333333333331, 42.25], [96.08333333333331, 42.583333333333336], [96.16666666666663, 42.583333333333336], [96.16666666666663, 42.66666666666667], [96.33333333333331, 42.66666666666667], [96.33333333333331, 42.75]]]]}, "properties": {"name": "甘肃省", "name_en": "Gansu", "gdp_per_capita_2020": 8157.0, "iso3": "CHN"}}, {"type": "Feature", "geometry": {"type": "MultiPolygon", "coordinates": [[[[113.75, 22.41666666666667], [113.75, 22.333333333333343], [113.83333333333331, 22.333333333333343], [113.83333333333331, 22.41666666666667], [113.75, 22.41666666666667]]], [[[113.66666666666663, 22.16666666666667], [113.66666666666663, 21.91666666666667], [113.83333333333331, 21.91666666666667], [113.83333333333331, 22.0], [113.75, 22.0], [113.75, 22.083333333333343], [113.91666666666663, 22.083333333333343], [113.91666666666663, 22.16666666666667], [113.66666666666663, 22.16666666666667]]], [[[114.0, 22.16666666666667], [114.0, 22.083333333333343], [114.08333333333331, 22.083333333333343], [114.08333333333331, 22.16666666666667], [114.0, 22.16666666666667]]], [[[113.91666666666663, 22.083333333333343], [113.91666666666663, 22.0], [114.0, 22.0], [114.0, 22.083333333333343], [113.91666666666663, 22.083333333333343]]], [[[114.16666666666663, 22.083333333333343], [114.16666666666663, 22.0], [114.33333333333331, 22.0], [114.33333333333331, 22.083333333333343], [114.16666666666663, 22.083333333333343]]], [[[114.08333333333331, 22.0], [114.08333333333331, 21.91666666666667], [114.16666666666663, 21.91666666666667], [114.16666666666663, 22.0], [114.08333333333331, 22.0]]], [[[114.0, 21.91666666666667], [114.0, 21.833333333333343], [114.08333333333331, 21.833333333333343], [114.08333333333331, 21.91666666666667], [114.0, 21.91666666666667]]], [[[113.16666666666663, 25.5], [113.33333333333331, 25.5], [113.33333333333331, 25.41666666666667], [113.41666666666663, 25.41666666666667], [113.41666666666663, 25.333333333333343], [113.83333333333331, 25.333333333333343], [113.83333333333331, 25.41666666666667], [114.0, 25.41666666666667], [114.0, 25.25], [114.08333333333331, 25.25], [114.08333333333331, 25.333333333333343], [114.41666666666663, 25.333333333333343], [114.41666666666663, 25.41666666666667], [114.58333333333331, 25.41666666666667], [114.58333333333331, 25.333333333333343], [114.75, 25.333333333333343], [114.75, 25.25], [114.66666666666663, 25.25], [114.66666666666663, 25.083333333333343], [114.5, 25.083333333333343], [114.5, 25.0], [114.41666666666663, 25.0], [114.41666666666663, 24.833333333333343], [114.33333333333331, 24.833333333333343], [114.33333333333331, 24.75], [114.25, 24.75], [114.25, 24.583333333333343], [114.41666666666663, 24.583333333333343], [114.41666666666663, 24.5], [114.58333333333331, 24.5], [114.58333333333331, 24.583333333333343], [114.91666666666663, 24.583333333333343], [114.91666666666663, 24.66666666666667], [115.16666666666663, 24.66666666666667], [115.16666666666663, 24.75], [115.5, 24.75], [115.5, 24.66666666666667], [115.58333333333331, 24.66666666666667], [115.58333333333331, 24.583333333333343], [115.83333333333331, 24.583333333333343], [115.83333333333331, 24.66666666666667], [115.75, 24.66666666666667], [115.75, 24.833333333333343], [115.83333333333331, 24.833333333333343], [115.83333333333331, 24.91666666666667], [116.08333333333331, 24.91666666666667], [116.08333333333331, 24.833333333333343], [116.41666666666663, 24.833333333333343], [116.41666666666663, 24.75], [116.5, 24.75], [116.5, 24.583333333333343], [116.58333333333331, 24.583333333333343], [116.58333333333331, 24.66666666666667], [116.75, 24.66666666666667], [116.75, 24.5], [116.83333333333331, 24.5], [116.83333333333331, 24.41666666666667], [116.91666666666663, 24.41666666666667], [116.91666666666663, 24.0], [117.0, 24.0], [117.0, 23.75], [117.08333333333331, 23.75], [117.08333333333331, 23.66666666666667], [117.16666666666663, 23.66666666666667], [117.16666666666663, 23.333333333333343], [117.0, 23.333333333333343], [117.0, 23.41666666666667], [116.83333333333331, 23.41666666666667], [116.83333333333331, 23.16666666666667], [116.58333333333331, 23.16666666666667], [116.58333333333331, 22.91666666666667], [116.25, 22.91666666666667], [116.25, 22.833333333333343], [116.16666666666663, 22.833333333333343], [116.16666666666663, 22.75], [116.08333333333331, 22.75], [116.08333333333331, 22.833333333333343], [116.0, 22.833333333333343], [116.0, 22.75], [115.75, 22.75], [115.75, 22.833333333333343], [115.58333333333331, 22.833333333333343], [115.58333333333331, 22.75], [115.66666666666663, 22.75], [115.66666666666663, 22.66666666666667], [115.5, 22.66666666666667], [115.5, 22.583333333333343], [115.41666666666663, 22.583333333333343], [115.41666666666663, 22.66666666666667], [115.33333333333331, 22.66666666666667], [115.33333333333331, 22.75], [115.08333333333331, 22.75], [115.08333333333331, 22.66666666666667], [115.0, 22.66666666666667], [115.0, 22.583333333333343], [114.91666666666663, 22.583333333333343], [114.91666666666663, 22.5], [114.83333333333331, 22.5], [114.83333333333331, 22.583333333333343], [114.66666666666663, 22.583333333333343], [114.66666666666663, 22.41666666666667], [114.41666666666663, 22.41666666666667], [114.41666666666663, 22.583333333333343], [114.08333333333331, 22.583333333333343], [114.08333333333331, 22.5], [113.91666666666663, 22.5], [113.91666666666663, 22.41666666666667], [113.83333333333331, 22.41666666666667], [113.83333333333331, 22.583333333333343], [113.66666666666663, 22.583333333333343], [113.66666666666663, 22.25], [113.58333333333331, 22.25], [113.58333333333331, 22.0], [113.5, 22.0], [113.5, 22.083333333333343], [113.41666666666663, 22.083333333333343], [113.41666666666663, 21.91666666666667], [113.33333333333331, 21.91666666666667], [113.33333333333331, 21.833333333333343], [112.91666666666663, 21.833333333333343], [112.91666666666663, 21.583333333333343], [112.83333333333331, 21.583333333333343], [112.83333333333331, 21.5], [112.75, 21.5], [112.75, 21.583333333333343], [112.41666666666663, 21.583333333333343], [112.41666666666663, 21.66666666666667], [112.16666666666663, 21.66666666666667], [112.16666666666663, 21.583333333333343], [111.91666666666663, 21.583333333333343], [111.91666666666663, 21.5], [111.75, 21.5], [111.75, 21.583333333333343], [111.66666666666663, 21.583333333333343], [111.66666666666663, 21.5], [111.41666666666663, 21.5], [111.41666666666663, 21.41666666666667], [111.25, 21.41666666666667], [111.25, 21.333333333333343], [111.16666666666663, 21.333333333333343], [111.16666666666663, 21.41666666666667], [110.91666666666663, 21.41666666666667], [110.91666666666663, 21.333333333333343], [110.75, 21.333333333333343], [110.75, 21.25], [110.66666666666663, 21.25], [110.66666666666663, 21.083333333333343], [110.58333333333331, 21.083333333333343], [110.58333333333331, 21.0], [110.66666666666663, 21.0], [110.66666666666663, 20.833333333333343], [110.5, 20.833333333333343], [110.5, 20.91666666666667], [110.41666666666663, 20.91666666666667], [110.41666666666663, 21.0], [110.33333333333331, 21.0], [110.33333333333331, 20.833333333333343], [110.41666666666663, 20.833333333333343], [110.41666666666663, 20.75], [110.5, 20.75], [110.5, 20.583333333333343], [110.58333333333331, 20.583333333333343], [110.58333333333331, 20.41666666666667], [110.5, 20.41666666666667], [110.5, 20.25], [110.25, 20.25], [110.25, 20.16666666666667], [110.08333333333331, 20.16666666666667], [110.08333333333331, 20.25], [110.0, 20.25], [110.0, 20.16666666666667], [109.91666666666663, 20.16666666666667], [109.91666666666663, 20.333333333333343], [109.83333333333331, 20.333333333333343], [109.83333333333331, 20.5], [109.75, 20.5], [109.75, 20.75], [109.66666666666663, 20.75], [109.66666666666663, 21.25], [109.75, 21.25], [109.75, 21.66666666666667], [109.91666666666663, 21.66666666666667], [109.91666666666663, 21.833333333333343], [110.08333333333331, 21.833333333333343], [110.08333333333331, 21.91666666666667], [110.33333333333331, 21.91666666666667], [110.33333333333331, 22.16666666666667], [110.66666666666663, 22.16666666666667], [110.66666666666663, 22.25], [110.75, 22.25], [110.75, 22.41666666666667], [110.66666666666663, 22.41666666666667], [110.66666666666663, 22.5], [110.75, 22.5], [110.75, 22.583333333333343], [110.91666666666663, 22.583333333333343], [110.91666666666663, 22.66666666666667], [111.08333333333331, 22.66666666666667], [111.08333333333331, 22.75], [111.25, 22.75], [111.25, 22.833333333333343], [111.33333333333331, 22.833333333333343], [111.33333333333331, 23.0], [111.41666666666663, 23.0], [111.41666666666663, 23.25], [111.33333333333331, 23.25], [111.33333333333331, 23.41666666666667], [111.41666666666663, 23.41666666666667], [111.41666666666663, 23.5], [111.5, 23.5], [111.5, 23.66666666666667], [111.66666666666663, 23.66666666666667], [111.66666666666663, 23.833333333333343], [111.83333333333331, 23.833333333333343], [111.83333333333331, 23.91666666666667], [111.91666666666663, 23.91666666666667], [111.91666666666663, 24.083333333333343], [111.83333333333331, 24.083333333333343], [111.83333333333331, 24.16666666666667], [111.91666666666663, 24.16666666666667], [111.91666666666663, 24.25], [112.0, 24.25], [112.0, 24.333333333333343], [112.08333333333331, 24.333333333333343], [112.08333333333331, 24.41666666666667], [112.0, 24.41666666666667], [112.0, 24.583333333333343], [111.91666666666663, 24.583333333333343], [111.91666666666663, 24.66666666666667], [112.0, 24.66666666666667], [112.0, 24.75], [112.08333333333331, 24.75], [112.08333333333331, 24.833333333333343], [112.16666666666663, 24.833333333333343], [112.16666666666663, 25.16666666666667], [112.66666666666663, 25.16666666666667], [112.66666666666663, 25.0], [112.75, 25.0], [112.75, 24.91666666666667], [113.0, 24.91666666666667], [113.0, 25.25], [112.83333333333331, 25.25], [112.83333333333331, 25.333333333333343], [113.08333333333331, 25.333333333333343], [113.08333333333331, 25.41666666666667], [113.16666666666663, 25.41666666666667], [113.16666666666663, 25.5]], [[113.66666666666663, 22.75], [113.66666666666663, 22.66666666666667], [113.75, 22.66666666666667], [113.75, 22.75], [113.66666666666663, 22.75]], [[114.58333333333331, 22.75], [114.58333333333331, 22.66666666666667], [114.66666666666663, 22.66666666666667], [114.66666666666663, 22.75], [114.58333333333331, 22.75]], [[112.75, 21.91666666666667], [112.75, 21.833333333333343], [112.83333333333331, 21.833333333333343], [112.83333333333331, 21.91666666666667], [112.75, 21.91666666666667]], [[112.66666666666663, 21.833333333333343], [112.66666666666663, 21.75], [112.75, 21.75], [112.75, 21.833333333333343], [112.66666666666663, 21.833333333333343]], [[112.0, 21.75], [112.0, 21.66666666666667], [112.16666666666663, 21.66666666666667], [112.16666666666663, 21.75], [112.0, 21.75]], [[112.5, 21.75], [112.5, 21.66666666666667], [112.58333333333331, 21.66666666666667], [112.58333333333331, 21.75], [112.5, 21.75]]]]}, "properties": {"name": "广东省", "name_en": "Guangdong", "gdp_per_capita_2020": 20143.0, "iso3": "CHN"}}, {"type": "Feature", "geometry": {"type": "MultiPolygon", "coordinates": [[[[110.58333333333331, 26.333333333333336], [110.75, 26.333333333333336], [110.75, 26.25], [110.91666666666663, 26.25], [110.91666666666663, 26.333333333333336], [111.16666666666663, 26.333333333333336], [111.16666666666663, 26.25], [111.25, 26.25], [111.25, 26.0], [111.16666666666663, 26.0], [111.16666666666663, 25.91666666666667], [111.41666666666663, 25.91666666666667], [111.41666666666663, 25.75], [111.33333333333331, 25.75], [111.33333333333331, 25.5], [111.25, 25.5], [111.25, 25.333333333333343], [111.08333333333331, 25.333333333333343], [111.08333333333331, 25.16666666666667], [111.0, 25.16666666666667], [111.0, 25.083333333333343], [110.91666666666663, 25.083333333333343], [110.91666666666663, 25.0], [111.0, 25.0], [111.0, 24.91666666666667], [111.08333333333331, 24.91666666666667], [111.08333333333331, 25.0], [111.16666666666663, 25.0], [111.16666666666663, 25.083333333333343], [111.41666666666663, 25.083333333333343], [111.41666666666663, 24.833333333333343], [111.5, 24.833333333333343], [111.5, 24.75], [111.41666666666663, 24.75], [111.41666666666663, 24.66666666666667], [111.58333333333331, 24.66666666666667], [111.58333333333331, 24.75], [112.0, 24.75], [112.0, 24.66666666666667], [111.91666666666663, 24.66666666666667], [111.91666666666663, 24.583333333333343], [112.0, 24.583333333333343], [112.0, 24.41666666666667], [112.08333333333331, 24.41666666666667], [112.08333333333331, 24.333333333333343], [112.0, 24.333333333333343], [112.0, 24.25], [111.91666666666663, 24.25], [111.91666666666663, 24.16666666666667], [111.83333333333331, 24.16666666666667], [111.83333333333331, 24.083333333333343], [111.91666666666663, 24.083333333333343], [111.91666666666663, 23.91666666666667], [111.83333333333331, 23.91666666666667], [111.83333333333331, 23.833333333333343], [111.66666666666663, 23.833333333333343], [111.66666666666663, 23.66666666666667], [111.5, 23.66666666666667], [111.5, 23.5], [111.41666666666663, 23.5], [111.41666666666663, 23.41666666666667], [111.33333333333331, 23.41666666666667], [111.33333333333331, 23.25], [111.41666666666663, 23.25], [111.41666666666663, 23.0], [111.33333333333331, 23.0], [111.33333333333331, 22.833333333333343], [111.25, 22.833333333333343], [111.25, 22.75], [111.08333333333331, 22.75], [111.08333333333331, 22.66666666666667], [110.91666666666663, 22.66666666666667], [110.91666666666663, 22.583333333333343], [110.75, 22.583333333333343], [110.75, 22.5], [110.66666666666663, 22.5], [110.66666666666663, 22.41666666666667], [110.75, 22.41666666666667], [110.75, 22.25], [110.66666666666663, 22.25], [110.66666666666663, 22.16666666666667], [110.33333333333331, 22.16666666666667], [110.33333333333331, 21.91666666666667], [110.08333333333331, 21.91666666666667], [110.08333333333331, 21.833333333333343], [109.91666666666663, 21.833333333333343], [109.91666666666663, 21.66666666666667], [109.75, 21.66666666666667], [109.75, 21.41666666666667], [109.66666666666663, 21.41666666666667], [109.66666666666663, 21.5], [109.58333333333331, 21.5], [109.58333333333331, 21.41666666666667], [109.25, 21.41666666666667], [109.25, 21.333333333333343], [109.08333333333331, 21.333333333333343], [109.08333333333331, 21.41666666666667], [109.0, 21.41666666666667], [109.0, 21.5], [109.08333333333331, 21.5], [109.08333333333331, 21.583333333333343], [108.66666666666663, 21.583333333333343], [108.66666666666663, 21.66666666666667], [108.58333333333331, 21.66666666666667], [108.58333333333331, 21.583333333333343], [108.5, 21.583333333333343], [108.5, 21.5], [108.0, 21.5], [108.0, 21.583333333333343], [107.83333333333331, 21.583333333333343], [107.83333333333331, 21.66666666666667], [107.75, 21.66666666666667], [107.75, 21.583333333333343], [107.33333333333331, 21.583333333333343], [107.33333333333331, 21.75], [107.08333333333331, 21.75], [107.08333333333331, 21.833333333333343], [107.0, 21.833333333333343], [107.0, 21.91666666666667], [106.91666666666663, 21.91666666666667], [106.91666666666663, 22.0], [106.66666666666663, 22.0], [106.66666666666663, 22.333333333333343], [106.58333333333331, 22.333333333333343], [106.58333333333331, 22.583333333333343], [106.75, 22.583333333333343], [106.75, 22.833333333333343], [106.66666666666663, 22.833333333333343], [106.66666666666663, 22.91666666666667], [106.41666666666663, 22.91666666666667], [106.41666666666663, 22.833333333333343], [106.25, 22.833333333333343], [106.25, 23.0], [106.0, 23.0], [106.0, 22.91666666666667], [105.83333333333331, 22.91666666666667], [105.83333333333331, 23.0], [105.75, 23.0], [105.75, 23.083333333333343], [105.58333333333331, 23.083333333333343], [105.58333333333331, 23.16666666666667], [105.5, 23.16666666666667], [105.5, 23.25], [105.58333333333331, 23.25], [105.58333333333331, 23.333333333333343], [105.66666666666663, 23.333333333333343], [105.66666666666663, 23.41666666666667], [105.75, 23.41666666666667], [105.75, 23.5], [106.08333333333331, 23.5], [106.08333333333331, 23.583333333333343], [106.16666666666663, 23.583333333333343], [106.16666666666663, 23.91666666666667], [106.08333333333331, 23.91666666666667], [106.08333333333331, 24.083333333333343], [105.5, 24.083333333333343], [105.5, 24.0], [105.41666666666663, 24.0], [105.41666666666663, 24.083333333333343], [105.16666666666663, 24.083333333333343], [105.16666666666663, 24.16666666666667], [105.25, 24.16666666666667], [105.25, 24.25], [105.16666666666663, 24.25], [105.16666666666663, 24.41666666666667], [104.75, 24.41666666666667], [104.75, 24.333333333333343], [104.66666666666663, 24.333333333333343], [104.66666666666663, 24.41666666666667], [104.58333333333331, 24.41666666666667], [104.58333333333331, 24.5], [104.5, 24.5], [104.5, 24.75], [104.58333333333331, 24.75], [104.58333333333331, 24.66666666666667], [104.83333333333331, 24.66666666666667], [104.83333333333331, 24.75], [105.0, 24.75], [105.0, 24.833333333333343], [105.08333333333331, 24.833333333333343], [105.08333333333331, 24.91666666666667], [105.16666666666663, 24.91666666666667], [105.16666666666663, 25.0], [105.25, 25.0], [105.25, 24.91666666666667], [105.5, 24.91666666666667], [105.5, 24.833333333333343], [105.66666666666663, 24.833333333333343], [105.66666666666663, 24.75], [105.91666666666663, 24.75], [105.91666666666663, 24.66666666666667], [106.08333333333331, 24.66666666666667], [106.08333333333331, 24.75], [106.16666666666663, 24.75], [106.16666666666663, 25.0], [106.5, 25.0], [106.5, 25.083333333333343], [106.58333333333331, 25.083333333333343], [106.58333333333331, 25.16666666666667], [106.91666666666663, 25.16666666666667], [106.91666666666663, 25.25], [107.0, 25.25], [107.0, 25.5], [107.08333333333331, 25.5], [107.08333333333331, 25.583333333333343], [107.25, 25.583333333333343], [107.25, 25.5], [107.33333333333331, 25.5], [107.33333333333331, 25.41666666666667], [107.41666666666663, 25.41666666666667], [107.41666666666663, 25.25], [107.75, 25.25], [107.75, 25.16666666666667], [108.08333333333331, 25.16666666666667], [108.08333333333331, 25.25], [108.16666666666663, 25.25], [108.16666666666663, 25.41666666666667], [108.25, 25.41666666666667], [108.25, 25.5], [108.41666666666663, 25.5], [108.41666666666663, 25.41666666666667], [108.58333333333331, 25.41666666666667], [108.58333333333331, 25.5], [108.66666666666663, 25.5], [108.66666666666663, 25.583333333333343], [109.0, 25.583333333333343], [109.0, 25.66666666666667], [109.08333333333331, 25.66666666666667], [109.08333333333331, 25.75], [109.33333333333331, 25.75], [109.33333333333331, 25.833333333333343], [109.41666666666663, 25.833333333333343], [109.41666666666663, 26.0], [109.66666666666663, 26.0], [109.66666666666663, 25.91666666666667], [109.83333333333331, 25.91666666666667], [109.83333333333331, 26.083333333333336], [109.91666666666663, 26.083333333333336], [109.91666666666663, 26.16666666666667], [110.08333333333331, 26.16666666666667], [110.08333333333331, 26.0], [110.16666666666663, 26.0], [110.16666666666663, 26.083333333333336], [110.25, 26.083333333333336], [110.25, 26.0], [110.33333333333331, 26.0], [110.33333333333331, 26.083333333333336], [110.41666666666663, 26.083333333333336], [110.41666666666663, 26.16666666666667], [110.5, 26.16666666666667], [110.5, 26.25], [110.58333333333331, 26.25], [110.58333333333331, 26.333333333333336]]], [[[109.08333333333331, 21.083333333333343], [109.08333333333331, 21.0], [109.16666666666663, 21.0], [109.16666666666663, 21.083333333333343], [109.08333333333331, 21.083333333333343]]], [[[109.16666666666663, 20.91666666666667], [109.16666666666663, 20.833333333333343], [109.25, 20.833333333333343], [109.25, 20.91666666666667], [109.16666666666663, 20.91666666666667]]]]}, "properties": {"name": "广西壮族自治区", "name_en": "Guangxi", "gdp_per_capita_2020": 10066.0, "iso3": "CHN"}}, {"type": "Feature", "geometry": {"type": "MultiPolygon", "coordinates": [[[[106.41666666666663, 28.833333333333336], [106.41666666666663, 28.75], [106.5, 28.75], [106.5, 28.833333333333336], [106.41666666666663, 28.833333333333336]]], [[[107.41666666666663, 29.16666666666667], [107.83333333333331, 29.16666666666667], [107.83333333333331, 29.0], [108.0, 29.0], [108.0, 29.083333333333336], [108.33333333333331, 29.083333333333336], [108.33333333333331, 28.66666666666667], [108.58333333333331, 28.66666666666667], [108.58333333333331, 28.333333333333336], [108.66666666666663, 28.333333333333336], [108.66666666666663, 28.5], [108.75, 28.5], [108.75, 28.25], [108.91666666666663, 28.25], [108.91666666666663, 28.16666666666667], [109.08333333333331, 28.16666666666667], [109.08333333333331, 28.333333333333336], [109.16666666666663, 28.333333333333336], [109.16666666666663, 28.5], [109.25, 28.5], [109.25, 28.333333333333336], [109.33333333333331, 28.333333333333336], [109.33333333333331, 27.75], [109.41666666666663, 27.75], [109.41666666666663, 27.5], [109.33333333333331, 27.5], [109.33333333333331, 27.41666666666667], [109.08333333333331, 27.41666666666667], [109.08333333333331, 27.333333333333336], [109.0, 27.333333333333336], [109.0, 27.25], [108.91666666666663, 27.25], [108.91666666666663, 27.16666666666667], [108.83333333333331, 27.16666666666667], [108.83333333333331, 27.0], [108.91666666666663, 27.0], [108.91666666666663, 27.083333333333336], [109.25, 27.083333333333336], [109.25, 27.16666666666667], [109.41666666666663, 27.16666666666667], [109.41666666666663, 27.083333333333336], [109.5, 27.083333333333336], [109.5, 26.75], [109.33333333333331, 26.75], [109.33333333333331, 26.583333333333336], [109.41666666666663, 26.583333333333336], [109.41666666666663, 26.5], [109.33333333333331, 26.5], [109.33333333333331, 26.25], [109.41666666666663, 26.25], [109.41666666666663, 26.16666666666667], [109.5, 26.16666666666667], [109.5, 26.0], [109.41666666666663, 26.0], [109.41666666666663, 25.833333333333343], [109.33333333333331, 25.833333333333343], [109.33333333333331, 25.75], [109.08333333333331, 25.75], [109.08333333333331, 25.66666666666667], [109.0, 25.66666666666667], [109.0, 25.583333333333343], [108.66666666666663, 25.583333333333343], [108.66666666666663, 25.5], [108.58333333333331, 25.5], [108.58333333333331, 25.41666666666667], [108.41666666666663, 25.41666666666667], [108.41666666666663, 25.5], [108.25, 25.5], [108.25, 25.41666666666667], [108.16666666666663, 25.41666666666667], [108.16666666666663, 25.25], [108.08333333333331, 25.25], [108.08333333333331, 25.16666666666667], [107.75, 25.16666666666667], [107.75, 25.25], [107.41666666666663, 25.25], [107.41666666666663, 25.41666666666667], [107.33333333333331, 25.41666666666667], [107.33333333333331, 25.5], [107.25, 25.5], [107.25, 25.583333333333343], [107.08333333333331, 25.583333333333343], [107.08333333333331, 25.5], [107.0, 25.5], [107.0, 25.25], [106.91666666666663, 25.25], [106.91666666666663, 25.16666666666667], [106.58333333333331, 25.16666666666667], [106.58333333333331, 25.083333333333343], [106.5, 25.083333333333343], [106.5, 25.0], [106.16666666666663, 25.0], [106.16666666666663, 24.75], [106.08333333333331, 24.75], [106.08333333333331, 24.66666666666667], [105.91666666666663, 24.66666666666667], [105.91666666666663, 24.75], [105.66666666666663, 24.75], [105.66666666666663, 24.833333333333343], [105.5, 24.833333333333343], [105.5, 24.91666666666667], [105.25, 24.91666666666667], [105.25, 25.0], [105.16666666666663, 25.0], [105.16666666666663, 24.91666666666667], [105.08333333333331, 24.91666666666667], [105.08333333333331, 24.833333333333343], [105.0, 24.833333333333343], [105.0, 24.75], [104.83333333333331, 24.75], [104.83333333333331, 24.66666666666667], [104.58333333333331, 24.66666666666667], [104.58333333333331, 24.75], [104.5, 24.75], [104.5, 24.833333333333343], [104.58333333333331, 24.833333333333343], [104.58333333333331, 24.91666666666667], [104.66666666666663, 24.91666666666667], [104.66666666666663, 25.16666666666667], [104.83333333333331, 25.16666666666667], [104.83333333333331, 25.25], [104.66666666666663, 25.25], [104.66666666666663, 25.333333333333343], [104.58333333333331, 25.333333333333343], [104.58333333333331, 25.5], [104.41666666666663, 25.5], [104.41666666666663, 25.583333333333343], [104.33333333333331, 25.583333333333343], [104.33333333333331, 25.75], [104.41666666666663, 25.75], [104.41666666666663, 26.0], [104.5, 26.0], [104.5, 26.25], [104.58333333333331, 26.25], [104.58333333333331, 26.333333333333336], [104.66666666666663, 26.333333333333336], [104.66666666666663, 26.5], [104.58333333333331, 26.5], [104.58333333333331, 26.583333333333336], [104.41666666666663, 26.583333333333336], [104.41666666666663, 26.66666666666667], [104.33333333333331, 26.66666666666667], [104.33333333333331, 26.583333333333336], [104.25, 26.583333333333336], [104.25, 26.66666666666667], [104.08333333333331, 26.66666666666667], [104.08333333333331, 26.5], [103.83333333333331, 26.5], [103.83333333333331, 26.583333333333336], [103.75, 26.583333333333336], [103.75, 27.0], [103.66666666666663, 27.0], [103.66666666666663, 27.16666666666667], [103.75, 27.16666666666667], [103.75, 27.25], [103.83333333333331, 27.25], [103.83333333333331, 27.333333333333336], [103.91666666666663, 27.333333333333336], [103.91666666666663, 27.41666666666667], [104.0, 27.41666666666667], [104.0, 27.333333333333336], [104.16666666666663, 27.333333333333336], [104.16666666666663, 27.25], [104.25, 27.25], [104.25, 27.41666666666667], [104.33333333333331, 27.41666666666667], [104.33333333333331, 27.5], [104.41666666666663, 27.5], [104.41666666666663, 27.41666666666667], [104.5, 27.41666666666667], [104.5, 27.333333333333336], [105.0, 27.333333333333336], [105.0, 27.41666666666667], [105.25, 27.41666666666667], [105.25, 27.583333333333336], [105.33333333333331, 27.583333333333336], [105.33333333333331, 27.75], [105.58333333333331, 27.75], [105.58333333333331, 27.66666666666667], [105.75, 27.66666666666667], [105.75, 27.75], [106.25, 27.75], [106.25, 27.833333333333336], [106.33333333333331, 27.833333333333336], [106.33333333333331, 28.0], [106.25, 28.0], [106.25, 28.16666666666667], [105.83333333333331, 28.16666666666667], [105.83333333333331, 28.333333333333336], [105.75, 28.333333333333336], [105.75, 28.25], [105.66666666666663, 28.25], [105.66666666666663, 28.41666666666667], [105.58333333333331, 28.41666666666667], [105.58333333333331, 28.5], [105.66666666666663, 28.5], [105.66666666666663, 28.583333333333336], [105.91666666666663, 28.583333333333336], [105.91666666666663, 28.75], [106.0, 28.75], [106.0, 28.66666666666667], [106.16666666666663, 28.66666666666667], [106.16666666666663, 28.583333333333336], [106.25, 28.583333333333336], [106.25, 28.5], [106.41666666666663, 28.5], [106.41666666666663, 28.583333333333336], [106.5, 28.583333333333336], [106.5, 28.75], [106.58333333333331, 28.75], [106.58333333333331, 28.66666666666667], [106.66666666666663, 28.66666666666667], [106.66666666666663, 28.583333333333336], [106.58333333333331, 28.583333333333336], [106.58333333333331, 28.5], [106.75, 28.5], [106.75, 28.583333333333336], [106.83333333333331, 28.583333333333336], [106.83333333333331, 28.833333333333336], [107.0, 28.833333333333336], [107.0, 28.91666666666667], [107.16666666666663, 28.91666666666667], [107.16666666666663, 28.833333333333336], [107.41666666666663, 28.833333333333336], [107.41666666666663, 29.16666666666667]]]]}, "properties": {"name": "贵州省", "name_en": "Guizhou", "gdp_per_capita_2020": 10548.0, "iso3": "CHN"}}, {"type": "Feature", "geometry": {"type": "MultiPolygon", "coordinates": [[[[110.5, 20.16666666666667], [110.75, 20.16666666666667], [110.75, 20.083333333333343], [110.83333333333331, 20.083333333333343], [110.83333333333331, 20.0], [110.91666666666663, 20.0], [110.91666666666663, 20.083333333333343], [111.0, 20.083333333333343], [111.0, 19.75], [111.08333333333331, 19.75], [111.08333333333331, 19.583333333333343], [110.91666666666663, 19.583333333333343], [110.91666666666663, 19.5], [110.83333333333331, 19.5], [110.83333333333331, 19.41666666666667], [110.75, 19.41666666666667], [110.75, 19.25], [110.66666666666663, 19.25], [110.66666666666663, 19.16666666666667], [110.58333333333331, 19.16666666666667], [110.58333333333331, 18.75], [110.5, 18.75], [110.5, 18.66666666666667], [110.41666666666663, 18.66666666666667], [110.41666666666663, 18.583333333333343], [110.33333333333331, 18.583333333333343], [110.33333333333331, 18.66666666666667], [110.25, 18.66666666666667], [110.25, 18.583333333333343], [110.16666666666663, 18.583333333333343], [110.16666666666663, 18.5], [110.08333333333331, 18.5], [110.08333333333331, 18.333333333333343], [109.75, 18.333333333333343], [109.75, 18.16666666666667], [109.41666666666663, 18.16666666666667], [109.41666666666663, 18.25], [109.08333333333331, 18.25], [109.08333333333331, 18.333333333333343], [108.91666666666663, 18.333333333333343], [108.91666666666663, 18.41666666666667], [108.75, 18.41666666666667], [108.75, 18.5], [108.66666666666663, 18.5], [108.66666666666663, 18.75], [108.58333333333331, 18.75], [108.58333333333331, 19.333333333333343], [108.66666666666663, 19.333333333333343], [108.66666666666663, 19.41666666666667], [108.75, 19.41666666666667], [108.75, 19.5], [108.91666666666663, 19.5], [108.91666666666663, 19.583333333333343], [109.0, 19.583333333333343], [109.0, 19.66666666666667], [109.16666666666663, 19.66666666666667], [109.16666666666663, 19.91666666666667], [109.5, 19.91666666666667], [109.5, 20.0], [109.66666666666663, 20.0], [109.66666666666663, 20.083333333333343], [109.75, 20.083333333333343], [109.75, 20.0], [110.08333333333331, 20.0], [110.08333333333331, 20.083333333333343], [110.5, 20.083333333333343], [110.5, 20.16666666666667]]]]}, "properties": {"name": "海南省", "name_en": "Hainan", "gdp_per_capita_2020": 12615.0, "iso3": "CHN"}}, {"type": "Feature", "geometry": {"type": "MultiPolygon", "coordinates": [[[[116.83333333333331, 40.083333333333336], [117.16666666666663, 40.083333333333336], [117.16666666666663, 39.66666666666667], [116.91666666666663, 39.66666666666667], [116.91666666666663, 39.833333333333336], [116.83333333333331, 39.833333333333336], [116.83333333333331, 39.91666666666667], [116.75, 39.91666666666667], [116.75, 40.0], [116.83333333333331, 40.0], [116.83333333333331, 40.083333333333336]]], [[[117.41666666666663, 42.583333333333336], [117.83333333333331, 42.583333333333336], [117.83333333333331, 42.5], [117.91666666666663, 42.5], [117.91666666666663, 42.41666666666667], [118.0, 42.41666666666667], [118.0, 42.16666666666667], [118.08333333333331, 42.16666666666667], [118.08333333333331, 42.083333333333336], [118.25, 42.083333333333336], [118.25, 41.91666666666667], [118.33333333333331, 41.91666666666667], [118.33333333333331, 41.833333333333336], [118.16666666666663, 41.833333333333336], [118.16666666666663, 41.583333333333336], [118.25, 41.583333333333336], [118.25, 41.5], [118.33333333333331, 41.5], [118.33333333333331, 41.333333333333336], [119.25, 41.333333333333336], [119.25, 41.25], [119.16666666666663, 41.25], [119.16666666666663, 41.16666666666667], [119.08333333333331, 41.16666666666667], [119.08333333333331, 41.083333333333336], [119.0, 41.083333333333336], [119.0, 40.91666666666667], [118.83333333333331, 40.91666666666667], [118.83333333333331, 40.75], [119.0, 40.75], [119.0, 40.66666666666667], [119.16666666666663, 40.66666666666667], [119.16666666666663, 40.583333333333336], [119.25, 40.583333333333336], [119.25, 40.5], [119.58333333333331, 40.5], [119.58333333333331, 40.25], [119.66666666666663, 40.25], [119.66666666666663, 40.16666666666667], [119.75, 40.16666666666667], [119.75, 40.083333333333336], [119.83333333333331, 40.083333333333336], [119.83333333333331, 39.91666666666667], [119.66666666666663, 39.91666666666667], [119.66666666666663, 39.833333333333336], [119.58333333333331, 39.833333333333336], [119.58333333333331, 39.75], [119.41666666666663, 39.75], [119.41666666666663, 39.66666666666667], [119.33333333333331, 39.66666666666667], [119.33333333333331, 39.333333333333336], [119.16666666666663, 39.333333333333336], [119.16666666666663, 39.25], [119.08333333333331, 39.25], [119.08333333333331, 39.16666666666667], [118.91666666666663, 39.16666666666667], [118.91666666666663, 39.083333333333336], [118.66666666666663, 39.083333333333336], [118.66666666666663, 39.16666666666667], [118.58333333333331, 39.16666666666667], [118.58333333333331, 39.083333333333336], [118.5, 39.083333333333336], [118.5, 39.0], [118.16666666666663, 39.0], [118.16666666666663, 39.083333333333336], [118.08333333333331, 39.083333333333336], [118.08333333333331, 39.25], [118.0, 39.25], [118.0, 39.41666666666667], [117.91666666666663, 39.41666666666667], [117.91666666666663, 39.583333333333336], [117.66666666666663, 39.583333333333336], [117.66666666666663, 39.66666666666667], [117.58333333333331, 39.66666666666667], [117.58333333333331, 39.833333333333336], [117.5, 39.833333333333336], [117.5, 40.0], [117.75, 40.0], [117.75, 40.083333333333336], [117.66666666666663, 40.083333333333336], [117.66666666666663, 40.16666666666667], [117.58333333333331, 40.16666666666667], [117.58333333333331, 40.25], [117.25, 40.25], [117.25, 40.583333333333336], [117.41666666666663, 40.583333333333336], [117.41666666666663, 40.66666666666667], [117.0, 40.66666666666667], [117.0, 40.75], [116.91666666666663, 40.75], [116.91666666666663, 40.833333333333336], [116.75, 40.833333333333336], [116.75, 40.91666666666667], [116.66666666666663, 40.91666666666667], [116.66666666666663, 41.0], [116.5, 41.0], [116.5, 40.91666666666667], [116.33333333333331, 40.91666666666667], [116.33333333333331, 40.833333333333336], [116.41666666666663, 40.833333333333336], [116.41666666666663, 40.75], [116.16666666666663, 40.75], [116.16666666666663, 40.66666666666667], [116.08333333333331, 40.66666666666667], [116.08333333333331, 40.583333333333336], [115.75, 40.583333333333336], [115.75, 40.41666666666667], [115.83333333333331, 40.41666666666667], [115.83333333333331, 40.333333333333336], [115.91666666666663, 40.333333333333336], [115.91666666666663, 40.25], [115.83333333333331, 40.25], [115.83333333333331, 40.16666666666667], [115.66666666666663, 40.16666666666667], [115.66666666666663, 40.083333333333336], [115.5, 40.083333333333336], [115.5, 40.0], [115.41666666666663, 40.0], [115.41666666666663, 39.91666666666667], [115.5, 39.91666666666667], [115.5, 39.583333333333336], [115.75, 39.583333333333336], [115.75, 39.5], [115.83333333333331, 39.5], [115.83333333333331, 39.583333333333336], [116.25, 39.583333333333336], [116.25, 39.5], [116.33333333333331, 39.5], [116.33333333333331, 39.41666666666667], [116.41666666666663, 39.41666666666667], [116.41666666666663, 39.5], [116.5, 39.5], [116.5, 39.583333333333336], [116.83333333333331, 39.583333333333336], [116.83333333333331, 39.16666666666667], [116.91666666666663, 39.16666666666667], [116.91666666666663, 39.083333333333336], [116.83333333333331, 39.083333333333336], [116.83333333333331, 39.0], [116.75, 39.0], [116.75, 38.75], [116.91666666666663, 38.75], [116.91666666666663, 38.66666666666667], [117.08333333333331, 38.66666666666667], [117.08333333333331, 38.583333333333336], [117.66666666666663, 38.583333333333336], [117.66666666666663, 38.5], [117.75, 38.5], [117.75, 38.333333333333336], [117.91666666666663, 38.333333333333336], [117.91666666666663, 38.25], [117.83333333333331, 38.25], [117.83333333333331, 38.16666666666667], [117.75, 38.16666666666667], [117.75, 38.083333333333336], [117.58333333333331, 38.083333333333336], [117.58333333333331, 38.0], [117.5, 38.0], [117.5, 37.91666666666667], [117.41666666666663, 37.91666666666667], [117.41666666666663, 37.833333333333336], [116.75, 37.833333333333336], [116.75, 37.75], [116.66666666666663, 37.75], [116.66666666666663, 37.66666666666667], [116.58333333333331, 37.66666666666667], [116.58333333333331, 37.583333333333336], [116.5, 37.583333333333336], [116.5, 37.5], [116.25, 37.5], [116.25, 37.333333333333336], [116.0, 37.333333333333336], [116.0, 37.25], [115.91666666666663, 37.25], [115.91666666666663, 37.083333333333336], [115.83333333333331, 37.083333333333336], [115.83333333333331, 37.0], [115.75, 37.0], [115.75, 36.833333333333336], [115.58333333333331, 36.833333333333336], [115.58333333333331, 36.75], [115.41666666666663, 36.75], [115.41666666666663, 36.66666666666667], [115.33333333333331, 36.66666666666667], [115.33333333333331, 36.333333333333336], [115.41666666666663, 36.333333333333336], [115.41666666666663, 36.25], [115.5, 36.25], [115.5, 36.16666666666667], [115.41666666666663, 36.16666666666667], [115.41666666666663, 36.083333333333336], [115.25, 36.083333333333336], [115.25, 36.16666666666667], [115.0, 36.16666666666667], [115.0, 36.083333333333336], [114.91666666666663, 36.083333333333336], [114.91666666666663, 36.16666666666667], [114.66666666666663, 36.16666666666667], [114.66666666666663, 36.083333333333336], [114.58333333333331, 36.083333333333336], [114.58333333333331, 36.16666666666667], [114.41666666666663, 36.16666666666667], [114.41666666666663, 36.25], [114.08333333333331, 36.25], [114.08333333333331, 36.333333333333336], [113.75, 36.333333333333336], [113.75, 36.41666666666667], [113.58333333333331, 36.41666666666667], [113.58333333333331, 36.583333333333336], [113.5, 36.583333333333336], [113.5, 36.75], [113.66666666666663, 36.75], [113.66666666666663, 36.833333333333336], [113.75, 36.833333333333336], [113.75, 37.16666666666667], [113.83333333333331, 37.16666666666667], [113.83333333333331, 37.25], [113.91666666666663, 37.25], [113.91666666666663, 37.41666666666667], [114.0, 37.41666666666667], [114.0, 37.5], [114.08333333333331, 37.5], [114.08333333333331, 37.75], [114.0, 37.75], [114.0, 37.91666666666667], [113.91666666666663, 37.91666666666667], [113.91666666666663, 38.0], [113.83333333333331, 38.0], [113.83333333333331, 38.16666666666667], [113.66666666666663, 38.16666666666667], [113.66666666666663, 38.25], [113.58333333333331, 38.25], [113.58333333333331, 38.333333333333336], [113.5, 38.333333333333336], [113.5, 38.41666666666667], [113.58333333333331, 38.41666666666667], [113.58333333333331, 38.66666666666667], [113.75, 38.66666666666667], [113.75, 38.75], [113.83333333333331, 38.75], [113.83333333333331, 38.833333333333336], [113.75, 38.833333333333336], [113.75, 39.0], [113.83333333333331, 39.0], [113.83333333333331, 39.083333333333336], [114.33333333333331, 39.083333333333336], [114.33333333333331, 39.16666666666667], [114.41666666666663, 39.16666666666667], [114.41666666666663, 39.333333333333336], [114.5, 39.333333333333336], [114.5, 39.583333333333336], [114.41666666666663, 39.583333333333336], [114.41666666666663, 39.833333333333336], [114.25, 39.833333333333336], [114.25, 39.91666666666667], [114.0, 39.91666666666667], [114.0, 40.0], [113.91666666666663, 40.0], [113.91666666666663, 40.083333333333336], [114.08333333333331, 40.083333333333336], [114.08333333333331, 40.16666666666667], [114.25, 40.16666666666667], [114.25, 40.25], [114.5, 40.25], [114.5, 40.333333333333336], [114.33333333333331, 40.333333333333336], [114.33333333333331, 40.41666666666667], [114.25, 40.41666666666667], [114.25, 40.66666666666667], [114.16666666666663, 40.66666666666667], [114.16666666666663, 40.75], [114.08333333333331, 40.75], [114.08333333333331, 40.833333333333336], [114.0, 40.833333333333336], [114.0, 41.0], [113.91666666666663, 41.0], [113.91666666666663, 41.16666666666667], [114.0, 41.16666666666667], [114.0, 41.25], [113.91666666666663, 41.25], [113.91666666666663, 41.5], [114.25, 41.5], [114.25, 41.91666666666667], [114.5, 41.91666666666667], [114.5, 42.083333333333336], [114.75, 42.083333333333336], [114.75, 42.16666666666667], [114.83333333333331, 42.16666666666667], [114.83333333333331, 42.0], [114.91666666666663, 42.0], [114.91666666666663, 41.583333333333336], [115.33333333333331, 41.583333333333336], [115.33333333333331, 41.75], [115.58333333333331, 41.75], [115.58333333333331, 41.833333333333336], [115.75, 41.833333333333336], [115.75, 41.91666666666667], [115.91666666666663, 41.91666666666667], [115.91666666666663, 41.833333333333336], [116.0, 41.833333333333336], [116.0, 41.75], [116.08333333333331, 41.75], [116.08333333333331, 41.833333333333336], [116.16666666666663, 41.833333333333336], [116.16666666666663, 41.91666666666667], [116.25, 41.91666666666667], [116.25, 42.0], [116.41666666666663, 42.0], [116.41666666666663, 41.91666666666667], [116.75, 41.91666666666667], [116.75, 42.0], [116.83333333333331, 42.0], [116.83333333333331, 42.16666666666667], [116.91666666666663, 42.16666666666667], [116.91666666666663, 42.41666666666667], [117.08333333333331, 42.41666666666667], [117.08333333333331, 42.5], [117.41666666666663, 42.5], [117.41666666666663, 42.583333333333336]]]]}, "properties": {"name": "河北省", "name_en": "Hebei", "gdp_per_capita_2020": 10991.0, "iso3": "CHN"}}, {"type": "Feature", "geometry": {"type": "MultiPolygon", "coordinates": [[[[126.91666666666663, 51.333333333333336], [126.91666666666663, 51.25], [127.0, 51.25], [127.0, 51.333333333333336], [126.91666666666663, 51.333333333333336]]], [[[130.58333333333331, 48.91666666666667], [130.58333333333331, 48.833333333333336], [130.66666666666663, 48.833333333333336], [130.66666666666663, 48.91666666666667], [130.58333333333331, 48.91666666666667]]], [[[123.16666666666663, 53.583333333333336], [123.33333333333331, 53.583333333333336], [123.33333333333331, 53.5], [123.91666666666663, 53.5], [123.91666666666663, 53.41666666666667], [124.08333333333331, 53.41666666666667], [124.08333333333331, 53.333333333333336], [124.33333333333331, 53.333333333333336], [124.33333333333331, 53.25], [124.5, 53.25], [124.5, 53.16666666666667], [125.41666666666663, 53.16666666666667], [125.41666666666663, 53.083333333333336], [125.66666666666663, 53.083333333333336], [125.66666666666663, 53.0], [125.75, 53.0], [125.75, 52.91666666666667], [125.83333333333331, 52.91666666666667], [125.83333333333331, 52.833333333333336], [125.91666666666663, 52.833333333333336], [125.91666666666663, 52.75], [126.08333333333331, 52.75], [126.08333333333331, 52.66666666666667], [126.0, 52.66666666666667], [126.0, 52.583333333333336], [126.16666666666663, 52.583333333333336], [126.16666666666663, 52.5], [126.25, 52.5], [126.25, 52.41666666666667], [126.33333333333331, 52.41666666666667], [126.33333333333331, 52.333333333333336], [126.41666666666663, 52.333333333333336], [126.41666666666663, 52.25], [126.33333333333331, 52.25], [126.33333333333331, 52.16666666666667], [126.5, 52.16666666666667], [126.5, 51.91666666666667], [126.58333333333331, 51.91666666666667], [126.58333333333331, 51.75], [126.66666666666663, 51.75], [126.66666666666663, 51.66666666666667], [126.75, 51.66666666666667], [126.75, 51.583333333333336], [126.83333333333331, 51.583333333333336], [126.83333333333331, 51.41666666666667], [126.91666666666663, 51.41666666666667], [126.91666666666663, 51.333333333333336], [126.83333333333331, 51.333333333333336], [126.83333333333331, 51.25], [126.91666666666663, 51.25], [126.91666666666663, 51.0], [127.08333333333331, 51.0], [127.08333333333331, 50.91666666666667], [127.16666666666663, 50.91666666666667], [127.16666666666663, 50.833333333333336], [127.25, 50.833333333333336], [127.25, 50.66666666666667], [127.33333333333331, 50.66666666666667], [127.33333333333331, 50.333333333333336], [127.41666666666663, 50.333333333333336], [127.41666666666663, 50.25], [127.58333333333331, 50.25], [127.58333333333331, 50.083333333333336], [127.5, 50.083333333333336], [127.5, 49.833333333333336], [127.58333333333331, 49.833333333333336], [127.58333333333331, 49.75], [127.66666666666663, 49.75], [127.66666666666663, 49.66666666666667], [127.75, 49.66666666666667], [127.75, 49.583333333333336], [128.16666666666663, 49.583333333333336], [128.16666666666663, 49.5], [128.33333333333331, 49.5], [128.33333333333331, 49.583333333333336], [128.75, 49.583333333333336], [128.75, 49.5], [128.91666666666663, 49.5], [128.91666666666663, 49.41666666666667], [129.08333333333331, 49.41666666666667], [129.08333333333331, 49.333333333333336], [129.16666666666663, 49.333333333333336], [129.16666666666663, 49.41666666666667], [129.25, 49.41666666666667], [129.25, 49.333333333333336], [129.33333333333331, 49.333333333333336], [129.33333333333331, 49.41666666666667], [129.5, 49.41666666666667], [129.5, 49.333333333333336], [129.58333333333331, 49.333333333333336], [129.58333333333331, 49.25], [129.75, 49.25], [129.75, 49.16666666666667], [129.83333333333331, 49.16666666666667], [129.83333333333331, 49.083333333333336], [129.91666666666663, 49.083333333333336], [129.91666666666663, 49.0], [130.08333333333331, 49.0], [130.08333333333331, 48.91666666666667], [130.25, 48.91666666666667], [130.25, 48.833333333333336], [130.33333333333331, 48.833333333333336], [130.33333333333331, 48.91666666666667], [130.5, 48.91666666666667], [130.5, 48.833333333333336], [130.58333333333331, 48.833333333333336], [130.58333333333331, 48.66666666666667], [130.5, 48.66666666666667], [130.5, 48.583333333333336], [130.58333333333331, 48.583333333333336], [130.58333333333331, 48.5], [130.75, 48.5], [130.75, 48.333333333333336], [130.83333333333331, 48.333333333333336], [130.83333333333331, 48.25], [130.75, 48.25], [130.75, 48.16666666666667], [130.66666666666663, 48.16666666666667], [130.66666666666663, 48.0], [130.83333333333331, 48.0], [130.83333333333331, 47.91666666666667], [130.91666666666663, 47.91666666666667], [130.91666666666663, 47.75], [131.0, 47.75], [131.0, 47.66666666666667], [131.16666666666663, 47.66666666666667], [131.16666666666663, 47.75], [131.5, 47.75], [131.5, 47.66666666666667], [132.16666666666663, 47.66666666666667], [132.16666666666663, 47.75], [132.58333333333331, 47.75], [132.58333333333331, 47.833333333333336], [132.66666666666663, 47.833333333333336], [132.66666666666663, 47.91666666666667], [132.83333333333331, 47.91666666666667], [132.83333333333331, 48.0], [133.0, 48.0], [133.0, 48.083333333333336], [133.58333333333331, 48.083333333333336], [133.58333333333331, 48.16666666666667], [133.83333333333331, 48.16666666666667], [133.83333333333331, 48.25], [134.0, 48.25], [134.0, 48.333333333333336], [134.33333333333331, 48.333333333333336], [134.33333333333331, 48.41666666666667], [134.41666666666663, 48.41666666666667], [134.41666666666663, 48.333333333333336], [134.66666666666663, 48.333333333333336], [134.66666666666663, 48.083333333333336], [134.58333333333331, 48.083333333333336], [134.58333333333331, 47.91666666666667], [134.66666666666663, 47.91666666666667], [134.66666666666663, 47.833333333333336], [134.75, 47.833333333333336], [134.75, 47.66666666666667], [134.66666666666663, 47.66666666666667], [134.66666666666663, 47.583333333333336], [134.58333333333331, 47.583333333333336], [134.58333333333331, 47.5], [134.5, 47.5], [134.5, 47.41666666666667], [134.25, 47.41666666666667], [134.25, 47.333333333333336], [134.16666666666663, 47.333333333333336], [134.16666666666663, 47.083333333333336], [134.08333333333331, 47.083333333333336], [134.08333333333331, 46.833333333333336], [134.0, 46.833333333333336], [134.0, 46.583333333333336], [133.91666666666663, 46.583333333333336], [133.91666666666663, 46.5], [133.83333333333331, 46.5], [133.83333333333331, 46.41666666666667], [133.91666666666663, 46.41666666666667], [133.91666666666663, 46.25], [133.83333333333331, 46.25], [133.83333333333331, 46.16666666666667], [133.66666666666663, 46.16666666666667], [133.66666666666663, 46.083333333333336], [133.75, 46.083333333333336], [133.75, 46.0], [133.66666666666663, 46.0], [133.66666666666663, 45.91666666666667], [133.5, 45.91666666666667], [133.5, 45.66666666666667], [133.41666666666663, 45.66666666666667], [133.41666666666663, 45.583333333333336], [133.33333333333331, 45.583333333333336], [133.33333333333331, 45.5], [133.16666666666663, 45.5], [133.16666666666663, 45.333333333333336], [133.08333333333331, 45.333333333333336], [133.08333333333331, 45.083333333333336], [133.0, 45.083333333333336], [133.0, 45.0], [132.83333333333331, 45.0], [132.83333333333331, 44.91666666666667], [132.75, 44.91666666666667], [132.75, 44.75], [132.66666666666663, 44.75], [132.66666666666663, 44.583333333333336], [132.33333333333331, 44.583333333333336], [132.33333333333331, 44.66666666666667], [132.16666666666663, 44.66666666666667], [132.16666666666663, 45.083333333333336], [132.08333333333331, 45.083333333333336], [132.08333333333331, 45.25], [131.91666666666663, 45.25], [131.91666666666663, 45.333333333333336], [131.83333333333331, 45.333333333333336], [131.83333333333331, 45.25], [131.66666666666663, 45.25], [131.66666666666663, 45.083333333333336], [131.58333333333331, 45.083333333333336], [131.58333333333331, 45.0], [131.33333333333331, 45.0], [131.33333333333331, 44.91666666666667], [131.0, 44.91666666666667], [131.0, 44.75], [131.08333333333331, 44.75], [131.08333333333331, 44.583333333333336], [131.16666666666663, 44.583333333333336], [131.16666666666663, 44.333333333333336], [131.25, 44.333333333333336], [131.25, 43.833333333333336], [131.16666666666663, 43.833333333333336], [131.16666666666663, 43.75], [131.25, 43.75], [131.25, 43.583333333333336], [131.16666666666663, 43.583333333333336], [131.16666666666663, 43.5], [131.25, 43.5], [131.25, 43.41666666666667], [131.08333333333331, 43.41666666666667], [131.08333333333331, 43.5], [130.91666666666663, 43.5], [130.91666666666663, 43.41666666666667], [130.83333333333331, 43.41666666666667], [130.83333333333331, 43.5], [130.75, 43.5], [130.75, 43.583333333333336], [130.58333333333331, 43.583333333333336], [130.58333333333331, 43.66666666666667], [130.41666666666663, 43.66666666666667], [130.41666666666663, 43.833333333333336], [130.33333333333331, 43.833333333333336], [130.33333333333331, 44.0], [130.25, 44.0], [130.25, 43.91666666666667], [130.08333333333331, 43.91666666666667], [130.08333333333331, 43.833333333333336], [130.0, 43.833333333333336], [130.0, 44.0], [129.83333333333331, 44.0], [129.83333333333331, 43.91666666666667], [129.58333333333331, 43.91666666666667], [129.58333333333331, 43.833333333333336], [129.25, 43.833333333333336], [129.25, 43.583333333333336], [129.08333333333331, 43.583333333333336], [129.08333333333331, 43.5], [128.91666666666663, 43.5], [128.91666666666663, 43.583333333333336], [128.83333333333331, 43.583333333333336], [128.83333333333331, 43.66666666666667], [128.75, 43.66666666666667], [128.75, 43.833333333333336], [128.66666666666663, 43.833333333333336], [128.66666666666663, 43.91666666666667], [128.58333333333331, 43.91666666666667], [128.58333333333331, 44.083333333333336], [128.5, 44.083333333333336], [128.5, 44.16666666666667], [128.41666666666663, 44.16666666666667], [128.41666666666663, 44.25], [128.5, 44.25], [128.5, 44.41666666666667], [128.41666666666663, 44.41666666666667], [128.41666666666663, 44.5], [128.25, 44.5], [128.25, 44.41666666666667], [128.16666666666663, 44.41666666666667], [128.16666666666663, 44.333333333333336], [128.08333333333331, 44.333333333333336], [128.08333333333331, 44.083333333333336], [127.75, 44.083333333333336], [127.75, 44.16666666666667], [127.58333333333331, 44.16666666666667], [127.58333333333331, 44.333333333333336], [127.5, 44.333333333333336], [127.5, 44.583333333333336], [127.33333333333331, 44.583333333333336], [127.33333333333331, 44.66666666666667], [127.16666666666663, 44.66666666666667], [127.16666666666663, 44.583333333333336], [127.0, 44.583333333333336], [127.0, 44.91666666666667], [127.08333333333331, 44.91666666666667], [127.08333333333331, 45.0], [127.0, 45.0], [127.0, 45.083333333333336], [126.91666666666663, 45.083333333333336], [126.91666666666663, 45.16666666666667], [126.66666666666663, 45.16666666666667], [126.66666666666663, 45.25], [126.41666666666663, 45.25], [126.41666666666663, 45.16666666666667], [125.91666666666663, 45.16666666666667], [125.91666666666663, 45.25], [125.75, 45.25], [125.75, 45.333333333333336], [125.66666666666663, 45.333333333333336], [125.66666666666663, 45.5], [125.41666666666663, 45.5], [125.41666666666663, 45.41666666666667], [125.0, 45.41666666666667], [125.0, 45.5], [124.83333333333331, 45.5], [124.83333333333331, 45.41666666666667], [124.41666666666663, 45.41666666666667], [124.41666666666663, 45.5], [124.25, 45.5], [124.25, 45.583333333333336], [124.16666666666663, 45.583333333333336], [124.16666666666663, 45.66666666666667], [124.08333333333331, 45.66666666666667], [124.08333333333331, 45.75], [124.0, 45.75], [124.0, 46.25], [123.16666666666663, 46.25], [123.16666666666663, 46.333333333333336], [123.08333333333331, 46.333333333333336], [123.08333333333331, 46.41666666666667], [123.0, 46.41666666666667], [123.0, 46.583333333333336], [123.25, 46.583333333333336], [123.25, 46.66666666666667], [123.58333333333331, 46.66666666666667], [123.58333333333331, 46.833333333333336], [123.5, 46.833333333333336], [123.5, 46.91666666666667], [123.33333333333331, 46.91666666666667], [123.33333333333331, 46.833333333333336], [123.16666666666663, 46.833333333333336], [123.16666666666663, 46.75], [122.91666666666663, 46.75], [122.91666666666663, 46.91666666666667], [122.75, 46.91666666666667], [122.75, 47.0], [122.83333333333331, 47.0], [122.83333333333331, 47.083333333333336], [122.58333333333331, 47.083333333333336], [122.58333333333331, 47.16666666666667], [122.5, 47.16666666666667], [122.5, 47.25], [122.41666666666663, 47.25], [122.41666666666663, 47.41666666666667], [122.5, 47.41666666666667], [122.5, 47.5], [122.58333333333331, 47.5], [122.58333333333331, 47.583333333333336], [122.75, 47.583333333333336], [122.75, 47.66666666666667], [122.91666666666663, 47.66666666666667], [122.91666666666663, 47.75], [123.16666666666663, 47.75], [123.16666666666663, 47.833333333333336], [123.25, 47.833333333333336], [123.25, 47.91666666666667], [123.33333333333331, 47.91666666666667], [123.33333333333331, 48.0], [123.58333333333331, 48.0], [123.58333333333331, 48.083333333333336], [123.66666666666663, 48.083333333333336], [123.66666666666663, 48.16666666666667], [123.75, 48.16666666666667], [123.75, 48.25], [123.91666666666663, 48.25], [123.91666666666663, 48.333333333333336], [124.0, 48.333333333333336], [124.0, 48.41666666666667], [124.16666666666663, 48.41666666666667], [124.16666666666663, 48.5], [124.33333333333331, 48.5], [124.33333333333331, 48.25], [124.41666666666663, 48.25], [124.41666666666663, 48.16666666666667], [124.5, 48.16666666666667], [124.5, 48.25], [124.58333333333331, 48.25], [124.58333333333331, 48.333333333333336], [124.5, 48.333333333333336], [124.5, 48.583333333333336], [124.58333333333331, 48.583333333333336], [124.58333333333331, 48.75], [124.66666666666663, 48.75], [124.66666666666663, 48.91666666666667], [124.75, 48.91666666666667], [124.75, 49.0], [124.83333333333331, 49.0], [124.83333333333331, 49.16666666666667], [125.16666666666663, 49.16666666666667], [125.16666666666663, 49.25], [125.25, 49.25], [125.25, 49.583333333333336], [125.16666666666663, 49.583333333333336], [125.16666666666663, 49.66666666666667], [125.25, 49.66666666666667], [125.25, 49.75], [125.16666666666663, 49.75], [125.16666666666663, 49.833333333333336], [125.25, 49.833333333333336], [125.25, 49.91666666666667], [125.16666666666663, 49.91666666666667], [125.16666666666663, 50.0], [125.25, 50.0], [125.25, 50.083333333333336], [125.33333333333331, 50.083333333333336], [125.33333333333331, 50.16666666666667], [125.41666666666663, 50.16666666666667], [125.41666666666663, 50.25], [125.5, 50.25], [125.5, 50.41666666666667], [125.58333333333331, 50.41666666666667], [125.58333333333331, 50.5], [125.75, 50.5], [125.75, 50.583333333333336], [125.83333333333331, 50.583333333333336], [125.83333333333331, 50.66666666666667], [125.75, 50.66666666666667], [125.75, 50.75], [125.83333333333331, 50.75], [125.83333333333331, 50.833333333333336], [126.0, 50.833333333333336], [126.0, 51.083333333333336], [125.91666666666663, 51.083333333333336], [125.91666666666663, 51.16666666666667], [125.83333333333331, 51.16666666666667], [125.83333333333331, 51.25], [125.75, 51.25], [125.75, 51.333333333333336], [125.66666666666663, 51.333333333333336], [125.66666666666663, 51.41666666666667], [125.58333333333331, 51.41666666666667], [125.58333333333331, 51.5], [125.41666666666663, 51.5], [125.41666666666663, 51.583333333333336], [125.25, 51.583333333333336], [125.25, 51.66666666666667], [125.08333333333331, 51.66666666666667], [125.08333333333331, 51.583333333333336], [125.0, 51.583333333333336], [125.0, 51.5], [124.91666666666663, 51.5], [124.91666666666663, 51.41666666666667], [124.75, 51.41666666666667], [124.75, 51.333333333333336], [124.41666666666663, 51.333333333333336], [124.41666666666663, 51.25], [124.33333333333331, 51.25], [124.33333333333331, 51.333333333333336], [123.75, 51.333333333333336], [123.75, 51.41666666666667], [123.66666666666663, 51.41666666666667], [123.66666666666663, 51.333333333333336], [123.58333333333331, 51.333333333333336], [123.58333333333331, 51.25], [123.16666666666663, 51.25], [123.16666666666663, 51.333333333333336], [122.91666666666663, 51.333333333333336], [122.91666666666663, 51.5], [122.83333333333331, 51.5], [122.83333333333331, 51.66666666666667], [122.75, 51.66666666666667], [122.75, 51.91666666666667], [122.66666666666663, 51.91666666666667], [122.66666666666663, 52.16666666666667], [122.75, 52.16666666666667], [122.75, 52.25], [122.5, 52.25], [122.5, 52.333333333333336], [122.41666666666663, 52.333333333333336], [122.41666666666663, 52.41666666666667], [122.33333333333331, 52.41666666666667], [122.33333333333331, 52.5], [122.08333333333331, 52.5], [122.08333333333331, 52.41666666666667], [122.0, 52.41666666666667], [122.0, 52.333333333333336], [121.91666666666663, 52.333333333333336], [121.91666666666663, 52.25], [121.83333333333331, 52.25], [121.83333333333331, 52.333333333333336], [121.66666666666663, 52.333333333333336], [121.66666666666663, 52.41666666666667], [121.58333333333331, 52.41666666666667], [121.58333333333331, 52.5], [121.33333333333331, 52.5], [121.33333333333331, 52.583333333333336], [121.25, 52.583333333333336], [121.25, 52.66666666666667], [121.41666666666663, 52.66666666666667], [121.41666666666663, 52.75], [121.5, 52.75], [121.5, 52.833333333333336], [121.58333333333331, 52.833333333333336], [121.58333333333331, 52.91666666666667], [121.66666666666663, 52.91666666666667], [121.66666666666663, 53.0], [121.75, 53.0], [121.75, 53.16666666666667], [121.66666666666663, 53.16666666666667], [121.66666666666663, 53.25], [121.58333333333331, 53.25], [121.58333333333331, 53.333333333333336], [121.66666666666663, 53.333333333333336], [121.66666666666663, 53.41666666666667], [122.16666666666663, 53.41666666666667], [122.16666666666663, 53.5], [122.41666666666663, 53.5], [122.41666666666663, 53.41666666666667], [122.58333333333331, 53.41666666666667], [122.58333333333331, 53.5], [123.16666666666663, 53.5], [123.16666666666663, 53.583333333333336]], [[125.66666666666663, 52.91666666666667], [125.66666666666663, 52.833333333333336], [125.75, 52.833333333333336], [125.75, 52.91666666666667], [125.66666666666663, 52.91666666666667]]]]}, "properties": {"name": "黑龙江省", "name_en": "Heilongjiang", "gdp_per_capita_2020": 9655.0, "iso3": "CHN"}}, {"type": "Feature", "geometry": {"type": "MultiPolygon", "coordinates": [[[[115.41666666666663, 36.16666666666667], [115.41666666666663, 36.083333333333336], [115.5, 36.083333333333336], [115.5, 36.16666666666667], [115.41666666666663, 36.16666666666667]]], [[[116.0, 36.083333333333336], [116.0, 36.0], [116.08333333333331, 36.0], [116.08333333333331, 36.083333333333336], [116.0, 36.083333333333336]]], [[[113.75, 36.333333333333336], [114.08333333333331, 36.333333333333336], [114.08333333333331, 36.25], [114.41666666666663, 36.25], [114.41666666666663, 36.16666666666667], [114.58333333333331, 36.16666666666667], [114.58333333333331, 36.083333333333336], [114.66666666666663, 36.083333333333336], [114.66666666666663, 36.16666666666667], [114.91666666666663, 36.16666666666667], [114.91666666666663, 36.083333333333336], [115.0, 36.083333333333336], [115.0, 36.16666666666667], [115.25, 36.16666666666667], [115.25, 36.083333333333336], [115.41666666666663, 36.083333333333336], [115.41666666666663, 36.0], [115.33333333333331, 36.0], [115.33333333333331, 35.833333333333336], [115.41666666666663, 35.833333333333336], [115.41666666666663, 35.91666666666667], [115.66666666666663, 35.91666666666667], [115.66666666666663, 36.0], [115.91666666666663, 36.0], [115.91666666666663, 35.91666666666667], [115.83333333333331, 35.91666666666667], [115.83333333333331, 35.833333333333336], [115.66666666666663, 35.833333333333336], [115.66666666666663, 35.75], [115.5, 35.75], [115.5, 35.66666666666667], [115.41666666666663, 35.66666666666667], [115.41666666666663, 35.583333333333336], [115.33333333333331, 35.583333333333336], [115.33333333333331, 35.5], [115.25, 35.5], [115.25, 35.41666666666667], [115.08333333333331, 35.41666666666667], [115.08333333333331, 35.333333333333336], [115.0, 35.333333333333336], [115.0, 35.25], [114.91666666666663, 35.25], [114.91666666666663, 35.16666666666667], [114.83333333333331, 35.16666666666667], [114.83333333333331, 35.0], [115.16666666666663, 35.0], [115.16666666666663, 34.91666666666667], [115.25, 34.91666666666667], [115.25, 34.833333333333336], [115.41666666666663, 34.833333333333336], [115.41666666666663, 34.66666666666667], [115.5, 34.66666666666667], [115.5, 34.583333333333336], [116.16666666666663, 34.583333333333336], [116.16666666666663, 34.41666666666667], [116.25, 34.41666666666667], [116.25, 34.333333333333336], [116.41666666666663, 34.333333333333336], [116.41666666666663, 34.25], [116.58333333333331, 34.25], [116.58333333333331, 34.16666666666667], [116.5, 34.16666666666667], [116.5, 34.083333333333336], [116.58333333333331, 34.083333333333336], [116.58333333333331, 34.0], [116.66666666666663, 34.0], [116.66666666666663, 33.91666666666667], [116.5, 33.91666666666667], [116.5, 33.833333333333336], [116.41666666666663, 33.833333333333336], [116.41666666666663, 33.75], [116.08333333333331, 33.75], [116.08333333333331, 33.833333333333336], [116.0, 33.833333333333336], [116.0, 34.0], [115.83333333333331, 34.0], [115.83333333333331, 34.083333333333336], [115.66666666666663, 34.083333333333336], [115.66666666666663, 34.0], [115.58333333333331, 34.0], [115.58333333333331, 33.583333333333336], [115.41666666666663, 33.583333333333336], [115.41666666666663, 33.5], [115.33333333333331, 33.5], [115.33333333333331, 33.16666666666667], [115.16666666666663, 33.16666666666667], [115.16666666666663, 33.083333333333336], [115.0, 33.083333333333336], [115.0, 33.16666666666667], [114.91666666666663, 33.16666666666667], [114.91666666666663, 32.91666666666667], [115.16666666666663, 32.91666666666667], [115.16666666666663, 32.583333333333336], [115.41666666666663, 32.583333333333336], [115.41666666666663, 32.5], [115.5, 32.5], [115.5, 32.41666666666667], [115.66666666666663, 32.41666666666667], [115.66666666666663, 32.5], [115.83333333333331, 32.5], [115.83333333333331, 32.41666666666667], [115.91666666666663, 32.41666666666667], [115.91666666666663, 31.833333333333336], [115.83333333333331, 31.833333333333336], [115.83333333333331, 31.75], [115.58333333333331, 31.75], [115.58333333333331, 31.66666666666667], [115.5, 31.66666666666667], [115.5, 31.583333333333336], [115.41666666666663, 31.583333333333336], [115.41666666666663, 31.41666666666667], [115.25, 31.41666666666667], [115.25, 31.583333333333336], [115.08333333333331, 31.583333333333336], [115.08333333333331, 31.5], [114.66666666666663, 31.5], [114.66666666666663, 31.583333333333336], [114.58333333333331, 31.583333333333336], [114.58333333333331, 31.75], [114.25, 31.75], [114.25, 31.833333333333336], [114.08333333333331, 31.833333333333336], [114.08333333333331, 31.75], [113.91666666666663, 31.75], [113.91666666666663, 31.833333333333336], [113.83333333333331, 31.833333333333336], [113.83333333333331, 32.0], [113.75, 32.0], [113.75, 32.41666666666667], [113.58333333333331, 32.41666666666667], [113.58333333333331, 32.333333333333336], [113.25, 32.333333333333336], [113.25, 32.41666666666667], [112.83333333333331, 32.41666666666667], [112.83333333333331, 32.333333333333336], [112.66666666666663, 32.333333333333336], [112.66666666666663, 32.41666666666667], [112.5, 32.41666666666667], [112.5, 32.333333333333336], [112.25, 32.333333333333336], [112.25, 32.41666666666667], [112.08333333333331, 32.41666666666667], [112.08333333333331, 32.5], [111.83333333333331, 32.5], [111.83333333333331, 32.583333333333336], [111.5, 32.583333333333336], [111.5, 32.75], [111.41666666666663, 32.75], [111.41666666666663, 32.833333333333336], [111.25, 32.833333333333336], [111.25, 33.083333333333336], [111.16666666666663, 33.083333333333336], [111.16666666666663, 33.16666666666667], [111.0, 33.16666666666667], [111.0, 33.583333333333336], [110.91666666666663, 33.583333333333336], [110.91666666666663, 33.66666666666667], [110.83333333333331, 33.66666666666667], [110.83333333333331, 33.75], [110.75, 33.75], [110.75, 33.833333333333336], [110.58333333333331, 33.833333333333336], [110.58333333333331, 33.91666666666667], [110.66666666666663, 33.91666666666667], [110.66666666666663, 34.0], [110.58333333333331, 34.0], [110.58333333333331, 34.25], [110.41666666666663, 34.25], [110.41666666666663, 34.333333333333336], [110.5, 34.333333333333336], [110.5, 34.41666666666667], [110.41666666666663, 34.41666666666667], [110.41666666666663, 34.5], [110.33333333333331, 34.5], [110.33333333333331, 34.583333333333336], [110.75, 34.583333333333336], [110.75, 34.66666666666667], [110.91666666666663, 34.66666666666667], [110.91666666666663, 34.75], [111.16666666666663, 34.75], [111.16666666666663, 34.833333333333336], [111.58333333333331, 34.833333333333336], [111.58333333333331, 34.91666666666667], [111.66666666666663, 34.91666666666667], [111.66666666666663, 35.0], [111.75, 35.0], [111.75, 35.083333333333336], [112.08333333333331, 35.083333333333336], [112.08333333333331, 35.25], [113.0, 35.25], [113.0, 35.333333333333336], [113.16666666666663, 35.333333333333336], [113.16666666666663, 35.41666666666667], [113.33333333333331, 35.41666666666667], [113.33333333333331, 35.5], [113.5, 35.5], [113.5, 35.583333333333336], [113.58333333333331, 35.583333333333336], [113.58333333333331, 35.833333333333336], [113.66666666666663, 35.833333333333336], [113.66666666666663, 36.25], [113.75, 36.25], [113.75, 36.333333333333336]]]]}, "properties": {"name": "河南省", "name_en": "Henan", "gdp_per_capita_2020": 12445.0, "iso3": "CHN"}}, {"type": "Feature", "geometry": {"type": "MultiPolygon", "coordinates": [[[[109.5, 33.25], [110.0, 33.25], [110.0, 33.16666666666667], [110.5, 33.16666666666667], [110.5, 33.25], [110.58333333333331, 33.25], [110.58333333333331, 33.16666666666667], [110.66666666666663, 33.16666666666667], [110.66666666666663, 33.083333333333336], [110.75, 33.083333333333336], [110.75, 33.16666666666667], [110.83333333333331, 33.16666666666667], [110.83333333333331, 33.25], [111.0, 33.25], [111.0, 33.16666666666667], [111.16666666666663, 33.16666666666667], [111.16666666666663, 33.083333333333336], [111.25, 33.083333333333336], [111.25, 32.833333333333336], [111.41666666666663, 32.833333333333336], [111.41666666666663, 32.75], [111.5, 32.75], [111.5, 32.583333333333336], [111.83333333333331, 32.583333333333336], [111.83333333333331, 32.5], [112.08333333333331, 32.5], [112.08333333333331, 32.41666666666667], [112.25, 32.41666666666667], [112.25, 32.333333333333336], [112.5, 32.333333333333336], [112.5, 32.41666666666667], [112.66666666666663, 32.41666666666667], [112.66666666666663, 32.333333333333336], [112.83333333333331, 32.333333333333336], [112.83333333333331, 32.41666666666667], [113.25, 32.41666666666667], [113.25, 32.333333333333336], [113.58333333333331, 32.333333333333336], [113.58333333333331, 32.41666666666667], [113.75, 32.41666666666667], [113.75, 32.0], [113.83333333333331, 32.0], [113.83333333333331, 31.833333333333336], [113.91666666666663, 31.833333333333336], [113.91666666666663, 31.75], [114.08333333333331, 31.75], [114.08333333333331, 31.833333333333336], [114.25, 31.833333333333336], [114.25, 31.75], [114.58333333333331, 31.75], [114.58333333333331, 31.583333333333336], [114.66666666666663, 31.583333333333336], [114.66666666666663, 31.5], [115.08333333333331, 31.5], [115.08333333333331, 31.583333333333336], [115.25, 31.583333333333336], [115.25, 31.41666666666667], [115.41666666666663, 31.41666666666667], [115.41666666666663, 31.25], [115.5, 31.25], [115.5, 31.16666666666667], [115.83333333333331, 31.16666666666667], [115.83333333333331, 31.083333333333336], [116.0, 31.083333333333336], [116.0, 30.91666666666667], [115.91666666666663, 30.91666666666667], [115.91666666666663, 30.833333333333336], [115.83333333333331, 30.833333333333336], [115.83333333333331, 30.75], [115.75, 30.75], [115.75, 30.66666666666667], [115.83333333333331, 30.66666666666667], [115.83333333333331, 30.583333333333336], [115.91666666666663, 30.583333333333336], [115.91666666666663, 30.333333333333336], [116.0, 30.333333333333336], [116.0, 30.25], [116.08333333333331, 30.25], [116.08333333333331, 29.91666666666667], [116.16666666666663, 29.91666666666667], [116.16666666666663, 29.833333333333336], [116.08333333333331, 29.833333333333336], [116.08333333333331, 29.75], [115.75, 29.75], [115.75, 29.833333333333336], [115.5, 29.833333333333336], [115.5, 29.75], [115.41666666666663, 29.75], [115.41666666666663, 29.66666666666667], [115.16666666666663, 29.66666666666667], [115.16666666666663, 29.5], [115.08333333333331, 29.5], [115.08333333333331, 29.583333333333336], [115.0, 29.583333333333336], [115.0, 29.5], [114.91666666666663, 29.5], [114.91666666666663, 29.41666666666667], [114.58333333333331, 29.41666666666667], [114.58333333333331, 29.333333333333336], [114.25, 29.333333333333336], [114.25, 29.25], [114.08333333333331, 29.25], [114.08333333333331, 29.16666666666667], [114.0, 29.16666666666667], [114.0, 29.083333333333336], [113.66666666666663, 29.083333333333336], [113.66666666666663, 29.25], [113.58333333333331, 29.25], [113.58333333333331, 29.333333333333336], [113.66666666666663, 29.333333333333336], [113.66666666666663, 29.41666666666667], [113.75, 29.41666666666667], [113.75, 29.5], [113.66666666666663, 29.5], [113.66666666666663, 29.66666666666667], [113.58333333333331, 29.66666666666667], [113.58333333333331, 29.833333333333336], [113.5, 29.833333333333336], [113.5, 29.75], [113.41666666666663, 29.75], [113.41666666666663, 29.66666666666667], [113.33333333333331, 29.66666666666667], [113.33333333333331, 29.583333333333336], [113.25, 29.583333333333336], [113.25, 29.5], [112.91666666666663, 29.5], [112.91666666666663, 29.66666666666667], [113.0, 29.66666666666667], [113.0, 29.75], [112.75, 29.75], [112.75, 29.66666666666667], [112.66666666666663, 29.66666666666667], [112.66666666666663, 29.583333333333336], [112.5, 29.583333333333336], [112.5, 29.66666666666667], [112.41666666666663, 29.66666666666667], [112.41666666666663, 29.583333333333336], [112.25, 29.583333333333336], [112.25, 29.66666666666667], [112.08333333333331, 29.66666666666667], [112.08333333333331, 29.75], [112.0, 29.75], [112.0, 29.833333333333336], [111.83333333333331, 29.833333333333336], [111.83333333333331, 29.91666666666667], [111.33333333333331, 29.91666666666667], [111.33333333333331, 30.0], [111.25, 30.0], [111.25, 30.083333333333336], [110.5, 30.083333333333336], [110.5, 29.833333333333336], [110.66666666666663, 29.833333333333336], [110.66666666666663, 29.75], [110.5, 29.75], [110.5, 29.66666666666667], [110.25, 29.66666666666667], [110.25, 29.75], [109.75, 29.75], [109.75, 29.66666666666667], [109.58333333333331, 29.66666666666667], [109.58333333333331, 29.583333333333336], [109.5, 29.583333333333336], [109.5, 29.5], [109.41666666666663, 29.5], [109.41666666666663, 29.41666666666667], [109.33333333333331, 29.41666666666667], [109.33333333333331, 29.25], [109.25, 29.25], [109.25, 29.16666666666667], [109.08333333333331, 29.16666666666667], [109.08333333333331, 29.41666666666667], [109.0, 29.41666666666667], [109.0, 29.333333333333336], [108.91666666666663, 29.333333333333336], [108.91666666666663, 29.583333333333336], [108.83333333333331, 29.583333333333336], [108.83333333333331, 29.66666666666667], [108.66666666666663, 29.66666666666667], [108.66666666666663, 29.833333333333336], [108.5, 29.833333333333336], [108.5, 29.75], [108.41666666666663, 29.75], [108.41666666666663, 29.91666666666667], [108.5, 29.91666666666667], [108.5, 30.083333333333336], [108.58333333333331, 30.083333333333336], [108.58333333333331, 30.25], [108.5, 30.25], [108.5, 30.333333333333336], [108.41666666666663, 30.333333333333336], [108.41666666666663, 30.5], [108.58333333333331, 30.5], [108.58333333333331, 30.583333333333336], [108.66666666666663, 30.583333333333336], [108.66666666666663, 30.5], [108.83333333333331, 30.5], [108.83333333333331, 30.583333333333336], [109.0, 30.583333333333336], [109.0, 30.66666666666667], [109.08333333333331, 30.66666666666667], [109.08333333333331, 30.583333333333336], [109.33333333333331, 30.583333333333336], [109.33333333333331, 30.5], [109.41666666666663, 30.5], [109.41666666666663, 30.583333333333336], [109.5, 30.583333333333336], [109.5, 30.66666666666667], [109.58333333333331, 30.66666666666667], [109.58333333333331, 30.75], [109.66666666666663, 30.75], [109.66666666666663, 30.833333333333336], [109.83333333333331, 30.833333333333336], [109.83333333333331, 30.91666666666667], [110.0, 30.91666666666667], [110.0, 30.833333333333336], [110.08333333333331, 30.833333333333336], [110.08333333333331, 30.91666666666667], [110.16666666666663, 30.91666666666667], [110.16666666666663, 31.0], [110.08333333333331, 31.0], [110.08333333333331, 31.083333333333336], [110.16666666666663, 31.083333333333336], [110.16666666666663, 31.41666666666667], [110.0, 31.41666666666667], [110.0, 31.5], [109.83333333333331, 31.5], [109.83333333333331, 31.583333333333336], [109.75, 31.583333333333336], [109.75, 31.66666666666667], [109.66666666666663, 31.66666666666667], [109.66666666666663, 31.75], [109.58333333333331, 31.75], [109.58333333333331, 32.25], [109.5, 32.25], [109.5, 32.41666666666667], [109.58333333333331, 32.41666666666667], [109.58333333333331, 32.583333333333336], [110.16666666666663, 32.583333333333336], [110.16666666666663, 32.833333333333336], [110.0, 32.833333333333336], [110.0, 32.91666666666667], [109.75, 32.91666666666667], [109.75, 33.083333333333336], [109.58333333333331, 33.083333333333336], [109.58333333333331, 33.16666666666667], [109.5, 33.16666666666667], [109.5, 33.25]]]]}, "properties": {"name": "湖北省", "name_en": "Hubei", "gdp_per_capita_2020": 16767.0, "iso3": "CHN"}}, {"type": "Feature", "geometry": {"type": "MultiPolygon", "coordinates": [[[[110.5, 30.083333333333336], [111.25, 30.083333333333336], [111.25, 30.0], [111.33333333333331, 30.0], [111.33333333333331, 29.91666666666667], [111.83333333333331, 29.91666666666667], [111.83333333333331, 29.833333333333336], [112.0, 29.833333333333336], [112.0, 29.75], [112.08333333333331, 29.75], [112.08333333333331, 29.66666666666667], [112.25, 29.66666666666667], [112.25, 29.583333333333336], [112.41666666666663, 29.583333333333336], [112.41666666666663, 29.66666666666667], [112.5, 29.66666666666667], [112.5, 29.583333333333336], [112.66666666666663, 29.583333333333336], [112.66666666666663, 29.66666666666667], [112.75, 29.66666666666667], [112.75, 29.75], [113.0, 29.75], [113.0, 29.66666666666667], [112.91666666666663, 29.66666666666667], [112.91666666666663, 29.5], [113.25, 29.5], [113.25, 29.583333333333336], [113.33333333333331, 29.583333333333336], [113.33333333333331, 29.66666666666667], [113.41666666666663, 29.66666666666667], [113.41666666666663, 29.75], [113.5, 29.75], [113.5, 29.833333333333336], [113.58333333333331, 29.833333333333336], [113.58333333333331, 29.66666666666667], [113.66666666666663, 29.66666666666667], [113.66666666666663, 29.5], [113.75, 29.5], [113.75, 29.41666666666667], [113.66666666666663, 29.41666666666667], [113.66666666666663, 29.333333333333336], [113.58333333333331, 29.333333333333336], [113.58333333333331, 29.25], [113.66666666666663, 29.25], [113.66666666666663, 29.083333333333336], [113.91666666666663, 29.083333333333336], [113.91666666666663, 29.0], [114.0, 29.0], [114.0, 28.91666666666667], [114.08333333333331, 28.91666666666667], [114.08333333333331, 28.833333333333336], [114.16666666666663, 28.833333333333336], [114.16666666666663, 28.66666666666667], [114.08333333333331, 28.66666666666667], [114.08333333333331, 28.5], [114.16666666666663, 28.5], [114.16666666666663, 28.41666666666667], [114.25, 28.41666666666667], [114.25, 28.333333333333336], [114.16666666666663, 28.333333333333336], [114.16666666666663, 28.25], [114.08333333333331, 28.25], [114.08333333333331, 28.16666666666667], [114.0, 28.16666666666667], [114.0, 28.0], [113.75, 28.0], [113.75, 27.75], [113.66666666666663, 27.75], [113.66666666666663, 27.66666666666667], [113.58333333333331, 27.66666666666667], [113.58333333333331, 27.333333333333336], [113.83333333333331, 27.333333333333336], [113.83333333333331, 27.16666666666667], [113.75, 27.16666666666667], [113.75, 27.083333333333336], [113.83333333333331, 27.083333333333336], [113.83333333333331, 27.0], [113.91666666666663, 27.0], [113.91666666666663, 26.833333333333336], [113.83333333333331, 26.833333333333336], [113.83333333333331, 26.66666666666667], [113.91666666666663, 26.66666666666667], [113.91666666666663, 26.583333333333336], [114.08333333333331, 26.583333333333336], [114.08333333333331, 26.41666666666667], [114.0, 26.41666666666667], [114.0, 26.25], [113.91666666666663, 26.25], [113.91666666666663, 26.16666666666667], [114.16666666666663, 26.16666666666667], [114.16666666666663, 26.083333333333336], [114.0, 26.083333333333336], [114.0, 25.833333333333343], [113.91666666666663, 25.833333333333343], [113.91666666666663, 25.583333333333343], [114.0, 25.583333333333343], [114.0, 25.5], [113.91666666666663, 25.5], [113.91666666666663, 25.41666666666667], [113.83333333333331, 25.41666666666667], [113.83333333333331, 25.333333333333343], [113.41666666666663, 25.333333333333343], [113.41666666666663, 25.41666666666667], [113.33333333333331, 25.41666666666667], [113.33333333333331, 25.5], [113.16666666666663, 25.5], [113.16666666666663, 25.41666666666667], [113.08333333333331, 25.41666666666667], [113.08333333333331, 25.333333333333343], [112.83333333333331, 25.333333333333343], [112.83333333333331, 25.25], [113.0, 25.25], [113.0, 24.91666666666667], [112.75, 24.91666666666667], [112.75, 25.0], [112.66666666666663, 25.0], [112.66666666666663, 25.16666666666667], [112.16666666666663, 25.16666666666667], [112.16666666666663, 24.833333333333343], [112.08333333333331, 24.833333333333343], [112.08333333333331, 24.75], [111.58333333333331, 24.75], [111.58333333333331, 24.66666666666667], [111.41666666666663, 24.66666666666667], [111.41666666666663, 24.75], [111.5, 24.75], [111.5, 24.833333333333343], [111.41666666666663, 24.833333333333343], [111.41666666666663, 25.083333333333343], [111.16666666666663, 25.083333333333343], [111.16666666666663, 25.0], [111.08333333333331, 25.0], [111.08333333333331, 24.91666666666667], [111.0, 24.91666666666667], [111.0, 25.0], [110.91666666666663, 25.0], [110.91666666666663, 25.083333333333343], [111.0, 25.083333333333343], [111.0, 25.16666666666667], [111.08333333333331, 25.16666666666667], [111.08333333333331, 25.333333333333343], [111.25, 25.333333333333343], [111.25, 25.5], [111.33333333333331, 25.5], [111.33333333333331, 25.75], [111.41666666666663, 25.75], [111.41666666666663, 25.91666666666667], [111.16666666666663, 25.91666666666667], [111.16666666666663, 26.0], [111.25, 26.0], [111.25, 26.25], [111.16666666666663, 26.25], [111.16666666666663, 26.333333333333336], [110.91666666666663, 26.333333333333336], [110.91666666666663, 26.25], [110.75, 26.25], [110.75, 26.333333333333336], [110.58333333333331, 26.333333333333336], [110.58333333333331, 26.25], [110.5, 26.25], [110.5, 26.16666666666667], [110.41666666666663, 26.16666666666667], [110.41666666666663, 26.083333333333336], [110.33333333333331, 26.083333333333336], [110.33333333333331, 26.0], [110.25, 26.0], [110.25, 26.083333333333336], [110.16666666666663, 26.083333333333336], [110.16666666666663, 26.0], [110.08333333333331, 26.0], [110.08333333333331, 26.16666666666667], [109.91666666666663, 26.16666666666667], [109.91666666666663, 26.083333333333336], [109.83333333333331, 26.083333333333336], [109.83333333333331, 25.91666666666667], [109.66666666666663, 25.91666666666667], [109.66666666666663, 26.0], [109.5, 26.0], [109.5, 26.16666666666667], [109.41666666666663, 26.16666666666667], [109.41666666666663, 26.25], [109.33333333333331, 26.25], [109.33333333333331, 26.5], [109.41666666666663, 26.5], [109.41666666666663, 26.583333333333336], [109.33333333333331, 26.583333333333336], [109.33333333333331, 26.75], [109.5, 26.75], [109.5, 27.083333333333336], [109.41666666666663, 27.083333333333336], [109.41666666666663, 27.16666666666667], [109.25, 27.16666666666667], [109.25, 27.083333333333336], [108.91666666666663, 27.083333333333336], [108.91666666666663, 27.0], [108.83333333333331, 27.0], [108.83333333333331, 27.16666666666667], [108.91666666666663, 27.16666666666667], [108.91666666666663, 27.25], [109.0, 27.25], [109.0, 27.333333333333336], [109.08333333333331, 27.333333333333336], [109.08333333333331, 27.41666666666667], [109.33333333333331, 27.41666666666667], [109.33333333333331, 27.5], [109.41666666666663, 27.5], [109.41666666666663, 27.75], [109.33333333333331, 27.75], [109.33333333333331, 28.333333333333336], [109.25, 28.333333333333336], [109.25, 29.0], [109.33333333333331, 29.0], [109.33333333333331, 29.083333333333336], [109.25, 29.083333333333336], [109.25, 29.25], [109.33333333333331, 29.25], [109.33333333333331, 29.41666666666667], [109.41666666666663, 29.41666666666667], [109.41666666666663, 29.5], [109.5, 29.5], [109.5, 29.583333333333336], [109.58333333333331, 29.583333333333336], [109.58333333333331, 29.66666666666667], [109.75, 29.66666666666667], [109.75, 29.75], [110.25, 29.75], [110.25, 29.66666666666667], [110.5, 29.66666666666667], [110.5, 29.75], [110.66666666666663, 29.75], [110.66666666666663, 29.833333333333336], [110.5, 29.833333333333336], [110.5, 30.083333333333336]]]]}, "properties": {"name": "湖南省", "name_en": "Hunan", "gdp_per_capita_2020": 14230.0, "iso3": "CHN"}}, {"type": "Feature", "geometry": {"type": "MultiPolygon", "coordinates": [[[[118.91666666666663, 35.083333333333336], [119.25, 35.083333333333336], [119.25, 34.833333333333336], [119.5, 34.833333333333336], [119.5, 34.66666666666667], [119.58333333333331, 34.66666666666667], [119.58333333333331, 34.583333333333336], [119.83333333333331, 34.583333333333336], [119.83333333333331, 34.5], [120.08333333333331, 34.5], [120.08333333333331, 34.41666666666667], [120.25, 34.41666666666667], [120.25, 34.333333333333336], [120.33333333333331, 34.333333333333336], [120.33333333333331, 34.16666666666667], [120.41666666666663, 34.16666666666667], [120.41666666666663, 34.0], [120.5, 34.0], [120.5, 33.833333333333336], [120.58333333333331, 33.833333333333336], [120.58333333333331, 33.66666666666667], [120.66666666666663, 33.66666666666667], [120.66666666666663, 33.5], [120.75, 33.5], [120.75, 33.333333333333336], [120.83333333333331, 33.333333333333336], [120.83333333333331, 33.083333333333336], [120.91666666666663, 33.083333333333336], [120.91666666666663, 32.66666666666667], [121.0, 32.66666666666667], [121.0, 32.583333333333336], [121.16666666666663, 32.583333333333336], [121.16666666666663, 32.5], [121.33333333333331, 32.5], [121.33333333333331, 32.41666666666667], [121.41666666666663, 32.41666666666667], [121.41666666666663, 32.16666666666667], [121.58333333333331, 32.16666666666667], [121.58333333333331, 32.083333333333336], [121.75, 32.083333333333336], [121.75, 32.0], [121.91666666666663, 32.0], [121.91666666666663, 31.75], [122.0, 31.75], [122.0, 31.66666666666667], [121.66666666666663, 31.66666666666667], [121.66666666666663, 31.75], [121.5, 31.75], [121.5, 31.833333333333336], [121.16666666666663, 31.833333333333336], [121.16666666666663, 31.66666666666667], [121.33333333333331, 31.66666666666667], [121.33333333333331, 31.5], [121.16666666666663, 31.5], [121.16666666666663, 31.333333333333336], [121.08333333333331, 31.333333333333336], [121.08333333333331, 31.16666666666667], [120.91666666666663, 31.16666666666667], [120.91666666666663, 31.0], [120.75, 31.0], [120.75, 30.91666666666667], [120.66666666666663, 30.91666666666667], [120.66666666666663, 30.833333333333336], [120.41666666666663, 30.833333333333336], [120.41666666666663, 30.91666666666667], [120.08333333333331, 30.91666666666667], [120.08333333333331, 31.0], [120.0, 31.0], [120.0, 31.083333333333336], [119.91666666666663, 31.083333333333336], [119.91666666666663, 31.16666666666667], [119.41666666666663, 31.16666666666667], [119.41666666666663, 31.25], [118.75, 31.25], [118.75, 31.333333333333336], [118.83333333333331, 31.333333333333336], [118.83333333333331, 31.41666666666667], [118.91666666666663, 31.41666666666667], [118.91666666666663, 31.5], [118.83333333333331, 31.5], [118.83333333333331, 31.66666666666667], [118.66666666666663, 31.66666666666667], [118.66666666666663, 31.75], [118.5, 31.75], [118.5, 31.833333333333336], [118.41666666666663, 31.833333333333336], [118.41666666666663, 31.91666666666667], [118.33333333333331, 31.91666666666667], [118.33333333333331, 32.0], [118.41666666666663, 32.0], [118.41666666666663, 32.083333333333336], [118.5, 32.083333333333336], [118.5, 32.16666666666667], [118.58333333333331, 32.16666666666667], [118.58333333333331, 32.25], [118.66666666666663, 32.25], [118.66666666666663, 32.5], [118.58333333333331, 32.5], [118.58333333333331, 32.583333333333336], [118.91666666666663, 32.583333333333336], [118.91666666666663, 32.5], [119.16666666666663, 32.5], [119.16666666666663, 32.583333333333336], [119.25, 32.583333333333336], [119.25, 32.66666666666667], [119.16666666666663, 32.66666666666667], [119.16666666666663, 32.833333333333336], [119.08333333333331, 32.833333333333336], [119.08333333333331, 32.91666666666667], [118.75, 32.91666666666667], [118.75, 32.75], [118.33333333333331, 32.75], [118.33333333333331, 32.833333333333336], [118.25, 32.833333333333336], [118.25, 33.16666666666667], [118.0, 33.16666666666667], [118.0, 33.5], [118.08333333333331, 33.5], [118.08333333333331, 33.583333333333336], [118.16666666666663, 33.583333333333336], [118.16666666666663, 33.75], [117.75, 33.75], [117.75, 33.91666666666667], [117.66666666666663, 33.91666666666667], [117.66666666666663, 34.0], [117.41666666666663, 34.0], [117.41666666666663, 34.083333333333336], [117.08333333333331, 34.083333333333336], [117.08333333333331, 34.16666666666667], [117.0, 34.16666666666667], [117.0, 34.333333333333336], [116.91666666666663, 34.333333333333336], [116.91666666666663, 34.41666666666667], [116.75, 34.41666666666667], [116.75, 34.5], [116.5, 34.5], [116.5, 34.583333333333336], [116.41666666666663, 34.583333333333336], [116.41666666666663, 34.66666666666667], [116.33333333333331, 34.66666666666667], [116.33333333333331, 34.75], [116.41666666666663, 34.75], [116.41666666666663, 34.91666666666667], [116.91666666666663, 34.91666666666667], [116.91666666666663, 34.833333333333336], [117.0, 34.833333333333336], [117.0, 34.75], [117.08333333333331, 34.75], [117.08333333333331, 34.583333333333336], [117.16666666666663, 34.583333333333336], [117.16666666666663, 34.5], [117.25, 34.5], [117.25, 34.583333333333336], [117.41666666666663, 34.583333333333336], [117.41666666666663, 34.5], [117.75, 34.5], [117.75, 34.583333333333336], [117.83333333333331, 34.583333333333336], [117.83333333333331, 34.66666666666667], [118.08333333333331, 34.66666666666667], [118.08333333333331, 34.583333333333336], [118.16666666666663, 34.583333333333336], [118.16666666666663, 34.41666666666667], [118.41666666666663, 34.41666666666667], [118.41666666666663, 34.66666666666667], [118.5, 34.66666666666667], [118.5, 34.75], [118.58333333333331, 34.75], [118.58333333333331, 34.66666666666667], [118.75, 34.66666666666667], [118.75, 34.833333333333336], [118.83333333333331, 34.833333333333336], [118.83333333333331, 35.0], [118.91666666666663, 35.0], [118.91666666666663, 35.083333333333336]]]]}, "properties": {"name": "江苏省", "name_en": "Jiangsu", "gdp_per_capita_2020": 27609.0, "iso3": "CHN"}}, {"type": "Feature", "geometry": {"type": "MultiPolygon", "coordinates": [[[[116.58333333333331, 30.083333333333336], [116.75, 30.083333333333336], [116.75, 30.0], [116.91666666666663, 30.0], [116.91666666666663, 29.91666666666667], [116.83333333333331, 29.91666666666667], [116.83333333333331, 29.833333333333336], [116.75, 29.833333333333336], [116.75, 29.75], [116.66666666666663, 29.75], [116.66666666666663, 29.583333333333336], [116.91666666666663, 29.583333333333336], [116.91666666666663, 29.66666666666667], [117.08333333333331, 29.66666666666667], [117.08333333333331, 29.91666666666667], [117.25, 29.91666666666667], [117.25, 29.833333333333336], [117.41666666666663, 29.833333333333336], [117.41666666666663, 29.66666666666667], [117.5, 29.66666666666667], [117.5, 29.583333333333336], [118.08333333333331, 29.583333333333336], [118.08333333333331, 29.5], [118.16666666666663, 29.5], [118.16666666666663, 29.25], [118.08333333333331, 29.25], [118.08333333333331, 29.16666666666667], [118.0, 29.16666666666667], [118.0, 29.083333333333336], [118.08333333333331, 29.083333333333336], [118.08333333333331, 29.0], [118.16666666666663, 29.0], [118.16666666666663, 28.91666666666667], [118.25, 28.91666666666667], [118.25, 28.833333333333336], [118.33333333333331, 28.833333333333336], [118.33333333333331, 28.75], [118.41666666666663, 28.75], [118.41666666666663, 28.25], [118.33333333333331, 28.25], [118.33333333333331, 28.083333333333336], [118.08333333333331, 28.083333333333336], [118.08333333333331, 28.0], [117.91666666666663, 28.0], [117.91666666666663, 27.91666666666667], [117.75, 27.91666666666667], [117.75, 27.833333333333336], [117.58333333333331, 27.833333333333336], [117.58333333333331, 28.0], [117.5, 28.0], [117.5, 27.91666666666667], [117.33333333333331, 27.91666666666667], [117.33333333333331, 27.833333333333336], [117.25, 27.833333333333336], [117.25, 27.66666666666667], [117.0, 27.66666666666667], [117.0, 27.583333333333336], [117.08333333333331, 27.583333333333336], [117.08333333333331, 27.333333333333336], [117.16666666666663, 27.333333333333336], [117.16666666666663, 27.25], [117.08333333333331, 27.25], [117.08333333333331, 27.16666666666667], [117.0, 27.16666666666667], [117.0, 27.083333333333336], [116.91666666666663, 27.083333333333336], [116.91666666666663, 27.0], [116.66666666666663, 27.0], [116.66666666666663, 26.91666666666667], [116.58333333333331, 26.91666666666667], [116.58333333333331, 26.75], [116.5, 26.75], [116.5, 26.66666666666667], [116.58333333333331, 26.66666666666667], [116.58333333333331, 26.41666666666667], [116.5, 26.41666666666667], [116.5, 26.333333333333336], [116.41666666666663, 26.333333333333336], [116.41666666666663, 26.16666666666667], [116.5, 26.16666666666667], [116.5, 26.083333333333336], [116.41666666666663, 26.083333333333336], [116.41666666666663, 26.0], [116.33333333333331, 26.0], [116.33333333333331, 25.91666666666667], [116.16666666666663, 25.91666666666667], [116.16666666666663, 25.75], [116.08333333333331, 25.75], [116.08333333333331, 25.583333333333343], [116.0, 25.583333333333343], [116.0, 25.25], [115.83333333333331, 25.25], [115.83333333333331, 25.16666666666667], [115.91666666666663, 25.16666666666667], [115.91666666666663, 24.91666666666667], [115.83333333333331, 24.91666666666667], [115.83333333333331, 24.833333333333343], [115.75, 24.833333333333343], [115.75, 24.66666666666667], [115.83333333333331, 24.66666666666667], [115.83333333333331, 24.583333333333343], [115.58333333333331, 24.583333333333343], [115.58333333333331, 24.66666666666667], [115.5, 24.66666666666667], [115.5, 24.75], [115.16666666666663, 24.75], [115.16666666666663, 24.66666666666667], [114.91666666666663, 24.66666666666667], [114.91666666666663, 24.583333333333343], [114.58333333333331, 24.583333333333343], [114.58333333333331, 24.5], [114.41666666666663, 24.5], [114.41666666666663, 24.583333333333343], [114.25, 24.583333333333343], [114.25, 24.75], [114.33333333333331, 24.75], [114.33333333333331, 24.833333333333343], [114.41666666666663, 24.833333333333343], [114.41666666666663, 25.0], [114.5, 25.0], [114.5, 25.083333333333343], [114.66666666666663, 25.083333333333343], [114.66666666666663, 25.25], [114.75, 25.25], [114.75, 25.333333333333343], [114.58333333333331, 25.333333333333343], [114.58333333333331, 25.41666666666667], [114.41666666666663, 25.41666666666667], [114.41666666666663, 25.333333333333343], [114.08333333333331, 25.333333333333343], [114.08333333333331, 25.25], [114.0, 25.25], [114.0, 25.41666666666667], [113.91666666666663, 25.41666666666667], [113.91666666666663, 25.5], [114.0, 25.5], [114.0, 25.583333333333343], [113.91666666666663, 25.583333333333343], [113.91666666666663, 25.833333333333343], [114.0, 25.833333333333343], [114.0, 26.083333333333336], [114.16666666666663, 26.083333333333336], [114.16666666666663, 26.16666666666667], [113.91666666666663, 26.16666666666667], [113.91666666666663, 26.25], [114.0, 26.25], [114.0, 26.41666666666667], [114.08333333333331, 26.41666666666667], [114.08333333333331, 26.583333333333336], [113.91666666666663, 26.583333333333336], [113.91666666666663, 26.66666666666667], [113.83333333333331, 26.66666666666667], [113.83333333333331, 26.833333333333336], [113.91666666666663, 26.833333333333336], [113.91666666666663, 27.0], [113.83333333333331, 27.0], [113.83333333333331, 27.083333333333336], [113.75, 27.083333333333336], [113.75, 27.16666666666667], [113.83333333333331, 27.16666666666667], [113.83333333333331, 27.333333333333336], [113.58333333333331, 27.333333333333336], [113.58333333333331, 27.66666666666667], [113.66666666666663, 27.66666666666667], [113.66666666666663, 27.75], [113.75, 27.75], [113.75, 28.0], [114.0, 28.0], [114.0, 28.16666666666667], [114.08333333333331, 28.16666666666667], [114.08333333333331, 28.25], [114.16666666666663, 28.25], [114.16666666666663, 28.333333333333336], [114.25, 28.333333333333336], [114.25, 28.41666666666667], [114.16666666666663, 28.41666666666667], [114.16666666666663, 28.5], [114.08333333333331, 28.5], [114.08333333333331, 28.66666666666667], [114.16666666666663, 28.66666666666667], [114.16666666666663, 28.833333333333336], [114.08333333333331, 28.833333333333336], [114.08333333333331, 28.91666666666667], [114.0, 28.91666666666667], [114.0, 29.0], [113.91666666666663, 29.0], [113.91666666666663, 29.083333333333336], [114.0, 29.083333333333336], [114.0, 29.16666666666667], [114.08333333333331, 29.16666666666667], [114.08333333333331, 29.25], [114.25, 29.25], [114.25, 29.333333333333336], [114.58333333333331, 29.333333333333336], [114.58333333333331, 29.41666666666667], [114.91666666666663, 29.41666666666667], [114.91666666666663, 29.5], [115.0, 29.5], [115.0, 29.583333333333336], [115.08333333333331, 29.583333333333336], [115.08333333333331, 29.5], [115.16666666666663, 29.5], [115.16666666666663, 29.66666666666667], [115.41666666666663, 29.66666666666667], [115.41666666666663, 29.75], [115.5, 29.75], [115.5, 29.833333333333336], [115.75, 29.833333333333336], [115.75, 29.75], [116.08333333333331, 29.75], [116.08333333333331, 29.833333333333336], [116.41666666666663, 29.833333333333336], [116.41666666666663, 29.91666666666667], [116.58333333333331, 29.91666666666667], [116.58333333333331, 30.083333333333336]]]]}, "properties": {"name": "江西省", "name_en": "Jiangxi", "gdp_per_capita_2020": 12985.0, "iso3": "CHN"}}, {"type": "Feature", "geometry": {"type": "MultiPolygon", "coordinates": [[[[123.16666666666663, 46.25], [124.0, 46.25], [124.0, 45.75], [124.08333333333331, 45.75], [124.08333333333331, 45.66666666666667], [124.16666666666663, 45.66666666666667], [124.16666666666663, 45.583333333333336], [124.25, 45.583333333333336], [124.25, 45.5], [124.41666666666663, 45.5], [124.41666666666663, 45.41666666666667], [124.83333333333331, 45.41666666666667], [124.83333333333331, 45.5], [125.0, 45.5], [125.0, 45.41666666666667], [125.41666666666663, 45.41666666666667], [125.41666666666663, 45.5], [125.66666666666663, 45.5], [125.66666666666663, 45.333333333333336], [125.75, 45.333333333333336], [125.75, 45.25], [125.91666666666663, 45.25], [125.91666666666663, 45.16666666666667], [126.41666666666663, 45.16666666666667], [126.41666666666663, 45.25], [126.66666666666663, 45.25], [126.66666666666663, 45.16666666666667], [126.91666666666663, 45.16666666666667], [126.91666666666663, 45.083333333333336], [127.0, 45.083333333333336], [127.0, 45.0], [127.08333333333331, 45.0], [127.08333333333331, 44.91666666666667], [127.0, 44.91666666666667], [127.0, 44.583333333333336], [127.16666666666663, 44.583333333333336], [127.16666666666663, 44.66666666666667], [127.33333333333331, 44.66666666666667], [127.33333333333331, 44.583333333333336], [127.5, 44.583333333333336], [127.5, 44.333333333333336], [127.58333333333331, 44.333333333333336], [127.58333333333331, 44.16666666666667], [127.75, 44.16666666666667], [127.75, 44.083333333333336], [128.08333333333331, 44.083333333333336], [128.08333333333331, 44.333333333333336], [128.16666666666663, 44.333333333333336], [128.16666666666663, 44.41666666666667], [128.25, 44.41666666666667], [128.25, 44.5], [128.41666666666663, 44.5], [128.41666666666663, 44.41666666666667], [128.5, 44.41666666666667], [128.5, 44.25], [128.41666666666663, 44.25], [128.41666666666663, 44.16666666666667], [128.5, 44.16666666666667], [128.5, 44.083333333333336], [128.58333333333331, 44.083333333333336], [128.58333333333331, 43.91666666666667], [128.66666666666663, 43.91666666666667], [128.66666666666663, 43.833333333333336], [128.75, 43.833333333333336], [128.75, 43.66666666666667], [128.83333333333331, 43.66666666666667], [128.83333333333331, 43.583333333333336], [128.91666666666663, 43.583333333333336], [128.91666666666663, 43.5], [129.08333333333331, 43.5], [129.08333333333331, 43.583333333333336], [129.25, 43.583333333333336], [129.25, 43.833333333333336], [129.58333333333331, 43.833333333333336], [129.58333333333331, 43.91666666666667], [129.83333333333331, 43.91666666666667], [129.83333333333331, 44.0], [130.0, 44.0], [130.0, 43.833333333333336], [130.08333333333331, 43.833333333333336], [130.08333333333331, 43.91666666666667], [130.25, 43.91666666666667], [130.25, 44.0], [130.33333333333331, 44.0], [130.33333333333331, 43.833333333333336], [130.41666666666663, 43.833333333333336], [130.41666666666663, 43.66666666666667], [130.58333333333331, 43.66666666666667], [130.58333333333331, 43.583333333333336], [130.75, 43.583333333333336], [130.75, 43.5], [130.83333333333331, 43.5], [130.83333333333331, 43.41666666666667], [130.91666666666663, 43.41666666666667], [130.91666666666663, 43.5], [131.08333333333331, 43.5], [131.08333333333331, 43.41666666666667], [131.25, 43.41666666666667], [131.25, 43.25], [131.16666666666663, 43.25], [131.16666666666663, 43.083333333333336], [131.08333333333331, 43.083333333333336], [131.08333333333331, 42.91666666666667], [131.0, 42.91666666666667], [131.0, 42.833333333333336], [130.5, 42.833333333333336], [130.5, 42.75], [130.41666666666663, 42.75], [130.41666666666663, 42.66666666666667], [130.58333333333331, 42.66666666666667], [130.58333333333331, 42.5], [130.5, 42.5], [130.5, 42.583333333333336], [130.33333333333331, 42.583333333333336], [130.33333333333331, 42.66666666666667], [130.25, 42.66666666666667], [130.25, 42.91666666666667], [130.08333333333331, 42.91666666666667], [130.08333333333331, 43.0], [129.83333333333331, 43.0], [129.83333333333331, 42.75], [129.75, 42.75], [129.75, 42.41666666666667], [129.25, 42.41666666666667], [129.25, 42.25], [129.16666666666663, 42.25], [129.16666666666663, 42.16666666666667], [129.08333333333331, 42.16666666666667], [129.08333333333331, 42.083333333333336], [128.91666666666663, 42.083333333333336], [128.91666666666663, 42.0], [128.08333333333331, 42.0], [128.08333333333331, 41.75], [128.16666666666663, 41.75], [128.16666666666663, 41.66666666666667], [128.25, 41.66666666666667], [128.25, 41.41666666666667], [127.5, 41.41666666666667], [127.5, 41.5], [127.16666666666663, 41.5], [127.16666666666663, 41.583333333333336], [127.08333333333331, 41.583333333333336], [127.08333333333331, 41.75], [126.66666666666663, 41.75], [126.66666666666663, 41.66666666666667], [126.58333333333331, 41.66666666666667], [126.58333333333331, 41.5], [126.5, 41.5], [126.5, 41.333333333333336], [126.41666666666663, 41.333333333333336], [126.41666666666663, 41.25], [126.33333333333331, 41.25], [126.33333333333331, 41.16666666666667], [126.25, 41.16666666666667], [126.25, 41.083333333333336], [126.08333333333331, 41.083333333333336], [126.08333333333331, 40.91666666666667], [125.75, 40.91666666666667], [125.75, 40.833333333333336], [125.66666666666663, 40.833333333333336], [125.66666666666663, 41.083333333333336], [125.75, 41.083333333333336], [125.75, 41.25], [125.66666666666663, 41.25], [125.66666666666663, 41.333333333333336], [125.58333333333331, 41.333333333333336], [125.58333333333331, 41.41666666666667], [125.5, 41.41666666666667], [125.5, 41.583333333333336], [125.41666666666663, 41.583333333333336], [125.41666666666663, 41.66666666666667], [125.33333333333331, 41.66666666666667], [125.33333333333331, 41.833333333333336], [125.25, 41.833333333333336], [125.25, 41.91666666666667], [125.33333333333331, 41.91666666666667], [125.33333333333331, 42.0], [125.41666666666663, 42.0], [125.41666666666663, 42.16666666666667], [125.33333333333331, 42.16666666666667], [125.33333333333331, 42.25], [125.25, 42.25], [125.25, 42.333333333333336], [125.16666666666663, 42.333333333333336], [125.16666666666663, 42.41666666666667], [125.08333333333331, 42.41666666666667], [125.08333333333331, 42.583333333333336], [125.0, 42.583333333333336], [125.0, 42.75], [124.91666666666663, 42.75], [124.91666666666663, 42.833333333333336], [124.83333333333331, 42.833333333333336], [124.83333333333331, 43.083333333333336], [124.66666666666663, 43.083333333333336], [124.66666666666663, 43.0], [124.58333333333331, 43.0], [124.58333333333331, 42.91666666666667], [124.5, 42.91666666666667], [124.5, 42.833333333333336], [124.41666666666663, 42.833333333333336], [124.41666666666663, 43.083333333333336], [124.33333333333331, 43.083333333333336], [124.33333333333331, 43.16666666666667], [124.25, 43.16666666666667], [124.25, 43.25], [124.0, 43.25], [124.0, 43.333333333333336], [123.91666666666663, 43.333333333333336], [123.91666666666663, 43.41666666666667], [123.83333333333331, 43.41666666666667], [123.83333333333331, 43.5], [123.75, 43.5], [123.75, 43.41666666666667], [123.66666666666663, 43.41666666666667], [123.66666666666663, 43.333333333333336], [123.58333333333331, 43.333333333333336], [123.58333333333331, 43.41666666666667], [123.41666666666663, 43.41666666666667], [123.41666666666663, 43.5], [123.33333333333331, 43.5], [123.33333333333331, 43.583333333333336], [123.5, 43.583333333333336], [123.5, 43.833333333333336], [123.41666666666663, 43.833333333333336], [123.41666666666663, 44.0], [123.33333333333331, 44.0], [123.33333333333331, 44.25], [123.25, 44.25], [123.25, 44.333333333333336], [123.16666666666663, 44.333333333333336], [123.16666666666663, 44.5], [123.0, 44.5], [123.0, 44.41666666666667], [122.75, 44.41666666666667], [122.75, 44.333333333333336], [122.58333333333331, 44.333333333333336], [122.58333333333331, 44.25], [122.25, 44.25], [122.25, 44.333333333333336], [122.33333333333331, 44.333333333333336], [122.33333333333331, 44.41666666666667], [122.25, 44.41666666666667], [122.25, 44.5], [122.16666666666663, 44.5], [122.16666666666663, 44.583333333333336], [122.08333333333331, 44.583333333333336], [122.08333333333331, 45.16666666666667], [122.25, 45.16666666666667], [122.25, 45.25], [122.16666666666663, 45.25], [122.16666666666663, 45.41666666666667], [122.08333333333331, 45.41666666666667], [122.08333333333331, 45.5], [122.0, 45.5], [122.0, 45.66666666666667], [121.91666666666663, 45.66666666666667], [121.91666666666663, 45.75], [121.83333333333331, 45.75], [121.83333333333331, 45.66666666666667], [121.66666666666663, 45.66666666666667], [121.66666666666663, 45.75], [121.75, 45.75], [121.75, 45.91666666666667], [121.83333333333331, 45.91666666666667], [121.83333333333331, 46.0], [122.0, 46.0], [122.0, 45.91666666666667], [122.08333333333331, 45.91666666666667], [122.08333333333331, 45.833333333333336], [122.33333333333331, 45.833333333333336], [122.33333333333331, 45.91666666666667], [122.5, 45.91666666666667], [122.5, 45.75], [122.83333333333331, 45.75], [122.83333333333331, 46.083333333333336], [123.08333333333331, 46.083333333333336], [123.08333333333331, 46.16666666666667], [123.16666666666663, 46.16666666666667], [123.16666666666663, 46.25]]]]}, "properties": {"name": "吉林省", "name_en": "Jilin", "gdp_per_capita_2020": 11505.0, "iso3": "CHN"}}, {"type": "Feature", "geometry": {"type": "MultiPolygon", "coordinates": [[[[122.91666666666663, 39.333333333333336], [122.91666666666663, 39.25], [123.08333333333331, 39.25], [123.08333333333331, 39.333333333333336], [122.91666666666663, 39.333333333333336]]], [[[121.08333333333331, 39.16666666666667], [121.08333333333331, 39.083333333333336], [121.25, 39.083333333333336], [121.25, 39.16666666666667], [121.08333333333331, 39.16666666666667]]], [[[122.66666666666663, 39.083333333333336], [122.66666666666663, 39.0], [122.91666666666663, 39.0], [122.91666666666663, 39.083333333333336], [122.66666666666663, 39.083333333333336]]], [[[123.16666666666663, 39.16666666666667], [123.25, 39.16666666666667], [123.25, 39.0], [123.08333333333331, 39.0], [123.08333333333331, 39.083333333333336], [123.16666666666663, 39.083333333333336], [123.16666666666663, 39.16666666666667]]], [[[123.75, 43.5], [123.83333333333331, 43.5], [123.83333333333331, 43.41666666666667], [123.91666666666663, 43.41666666666667], [123.91666666666663, 43.333333333333336], [124.0, 43.333333333333336], [124.0, 43.25], [124.25, 43.25], [124.25, 43.16666666666667], [124.33333333333331, 43.16666666666667], [124.33333333333331, 43.083333333333336], [124.41666666666663, 43.083333333333336], [124.41666666666663, 42.833333333333336], [124.5, 42.833333333333336], [124.5, 42.91666666666667], [124.58333333333331, 42.91666666666667], [124.58333333333331, 43.0], [124.66666666666663, 43.0], [124.66666666666663, 43.083333333333336], [124.83333333333331, 43.083333333333336], [124.83333333333331, 42.833333333333336], [124.91666666666663, 42.833333333333336], [124.91666666666663, 42.75], [125.0, 42.75], [125.0, 42.583333333333336], [125.08333333333331, 42.583333333333336], [125.08333333333331, 42.41666666666667], [125.16666666666663, 42.41666666666667], [125.16666666666663, 42.333333333333336], [125.25, 42.333333333333336], [125.25, 42.25], [125.33333333333331, 42.25], [125.33333333333331, 42.16666666666667], [125.41666666666663, 42.16666666666667], [125.41666666666663, 42.0], [125.33333333333331, 42.0], [125.33333333333331, 41.91666666666667], [125.25, 41.91666666666667], [125.25, 41.833333333333336], [125.33333333333331, 41.833333333333336], [125.33333333333331, 41.66666666666667], [125.41666666666663, 41.66666666666667], [125.41666666666663, 41.583333333333336], [125.5, 41.583333333333336], [125.5, 41.41666666666667], [125.58333333333331, 41.41666666666667], [125.58333333333331, 41.333333333333336], [125.66666666666663, 41.333333333333336], [125.66666666666663, 41.25], [125.75, 41.25], [125.75, 41.083333333333336], [125.66666666666663, 41.083333333333336], [125.66666666666663, 40.75], [125.5, 40.75], [125.5, 40.66666666666667], [125.25, 40.66666666666667], [125.25, 40.583333333333336], [125.08333333333331, 40.583333333333336], [125.08333333333331, 40.5], [125.0, 40.5], [125.0, 40.41666666666667], [124.75, 40.41666666666667], [124.75, 40.333333333333336], [124.66666666666663, 40.333333333333336], [124.66666666666663, 40.25], [124.5, 40.25], [124.5, 40.16666666666667], [124.41666666666663, 40.16666666666667], [124.41666666666663, 40.083333333333336], [124.33333333333331, 40.083333333333336], [124.33333333333331, 39.91666666666667], [124.16666666666663, 39.91666666666667], [124.16666666666663, 39.833333333333336], [124.08333333333331, 39.833333333333336], [124.08333333333331, 39.75], [123.91666666666663, 39.75], [123.91666666666663, 39.833333333333336], [123.83333333333331, 39.833333333333336], [123.83333333333331, 39.75], [123.5, 39.75], [123.5, 39.66666666666667], [123.16666666666663, 39.66666666666667], [123.16666666666663, 39.583333333333336], [123.08333333333331, 39.583333333333336], [123.08333333333331, 39.5], [123.16666666666663, 39.5], [123.16666666666663, 39.41666666666667], [123.0, 39.41666666666667], [123.0, 39.5], [122.91666666666663, 39.5], [122.91666666666663, 39.583333333333336], [122.83333333333331, 39.583333333333336], [122.83333333333331, 39.5], [122.66666666666663, 39.5], [122.66666666666663, 39.41666666666667], [122.5, 39.41666666666667], [122.5, 39.333333333333336], [122.66666666666663, 39.333333333333336], [122.66666666666663, 39.25], [122.83333333333331, 39.25], [122.83333333333331, 39.16666666666667], [122.41666666666663, 39.16666666666667], [122.41666666666663, 39.083333333333336], [122.25, 39.083333333333336], [122.25, 39.25], [122.16666666666663, 39.25], [122.16666666666663, 39.083333333333336], [122.08333333333331, 39.083333333333336], [122.08333333333331, 39.0], [121.91666666666663, 39.0], [121.91666666666663, 38.91666666666667], [121.83333333333331, 38.91666666666667], [121.83333333333331, 38.833333333333336], [121.5, 38.833333333333336], [121.5, 38.75], [121.25, 38.75], [121.25, 38.66666666666667], [121.08333333333331, 38.66666666666667], [121.08333333333331, 39.0], [121.25, 39.0], [121.25, 39.083333333333336], [121.58333333333331, 39.083333333333336], [121.58333333333331, 39.333333333333336], [121.25, 39.333333333333336], [121.25, 39.5], [121.16666666666663, 39.5], [121.16666666666663, 39.583333333333336], [121.25, 39.583333333333336], [121.25, 39.66666666666667], [121.41666666666663, 39.66666666666667], [121.41666666666663, 39.833333333333336], [121.5, 39.833333333333336], [121.5, 39.91666666666667], [121.75, 39.91666666666667], [121.75, 40.0], [121.83333333333331, 40.0], [121.83333333333331, 40.083333333333336], [121.91666666666663, 40.083333333333336], [121.91666666666663, 40.16666666666667], [122.0, 40.16666666666667], [122.0, 40.25], [122.08333333333331, 40.25], [122.08333333333331, 40.333333333333336], [122.16666666666663, 40.333333333333336], [122.16666666666663, 40.583333333333336], [122.08333333333331, 40.583333333333336], [122.08333333333331, 40.66666666666667], [122.0, 40.66666666666667], [122.0, 40.75], [121.83333333333331, 40.75], [121.83333333333331, 40.833333333333336], [121.33333333333331, 40.833333333333336], [121.33333333333331, 40.91666666666667], [121.16666666666663, 40.91666666666667], [121.16666666666663, 40.833333333333336], [121.08333333333331, 40.833333333333336], [121.08333333333331, 40.75], [121.0, 40.75], [121.0, 40.66666666666667], [120.83333333333331, 40.66666666666667], [120.83333333333331, 40.41666666666667], [120.75, 40.41666666666667], [120.75, 40.5], [120.66666666666663, 40.5], [120.66666666666663, 40.333333333333336], [120.5, 40.333333333333336], [120.5, 40.16666666666667], [120.33333333333331, 40.16666666666667], [120.33333333333331, 40.083333333333336], [120.08333333333331, 40.083333333333336], [120.08333333333331, 40.0], [119.91666666666663, 40.0], [119.91666666666663, 39.91666666666667], [119.83333333333331, 39.91666666666667], [119.83333333333331, 40.083333333333336], [119.75, 40.083333333333336], [119.75, 40.16666666666667], [119.66666666666663, 40.16666666666667], [119.66666666666663, 40.25], [119.58333333333331, 40.25], [119.58333333333331, 40.5], [119.25, 40.5], [119.25, 40.583333333333336], [119.16666666666663, 40.583333333333336], [119.16666666666663, 40.66666666666667], [119.0, 40.66666666666667], [119.0, 40.75], [118.83333333333331, 40.75], [118.83333333333331, 40.91666666666667], [119.0, 40.91666666666667], [119.0, 41.083333333333336], [119.08333333333331, 41.083333333333336], [119.08333333333331, 41.16666666666667], [119.16666666666663, 41.16666666666667], [119.16666666666663, 41.25], [119.25, 41.25], [119.25, 41.333333333333336], [119.33333333333331, 41.333333333333336], [119.33333333333331, 41.41666666666667], [119.41666666666663, 41.41666666666667], [119.41666666666663, 41.583333333333336], [119.33333333333331, 41.583333333333336], [119.33333333333331, 42.16666666666667], [119.25, 42.16666666666667], [119.25, 42.25], [119.33333333333331, 42.25], [119.33333333333331, 42.333333333333336], [119.58333333333331, 42.333333333333336], [119.58333333333331, 42.25], [119.83333333333331, 42.25], [119.83333333333331, 42.083333333333336], [119.91666666666663, 42.083333333333336], [119.91666666666663, 41.91666666666667], [120.0, 41.91666666666667], [120.0, 41.75], [120.16666666666663, 41.75], [120.16666666666663, 41.833333333333336], [120.25, 41.833333333333336], [120.25, 41.91666666666667], [120.33333333333331, 41.91666666666667], [120.33333333333331, 42.0], [120.5, 42.0], [120.5, 42.16666666666667], [120.75, 42.16666666666667], [120.75, 42.25], [121.08333333333331, 42.25], [121.08333333333331, 42.333333333333336], [121.25, 42.333333333333336], [121.25, 42.41666666666667], [121.33333333333331, 42.41666666666667], [121.33333333333331, 42.5], [121.66666666666663, 42.5], [121.66666666666663, 42.41666666666667], [121.75, 42.41666666666667], [121.75, 42.5], [121.83333333333331, 42.5], [121.83333333333331, 42.583333333333336], [121.91666666666663, 42.583333333333336], [121.91666666666663, 42.66666666666667], [122.0, 42.66666666666667], [122.0, 42.75], [122.08333333333331, 42.75], [122.08333333333331, 42.66666666666667], [122.41666666666663, 42.66666666666667], [122.41666666666663, 42.75], [122.33333333333331, 42.75], [122.33333333333331, 42.833333333333336], [122.58333333333331, 42.833333333333336], [122.58333333333331, 42.75], [123.08333333333331, 42.75], [123.08333333333331, 42.833333333333336], [123.16666666666663, 42.833333333333336], [123.16666666666663, 42.91666666666667], [123.25, 42.91666666666667], [123.25, 43.0], [123.58333333333331, 43.0], [123.58333333333331, 43.083333333333336], [123.66666666666663, 43.083333333333336], [123.66666666666663, 43.41666666666667], [123.75, 43.41666666666667], [123.75, 43.5]], [[123.0, 39.66666666666667], [123.0, 39.583333333333336], [123.08333333333331, 39.583333333333336], [123.08333333333331, 39.66666666666667], [123.0, 39.66666666666667]], [[122.33333333333331, 39.333333333333336], [122.33333333333331, 39.25], [122.41666666666663, 39.25], [122.41666666666663, 39.333333333333336], [122.33333333333331, 39.333333333333336]], [[121.66666666666663, 39.0], [121.66666666666663, 38.91666666666667], [121.75, 38.91666666666667], [121.75, 39.0], [121.66666666666663, 39.0]]]]}, "properties": {"name": "辽宁省", "name_en": "Liaoning", "gdp_per_capita_2020": 13341.0, "iso3": "CHN"}}, {"type": "Feature", "geometry": {"type": "MultiPolygon", "coordinates": [[[[121.25, 53.333333333333336], [121.58333333333331, 53.333333333333336], [121.58333333333331, 53.25], [121.66666666666663, 53.25], [121.66666666666663, 53.16666666666667], [121.75, 53.16666666666667], [121.75, 53.0], [121.66666666666663, 53.0], [121.66666666666663, 52.91666666666667], [121.58333333333331, 52.91666666666667], [121.58333333333331, 52.833333333333336], [121.5, 52.833333333333336], [121.5, 52.75], [121.41666666666663, 52.75], [121.41666666666663, 52.66666666666667], [121.25, 52.66666666666667], [121.25, 52.583333333333336], [121.33333333333331, 52.583333333333336], [121.33333333333331, 52.5], [121.58333333333331, 52.5], [121.58333333333331, 52.41666666666667], [121.66666666666663, 52.41666666666667], [121.66666666666663, 52.333333333333336], [121.83333333333331, 52.333333333333336], [121.83333333333331, 52.25], [121.91666666666663, 52.25], [121.91666666666663, 52.333333333333336], [122.0, 52.333333333333336], [122.0, 52.41666666666667], [122.08333333333331, 52.41666666666667], [122.08333333333331, 52.5], [122.33333333333331, 52.5], [122.33333333333331, 52.41666666666667], [122.41666666666663, 52.41666666666667], [122.41666666666663, 52.333333333333336], [122.5, 52.333333333333336], [122.5, 52.25], [122.75, 52.25], [122.75, 52.16666666666667], [122.66666666666663, 52.16666666666667], [122.66666666666663, 51.91666666666667], [122.75, 51.91666666666667], [122.75, 51.66666666666667], [122.83333333333331, 51.66666666666667], [122.83333333333331, 51.5], [122.91666666666663, 51.5], [122.91666666666663, 51.333333333333336], [123.16666666666663, 51.333333333333336], [123.16666666666663, 51.25], [123.58333333333331, 51.25], [123.58333333333331, 51.333333333333336], [123.66666666666663, 51.333333333333336], [123.66666666666663, 51.41666666666667], [123.75, 51.41666666666667], [123.75, 51.333333333333336], [124.33333333333331, 51.333333333333336], [124.33333333333331, 51.25], [124.41666666666663, 51.25], [124.41666666666663, 51.333333333333336], [124.75, 51.333333333333336], [124.75, 51.41666666666667], [124.91666666666663, 51.41666666666667], [124.91666666666663, 51.5], [125.0, 51.5], [125.0, 51.583333333333336], [125.08333333333331, 51.583333333333336], [125.08333333333331, 51.66666666666667], [125.25, 51.66666666666667], [125.25, 51.583333333333336], [125.41666666666663, 51.583333333333336], [125.41666666666663, 51.5], [125.58333333333331, 51.5], [125.58333333333331, 51.41666666666667], [125.66666666666663, 51.41666666666667], [125.66666666666663, 51.333333333333336], [125.75, 51.333333333333336], [125.75, 51.25], [125.83333333333331, 51.25], [125.83333333333331, 51.16666666666667], [125.91666666666663, 51.16666666666667], [125.91666666666663, 51.083333333333336], [126.0, 51.083333333333336], [126.0, 50.833333333333336], [125.83333333333331, 50.833333333333336], [125.83333333333331, 50.75], [125.75, 50.75], [125.75, 50.66666666666667], [125.83333333333331, 50.66666666666667], [125.83333333333331, 50.583333333333336], [125.75, 50.583333333333336], [125.75, 50.5], [125.58333333333331, 50.5], [125.58333333333331, 50.41666666666667], [125.5, 50.41666666666667], [125.5, 50.25], [125.41666666666663, 50.25], [125.41666666666663, 50.16666666666667], [125.33333333333331, 50.16666666666667], [125.33333333333331, 50.083333333333336], [125.25, 50.083333333333336], [125.25, 50.0], [125.16666666666663, 50.0], [125.16666666666663, 49.91666666666667], [125.25, 49.91666666666667], [125.25, 49.833333333333336], [125.16666666666663, 49.833333333333336], [125.16666666666663, 49.75], [125.25, 49.75], [125.25, 49.66666666666667], [125.16666666666663, 49.66666666666667], [125.16666666666663, 49.583333333333336], [125.25, 49.583333333333336], [125.25, 49.25], [125.16666666666663, 49.25], [125.16666666666663, 49.16666666666667], [124.83333333333331, 49.16666666666667], [124.83333333333331, 49.0], [124.75, 49.0], [124.75, 48.91666666666667], [124.66666666666663, 48.91666666666667], [124.66666666666663, 48.75], [124.58333333333331, 48.75], [124.58333333333331, 48.583333333333336], [124.5, 48.583333333333336], [124.5, 48.333333333333336], [124.58333333333331, 48.333333333333336], [124.58333333333331, 48.25], [124.5, 48.25], [124.5, 48.16666666666667], [124.41666666666663, 48.16666666666667], [124.41666666666663, 48.25], [124.33333333333331, 48.25], [124.33333333333331, 48.5], [124.16666666666663, 48.5], [124.16666666666663, 48.41666666666667], [124.0, 48.41666666666667], [124.0, 48.333333333333336], [123.91666666666663, 48.333333333333336], [123.91666666666663, 48.25], [123.75, 48.25], [123.75, 48.16666666666667], [123.66666666666663, 48.16666666666667], [123.66666666666663, 48.083333333333336], [123.58333333333331, 48.083333333333336], [123.58333333333331, 48.0], [123.33333333333331, 48.0], [123.33333333333331, 47.91666666666667], [123.25, 47.91666666666667], [123.25, 47.833333333333336], [123.16666666666663, 47.833333333333336], [123.16666666666663, 47.75], [122.91666666666663, 47.75], [122.91666666666663, 47.66666666666667], [122.75, 47.66666666666667], [122.75, 47.583333333333336], [122.58333333333331, 47.583333333333336], [122.58333333333331, 47.5], [122.5, 47.5], [122.5, 47.41666666666667], [122.41666666666663, 47.41666666666667], [122.41666666666663, 47.25], [122.5, 47.25], [122.5, 47.16666666666667], [122.58333333333331, 47.16666666666667], [122.58333333333331, 47.083333333333336], [122.83333333333331, 47.083333333333336], [122.83333333333331, 47.0], [122.75, 47.0], [122.75, 46.91666666666667], [122.91666666666663, 46.91666666666667], [122.91666666666663, 46.75], [123.16666666666663, 46.75], [123.16666666666663, 46.833333333333336], [123.33333333333331, 46.833333333333336], [123.33333333333331, 46.91666666666667], [123.5, 46.91666666666667], [123.5, 46.833333333333336], [123.58333333333331, 46.833333333333336], [123.58333333333331, 46.66666666666667], [123.25, 46.66666666666667], [123.25, 46.583333333333336], [123.0, 46.583333333333336], [123.0, 46.41666666666667], [123.08333333333331, 46.41666666666667], [123.08333333333331, 46.333333333333336], [123.16666666666663, 46.333333333333336], [123.16666666666663, 46.16666666666667], [123.08333333333331, 46.16666666666667], [123.08333333333331, 46.083333333333336], [122.83333333333331, 46.083333333333336], [122.83333333333331, 45.75], [122.5, 45.75], [122.5, 45.91666666666667], [122.33333333333331, 45.91666666666667], [122.33333333333331, 45.833333333333336], [122.08333333333331, 45.833333333333336], [122.08333333333331, 45.91666666666667], [122.0, 45.91666666666667], [122.0, 46.0], [121.83333333333331, 46.0], [121.83333333333331, 45.91666666666667], [121.75, 45.91666666666667], [121.75, 45.75], [121.66666666666663, 45.75], [121.66666666666663, 45.66666666666667], [121.83333333333331, 45.66666666666667], [121.83333333333331, 45.75], [121.91666666666663, 45.75], [121.91666666666663, 45.66666666666667], [122.0, 45.66666666666667], [122.0, 45.5], [122.08333333333331, 45.5], [122.08333333333331, 45.41666666666667], [122.16666666666663, 45.41666666666667], [122.16666666666663, 45.25], [122.25, 45.25], [122.25, 45.16666666666667], [122.08333333333331, 45.16666666666667], [122.08333333333331, 44.583333333333336], [122.16666666666663, 44.583333333333336], [122.16666666666663, 44.5], [122.25, 44.5], [122.25, 44.41666666666667], [122.33333333333331, 44.41666666666667], [122.33333333333331, 44.333333333333336], [122.25, 44.333333333333336], [122.25, 44.25], [122.58333333333331, 44.25], [122.58333333333331, 44.333333333333336], [122.75, 44.333333333333336], [122.75, 44.41666666666667], [123.0, 44.41666666666667], [123.0, 44.5], [123.16666666666663, 44.5], [123.16666666666663, 44.333333333333336], [123.25, 44.333333333333336], [123.25, 44.25], [123.33333333333331, 44.25], [123.33333333333331, 44.0], [123.41666666666663, 44.0], [123.41666666666663, 43.833333333333336], [123.5, 43.833333333333336], [123.5, 43.583333333333336], [123.33333333333331, 43.583333333333336], [123.33333333333331, 43.5], [123.41666666666663, 43.5], [123.41666666666663, 43.41666666666667], [123.58333333333331, 43.41666666666667], [123.58333333333331, 43.333333333333336], [123.66666666666663, 43.333333333333336], [123.66666666666663, 43.083333333333336], [123.58333333333331, 43.083333333333336], [123.58333333333331, 43.0], [123.25, 43.0], [123.25, 42.91666666666667], [123.16666666666663, 42.91666666666667], [123.16666666666663, 42.833333333333336], [123.08333333333331, 42.833333333333336], [123.08333333333331, 42.75], [122.58333333333331, 42.75], [122.58333333333331, 42.833333333333336], [122.33333333333331, 42.833333333333336], [122.33333333333331, 42.75], [122.41666666666663, 42.75], [122.41666666666663, 42.66666666666667], [122.08333333333331, 42.66666666666667], [122.08333333333331, 42.75], [122.0, 42.75], [122.0, 42.66666666666667], [121.91666666666663, 42.66666666666667], [121.91666666666663, 42.583333333333336], [121.83333333333331, 42.583333333333336], [121.83333333333331, 42.5], [121.75, 42.5], [121.75, 42.41666666666667], [121.66666666666663, 42.41666666666667], [121.66666666666663, 42.5], [121.33333333333331, 42.5], [121.33333333333331, 42.41666666666667], [121.25, 42.41666666666667], [121.25, 42.333333333333336], [121.08333333333331, 42.333333333333336], [121.08333333333331, 42.25], [120.75, 42.25], [120.75, 42.16666666666667], [120.5, 42.16666666666667], [120.5, 42.0], [120.33333333333331, 42.0], [120.33333333333331, 41.91666666666667], [120.25, 41.91666666666667], [120.25, 41.833333333333336], [120.16666666666663, 41.833333333333336], [120.16666666666663, 41.75], [120.0, 41.75], [120.0, 41.91666666666667], [119.91666666666663, 41.91666666666667], [119.91666666666663, 42.083333333333336], [119.83333333333331, 42.083333333333336], [119.83333333333331, 42.25], [119.58333333333331, 42.25], [119.58333333333331, 42.333333333333336], [119.33333333333331, 42.333333333333336], [119.33333333333331, 42.25], [119.25, 42.25], [119.25, 42.16666666666667], [119.33333333333331, 42.16666666666667], [119.33333333333331, 41.583333333333336], [119.41666666666663, 41.583333333333336], [119.41666666666663, 41.41666666666667], [119.33333333333331, 41.41666666666667], [119.33333333333331, 41.333333333333336], [118.33333333333331, 41.333333333333336], [118.33333333333331, 41.5], [118.25, 41.5], [118.25, 41.583333333333336], [118.16666666666663, 41.583333333333336], [118.16666666666663, 41.833333333333336], [118.33333333333331, 41.833333333333336], [118.33333333333331, 41.91666666666667], [118.25, 41.91666666666667], [118.25, 42.083333333333336], [118.08333333333331, 42.083333333333336], [118.08333333333331, 42.16666666666667], [118.0, 42.16666666666667], [118.0, 42.41666666666667], [117.91666666666663, 42.41666666666667], [117.91666666666663, 42.5], [117.83333333333331, 42.5], [117.83333333333331, 42.583333333333336], [117.41666666666663, 42.583333333333336], [117.41666666666663, 42.5], [117.08333333333331, 42.5], [117.08333333333331, 42.41666666666667], [116.91666666666663, 42.41666666666667], [116.91666666666663, 42.16666666666667], [116.83333333333331, 42.16666666666667], [116.83333333333331, 42.0], [116.75, 42.0], [116.75, 41.91666666666667], [116.41666666666663, 41.91666666666667], [116.41666666666663, 42.0], [116.25, 42.0], [116.25, 41.91666666666667], [116.16666666666663, 41.91666666666667], [116.16666666666663, 41.833333333333336], [116.08333333333331, 41.833333333333336], [116.08333333333331, 41.75], [116.0, 41.75], [116.0, 41.833333333333336], [115.91666666666663, 41.833333333333336], [115.91666666666663, 41.91666666666667], [115.75, 41.91666666666667], [115.75, 41.833333333333336], [115.58333333333331, 41.833333333333336], [115.58333333333331, 41.75], [115.33333333333331, 41.75], [115.33333333333331, 41.583333333333336], [114.91666666666663, 41.583333333333336], [114.91666666666663, 42.0], [114.83333333333331, 42.0], [114.83333333333331, 42.16666666666667], [114.75, 42.16666666666667], [114.75, 42.083333333333336], [114.5, 42.083333333333336], [114.5, 41.91666666666667], [114.25, 41.91666666666667], [114.25, 41.5], [113.91666666666663, 41.5], [113.91666666666663, 41.25], [114.0, 41.25], [114.0, 41.16666666666667], [113.91666666666663, 41.16666666666667], [113.91666666666663, 41.0], [114.0, 41.0], [114.0, 40.833333333333336], [114.08333333333331, 40.833333333333336], [114.08333333333331, 40.5], [113.75, 40.5], [113.75, 40.41666666666667], [113.58333333333331, 40.41666666666667], [113.58333333333331, 40.333333333333336], [113.25, 40.333333333333336], [113.25, 40.41666666666667], [113.08333333333331, 40.41666666666667], [113.08333333333331, 40.333333333333336], [112.91666666666663, 40.333333333333336], [112.91666666666663, 40.25], [112.83333333333331, 40.25], [112.83333333333331, 40.16666666666667], [112.66666666666663, 40.16666666666667], [112.66666666666663, 40.25], [112.5, 40.25], [112.5, 40.333333333333336], [112.41666666666663, 40.333333333333336], [112.41666666666663, 40.25], [112.25, 40.25], [112.25, 40.16666666666667], [112.16666666666663, 40.16666666666667], [112.16666666666663, 40.0], [112.08333333333331, 40.0], [112.08333333333331, 39.91666666666667], [112.0, 39.91666666666667], [112.0, 39.75], [111.91666666666663, 39.75], [111.91666666666663, 39.583333333333336], [111.66666666666663, 39.583333333333336], [111.66666666666663, 39.66666666666667], [111.41666666666663, 39.66666666666667], [111.41666666666663, 39.5], [111.33333333333331, 39.5], [111.33333333333331, 39.41666666666667], [111.08333333333331, 39.41666666666667], [111.08333333333331, 39.5], [111.16666666666663, 39.5], [111.16666666666663, 39.583333333333336], [111.0, 39.583333333333336], [111.0, 39.5], [110.83333333333331, 39.5], [110.83333333333331, 39.41666666666667], [110.75, 39.41666666666667], [110.75, 39.333333333333336], [110.66666666666663, 39.333333333333336], [110.66666666666663, 39.25], [110.58333333333331, 39.25], [110.58333333333331, 39.333333333333336], [110.33333333333331, 39.333333333333336], [110.33333333333331, 39.41666666666667], [110.16666666666663, 39.41666666666667], [110.16666666666663, 39.25], [110.0, 39.25], [110.0, 39.16666666666667], [109.91666666666663, 39.16666666666667], [109.91666666666663, 39.083333333333336], [109.75, 39.083333333333336], [109.75, 39.0], [109.66666666666663, 39.0], [109.66666666666663, 38.91666666666667], [109.58333333333331, 38.91666666666667], [109.58333333333331, 38.833333333333336], [109.41666666666663, 38.833333333333336], [109.41666666666663, 38.75], [109.33333333333331, 38.75], [109.33333333333331, 38.583333333333336], [109.16666666666663, 38.583333333333336], [109.16666666666663, 38.5], [109.08333333333331, 38.5], [109.08333333333331, 38.41666666666667], [109.0, 38.41666666666667], [109.0, 38.25], [108.91666666666663, 38.25], [108.91666666666663, 38.16666666666667], [109.0, 38.16666666666667], [109.0, 38.083333333333336], [109.08333333333331, 38.083333333333336], [109.08333333333331, 38.0], [109.0, 38.0], [109.0, 37.91666666666667], [108.91666666666663, 37.91666666666667], [108.91666666666663, 38.0], [108.83333333333331, 38.0], [108.83333333333331, 37.91666666666667], [108.75, 37.91666666666667], [108.75, 37.66666666666667], [108.0, 37.66666666666667], [108.0, 37.75], [107.91666666666663, 37.75], [107.91666666666663, 37.833333333333336], [107.66666666666663, 37.833333333333336], [107.66666666666663, 37.91666666666667], [107.41666666666663, 37.91666666666667], [107.41666666666663, 38.0], [107.33333333333331, 38.0], [107.33333333333331, 38.083333333333336], [107.25, 38.083333333333336], [107.25, 38.16666666666667], [106.66666666666663, 38.16666666666667], [106.66666666666663, 38.25], [106.5, 38.25], [106.5, 38.41666666666667], [106.58333333333331, 38.41666666666667], [106.58333333333331, 38.5], [106.66666666666663, 38.5], [106.66666666666663, 38.75], [106.75, 38.75], [106.75, 38.833333333333336], [106.83333333333331, 38.833333333333336], [106.83333333333331, 38.91666666666667], [106.91666666666663, 38.91666666666667], [106.91666666666663, 39.083333333333336], [106.83333333333331, 39.083333333333336], [106.83333333333331, 39.333333333333336], [106.5, 39.333333333333336], [106.5, 39.25], [106.25, 39.25], [106.25, 39.16666666666667], [106.08333333333331, 39.16666666666667], [106.08333333333331, 39.0], [106.0, 39.0], [106.0, 38.833333333333336], [105.91666666666663, 38.833333333333336], [105.91666666666663, 38.66666666666667], [105.83333333333331, 38.66666666666667], [105.83333333333331, 38.16666666666667], [105.75, 38.16666666666667], [105.75, 38.083333333333336], [105.83333333333331, 38.083333333333336], [105.83333333333331, 37.833333333333336], [105.75, 37.833333333333336], [105.75, 37.75], [105.58333333333331, 37.75], [105.58333333333331, 37.66666666666667], [105.08333333333331, 37.66666666666667], [105.08333333333331, 37.583333333333336], [104.83333333333331, 37.583333333333336], [104.83333333333331, 37.5], [104.33333333333331, 37.5], [104.33333333333331, 37.41666666666667], [104.08333333333331, 37.41666666666667], [104.08333333333331, 37.5], [104.0, 37.5], [104.0, 37.583333333333336], [103.83333333333331, 37.583333333333336], [103.83333333333331, 37.66666666666667], [103.75, 37.66666666666667], [103.75, 37.75], [103.66666666666663, 37.75], [103.66666666666663, 37.833333333333336], [103.41666666666663, 37.833333333333336], [103.41666666666663, 38.0], [103.33333333333331, 38.0], [103.33333333333331, 38.083333333333336], [103.41666666666663, 38.083333333333336], [103.41666666666663, 38.16666666666667], [103.5, 38.16666666666667], [103.5, 38.333333333333336], [103.41666666666663, 38.333333333333336], [103.41666666666663, 38.41666666666667], [103.5, 38.41666666666667], [103.5, 38.5], [103.66666666666663, 38.5], [103.66666666666663, 38.583333333333336], [103.83333333333331, 38.583333333333336], [103.83333333333331, 38.66666666666667], [103.91666666666663, 38.66666666666667], [103.91666666666663, 38.75], [104.0, 38.75], [104.0, 38.91666666666667], [104.16666666666663, 38.91666666666667], [104.16666666666663, 39.16666666666667], [104.08333333333331, 39.16666666666667], [104.08333333333331, 39.41666666666667], [104.0, 39.41666666666667], [104.0, 39.5], [103.83333333333331, 39.5], [103.83333333333331, 39.41666666666667], [103.5, 39.41666666666667], [103.5, 39.333333333333336], [103.33333333333331, 39.333333333333336], [103.33333333333331, 39.25], [103.16666666666663, 39.25], [103.16666666666663, 39.16666666666667], [103.0, 39.16666666666667], [103.0, 39.083333333333336], [102.91666666666663, 39.083333333333336], [102.91666666666663, 39.16666666666667], [102.58333333333331, 39.16666666666667], [102.58333333333331, 39.25], [102.33333333333331, 39.25], [102.33333333333331, 39.16666666666667], [102.0, 39.16666666666667], [102.0, 39.083333333333336], [101.91666666666663, 39.083333333333336], [101.91666666666663, 39.0], [102.0, 39.0], [102.0, 38.91666666666667], [102.08333333333331, 38.91666666666667], [102.08333333333331, 38.833333333333336], [101.91666666666663, 38.833333333333336], [101.91666666666663, 38.75], [101.83333333333331, 38.75], [101.83333333333331, 38.66666666666667], [101.58333333333331, 38.66666666666667], [101.58333333333331, 38.75], [101.33333333333331, 38.75], [101.33333333333331, 38.833333333333336], [101.25, 38.833333333333336], [101.25, 38.91666666666667], [101.16666666666663, 38.91666666666667], [101.16666666666663, 39.0], [100.83333333333331, 39.0], [100.83333333333331, 39.41666666666667], [100.5, 39.41666666666667], [100.5, 39.5], [100.33333333333331, 39.5], [100.33333333333331, 39.66666666666667], [100.16666666666663, 39.66666666666667], [100.16666666666663, 39.75], [99.91666666666663, 39.75], [99.91666666666663, 39.833333333333336], [99.75, 39.833333333333336], [99.75, 39.91666666666667], [99.5, 39.91666666666667], [99.5, 40.0], [99.58333333333331, 40.0], [99.58333333333331, 40.083333333333336], [99.75, 40.083333333333336], [99.75, 40.16666666666667], [99.91666666666663, 40.16666666666667], [99.91666666666663, 40.333333333333336], [100.0, 40.333333333333336], [100.0, 40.41666666666667], [100.08333333333331, 40.41666666666667], [100.08333333333331, 40.5], [100.16666666666663, 40.5], [100.16666666666663, 40.583333333333336], [100.25, 40.583333333333336], [100.25, 40.75], [100.16666666666663, 40.75], [100.16666666666663, 40.833333333333336], [100.08333333333331, 40.833333333333336], [100.08333333333331, 40.91666666666667], [99.58333333333331, 40.91666666666667], [99.58333333333331, 40.833333333333336], [99.0, 40.833333333333336], [99.0, 40.75], [98.83333333333331, 40.75], [98.83333333333331, 40.66666666666667], [98.75, 40.66666666666667], [98.75, 40.583333333333336], [98.66666666666663, 40.583333333333336], [98.66666666666663, 40.5], [98.25, 40.5], [98.25, 40.583333333333336], [98.33333333333331, 40.583333333333336], [98.33333333333331, 40.91666666666667], [98.25, 40.91666666666667], [98.25, 41.0], [98.08333333333331, 41.0], [98.08333333333331, 41.083333333333336], [97.91666666666663, 41.083333333333336], [97.91666666666663, 41.16666666666667], [97.83333333333331, 41.16666666666667], [97.83333333333331, 41.25], [97.75, 41.25], [97.75, 41.333333333333336], [97.66666666666663, 41.333333333333336], [97.66666666666663, 41.41666666666667], [97.58333333333331, 41.41666666666667], [97.58333333333331, 41.5], [97.66666666666663, 41.5], [97.66666666666663, 41.583333333333336], [97.83333333333331, 41.583333333333336], [97.83333333333331, 41.75], [97.75, 41.75], [97.75, 41.91666666666667], [97.66666666666663, 41.91666666666667], [97.66666666666663, 42.0], [97.58333333333331, 42.0], [97.58333333333331, 42.16666666666667], [97.5, 42.16666666666667], [97.5, 42.333333333333336], [97.41666666666663, 42.333333333333336], [97.41666666666663, 42.41666666666667], [97.33333333333331, 42.41666666666667], [97.33333333333331, 42.583333333333336], [97.25, 42.583333333333336], [97.25, 42.75], [97.83333333333331, 42.75], [97.83333333333331, 42.66666666666667], [98.66666666666663, 42.66666666666667], [98.66666666666663, 42.583333333333336], [99.83333333333331, 42.583333333333336], [99.83333333333331, 42.66666666666667], [101.0, 42.66666666666667], [101.0, 42.583333333333336], [101.5, 42.583333333333336], [101.5, 42.5], [101.83333333333331, 42.5], [101.83333333333331, 42.41666666666667], [101.91666666666663, 42.41666666666667], [101.91666666666663, 42.333333333333336], [102.0, 42.333333333333336], [102.0, 42.25], [102.08333333333331, 42.25], [102.08333333333331, 42.16666666666667], [102.75, 42.16666666666667], [102.75, 42.083333333333336], [102.91666666666663, 42.083333333333336], [102.91666666666663, 42.0], [103.16666666666663, 42.0], [103.16666666666663, 41.91666666666667], [103.5, 41.91666666666667], [103.5, 41.833333333333336], [104.5, 41.833333333333336], [104.5, 41.66666666666667], [105.0, 41.66666666666667], [105.0, 41.583333333333336], [105.08333333333331, 41.583333333333336], [105.08333333333331, 41.66666666666667], [105.25, 41.66666666666667], [105.25, 41.75], [105.41666666666663, 41.75], [105.41666666666663, 41.833333333333336], [105.58333333333331, 41.833333333333336], [105.58333333333331, 41.91666666666667], [105.83333333333331, 41.91666666666667], [105.83333333333331, 42.0], [106.08333333333331, 42.0], [106.08333333333331, 42.083333333333336], [106.33333333333331, 42.083333333333336], [106.33333333333331, 42.16666666666667], [106.5, 42.16666666666667], [106.5, 42.25], [106.83333333333331, 42.25], [106.83333333333331, 42.333333333333336], [107.25, 42.333333333333336], [107.25, 42.41666666666667], [107.41666666666663, 42.41666666666667], [107.41666666666663, 42.5], [107.5, 42.5], [107.5, 42.41666666666667], [108.16666666666663, 42.41666666666667], [108.16666666666663, 42.5], [108.25, 42.5], [108.25, 42.41666666666667], [109.5, 42.41666666666667], [109.5, 42.5], [109.66666666666663, 42.5], [109.66666666666663, 42.583333333333336], [109.83333333333331, 42.583333333333336], [109.83333333333331, 42.66666666666667], [110.33333333333331, 42.66666666666667], [110.33333333333331, 42.75], [110.41666666666663, 42.75], [110.41666666666663, 42.833333333333336], [110.5, 42.833333333333336], [110.5, 42.91666666666667], [110.66666666666663, 42.91666666666667], [110.66666666666663, 43.083333333333336], [110.83333333333331, 43.083333333333336], [110.83333333333331, 43.16666666666667], [110.91666666666663, 43.16666666666667], [110.91666666666663, 43.25], [111.0, 43.25], [111.0, 43.333333333333336], [111.16666666666663, 43.333333333333336], [111.16666666666663, 43.41666666666667], [111.41666666666663, 43.41666666666667], [111.41666666666663, 43.5], [111.66666666666663, 43.5], [111.66666666666663, 43.583333333333336], [111.75, 43.583333333333336], [111.75, 43.66666666666667], [111.83333333333331, 43.66666666666667], [111.83333333333331, 43.75], [112.0, 43.75], [112.0, 43.833333333333336], [111.91666666666663, 43.833333333333336], [111.91666666666663, 44.0], [111.66666666666663, 44.0], [111.66666666666663, 44.083333333333336], [111.58333333333331, 44.083333333333336], [111.58333333333331, 44.16666666666667], [111.5, 44.16666666666667], [111.5, 44.25], [111.41666666666663, 44.25], [111.41666666666663, 44.5], [111.5, 44.5], [111.5, 44.66666666666667], [111.58333333333331, 44.66666666666667], [111.58333333333331, 44.833333333333336], [111.66666666666663, 44.833333333333336], [111.66666666666663, 44.91666666666667], [111.75, 44.91666666666667], [111.75, 45.0], [111.83333333333331, 45.0], [111.83333333333331, 45.083333333333336], [112.5, 45.083333333333336], [112.5, 45.0], [112.58333333333331, 45.0], [112.58333333333331, 44.91666666666667], [112.75, 44.91666666666667], [112.75, 44.833333333333336], [113.16666666666663, 44.833333333333336], [113.16666666666663, 44.75], [113.75, 44.75], [113.75, 44.833333333333336], [113.91666666666663, 44.833333333333336], [113.91666666666663, 44.91666666666667], [114.08333333333331, 44.91666666666667], [114.08333333333331, 45.0], [114.16666666666663, 45.0], [114.16666666666663, 45.083333333333336], [114.33333333333331, 45.083333333333336], [114.33333333333331, 45.16666666666667], [114.41666666666663, 45.16666666666667], [114.41666666666663, 45.25], [114.5, 45.25], [114.5, 45.41666666666667], [115.0, 45.41666666666667], [115.0, 45.333333333333336], [115.08333333333331, 45.333333333333336], [115.08333333333331, 45.41666666666667], [115.75, 45.41666666666667], [115.75, 45.5], [115.83333333333331, 45.5], [115.83333333333331, 45.583333333333336], [116.0, 45.583333333333336], [116.0, 45.66666666666667], [116.25, 45.66666666666667], [116.25, 46.0], [116.33333333333331, 46.0], [116.33333333333331, 46.083333333333336], [116.41666666666663, 46.083333333333336], [116.41666666666663, 46.16666666666667], [116.5, 46.16666666666667], [116.5, 46.25], [116.58333333333331, 46.25], [116.58333333333331, 46.333333333333336], [117.33333333333331, 46.333333333333336], [117.33333333333331, 46.41666666666667], [117.41666666666663, 46.41666666666667], [117.41666666666663, 46.583333333333336], [117.66666666666663, 46.583333333333336], [117.66666666666663, 46.5], [117.83333333333331, 46.5], [117.83333333333331, 46.583333333333336], [118.0, 46.583333333333336], [118.0, 46.66666666666667], [118.16666666666663, 46.66666666666667], [118.16666666666663, 46.75], [118.66666666666663, 46.75], [118.66666666666663, 46.833333333333336], [118.75, 46.833333333333336], [118.75, 46.75], [118.83333333333331, 46.75], [118.83333333333331, 46.833333333333336], [119.0, 46.833333333333336], [119.0, 46.75], [119.25, 46.75], [119.25, 46.66666666666667], [119.41666666666663, 46.66666666666667], [119.41666666666663, 46.41666666666667], [119.5, 46.41666666666667], [119.5, 46.5], [119.58333333333331, 46.5], [119.58333333333331, 46.583333333333336], [119.75, 46.583333333333336], [119.75, 46.66666666666667], [119.83333333333331, 46.66666666666667], [119.83333333333331, 46.75], [119.91666666666663, 46.75], [119.91666666666663, 46.833333333333336], [119.83333333333331, 46.833333333333336], [119.83333333333331, 47.25], [119.75, 47.25], [119.75, 47.333333333333336], [119.41666666666663, 47.333333333333336], [119.41666666666663, 47.41666666666667], [119.33333333333331, 47.41666666666667], [119.33333333333331, 47.5], [119.16666666666663, 47.5], [119.16666666666663, 47.66666666666667], [119.08333333333331, 47.66666666666667], [119.08333333333331, 47.75], [118.83333333333331, 47.75], [118.83333333333331, 47.833333333333336], [118.66666666666663, 47.833333333333336], [118.66666666666663, 47.91666666666667], [118.58333333333331, 47.91666666666667], [118.58333333333331, 48.0], [117.75, 48.0], [117.75, 47.91666666666667], [117.66666666666663, 47.91666666666667], [117.66666666666663, 47.833333333333336], [117.58333333333331, 47.833333333333336], [117.58333333333331, 47.75], [117.41666666666663, 47.75], [117.41666666666663, 47.66666666666667], [117.25, 47.66666666666667], [117.25, 47.75], [117.16666666666663, 47.75], [117.16666666666663, 47.833333333333336], [116.91666666666663, 47.833333333333336], [116.91666666666663, 47.91666666666667], [116.58333333333331, 47.91666666666667], [116.58333333333331, 47.833333333333336], [116.08333333333331, 47.833333333333336], [116.08333333333331, 47.75], [116.0, 47.75], [116.0, 47.66666666666667], [115.91666666666663, 47.66666666666667], [115.91666666666663, 47.75], [115.75, 47.75], [115.75, 47.833333333333336], [115.66666666666663, 47.833333333333336], [115.66666666666663, 47.91666666666667], [115.5, 47.91666666666667], [115.5, 48.16666666666667], [115.58333333333331, 48.16666666666667], [115.58333333333331, 48.25], [115.83333333333331, 48.25], [115.83333333333331, 48.583333333333336], [115.91666666666663, 48.583333333333336], [115.91666666666663, 48.66666666666667], [116.0, 48.66666666666667], [116.0, 48.75], [116.08333333333331, 48.75], [116.08333333333331, 49.0], [116.16666666666663, 49.0], [116.16666666666663, 49.083333333333336], [116.25, 49.083333333333336], [116.25, 49.25], [116.33333333333331, 49.25], [116.33333333333331, 49.333333333333336], [116.41666666666663, 49.333333333333336], [116.41666666666663, 49.5], [116.5, 49.5], [116.5, 49.583333333333336], [116.58333333333331, 49.583333333333336], [116.58333333333331, 49.75], [116.66666666666663, 49.75], [116.66666666666663, 49.833333333333336], [116.83333333333331, 49.833333333333336], [116.83333333333331, 49.75], [117.0, 49.75], [117.0, 49.66666666666667], [117.5, 49.66666666666667], [117.5, 49.583333333333336], [117.75, 49.583333333333336], [117.75, 49.5], [117.91666666666663, 49.5], [117.91666666666663, 49.583333333333336], [118.08333333333331, 49.583333333333336], [118.08333333333331, 49.66666666666667], [118.25, 49.66666666666667], [118.25, 49.75], [118.33333333333331, 49.75], [118.33333333333331, 49.833333333333336], [118.5, 49.833333333333336], [118.5, 49.91666666666667], [118.75, 49.91666666666667], [118.75, 50.0], [119.25, 50.0], [119.25, 50.083333333333336], [119.33333333333331, 50.083333333333336], [119.33333333333331, 50.333333333333336], [119.16666666666663, 50.333333333333336], [119.16666666666663, 50.41666666666667], [119.25, 50.41666666666667], [119.25, 50.583333333333336], [119.33333333333331, 50.583333333333336], [119.33333333333331, 50.66666666666667], [119.41666666666663, 50.66666666666667], [119.41666666666663, 50.75], [119.5, 50.75], [119.5, 50.91666666666667], [119.58333333333331, 50.91666666666667], [119.58333333333331, 51.0], [119.66666666666663, 51.0], [119.66666666666663, 51.083333333333336], [119.75, 51.083333333333336], [119.75, 51.25], [119.83333333333331, 51.25], [119.83333333333331, 51.333333333333336], [119.91666666666663, 51.333333333333336], [119.91666666666663, 51.41666666666667], [120.0, 51.41666666666667], [120.0, 51.583333333333336], [120.08333333333331, 51.583333333333336], [120.08333333333331, 51.66666666666667], [120.25, 51.66666666666667], [120.25, 51.75], [120.33333333333331, 51.75], [120.33333333333331, 51.833333333333336], [120.5, 51.833333333333336], [120.5, 51.91666666666667], [120.66666666666663, 51.91666666666667], [120.66666666666663, 52.083333333333336], [120.75, 52.083333333333336], [120.75, 52.25], [120.66666666666663, 52.25], [120.66666666666663, 52.583333333333336], [120.5, 52.583333333333336], [120.5, 52.66666666666667], [120.41666666666663, 52.66666666666667], [120.41666666666663, 52.583333333333336], [120.0, 52.583333333333336], [120.0, 52.66666666666667], [120.08333333333331, 52.66666666666667], [120.08333333333331, 52.833333333333336], [120.25, 52.833333333333336], [120.25, 52.91666666666667], [120.41666666666663, 52.91666666666667], [120.41666666666663, 53.0], [120.5, 53.0], [120.5, 53.083333333333336], [120.66666666666663, 53.083333333333336], [120.66666666666663, 53.16666666666667], [120.75, 53.16666666666667], [120.75, 53.25], [121.25, 53.25], [121.25, 53.333333333333336]]]]}, "properties": {"name": "Nei Mongol", "name_en": "Nei Mongol", "gdp_per_capita_2020": 16301.0, "iso3": "CHN"}}, {"type": "Feature", "geometry": {"type": "MultiPolygon", "coordinates": [[[[106.5, 39.333333333333336], [106.83333333333331, 39.333333333333336], [106.83333333333331, 39.083333333333336], [106.91666666666663, 39.083333333333336], [106.91666666666663, 38.91666666666667], [106.83333333333331, 38.91666666666667], [106.83333333333331, 38.833333333333336], [106.75, 38.833333333333336], [106.75, 38.75], [106.66666666666663, 38.75], [106.66666666666663, 38.5], [106.58333333333331, 38.5], [106.58333333333331, 38.41666666666667], [106.5, 38.41666666666667], [106.5, 38.25], [106.66666666666663, 38.25], [106.66666666666663, 38.16666666666667], [107.25, 38.16666666666667], [107.25, 38.083333333333336], [107.33333333333331, 38.083333333333336], [107.33333333333331, 38.0], [107.41666666666663, 38.0], [107.41666666666663, 37.91666666666667], [107.66666666666663, 37.91666666666667], [107.66666666666663, 37.833333333333336], [107.58333333333331, 37.833333333333336], [107.58333333333331, 37.75], [107.5, 37.75], [107.5, 37.66666666666667], [107.33333333333331, 37.66666666666667], [107.33333333333331, 37.5], [107.25, 37.5], [107.25, 37.25], [107.33333333333331, 37.25], [107.33333333333331, 37.083333333333336], [107.16666666666663, 37.083333333333336], [107.16666666666663, 37.16666666666667], [107.0, 37.16666666666667], [107.0, 37.083333333333336], [106.83333333333331, 37.083333333333336], [106.83333333333331, 37.16666666666667], [106.75, 37.16666666666667], [106.75, 37.083333333333336], [106.66666666666663, 37.083333333333336], [106.66666666666663, 37.0], [106.58333333333331, 37.0], [106.58333333333331, 36.833333333333336], [106.66666666666663, 36.833333333333336], [106.66666666666663, 36.75], [106.5, 36.75], [106.5, 36.66666666666667], [106.41666666666663, 36.66666666666667], [106.41666666666663, 36.5], [106.5, 36.5], [106.5, 36.25], [106.83333333333331, 36.25], [106.83333333333331, 36.16666666666667], [106.91666666666663, 36.16666666666667], [106.91666666666663, 35.75], [106.75, 35.75], [106.75, 35.66666666666667], [106.66666666666663, 35.66666666666667], [106.66666666666663, 35.75], [106.5, 35.75], [106.5, 35.583333333333336], [106.41666666666663, 35.583333333333336], [106.41666666666663, 35.5], [106.5, 35.5], [106.5, 35.333333333333336], [106.41666666666663, 35.333333333333336], [106.41666666666663, 35.25], [106.33333333333331, 35.25], [106.33333333333331, 35.333333333333336], [106.25, 35.333333333333336], [106.25, 35.41666666666667], [106.08333333333331, 35.41666666666667], [106.08333333333331, 35.5], [105.83333333333331, 35.5], [105.83333333333331, 35.583333333333336], [105.75, 35.583333333333336], [105.75, 35.75], [105.41666666666663, 35.75], [105.41666666666663, 35.833333333333336], [105.33333333333331, 35.833333333333336], [105.33333333333331, 36.083333333333336], [105.5, 36.083333333333336], [105.5, 36.333333333333336], [105.41666666666663, 36.333333333333336], [105.41666666666663, 36.41666666666667], [105.33333333333331, 36.41666666666667], [105.33333333333331, 36.5], [105.25, 36.5], [105.25, 36.75], [105.33333333333331, 36.75], [105.33333333333331, 36.833333333333336], [105.25, 36.833333333333336], [105.25, 36.91666666666667], [105.16666666666663, 36.91666666666667], [105.16666666666663, 37.0], [105.0, 37.0], [105.0, 37.083333333333336], [104.91666666666663, 37.083333333333336], [104.91666666666663, 37.16666666666667], [104.83333333333331, 37.16666666666667], [104.83333333333331, 37.25], [104.75, 37.25], [104.75, 37.16666666666667], [104.66666666666663, 37.16666666666667], [104.66666666666663, 37.41666666666667], [104.33333333333331, 37.41666666666667], [104.33333333333331, 37.5], [104.83333333333331, 37.5], [104.83333333333331, 37.583333333333336], [105.08333333333331, 37.583333333333336], [105.08333333333331, 37.66666666666667], [105.58333333333331, 37.66666666666667], [105.58333333333331, 37.75], [105.75, 37.75], [105.75, 37.833333333333336], [105.83333333333331, 37.833333333333336], [105.83333333333331, 38.083333333333336], [105.75, 38.083333333333336], [105.75, 38.16666666666667], [105.83333333333331, 38.16666666666667], [105.83333333333331, 38.66666666666667], [105.91666666666663, 38.66666666666667], [105.91666666666663, 38.833333333333336], [106.0, 38.833333333333336], [106.0, 39.0], [106.08333333333331, 39.0], [106.08333333333331, 39.16666666666667], [106.25, 39.16666666666667], [106.25, 39.25], [106.5, 39.25], [106.5, 39.333333333333336]]]]}, "properties": {"name": "Ningxia Hui", "name_en": "Ningxia Hui", "gdp_per_capita_2020": 12520.0, "iso3": "CHN"}}, {"type": "Feature", "geometry": {"type": "MultiPolygon", "coordinates": [[[[94.08333333333331, 39.333333333333336], [94.66666666666663, 39.333333333333336], [94.66666666666663, 39.25], [95.08333333333331, 39.25], [95.08333333333331, 39.16666666666667], [95.33333333333331, 39.16666666666667], [95.33333333333331, 39.083333333333336], [95.5, 39.083333333333336], [95.5, 39.0], [95.58333333333331, 39.0], [95.58333333333331, 38.91666666666667], [95.75, 38.91666666666667], [95.75, 38.833333333333336], [95.91666666666663, 38.833333333333336], [95.91666666666663, 38.75], [96.08333333333331, 38.75], [96.08333333333331, 38.66666666666667], [96.16666666666663, 38.66666666666667], [96.16666666666663, 38.583333333333336], [96.25, 38.583333333333336], [96.25, 38.66666666666667], [96.33333333333331, 38.66666666666667], [96.33333333333331, 38.583333333333336], [96.5, 38.583333333333336], [96.5, 38.41666666666667], [96.75, 38.41666666666667], [96.75, 38.333333333333336], [97.0, 38.333333333333336], [97.0, 39.16666666666667], [97.41666666666663, 39.16666666666667], [97.41666666666663, 39.083333333333336], [97.58333333333331, 39.083333333333336], [97.58333333333331, 39.0], [97.75, 39.0], [97.75, 38.91666666666667], [97.91666666666663, 38.91666666666667], [97.91666666666663, 38.833333333333336], [98.16666666666663, 38.833333333333336], [98.16666666666663, 38.91666666666667], [98.25, 38.91666666666667], [98.25, 39.0], [98.5, 39.0], [98.5, 38.91666666666667], [98.58333333333331, 38.91666666666667], [98.58333333333331, 39.0], [98.75, 39.0], [98.75, 39.083333333333336], [98.91666666666663, 39.083333333333336], [98.91666666666663, 39.0], [99.08333333333331, 39.0], [99.08333333333331, 38.833333333333336], [99.25, 38.833333333333336], [99.25, 38.75], [99.33333333333331, 38.75], [99.33333333333331, 38.66666666666667], [99.41666666666663, 38.66666666666667], [99.41666666666663, 38.583333333333336], [99.58333333333331, 38.583333333333336], [99.58333333333331, 38.5], [99.66666666666663, 38.5], [99.66666666666663, 38.41666666666667], [99.83333333333331, 38.41666666666667], [99.83333333333331, 38.333333333333336], [100.08333333333331, 38.333333333333336], [100.08333333333331, 38.5], [100.16666666666663, 38.5], [100.16666666666663, 38.41666666666667], [100.25, 38.41666666666667], [100.25, 38.333333333333336], [100.41666666666663, 38.333333333333336], [100.41666666666663, 38.25], [100.58333333333331, 38.25], [100.58333333333331, 38.16666666666667], [100.66666666666663, 38.16666666666667], [100.66666666666663, 38.083333333333336], [100.83333333333331, 38.083333333333336], [100.83333333333331, 38.0], [101.08333333333331, 38.0], [101.08333333333331, 37.91666666666667], [101.16666666666663, 37.91666666666667], [101.16666666666663, 37.833333333333336], [101.33333333333331, 37.833333333333336], [101.33333333333331, 37.75], [101.5, 37.75], [101.5, 37.66666666666667], [101.58333333333331, 37.66666666666667], [101.58333333333331, 37.583333333333336], [101.75, 37.583333333333336], [101.75, 37.5], [101.83333333333331, 37.5], [101.83333333333331, 37.66666666666667], [101.91666666666663, 37.66666666666667], [101.91666666666663, 37.75], [102.0, 37.75], [102.0, 37.583333333333336], [102.08333333333331, 37.583333333333336], [102.08333333333331, 37.41666666666667], [102.25, 37.41666666666667], [102.25, 37.333333333333336], [102.41666666666663, 37.333333333333336], [102.41666666666663, 37.25], [102.5, 37.25], [102.5, 37.16666666666667], [102.58333333333331, 37.16666666666667], [102.58333333333331, 37.083333333333336], [102.5, 37.083333333333336], [102.5, 36.91666666666667], [102.58333333333331, 36.91666666666667], [102.58333333333331, 36.833333333333336], [102.66666666666663, 36.833333333333336], [102.66666666666663, 36.75], [102.58333333333331, 36.75], [102.58333333333331, 36.66666666666667], [102.66666666666663, 36.66666666666667], [102.66666666666663, 36.583333333333336], [102.75, 36.583333333333336], [102.75, 36.41666666666667], [102.83333333333331, 36.41666666666667], [102.83333333333331, 36.333333333333336], [102.91666666666663, 36.333333333333336], [102.91666666666663, 36.25], [103.0, 36.25], [103.0, 36.16666666666667], [102.91666666666663, 36.16666666666667], [102.91666666666663, 35.833333333333336], [102.66666666666663, 35.833333333333336], [102.66666666666663, 35.75], [102.75, 35.75], [102.75, 35.583333333333336], [102.66666666666663, 35.583333333333336], [102.66666666666663, 35.5], [102.58333333333331, 35.5], [102.58333333333331, 35.583333333333336], [102.5, 35.583333333333336], [102.5, 35.5], [102.41666666666663, 35.5], [102.41666666666663, 35.41666666666667], [102.33333333333331, 35.41666666666667], [102.33333333333331, 35.25], [102.41666666666663, 35.25], [102.41666666666663, 35.16666666666667], [102.33333333333331, 35.16666666666667], [102.33333333333331, 35.083333333333336], [102.16666666666663, 35.083333333333336], [102.16666666666663, 35.0], [102.08333333333331, 35.0], [102.08333333333331, 34.91666666666667], [101.91666666666663, 34.91666666666667], [101.91666666666663, 34.75], [101.75, 34.75], [101.75, 34.66666666666667], [101.91666666666663, 34.66666666666667], [101.91666666666663, 34.583333333333336], [102.08333333333331, 34.583333333333336], [102.08333333333331, 34.5], [102.16666666666663, 34.5], [102.16666666666663, 34.41666666666667], [102.25, 34.41666666666667], [102.25, 34.333333333333336], [102.16666666666663, 34.333333333333336], [102.16666666666663, 34.25], [102.0, 34.25], [102.0, 34.16666666666667], [101.83333333333331, 34.16666666666667], [101.83333333333331, 34.083333333333336], [101.66666666666663, 34.083333333333336], [101.66666666666663, 34.16666666666667], [101.5, 34.16666666666667], [101.5, 34.25], [101.25, 34.25], [101.25, 34.333333333333336], [101.0, 34.333333333333336], [101.0, 34.41666666666667], [100.91666666666663, 34.41666666666667], [100.91666666666663, 34.333333333333336], [100.83333333333331, 34.333333333333336], [100.83333333333331, 34.25], [100.75, 34.25], [100.75, 34.16666666666667], [100.83333333333331, 34.16666666666667], [100.83333333333331, 34.083333333333336], [100.91666666666663, 34.083333333333336], [100.91666666666663, 33.91666666666667], [101.0, 33.91666666666667], [101.0, 33.833333333333336], [101.16666666666663, 33.833333333333336], [101.16666666666663, 33.66666666666667], [101.58333333333331, 33.66666666666667], [101.58333333333331, 33.5], [101.75, 33.5], [101.75, 33.41666666666667], [101.66666666666663, 33.41666666666667], [101.66666666666663, 33.16666666666667], [101.5, 33.16666666666667], [101.5, 33.25], [101.41666666666663, 33.25], [101.41666666666663, 33.16666666666667], [101.16666666666663, 33.16666666666667], [101.16666666666663, 32.833333333333336], [101.25, 32.833333333333336], [101.25, 32.75], [101.16666666666663, 32.75], [101.16666666666663, 32.66666666666667], [101.0, 32.66666666666667], [101.0, 32.583333333333336], [100.91666666666663, 32.583333333333336], [100.91666666666663, 32.66666666666667], [100.66666666666663, 32.66666666666667], [100.66666666666663, 32.5], [100.58333333333331, 32.5], [100.58333333333331, 32.41666666666667], [100.5, 32.41666666666667], [100.5, 32.66666666666667], [100.41666666666663, 32.66666666666667], [100.41666666666663, 32.75], [100.25, 32.75], [100.25, 32.66666666666667], [100.08333333333331, 32.66666666666667], [100.08333333333331, 32.91666666666667], [100.0, 32.91666666666667], [100.0, 33.0], [99.83333333333331, 33.0], [99.83333333333331, 32.91666666666667], [99.75, 32.91666666666667], [99.75, 32.75], [99.58333333333331, 32.75], [99.58333333333331, 32.833333333333336], [99.41666666666663, 32.833333333333336], [99.41666666666663, 32.91666666666667], [99.25, 32.91666666666667], [99.25, 33.0], [99.16666666666663, 33.0], [99.16666666666663, 33.083333333333336], [98.91666666666663, 33.083333333333336], [98.91666666666663, 33.16666666666667], [98.83333333333331, 33.16666666666667], [98.83333333333331, 33.25], [98.75, 33.25], [98.75, 33.5], [98.66666666666663, 33.5], [98.66666666666663, 33.66666666666667], [98.58333333333331, 33.66666666666667], [98.58333333333331, 33.75], [98.5, 33.75], [98.5, 33.833333333333336], [98.25, 33.833333333333336], [98.25, 33.91666666666667], [97.83333333333331, 33.91666666666667], [97.83333333333331, 33.833333333333336], [97.75, 33.833333333333336], [97.75, 34.0], [97.66666666666663, 34.0], [97.66666666666663, 33.91666666666667], [97.41666666666663, 33.91666666666667], [97.41666666666663, 33.583333333333336], [97.5, 33.583333333333336], [97.5, 33.5], [97.66666666666663, 33.5], [97.66666666666663, 33.333333333333336], [97.58333333333331, 33.333333333333336], [97.58333333333331, 33.16666666666667], [97.5, 33.16666666666667], [97.5, 33.0], [97.41666666666663, 33.0], [97.41666666666663, 32.91666666666667], [97.33333333333331, 32.91666666666667], [97.33333333333331, 32.833333333333336], [97.41666666666663, 32.833333333333336], [97.41666666666663, 32.66666666666667], [97.58333333333331, 32.66666666666667], [97.58333333333331, 32.583333333333336], [97.66666666666663, 32.583333333333336], [97.66666666666663, 32.5], [97.33333333333331, 32.5], [97.33333333333331, 32.41666666666667], [97.41666666666663, 32.41666666666667], [97.41666666666663, 32.25], [97.25, 32.25], [97.25, 32.16666666666667], [97.33333333333331, 32.16666666666667], [97.33333333333331, 32.083333333333336], [96.91666666666663, 32.083333333333336], [96.91666666666663, 32.0], [96.75, 32.0], [96.75, 31.75], [96.83333333333331, 31.75], [96.83333333333331, 31.66666666666667], [96.66666666666663, 31.66666666666667], [96.66666666666663, 31.75], [96.41666666666663, 31.75], [96.41666666666663, 31.833333333333336], [96.33333333333331, 31.833333333333336], [96.33333333333331, 31.91666666666667], [96.16666666666663, 31.91666666666667], [96.16666666666663, 31.75], [96.25, 31.75], [96.25, 31.583333333333336], [96.16666666666663, 31.583333333333336], [96.16666666666663, 31.66666666666667], [96.08333333333331, 31.66666666666667], [96.08333333333331, 31.75], [96.0, 31.75], [96.0, 31.66666666666667], [95.91666666666663, 31.66666666666667], [95.91666666666663, 31.75], [95.5, 31.75], [95.5, 31.833333333333336], [95.41666666666663, 31.833333333333336], [95.41666666666663, 32.16666666666667], [95.33333333333331, 32.16666666666667], [95.33333333333331, 32.25], [95.0, 32.25], [95.0, 32.333333333333336], [94.91666666666663, 32.333333333333336], [94.91666666666663, 32.5], [94.75, 32.5], [94.75, 32.583333333333336], [94.66666666666663, 32.583333333333336], [94.66666666666663, 32.66666666666667], [94.58333333333331, 32.66666666666667], [94.58333333333331, 32.583333333333336], [94.33333333333331, 32.583333333333336], [94.33333333333331, 32.5], [94.16666666666663, 32.5], [94.16666666666663, 32.41666666666667], [94.08333333333331, 32.41666666666667], [94.08333333333331, 32.5], [93.83333333333331, 32.5], [93.83333333333331, 32.583333333333336], [93.58333333333331, 32.583333333333336], [93.58333333333331, 32.5], [93.41666666666663, 32.5], [93.41666666666663, 32.583333333333336], [93.25, 32.583333333333336], [93.25, 32.66666666666667], [93.0, 32.66666666666667], [93.0, 32.75], [92.16666666666663, 32.75], [92.16666666666663, 32.833333333333336], [91.91666666666663, 32.833333333333336], [91.91666666666663, 32.91666666666667], [91.75, 32.91666666666667], [91.75, 33.0], [91.58333333333331, 33.0], [91.58333333333331, 33.083333333333336], [91.5, 33.083333333333336], [91.5, 33.16666666666667], [91.41666666666663, 33.16666666666667], [91.41666666666663, 33.333333333333336], [91.16666666666663, 33.333333333333336], [91.16666666666663, 33.25], [90.91666666666663, 33.25], [90.91666666666663, 33.16666666666667], [90.83333333333331, 33.16666666666667], [90.83333333333331, 33.083333333333336], [90.75, 33.083333333333336], [90.75, 33.16666666666667], [90.58333333333331, 33.16666666666667], [90.58333333333331, 33.25], [90.33333333333331, 33.25], [90.33333333333331, 33.333333333333336], [90.25, 33.333333333333336], [90.25, 33.5], [90.16666666666663, 33.5], [90.16666666666663, 33.583333333333336], [90.0, 33.583333333333336], [90.0, 33.75], [89.91666666666663, 33.75], [89.91666666666663, 33.833333333333336], [89.83333333333331, 33.833333333333336], [89.83333333333331, 33.91666666666667], [89.66666666666663, 33.91666666666667], [89.66666666666663, 34.083333333333336], [89.75, 34.083333333333336], [89.75, 34.16666666666667], [89.83333333333331, 34.16666666666667], [89.83333333333331, 34.583333333333336], [89.75, 34.583333333333336], [89.75, 34.75], [89.83333333333331, 34.75], [89.83333333333331, 34.91666666666667], [89.58333333333331, 34.91666666666667], [89.58333333333331, 35.16666666666667], [89.5, 35.16666666666667], [89.5, 35.333333333333336], [89.58333333333331, 35.333333333333336], [89.58333333333331, 35.41666666666667], [89.75, 35.41666666666667], [89.75, 35.833333333333336], [89.58333333333331, 35.833333333333336], [89.58333333333331, 35.91666666666667], [89.41666666666663, 35.91666666666667], [89.41666666666663, 36.0], [89.58333333333331, 36.0], [89.58333333333331, 36.083333333333336], [89.91666666666663, 36.083333333333336], [89.91666666666663, 36.16666666666667], [90.0, 36.16666666666667], [90.0, 36.25], [90.16666666666663, 36.25], [90.16666666666663, 36.16666666666667], [90.66666666666663, 36.16666666666667], [90.66666666666663, 36.083333333333336], [90.83333333333331, 36.083333333333336], [90.83333333333331, 36.0], [90.91666666666663, 36.0], [90.91666666666663, 36.083333333333336], [91.08333333333331, 36.083333333333336], [91.08333333333331, 36.333333333333336], [91.0, 36.333333333333336], [91.0, 36.583333333333336], [90.75, 36.583333333333336], [90.75, 36.833333333333336], [90.83333333333331, 36.833333333333336], [90.83333333333331, 36.91666666666667], [91.08333333333331, 36.91666666666667], [91.08333333333331, 37.0], [91.33333333333331, 37.0], [91.33333333333331, 37.083333333333336], [91.25, 37.083333333333336], [91.25, 37.16666666666667], [91.16666666666663, 37.16666666666667], [91.16666666666663, 37.333333333333336], [91.08333333333331, 37.333333333333336], [91.08333333333331, 37.5], [90.91666666666663, 37.5], [90.91666666666663, 37.583333333333336], [90.83333333333331, 37.583333333333336], [90.83333333333331, 37.66666666666667], [90.58333333333331, 37.66666666666667], [90.58333333333331, 37.75], [90.41666666666663, 37.75], [90.41666666666663, 37.91666666666667], [90.5, 37.91666666666667], [90.5, 38.0], [90.41666666666663, 38.0], [90.41666666666663, 38.083333333333336], [90.33333333333331, 38.083333333333336], [90.33333333333331, 38.25], [90.25, 38.25], [90.25, 38.333333333333336], [90.16666666666663, 38.333333333333336], [90.16666666666663, 38.41666666666667], [90.25, 38.41666666666667], [90.25, 38.5], [90.5, 38.5], [90.5, 38.583333333333336], [90.58333333333331, 38.583333333333336], [90.58333333333331, 38.66666666666667], [91.08333333333331, 38.66666666666667], [91.08333333333331, 38.75], [91.41666666666663, 38.75], [91.41666666666663, 38.833333333333336], [91.83333333333331, 38.833333333333336], [91.83333333333331, 38.91666666666667], [92.08333333333331, 38.91666666666667], [92.08333333333331, 39.0], [92.41666666666663, 39.0], [92.41666666666663, 39.083333333333336], [92.66666666666663, 39.083333333333336], [92.66666666666663, 39.16666666666667], [93.33333333333331, 39.16666666666667], [93.33333333333331, 39.25], [94.08333333333331, 39.25], [94.08333333333331, 39.333333333333336]], [[100.08333333333331, 38.333333333333336], [100.08333333333331, 38.25], [100.16666666666663, 38.25], [100.16666666666663, 38.333333333333336], [100.08333333333331, 38.333333333333336]]]]}, "properties": {"name": "青海省", "name_en": "Qinghai", "gdp_per_capita_2020": 11570.0, "iso3": "CHN"}}, {"type": "Feature", "geometry": {"type": "MultiPolygon", "coordinates": [[[[111.0, 39.583333333333336], [111.16666666666663, 39.583333333333336], [111.16666666666663, 39.5], [111.08333333333331, 39.5], [111.08333333333331, 39.41666666666667], [111.16666666666663, 39.41666666666667], [111.16666666666663, 39.083333333333336], [111.08333333333331, 39.083333333333336], [111.08333333333331, 39.0], [111.0, 39.0], [111.0, 38.75], [110.91666666666663, 38.75], [110.91666666666663, 38.5], [110.83333333333331, 38.5], [110.83333333333331, 38.41666666666667], [110.75, 38.41666666666667], [110.75, 38.333333333333336], [110.58333333333331, 38.333333333333336], [110.58333333333331, 38.25], [110.5, 38.25], [110.5, 37.91666666666667], [110.58333333333331, 37.91666666666667], [110.58333333333331, 37.833333333333336], [110.66666666666663, 37.833333333333336], [110.66666666666663, 37.75], [110.75, 37.75], [110.75, 37.41666666666667], [110.66666666666663, 37.41666666666667], [110.66666666666663, 37.25], [110.58333333333331, 37.25], [110.58333333333331, 37.16666666666667], [110.5, 37.16666666666667], [110.5, 37.083333333333336], [110.41666666666663, 37.083333333333336], [110.41666666666663, 36.583333333333336], [110.5, 36.583333333333336], [110.5, 36.25], [110.41666666666663, 36.25], [110.41666666666663, 36.083333333333336], [110.5, 36.083333333333336], [110.5, 35.833333333333336], [110.58333333333331, 35.833333333333336], [110.58333333333331, 35.5], [110.5, 35.5], [110.5, 35.333333333333336], [110.41666666666663, 35.333333333333336], [110.41666666666663, 35.16666666666667], [110.33333333333331, 35.16666666666667], [110.33333333333331, 35.0], [110.25, 35.0], [110.25, 34.66666666666667], [110.33333333333331, 34.66666666666667], [110.33333333333331, 34.5], [110.41666666666663, 34.5], [110.41666666666663, 34.41666666666667], [110.5, 34.41666666666667], [110.5, 34.333333333333336], [110.41666666666663, 34.333333333333336], [110.41666666666663, 34.25], [110.58333333333331, 34.25], [110.58333333333331, 34.0], [110.66666666666663, 34.0], [110.66666666666663, 33.91666666666667], [110.58333333333331, 33.91666666666667], [110.58333333333331, 33.833333333333336], [110.75, 33.833333333333336], [110.75, 33.75], [110.83333333333331, 33.75], [110.83333333333331, 33.66666666666667], [110.91666666666663, 33.66666666666667], [110.91666666666663, 33.583333333333336], [111.0, 33.583333333333336], [111.0, 33.25], [110.83333333333331, 33.25], [110.83333333333331, 33.16666666666667], [110.75, 33.16666666666667], [110.75, 33.083333333333336], [110.66666666666663, 33.083333333333336], [110.66666666666663, 33.16666666666667], [110.58333333333331, 33.16666666666667], [110.58333333333331, 33.25], [110.5, 33.25], [110.5, 33.16666666666667], [110.0, 33.16666666666667], [110.0, 33.25], [109.5, 33.25], [109.5, 33.16666666666667], [109.58333333333331, 33.16666666666667], [109.58333333333331, 33.083333333333336], [109.75, 33.083333333333336], [109.75, 32.91666666666667], [110.0, 32.91666666666667], [110.0, 32.833333333333336], [110.16666666666663, 32.833333333333336], [110.16666666666663, 32.583333333333336], [109.58333333333331, 32.583333333333336], [109.58333333333331, 32.41666666666667], [109.5, 32.41666666666667], [109.5, 32.25], [109.58333333333331, 32.25], [109.58333333333331, 31.75], [109.25, 31.75], [109.25, 31.833333333333336], [109.16666666666663, 31.833333333333336], [109.16666666666663, 31.91666666666667], [109.0, 31.91666666666667], [109.0, 32.0], [108.83333333333331, 32.0], [108.83333333333331, 32.083333333333336], [108.66666666666663, 32.083333333333336], [108.66666666666663, 32.16666666666667], [108.5, 32.16666666666667], [108.5, 32.25], [108.0, 32.25], [108.0, 32.16666666666667], [107.83333333333331, 32.16666666666667], [107.83333333333331, 32.25], [107.75, 32.25], [107.75, 32.333333333333336], [107.66666666666663, 32.333333333333336], [107.66666666666663, 32.41666666666667], [107.41666666666663, 32.41666666666667], [107.41666666666663, 32.5], [107.25, 32.5], [107.25, 32.41666666666667], [107.16666666666663, 32.41666666666667], [107.16666666666663, 32.5], [107.08333333333331, 32.5], [107.08333333333331, 32.66666666666667], [107.0, 32.66666666666667], [107.0, 32.75], [106.66666666666663, 32.75], [106.66666666666663, 32.66666666666667], [106.16666666666663, 32.66666666666667], [106.16666666666663, 32.75], [106.08333333333331, 32.75], [106.08333333333331, 32.833333333333336], [105.83333333333331, 32.833333333333336], [105.83333333333331, 32.75], [105.66666666666663, 32.75], [105.66666666666663, 32.66666666666667], [105.58333333333331, 32.66666666666667], [105.58333333333331, 32.833333333333336], [105.5, 32.833333333333336], [105.5, 32.91666666666667], [105.91666666666663, 32.91666666666667], [105.91666666666663, 33.25], [105.75, 33.25], [105.75, 33.41666666666667], [105.83333333333331, 33.41666666666667], [105.83333333333331, 33.5], [105.91666666666663, 33.5], [105.91666666666663, 33.583333333333336], [106.5, 33.583333333333336], [106.5, 33.5], [106.58333333333331, 33.5], [106.58333333333331, 33.66666666666667], [106.5, 33.66666666666667], [106.5, 33.833333333333336], [106.41666666666663, 33.833333333333336], [106.41666666666663, 33.91666666666667], [106.5, 33.91666666666667], [106.5, 34.083333333333336], [106.58333333333331, 34.083333333333336], [106.58333333333331, 34.25], [106.66666666666663, 34.25], [106.66666666666663, 34.41666666666667], [106.58333333333331, 34.41666666666667], [106.58333333333331, 34.5], [106.33333333333331, 34.5], [106.33333333333331, 34.583333333333336], [106.41666666666663, 34.583333333333336], [106.41666666666663, 34.66666666666667], [106.5, 34.66666666666667], [106.5, 34.75], [106.58333333333331, 34.75], [106.58333333333331, 34.833333333333336], [106.5, 34.833333333333336], [106.5, 35.083333333333336], [107.0, 35.083333333333336], [107.0, 35.0], [107.08333333333331, 35.0], [107.08333333333331, 34.91666666666667], [107.75, 34.91666666666667], [107.75, 35.0], [107.83333333333331, 35.0], [107.83333333333331, 35.083333333333336], [107.75, 35.083333333333336], [107.75, 35.16666666666667], [107.66666666666663, 35.16666666666667], [107.66666666666663, 35.25], [108.08333333333331, 35.25], [108.08333333333331, 35.333333333333336], [108.25, 35.333333333333336], [108.25, 35.25], [108.33333333333331, 35.25], [108.33333333333331, 35.333333333333336], [108.41666666666663, 35.333333333333336], [108.41666666666663, 35.25], [108.5, 35.25], [108.5, 35.333333333333336], [108.58333333333331, 35.333333333333336], [108.58333333333331, 35.583333333333336], [108.5, 35.583333333333336], [108.5, 35.91666666666667], [108.58333333333331, 35.91666666666667], [108.58333333333331, 36.0], [108.66666666666663, 36.0], [108.66666666666663, 36.41666666666667], [108.41666666666663, 36.41666666666667], [108.41666666666663, 36.5], [108.33333333333331, 36.5], [108.33333333333331, 36.583333333333336], [108.0, 36.583333333333336], [108.0, 36.66666666666667], [107.91666666666663, 36.66666666666667], [107.91666666666663, 36.75], [107.75, 36.75], [107.75, 36.833333333333336], [107.5, 36.833333333333336], [107.5, 36.91666666666667], [107.33333333333331, 36.91666666666667], [107.33333333333331, 37.0], [107.25, 37.0], [107.25, 37.083333333333336], [107.33333333333331, 37.083333333333336], [107.33333333333331, 37.25], [107.25, 37.25], [107.25, 37.5], [107.33333333333331, 37.5], [107.33333333333331, 37.66666666666667], [107.5, 37.66666666666667], [107.5, 37.75], [107.58333333333331, 37.75], [107.58333333333331, 37.833333333333336], [107.91666666666663, 37.833333333333336], [107.91666666666663, 37.75], [108.0, 37.75], [108.0, 37.66666666666667], [108.75, 37.66666666666667], [108.75, 37.91666666666667], [108.83333333333331, 37.91666666666667], [108.83333333333331, 38.0], [108.91666666666663, 38.0], [108.91666666666663, 37.91666666666667], [109.0, 37.91666666666667], [109.0, 38.0], [109.08333333333331, 38.0], [109.08333333333331, 38.083333333333336], [109.0, 38.083333333333336], [109.0, 38.16666666666667], [108.91666666666663, 38.16666666666667], [108.91666666666663, 38.25], [109.0, 38.25], [109.0, 38.41666666666667], [109.08333333333331, 38.41666666666667], [109.08333333333331, 38.5], [109.16666666666663, 38.5], [109.16666666666663, 38.583333333333336], [109.33333333333331, 38.583333333333336], [109.33333333333331, 38.75], [109.41666666666663, 38.75], [109.41666666666663, 38.833333333333336], [109.58333333333331, 38.833333333333336], [109.58333333333331, 38.91666666666667], [109.66666666666663, 38.91666666666667], [109.66666666666663, 39.0], [109.75, 39.0], [109.75, 39.083333333333336], [109.91666666666663, 39.083333333333336], [109.91666666666663, 39.16666666666667], [110.0, 39.16666666666667], [110.0, 39.25], [110.16666666666663, 39.25], [110.16666666666663, 39.41666666666667], [110.33333333333331, 39.41666666666667], [110.33333333333331, 39.333333333333336], [110.58333333333331, 39.333333333333336], [110.58333333333331, 39.25], [110.66666666666663, 39.25], [110.66666666666663, 39.333333333333336], [110.75, 39.333333333333336], [110.75, 39.41666666666667], [110.83333333333331, 39.41666666666667], [110.83333333333331, 39.5], [111.0, 39.5], [111.0, 39.583333333333336]]]]}, "properties": {"name": "陕西省", "name_en": "Shaanxi", "gdp_per_capita_2020": 14988.0, "iso3": "CHN"}}, {"type": "Feature", "geometry": {"type": "MultiPolygon", "coordinates": [[[[120.83333333333331, 38.41666666666667], [120.83333333333331, 38.333333333333336], [120.91666666666663, 38.333333333333336], [120.91666666666663, 38.41666666666667], [120.83333333333331, 38.41666666666667]]], [[[120.75, 38.333333333333336], [120.75, 38.25], [120.83333333333331, 38.25], [120.83333333333331, 38.333333333333336], [120.75, 38.333333333333336]]], [[[120.66666666666663, 38.25], [120.66666666666663, 38.083333333333336], [120.75, 38.083333333333336], [120.75, 38.25], [120.66666666666663, 38.25]]], [[[120.91666666666663, 38.083333333333336], [120.91666666666663, 38.0], [121.0, 38.0], [121.0, 38.083333333333336], [120.91666666666663, 38.083333333333336]]], [[[120.83333333333331, 35.91666666666667], [120.83333333333331, 35.833333333333336], [120.91666666666663, 35.833333333333336], [120.91666666666663, 35.91666666666667], [120.83333333333331, 35.91666666666667]]], [[[119.83333333333331, 35.083333333333336], [119.83333333333331, 35.0], [119.91666666666663, 35.0], [119.91666666666663, 35.083333333333336], [119.83333333333331, 35.083333333333336]]], [[[117.83333333333331, 38.25], [118.08333333333331, 38.25], [118.08333333333331, 38.16666666666667], [119.0, 38.16666666666667], [119.0, 38.0], [119.08333333333331, 38.0], [119.08333333333331, 37.91666666666667], [119.16666666666663, 37.91666666666667], [119.16666666666663, 37.833333333333336], [119.33333333333331, 37.833333333333336], [119.33333333333331, 37.583333333333336], [119.16666666666663, 37.583333333333336], [119.16666666666663, 37.66666666666667], [119.08333333333331, 37.66666666666667], [119.08333333333331, 37.583333333333336], [119.0, 37.583333333333336], [119.0, 37.333333333333336], [119.08333333333331, 37.333333333333336], [119.08333333333331, 37.25], [119.16666666666663, 37.25], [119.16666666666663, 37.16666666666667], [119.25, 37.16666666666667], [119.25, 37.083333333333336], [119.33333333333331, 37.083333333333336], [119.33333333333331, 37.16666666666667], [119.75, 37.16666666666667], [119.75, 37.25], [119.83333333333331, 37.25], [119.83333333333331, 37.41666666666667], [120.0, 37.41666666666667], [120.0, 37.5], [120.16666666666663, 37.5], [120.16666666666663, 37.583333333333336], [120.25, 37.583333333333336], [120.25, 37.66666666666667], [120.16666666666663, 37.66666666666667], [120.16666666666663, 37.75], [120.41666666666663, 37.75], [120.41666666666663, 37.833333333333336], [120.5, 37.833333333333336], [120.5, 37.75], [120.58333333333331, 37.75], [120.58333333333331, 37.833333333333336], [120.66666666666663, 37.833333333333336], [120.66666666666663, 37.91666666666667], [120.58333333333331, 37.91666666666667], [120.58333333333331, 38.083333333333336], [120.66666666666663, 38.083333333333336], [120.66666666666663, 38.0], [120.75, 38.0], [120.75, 37.833333333333336], [121.0, 37.833333333333336], [121.0, 37.75], [121.16666666666663, 37.75], [121.16666666666663, 37.583333333333336], [121.33333333333331, 37.583333333333336], [121.33333333333331, 37.66666666666667], [121.41666666666663, 37.66666666666667], [121.41666666666663, 37.583333333333336], [121.5, 37.583333333333336], [121.5, 37.5], [122.0, 37.5], [122.0, 37.583333333333336], [122.25, 37.583333333333336], [122.25, 37.5], [122.33333333333331, 37.5], [122.33333333333331, 37.41666666666667], [122.41666666666663, 37.41666666666667], [122.41666666666663, 37.5], [122.5, 37.5], [122.5, 37.41666666666667], [122.75, 37.41666666666667], [122.75, 37.333333333333336], [122.58333333333331, 37.333333333333336], [122.58333333333331, 37.25], [122.66666666666663, 37.25], [122.66666666666663, 37.16666666666667], [122.58333333333331, 37.16666666666667], [122.58333333333331, 36.833333333333336], [122.16666666666663, 36.833333333333336], [122.16666666666663, 36.91666666666667], [122.08333333333331, 36.91666666666667], [122.08333333333331, 36.833333333333336], [122.0, 36.833333333333336], [122.0, 36.91666666666667], [121.83333333333331, 36.91666666666667], [121.83333333333331, 36.833333333333336], [121.66666666666663, 36.833333333333336], [121.66666666666663, 36.66666666666667], [121.5, 36.66666666666667], [121.5, 36.75], [121.41666666666663, 36.75], [121.41666666666663, 36.66666666666667], [121.16666666666663, 36.66666666666667], [121.16666666666663, 36.583333333333336], [121.0, 36.583333333333336], [121.0, 36.41666666666667], [120.91666666666663, 36.41666666666667], [120.91666666666663, 36.333333333333336], [120.83333333333331, 36.333333333333336], [120.83333333333331, 36.41666666666667], [120.75, 36.41666666666667], [120.75, 36.083333333333336], [120.5, 36.083333333333336], [120.5, 36.0], [120.33333333333331, 36.0], [120.33333333333331, 35.91666666666667], [120.25, 35.91666666666667], [120.25, 35.75], [120.08333333333331, 35.75], [120.08333333333331, 35.66666666666667], [120.0, 35.66666666666667], [120.0, 35.583333333333336], [119.66666666666663, 35.583333333333336], [119.66666666666663, 35.41666666666667], [119.58333333333331, 35.41666666666667], [119.58333333333331, 35.333333333333336], [119.5, 35.333333333333336], [119.5, 35.25], [119.41666666666663, 35.25], [119.41666666666663, 35.083333333333336], [118.91666666666663, 35.083333333333336], [118.91666666666663, 35.0], [118.83333333333331, 35.0], [118.83333333333331, 34.833333333333336], [118.75, 34.833333333333336], [118.75, 34.66666666666667], [118.58333333333331, 34.66666666666667], [118.58333333333331, 34.75], [118.5, 34.75], [118.5, 34.66666666666667], [118.41666666666663, 34.66666666666667], [118.41666666666663, 34.41666666666667], [118.16666666666663, 34.41666666666667], [118.16666666666663, 34.583333333333336], [118.08333333333331, 34.583333333333336], [118.08333333333331, 34.66666666666667], [117.83333333333331, 34.66666666666667], [117.83333333333331, 34.583333333333336], [117.75, 34.583333333333336], [117.75, 34.5], [117.41666666666663, 34.5], [117.41666666666663, 34.583333333333336], [117.25, 34.583333333333336], [117.25, 34.5], [117.16666666666663, 34.5], [117.16666666666663, 34.583333333333336], [117.08333333333331, 34.583333333333336], [117.08333333333331, 34.75], [117.0, 34.75], [117.0, 34.833333333333336], [116.91666666666663, 34.833333333333336], [116.91666666666663, 34.91666666666667], [116.41666666666663, 34.91666666666667], [116.41666666666663, 34.75], [116.33333333333331, 34.75], [116.33333333333331, 34.583333333333336], [115.5, 34.583333333333336], [115.5, 34.66666666666667], [115.41666666666663, 34.66666666666667], [115.41666666666663, 34.833333333333336], [115.25, 34.833333333333336], [115.25, 34.91666666666667], [115.16666666666663, 34.91666666666667], [115.16666666666663, 35.0], [114.83333333333331, 35.0], [114.83333333333331, 35.16666666666667], [114.91666666666663, 35.16666666666667], [114.91666666666663, 35.25], [115.0, 35.25], [115.0, 35.333333333333336], [115.08333333333331, 35.333333333333336], [115.08333333333331, 35.41666666666667], [115.25, 35.41666666666667], [115.25, 35.5], [115.33333333333331, 35.5], [115.33333333333331, 35.583333333333336], [115.41666666666663, 35.583333333333336], [115.41666666666663, 35.66666666666667], [115.5, 35.66666666666667], [115.5, 35.75], [115.66666666666663, 35.75], [115.66666666666663, 35.833333333333336], [115.83333333333331, 35.833333333333336], [115.83333333333331, 35.91666666666667], [115.91666666666663, 35.91666666666667], [115.91666666666663, 36.0], [115.66666666666663, 36.0], [115.66666666666663, 35.91666666666667], [115.41666666666663, 35.91666666666667], [115.41666666666663, 35.833333333333336], [115.33333333333331, 35.833333333333336], [115.33333333333331, 36.0], [115.41666666666663, 36.0], [115.41666666666663, 36.083333333333336], [115.5, 36.083333333333336], [115.5, 36.25], [115.41666666666663, 36.25], [115.41666666666663, 36.333333333333336], [115.33333333333331, 36.333333333333336], [115.33333333333331, 36.66666666666667], [115.41666666666663, 36.66666666666667], [115.41666666666663, 36.75], [115.58333333333331, 36.75], [115.58333333333331, 36.833333333333336], [115.75, 36.833333333333336], [115.75, 37.0], [115.83333333333331, 37.0], [115.83333333333331, 37.083333333333336], [115.91666666666663, 37.083333333333336], [115.91666666666663, 37.25], [116.0, 37.25], [116.0, 37.333333333333336], [116.25, 37.333333333333336], [116.25, 37.5], [116.5, 37.5], [116.5, 37.583333333333336], [116.58333333333331, 37.583333333333336], [116.58333333333331, 37.66666666666667], [116.66666666666663, 37.66666666666667], [116.66666666666663, 37.75], [116.75, 37.75], [116.75, 37.833333333333336], [117.41666666666663, 37.833333333333336], [117.41666666666663, 37.91666666666667], [117.5, 37.91666666666667], [117.5, 38.0], [117.58333333333331, 38.0], [117.58333333333331, 38.083333333333336], [117.75, 38.083333333333336], [117.75, 38.16666666666667], [117.83333333333331, 38.16666666666667], [117.83333333333331, 38.25]], [[120.16666666666663, 36.16666666666667], [120.16666666666663, 36.083333333333336], [120.25, 36.083333333333336], [120.25, 36.16666666666667], [120.16666666666663, 36.16666666666667]], [[116.0, 36.083333333333336], [116.0, 36.0], [116.08333333333331, 36.0], [116.08333333333331, 36.083333333333336], [116.0, 36.083333333333336]]]]}, "properties": {"name": "山东省", "name_en": "Shandong", "gdp_per_capita_2020": 16344.0, "iso3": "CHN"}}, {"type": "Feature", "geometry": {"type": "MultiPolygon", "coordinates": [[[[121.16666666666663, 31.833333333333336], [121.5, 31.833333333333336], [121.5, 31.75], [121.66666666666663, 31.75], [121.66666666666663, 31.66666666666667], [121.91666666666663, 31.66666666666667], [121.91666666666663, 31.583333333333336], [122.0, 31.583333333333336], [122.0, 31.41666666666667], [121.91666666666663, 31.41666666666667], [121.91666666666663, 31.25], [121.83333333333331, 31.25], [121.83333333333331, 31.16666666666667], [121.91666666666663, 31.16666666666667], [121.91666666666663, 31.0], [122.0, 31.0], [122.0, 30.833333333333336], [121.58333333333331, 30.833333333333336], [121.58333333333331, 30.75], [121.41666666666663, 30.75], [121.41666666666663, 30.66666666666667], [121.25, 30.66666666666667], [121.25, 30.75], [121.16666666666663, 30.75], [121.16666666666663, 30.833333333333336], [121.0, 30.833333333333336], [121.0, 31.0], [120.91666666666663, 31.0], [120.91666666666663, 31.16666666666667], [121.08333333333331, 31.16666666666667], [121.08333333333331, 31.333333333333336], [121.16666666666663, 31.333333333333336], [121.16666666666663, 31.5], [121.5, 31.5], [121.5, 31.583333333333336], [121.33333333333331, 31.583333333333336], [121.33333333333331, 31.66666666666667], [121.16666666666663, 31.66666666666667], [121.16666666666663, 31.833333333333336]]], [[[122.66666666666663, 30.91666666666667], [122.66666666666663, 30.833333333333336], [122.75, 30.833333333333336], [122.75, 30.91666666666667], [122.66666666666663, 30.91666666666667]]], [[[122.58333333333331, 30.833333333333336], [122.58333333333331, 30.75], [122.66666666666663, 30.75], [122.66666666666663, 30.833333333333336], [122.58333333333331, 30.833333333333336]]], [[[122.33333333333331, 30.75], [122.33333333333331, 30.66666666666667], [122.41666666666663, 30.66666666666667], [122.41666666666663, 30.583333333333336], [122.58333333333331, 30.583333333333336], [122.58333333333331, 30.75], [122.33333333333331, 30.75]]], [[[122.75, 30.75], [122.75, 30.66666666666667], [122.83333333333331, 30.66666666666667], [122.83333333333331, 30.75], [122.75, 30.75]]], [[[122.0, 30.66666666666667], [122.0, 30.583333333333336], [122.16666666666663, 30.583333333333336], [122.16666666666663, 30.66666666666667], [122.0, 30.66666666666667]]], [[[122.25, 30.66666666666667], [122.25, 30.583333333333336], [122.33333333333331, 30.583333333333336], [122.33333333333331, 30.66666666666667], [122.25, 30.66666666666667]]], [[[121.66666666666663, 30.583333333333336], [121.66666666666663, 30.5], [121.75, 30.5], [121.75, 30.583333333333336], [121.66666666666663, 30.583333333333336]]]]}, "properties": {"name": "上海市", "name_en": "Shanghai", "gdp_per_capita_2020": 35680.0, "iso3": "CHN"}}, {"type": "Feature", "geometry": {"type": "MultiPolygon", "coordinates": [[[[114.08333333333331, 40.75], [114.16666666666663, 40.75], [114.16666666666663, 40.66666666666667], [114.25, 40.66666666666667], [114.25, 40.41666666666667], [114.33333333333331, 40.41666666666667], [114.33333333333331, 40.333333333333336], [114.5, 40.333333333333336], [114.5, 40.25], [114.25, 40.25], [114.25, 40.16666666666667], [114.08333333333331, 40.16666666666667], [114.08333333333331, 40.083333333333336], [113.91666666666663, 40.083333333333336], [113.91666666666663, 40.0], [114.0, 40.0], [114.0, 39.91666666666667], [114.25, 39.91666666666667], [114.25, 39.833333333333336], [114.41666666666663, 39.833333333333336], [114.41666666666663, 39.583333333333336], [114.5, 39.583333333333336], [114.5, 39.333333333333336], [114.41666666666663, 39.333333333333336], [114.41666666666663, 39.16666666666667], [114.33333333333331, 39.16666666666667], [114.33333333333331, 39.083333333333336], [113.83333333333331, 39.083333333333336], [113.83333333333331, 39.0], [113.75, 39.0], [113.75, 38.833333333333336], [113.83333333333331, 38.833333333333336], [113.83333333333331, 38.75], [113.75, 38.75], [113.75, 38.66666666666667], [113.58333333333331, 38.66666666666667], [113.58333333333331, 38.41666666666667], [113.5, 38.41666666666667], [113.5, 38.333333333333336], [113.58333333333331, 38.333333333333336], [113.58333333333331, 38.25], [113.66666666666663, 38.25], [113.66666666666663, 38.16666666666667], [113.83333333333331, 38.16666666666667], [113.83333333333331, 38.0], [113.91666666666663, 38.0], [113.91666666666663, 37.91666666666667], [114.0, 37.91666666666667], [114.0, 37.75], [114.08333333333331, 37.75], [114.08333333333331, 37.5], [114.0, 37.5], [114.0, 37.41666666666667], [113.91666666666663, 37.41666666666667], [113.91666666666663, 37.25], [113.83333333333331, 37.25], [113.83333333333331, 37.16666666666667], [113.75, 37.16666666666667], [113.75, 36.833333333333336], [113.66666666666663, 36.833333333333336], [113.66666666666663, 36.75], [113.5, 36.75], [113.5, 36.583333333333336], [113.58333333333331, 36.583333333333336], [113.58333333333331, 36.41666666666667], [113.75, 36.41666666666667], [113.75, 36.25], [113.66666666666663, 36.25], [113.66666666666663, 35.833333333333336], [113.58333333333331, 35.833333333333336], [113.58333333333331, 35.583333333333336], [113.5, 35.583333333333336], [113.5, 35.5], [113.33333333333331, 35.5], [113.33333333333331, 35.41666666666667], [113.16666666666663, 35.41666666666667], [113.16666666666663, 35.333333333333336], [113.0, 35.333333333333336], [113.0, 35.25], [112.08333333333331, 35.25], [112.08333333333331, 35.083333333333336], [111.75, 35.083333333333336], [111.75, 35.0], [111.66666666666663, 35.0], [111.66666666666663, 34.91666666666667], [111.58333333333331, 34.91666666666667], [111.58333333333331, 34.833333333333336], [111.16666666666663, 34.833333333333336], [111.16666666666663, 34.75], [110.91666666666663, 34.75], [110.91666666666663, 34.66666666666667], [110.75, 34.66666666666667], [110.75, 34.583333333333336], [110.33333333333331, 34.583333333333336], [110.33333333333331, 34.66666666666667], [110.25, 34.66666666666667], [110.25, 35.0], [110.33333333333331, 35.0], [110.33333333333331, 35.16666666666667], [110.41666666666663, 35.16666666666667], [110.41666666666663, 35.333333333333336], [110.5, 35.333333333333336], [110.5, 35.5], [110.58333333333331, 35.5], [110.58333333333331, 35.833333333333336], [110.5, 35.833333333333336], [110.5, 36.083333333333336], [110.41666666666663, 36.083333333333336], [110.41666666666663, 36.25], [110.5, 36.25], [110.5, 36.583333333333336], [110.41666666666663, 36.583333333333336], [110.41666666666663, 37.083333333333336], [110.5, 37.083333333333336], [110.5, 37.16666666666667], [110.58333333333331, 37.16666666666667], [110.58333333333331, 37.25], [110.66666666666663, 37.25], [110.66666666666663, 37.41666666666667], [110.75, 37.41666666666667], [110.75, 37.75], [110.66666666666663, 37.75], [110.66666666666663, 37.833333333333336], [110.58333333333331, 37.833333333333336], [110.58333333333331, 37.91666666666667], [110.5, 37.91666666666667], [110.5, 38.25], [110.58333333333331, 38.25], [110.58333333333331, 38.333333333333336], [110.75, 38.333333333333336], [110.75, 38.41666666666667], [110.83333333333331, 38.41666666666667], [110.83333333333331, 38.5], [110.91666666666663, 38.5], [110.91666666666663, 38.75], [111.0, 38.75], [111.0, 39.0], [111.08333333333331, 39.0], [111.08333333333331, 39.083333333333336], [111.16666666666663, 39.083333333333336], [111.16666666666663, 39.41666666666667], [111.33333333333331, 39.41666666666667], [111.33333333333331, 39.5], [111.41666666666663, 39.5], [111.41666666666663, 39.66666666666667], [111.66666666666663, 39.66666666666667], [111.66666666666663, 39.583333333333336], [111.91666666666663, 39.583333333333336], [111.91666666666663, 39.75], [112.0, 39.75], [112.0, 39.91666666666667], [112.08333333333331, 39.91666666666667], [112.08333333333331, 40.0], [112.16666666666663, 40.0], [112.16666666666663, 40.16666666666667], [112.25, 40.16666666666667], [112.25, 40.25], [112.41666666666663, 40.25], [112.41666666666663, 40.333333333333336], [112.5, 40.333333333333336], [112.5, 40.25], [112.66666666666663, 40.25], [112.66666666666663, 40.16666666666667], [112.83333333333331, 40.16666666666667], [112.83333333333331, 40.25], [112.91666666666663, 40.25], [112.91666666666663, 40.333333333333336], [113.08333333333331, 40.333333333333336], [113.08333333333331, 40.41666666666667], [113.25, 40.41666666666667], [113.25, 40.333333333333336], [113.58333333333331, 40.333333333333336], [113.58333333333331, 40.41666666666667], [113.75, 40.41666666666667], [113.75, 40.5], [114.08333333333331, 40.5], [114.08333333333331, 40.75]]]]}, "properties": {"name": "山西省", "name_en": "Shanxi", "gdp_per_capita_2020": 11616.0, "iso3": "CHN"}}, {"type": "Feature", "geometry": {"type": "MultiPolygon", "coordinates": [[[[102.83333333333331, 34.333333333333336], [102.91666666666663, 34.333333333333336], [102.91666666666663, 34.25], [103.0, 34.25], [103.0, 34.16666666666667], [103.16666666666663, 34.16666666666667], [103.16666666666663, 33.833333333333336], [103.25, 33.833333333333336], [103.25, 33.75], [103.41666666666663, 33.75], [103.41666666666663, 33.833333333333336], [103.5, 33.833333333333336], [103.5, 33.66666666666667], [104.16666666666663, 33.66666666666667], [104.16666666666663, 33.41666666666667], [104.25, 33.41666666666667], [104.25, 33.333333333333336], [104.33333333333331, 33.333333333333336], [104.33333333333331, 32.91666666666667], [104.25, 32.91666666666667], [104.25, 32.833333333333336], [104.41666666666663, 32.833333333333336], [104.41666666666663, 32.75], [104.58333333333331, 32.75], [104.58333333333331, 32.66666666666667], [104.83333333333331, 32.66666666666667], [104.83333333333331, 32.583333333333336], [105.0, 32.583333333333336], [105.0, 32.66666666666667], [105.08333333333331, 32.66666666666667], [105.08333333333331, 32.583333333333336], [105.16666666666663, 32.583333333333336], [105.16666666666663, 32.66666666666667], [105.41666666666663, 32.66666666666667], [105.41666666666663, 32.91666666666667], [105.5, 32.91666666666667], [105.5, 32.833333333333336], [105.58333333333331, 32.833333333333336], [105.58333333333331, 32.66666666666667], [105.66666666666663, 32.66666666666667], [105.66666666666663, 32.75], [105.83333333333331, 32.75], [105.83333333333331, 32.833333333333336], [106.08333333333331, 32.833333333333336], [106.08333333333331, 32.75], [106.16666666666663, 32.75], [106.16666666666663, 32.66666666666667], [106.66666666666663, 32.66666666666667], [106.66666666666663, 32.75], [107.0, 32.75], [107.0, 32.66666666666667], [107.08333333333331, 32.66666666666667], [107.08333333333331, 32.5], [107.16666666666663, 32.5], [107.16666666666663, 32.41666666666667], [107.25, 32.41666666666667], [107.25, 32.5], [107.41666666666663, 32.5], [107.41666666666663, 32.41666666666667], [107.66666666666663, 32.41666666666667], [107.66666666666663, 32.333333333333336], [107.75, 32.333333333333336], [107.75, 32.25], [107.83333333333331, 32.25], [107.83333333333331, 32.16666666666667], [108.0, 32.16666666666667], [108.0, 32.25], [108.5, 32.25], [108.5, 32.16666666666667], [108.41666666666663, 32.16666666666667], [108.41666666666663, 32.083333333333336], [108.33333333333331, 32.083333333333336], [108.33333333333331, 32.0], [108.25, 32.0], [108.25, 31.91666666666667], [108.33333333333331, 31.91666666666667], [108.33333333333331, 31.833333333333336], [108.5, 31.833333333333336], [108.5, 31.66666666666667], [108.41666666666663, 31.66666666666667], [108.41666666666663, 31.583333333333336], [108.33333333333331, 31.583333333333336], [108.33333333333331, 31.5], [108.25, 31.5], [108.25, 31.41666666666667], [108.16666666666663, 31.41666666666667], [108.16666666666663, 31.333333333333336], [108.08333333333331, 31.333333333333336], [108.08333333333331, 31.16666666666667], [108.0, 31.16666666666667], [108.0, 31.0], [107.91666666666663, 31.0], [107.91666666666663, 30.833333333333336], [107.5, 30.833333333333336], [107.5, 30.75], [107.41666666666663, 30.75], [107.41666666666663, 30.66666666666667], [107.5, 30.66666666666667], [107.5, 30.583333333333336], [107.41666666666663, 30.583333333333336], [107.41666666666663, 30.5], [107.33333333333331, 30.5], [107.33333333333331, 30.333333333333336], [107.25, 30.333333333333336], [107.25, 30.25], [107.16666666666663, 30.25], [107.16666666666663, 30.16666666666667], [107.08333333333331, 30.16666666666667], [107.08333333333331, 30.083333333333336], [106.91666666666663, 30.083333333333336], [106.91666666666663, 30.0], [106.75, 30.0], [106.75, 30.083333333333336], [106.66666666666663, 30.083333333333336], [106.66666666666663, 30.25], [106.58333333333331, 30.25], [106.58333333333331, 30.333333333333336], [106.5, 30.333333333333336], [106.5, 30.25], [106.16666666666663, 30.25], [106.16666666666663, 30.333333333333336], [106.0, 30.333333333333336], [106.0, 30.41666666666667], [105.75, 30.41666666666667], [105.75, 30.25], [105.58333333333331, 30.25], [105.58333333333331, 30.083333333333336], [105.66666666666663, 30.083333333333336], [105.66666666666663, 30.0], [105.75, 30.0], [105.75, 29.91666666666667], [105.66666666666663, 29.91666666666667], [105.66666666666663, 29.833333333333336], [105.58333333333331, 29.833333333333336], [105.58333333333331, 29.75], [105.5, 29.75], [105.5, 29.66666666666667], [105.33333333333331, 29.66666666666667], [105.33333333333331, 29.41666666666667], [105.41666666666663, 29.41666666666667], [105.41666666666663, 29.333333333333336], [105.5, 29.333333333333336], [105.5, 29.25], [105.75, 29.25], [105.75, 29.0], [105.83333333333331, 29.0], [105.83333333333331, 28.91666666666667], [106.25, 28.91666666666667], [106.25, 28.66666666666667], [106.33333333333331, 28.66666666666667], [106.33333333333331, 28.5], [106.25, 28.5], [106.25, 28.583333333333336], [106.16666666666663, 28.583333333333336], [106.16666666666663, 28.66666666666667], [106.0, 28.66666666666667], [106.0, 28.75], [105.91666666666663, 28.75], [105.91666666666663, 28.583333333333336], [105.66666666666663, 28.583333333333336], [105.66666666666663, 28.5], [105.58333333333331, 28.5], [105.58333333333331, 28.41666666666667], [105.66666666666663, 28.41666666666667], [105.66666666666663, 28.25], [105.75, 28.25], [105.75, 28.333333333333336], [105.83333333333331, 28.333333333333336], [105.83333333333331, 28.16666666666667], [106.25, 28.16666666666667], [106.25, 28.0], [106.33333333333331, 28.0], [106.33333333333331, 27.833333333333336], [106.25, 27.833333333333336], [106.25, 27.75], [105.75, 27.75], [105.75, 27.66666666666667], [105.58333333333331, 27.66666666666667], [105.58333333333331, 27.75], [105.25, 27.75], [105.25, 28.0], [105.16666666666663, 28.0], [105.16666666666663, 28.083333333333336], [105.0, 28.083333333333336], [105.0, 28.0], [104.91666666666663, 28.0], [104.91666666666663, 27.91666666666667], [104.66666666666663, 27.91666666666667], [104.66666666666663, 27.833333333333336], [104.5, 27.833333333333336], [104.5, 27.91666666666667], [104.41666666666663, 27.91666666666667], [104.41666666666663, 28.0], [104.33333333333331, 28.0], [104.33333333333331, 28.083333333333336], [104.41666666666663, 28.083333333333336], [104.41666666666663, 28.333333333333336], [104.25, 28.333333333333336], [104.25, 28.5], [104.33333333333331, 28.5], [104.33333333333331, 28.583333333333336], [104.41666666666663, 28.583333333333336], [104.41666666666663, 28.66666666666667], [104.0, 28.66666666666667], [104.0, 28.583333333333336], [103.91666666666663, 28.583333333333336], [103.91666666666663, 28.66666666666667], [103.83333333333331, 28.66666666666667], [103.83333333333331, 28.25], [103.58333333333331, 28.25], [103.58333333333331, 28.16666666666667], [103.5, 28.16666666666667], [103.5, 28.083333333333336], [103.41666666666663, 28.083333333333336], [103.41666666666663, 28.0], [103.5, 28.0], [103.5, 27.75], [103.33333333333331, 27.75], [103.33333333333331, 27.66666666666667], [103.25, 27.66666666666667], [103.25, 27.583333333333336], [103.16666666666663, 27.583333333333336], [103.16666666666663, 27.41666666666667], [102.91666666666663, 27.41666666666667], [102.91666666666663, 26.833333333333336], [103.0, 26.833333333333336], [103.0, 26.333333333333336], [102.75, 26.333333333333336], [102.75, 26.25], [102.58333333333331, 26.25], [102.58333333333331, 26.333333333333336], [102.41666666666663, 26.333333333333336], [102.41666666666663, 26.25], [102.25, 26.25], [102.25, 26.16666666666667], [102.16666666666663, 26.16666666666667], [102.16666666666663, 26.083333333333336], [101.83333333333331, 26.083333333333336], [101.83333333333331, 26.16666666666667], [101.75, 26.16666666666667], [101.75, 26.25], [101.58333333333331, 26.25], [101.58333333333331, 26.333333333333336], [101.66666666666663, 26.333333333333336], [101.66666666666663, 26.41666666666667], [101.58333333333331, 26.41666666666667], [101.58333333333331, 26.5], [101.41666666666663, 26.5], [101.41666666666663, 26.66666666666667], [101.5, 26.66666666666667], [101.5, 26.75], [101.41666666666663, 26.75], [101.41666666666663, 26.833333333333336], [101.33333333333331, 26.833333333333336], [101.33333333333331, 26.91666666666667], [101.25, 26.91666666666667], [101.25, 27.0], [101.16666666666663, 27.0], [101.16666666666663, 27.25], [101.0, 27.25], [101.0, 27.41666666666667], [100.91666666666663, 27.41666666666667], [100.91666666666663, 27.583333333333336], [100.83333333333331, 27.583333333333336], [100.83333333333331, 27.66666666666667], [100.75, 27.66666666666667], [100.75, 27.833333333333336], [100.66666666666663, 27.833333333333336], [100.66666666666663, 27.91666666666667], [100.58333333333331, 27.91666666666667], [100.58333333333331, 27.833333333333336], [100.41666666666663, 27.833333333333336], [100.41666666666663, 27.75], [100.33333333333331, 27.75], [100.33333333333331, 27.833333333333336], [100.25, 27.833333333333336], [100.25, 27.91666666666667], [100.16666666666663, 27.91666666666667], [100.16666666666663, 28.0], [100.08333333333331, 28.0], [100.08333333333331, 28.16666666666667], [100.16666666666663, 28.16666666666667], [100.16666666666663, 28.333333333333336], [100.08333333333331, 28.333333333333336], [100.08333333333331, 28.41666666666667], [100.0, 28.41666666666667], [100.0, 28.583333333333336], [99.83333333333331, 28.583333333333336], [99.83333333333331, 28.66666666666667], [99.75, 28.66666666666667], [99.75, 28.833333333333336], [99.66666666666663, 28.833333333333336], [99.66666666666663, 28.75], [99.58333333333331, 28.75], [99.58333333333331, 28.66666666666667], [99.5, 28.66666666666667], [99.5, 28.583333333333336], [99.41666666666663, 28.583333333333336], [99.41666666666663, 28.16666666666667], [99.33333333333331, 28.16666666666667], [99.33333333333331, 28.25], [99.25, 28.25], [99.25, 28.333333333333336], [99.16666666666663, 28.333333333333336], [99.16666666666663, 28.75], [99.08333333333331, 28.75], [99.08333333333331, 28.91666666666667], [99.16666666666663, 28.91666666666667], [99.16666666666663, 29.0], [99.08333333333331, 29.0], [99.08333333333331, 29.583333333333336], [99.0, 29.583333333333336], [99.0, 29.91666666666667], [99.08333333333331, 29.91666666666667], [99.08333333333331, 30.0], [99.0, 30.0], [99.0, 30.5], [98.91666666666663, 30.5], [98.91666666666663, 30.833333333333336], [98.83333333333331, 30.833333333333336], [98.83333333333331, 31.0], [98.75, 31.0], [98.75, 31.083333333333336], [98.66666666666663, 31.083333333333336], [98.66666666666663, 31.16666666666667], [98.58333333333331, 31.16666666666667], [98.58333333333331, 31.333333333333336], [98.75, 31.333333333333336], [98.75, 31.25], [98.83333333333331, 31.25], [98.83333333333331, 31.5], [98.66666666666663, 31.5], [98.66666666666663, 31.583333333333336], [98.58333333333331, 31.583333333333336], [98.58333333333331, 31.66666666666667], [98.5, 31.66666666666667], [98.5, 31.833333333333336], [98.41666666666663, 31.833333333333336], [98.41666666666663, 32.083333333333336], [98.33333333333331, 32.083333333333336], [98.33333333333331, 32.16666666666667], [98.25, 32.16666666666667], [98.25, 32.333333333333336], [98.16666666666663, 32.333333333333336], [98.16666666666663, 32.41666666666667], [98.0, 32.41666666666667], [98.0, 32.5], [97.66666666666663, 32.5], [97.66666666666663, 32.583333333333336], [97.58333333333331, 32.583333333333336], [97.58333333333331, 32.66666666666667], [97.41666666666663, 32.66666666666667], [97.41666666666663, 32.833333333333336], [97.33333333333331, 32.833333333333336], [97.33333333333331, 32.91666666666667], [97.41666666666663, 32.91666666666667], [97.41666666666663, 33.0], [97.5, 33.0], [97.5, 33.16666666666667], [97.58333333333331, 33.16666666666667], [97.58333333333331, 33.333333333333336], [97.66666666666663, 33.333333333333336], [97.66666666666663, 33.5], [97.5, 33.5], [97.5, 33.583333333333336], [97.41666666666663, 33.583333333333336], [97.41666666666663, 33.91666666666667], [97.66666666666663, 33.91666666666667], [97.66666666666663, 34.0], [97.75, 34.0], [97.75, 33.833333333333336], [97.83333333333331, 33.833333333333336], [97.83333333333331, 33.91666666666667], [98.25, 33.91666666666667], [98.25, 33.833333333333336], [98.5, 33.833333333333336], [98.5, 33.75], [98.58333333333331, 33.75], [98.58333333333331, 33.66666666666667], [98.66666666666663, 33.66666666666667], [98.66666666666663, 33.5], [98.75, 33.5], [98.75, 33.25], [98.83333333333331, 33.25], [98.83333333333331, 33.16666666666667], [98.91666666666663, 33.16666666666667], [98.91666666666663, 33.083333333333336], [99.16666666666663, 33.083333333333336], [99.16666666666663, 33.0], [99.25, 33.0], [99.25, 32.91666666666667], [99.41666666666663, 32.91666666666667], [99.41666666666663, 32.833333333333336], [99.58333333333331, 32.833333333333336], [99.58333333333331, 32.75], [99.75, 32.75], [99.75, 32.91666666666667], [99.83333333333331, 32.91666666666667], [99.83333333333331, 33.0], [100.0, 33.0], [100.0, 32.91666666666667], [100.08333333333331, 32.91666666666667], [100.08333333333331, 32.66666666666667], [100.25, 32.66666666666667], [100.25, 32.75], [100.41666666666663, 32.75], [100.41666666666663, 32.66666666666667], [100.5, 32.66666666666667], [100.5, 32.41666666666667], [100.58333333333331, 32.41666666666667], [100.58333333333331, 32.5], [100.66666666666663, 32.5], [100.66666666666663, 32.66666666666667], [100.91666666666663, 32.66666666666667], [100.91666666666663, 32.583333333333336], [101.0, 32.583333333333336], [101.0, 32.66666666666667], [101.16666666666663, 32.66666666666667], [101.16666666666663, 32.75], [101.25, 32.75], [101.25, 32.833333333333336], [101.16666666666663, 32.833333333333336], [101.16666666666663, 33.16666666666667], [101.41666666666663, 33.16666666666667], [101.41666666666663, 33.25], [101.5, 33.25], [101.5, 33.16666666666667], [101.66666666666663, 33.16666666666667], [101.66666666666663, 33.41666666666667], [101.75, 33.41666666666667], [101.75, 33.583333333333336], [101.91666666666663, 33.583333333333336], [101.91666666666663, 33.333333333333336], [101.83333333333331, 33.333333333333336], [101.83333333333331, 33.16666666666667], [102.08333333333331, 33.16666666666667], [102.08333333333331, 33.25], [102.16666666666663, 33.25], [102.16666666666663, 33.333333333333336], [102.25, 33.333333333333336], [102.25, 33.41666666666667], [102.41666666666663, 33.41666666666667], [102.41666666666663, 33.583333333333336], [102.33333333333331, 33.583333333333336], [102.33333333333331, 33.75], [102.25, 33.75], [102.25, 34.0], [102.41666666666663, 34.0], [102.41666666666663, 34.083333333333336], [102.66666666666663, 34.083333333333336], [102.66666666666663, 34.25], [102.83333333333331, 34.25], [102.83333333333331, 34.333333333333336]]]]}, "properties": {"name": "四川省", "name_en": "Sichuan", "gdp_per_capita_2020": 13200.0, "iso3": "CHN"}}, {"type": "Feature", "geometry": {"type": "MultiPolygon", "coordinates": [[[[117.41666666666663, 40.25], [117.58333333333331, 40.25], [117.58333333333331, 40.16666666666667], [117.66666666666663, 40.16666666666667], [117.66666666666663, 40.083333333333336], [117.75, 40.083333333333336], [117.75, 40.0], [117.5, 40.0], [117.5, 39.833333333333336], [117.58333333333331, 39.833333333333336], [117.58333333333331, 39.66666666666667], [117.66666666666663, 39.66666666666667], [117.66666666666663, 39.583333333333336], [117.91666666666663, 39.583333333333336], [117.91666666666663, 39.41666666666667], [118.0, 39.41666666666667], [118.0, 39.25], [118.08333333333331, 39.25], [118.08333333333331, 39.16666666666667], [117.83333333333331, 39.16666666666667], [117.83333333333331, 38.91666666666667], [117.66666666666663, 38.91666666666667], [117.66666666666663, 38.75], [117.58333333333331, 38.75], [117.58333333333331, 38.583333333333336], [117.08333333333331, 38.583333333333336], [117.08333333333331, 38.66666666666667], [116.91666666666663, 38.66666666666667], [116.91666666666663, 38.75], [116.75, 38.75], [116.75, 39.0], [116.83333333333331, 39.0], [116.83333333333331, 39.083333333333336], [116.91666666666663, 39.083333333333336], [116.91666666666663, 39.16666666666667], [116.83333333333331, 39.16666666666667], [116.83333333333331, 39.66666666666667], [117.16666666666663, 39.66666666666667], [117.16666666666663, 40.083333333333336], [117.25, 40.083333333333336], [117.25, 40.16666666666667], [117.41666666666663, 40.16666666666667], [117.41666666666663, 40.25]]]]}, "properties": {"name": "天津市", "name_en": "Tianjin", "gdp_per_capita_2020": 22998.0, "iso3": "CHN"}}, {"type": "Feature", "geometry": {"type": "MultiPolygon", "coordinates": [[[[87.08333333333331, 49.16666666666667], [87.16666666666663, 49.16666666666667], [87.16666666666663, 49.083333333333336], [87.5, 49.083333333333336], [87.5, 49.16666666666667], [87.83333333333331, 49.16666666666667], [87.83333333333331, 48.91666666666667], [87.75, 48.91666666666667], [87.75, 48.833333333333336], [87.83333333333331, 48.833333333333336], [87.83333333333331, 48.75], [88.08333333333331, 48.75], [88.08333333333331, 48.66666666666667], [88.0, 48.66666666666667], [88.0, 48.583333333333336], [88.08333333333331, 48.583333333333336], [88.08333333333331, 48.5], [88.33333333333331, 48.5], [88.33333333333331, 48.41666666666667], [88.58333333333331, 48.41666666666667], [88.58333333333331, 48.25], [88.66666666666663, 48.25], [88.66666666666663, 48.16666666666667], [88.83333333333331, 48.16666666666667], [88.83333333333331, 48.083333333333336], [89.0, 48.083333333333336], [89.0, 48.0], [89.08333333333331, 48.0], [89.08333333333331, 47.91666666666667], [89.16666666666663, 47.91666666666667], [89.16666666666663, 48.0], [89.41666666666663, 48.0], [89.41666666666663, 48.083333333333336], [89.58333333333331, 48.083333333333336], [89.58333333333331, 47.91666666666667], [89.75, 47.91666666666667], [89.75, 47.833333333333336], [90.08333333333331, 47.833333333333336], [90.08333333333331, 47.75], [90.16666666666663, 47.75], [90.16666666666663, 47.66666666666667], [90.33333333333331, 47.66666666666667], [90.33333333333331, 47.583333333333336], [90.41666666666663, 47.583333333333336], [90.41666666666663, 47.5], [90.5, 47.5], [90.5, 47.25], [90.58333333333331, 47.25], [90.58333333333331, 47.083333333333336], [90.75, 47.083333333333336], [90.75, 47.0], [90.91666666666663, 47.0], [90.91666666666663, 46.833333333333336], [91.0, 46.833333333333336], [91.0, 46.75], [91.08333333333331, 46.75], [91.08333333333331, 46.66666666666667], [91.0, 46.66666666666667], [91.0, 46.583333333333336], [91.08333333333331, 46.583333333333336], [91.08333333333331, 46.5], [91.0, 46.5], [91.0, 46.333333333333336], [90.91666666666663, 46.333333333333336], [90.91666666666663, 46.16666666666667], [91.0, 46.16666666666667], [91.0, 46.0], [90.91666666666663, 46.0], [90.91666666666663, 45.91666666666667], [90.83333333333331, 45.91666666666667], [90.83333333333331, 45.833333333333336], [90.75, 45.833333333333336], [90.75, 45.66666666666667], [90.66666666666663, 45.66666666666667], [90.66666666666663, 45.5], [90.75, 45.5], [90.75, 45.41666666666667], [90.83333333333331, 45.41666666666667], [90.83333333333331, 45.25], [90.91666666666663, 45.25], [90.91666666666663, 45.16666666666667], [91.25, 45.16666666666667], [91.25, 45.083333333333336], [91.41666666666663, 45.083333333333336], [91.41666666666663, 45.16666666666667], [91.5, 45.16666666666667], [91.5, 45.083333333333336], [92.16666666666663, 45.083333333333336], [92.16666666666663, 45.0], [92.25, 45.0], [92.25, 45.083333333333336], [92.41666666666663, 45.083333333333336], [92.41666666666663, 45.0], [93.5, 45.0], [93.5, 44.91666666666667], [93.75, 44.91666666666667], [93.75, 44.833333333333336], [93.91666666666663, 44.833333333333336], [93.91666666666663, 44.75], [94.08333333333331, 44.75], [94.08333333333331, 44.66666666666667], [94.25, 44.66666666666667], [94.25, 44.583333333333336], [94.33333333333331, 44.583333333333336], [94.33333333333331, 44.5], [94.5, 44.5], [94.5, 44.41666666666667], [94.66666666666663, 44.41666666666667], [94.66666666666663, 44.333333333333336], [94.91666666666663, 44.333333333333336], [94.91666666666663, 44.25], [95.41666666666663, 44.25], [95.41666666666663, 44.16666666666667], [95.33333333333331, 44.16666666666667], [95.33333333333331, 44.0], [95.58333333333331, 44.0], [95.58333333333331, 43.833333333333336], [95.66666666666663, 43.833333333333336], [95.66666666666663, 43.66666666666667], [95.75, 43.66666666666667], [95.75, 43.5], [95.83333333333331, 43.5], [95.83333333333331, 43.41666666666667], [95.91666666666663, 43.41666666666667], [95.91666666666663, 43.16666666666667], [96.08333333333331, 43.16666666666667], [96.08333333333331, 43.083333333333336], [96.16666666666663, 43.083333333333336], [96.16666666666663, 43.0], [96.25, 43.0], [96.25, 42.91666666666667], [96.33333333333331, 42.91666666666667], [96.33333333333331, 42.66666666666667], [96.16666666666663, 42.66666666666667], [96.16666666666663, 42.583333333333336], [96.08333333333331, 42.583333333333336], [96.08333333333331, 42.25], [96.0, 42.25], [96.0, 42.083333333333336], [96.08333333333331, 42.083333333333336], [96.08333333333331, 42.0], [96.0, 42.0], [96.0, 41.91666666666667], [95.91666666666663, 41.91666666666667], [95.91666666666663, 41.833333333333336], [95.16666666666663, 41.833333333333336], [95.16666666666663, 41.75], [94.91666666666663, 41.75], [94.91666666666663, 41.66666666666667], [94.66666666666663, 41.66666666666667], [94.66666666666663, 41.583333333333336], [94.58333333333331, 41.583333333333336], [94.58333333333331, 41.5], [94.5, 41.5], [94.5, 41.41666666666667], [94.41666666666663, 41.41666666666667], [94.41666666666663, 41.333333333333336], [94.25, 41.333333333333336], [94.25, 41.25], [94.16666666666663, 41.25], [94.16666666666663, 41.16666666666667], [94.08333333333331, 41.16666666666667], [94.08333333333331, 41.083333333333336], [94.0, 41.083333333333336], [94.0, 41.0], [93.91666666666663, 41.0], [93.91666666666663, 40.91666666666667], [93.83333333333331, 40.91666666666667], [93.83333333333331, 40.833333333333336], [93.75, 40.833333333333336], [93.75, 40.75], [93.66666666666663, 40.75], [93.66666666666663, 40.583333333333336], [93.5, 40.583333333333336], [93.5, 40.5], [92.91666666666663, 40.5], [92.91666666666663, 40.0], [92.83333333333331, 40.0], [92.83333333333331, 39.91666666666667], [92.75, 39.91666666666667], [92.75, 39.833333333333336], [92.83333333333331, 39.833333333333336], [92.83333333333331, 39.583333333333336], [92.91666666666663, 39.583333333333336], [92.91666666666663, 39.16666666666667], [92.66666666666663, 39.16666666666667], [92.66666666666663, 39.083333333333336], [92.41666666666663, 39.083333333333336], [92.41666666666663, 39.0], [92.08333333333331, 39.0], [92.08333333333331, 38.91666666666667], [91.83333333333331, 38.91666666666667], [91.83333333333331, 38.833333333333336], [91.41666666666663, 38.833333333333336], [91.41666666666663, 38.75], [91.08333333333331, 38.75], [91.08333333333331, 38.66666666666667], [90.58333333333331, 38.66666666666667], [90.58333333333331, 38.583333333333336], [90.5, 38.583333333333336], [90.5, 38.5], [90.25, 38.5], [90.25, 38.41666666666667], [90.16666666666663, 38.41666666666667], [90.16666666666663, 38.333333333333336], [90.25, 38.333333333333336], [90.25, 38.25], [90.33333333333331, 38.25], [90.33333333333331, 38.083333333333336], [90.41666666666663, 38.083333333333336], [90.41666666666663, 38.0], [90.5, 38.0], [90.5, 37.91666666666667], [90.41666666666663, 37.91666666666667], [90.41666666666663, 37.75], [90.58333333333331, 37.75], [90.58333333333331, 37.66666666666667], [90.83333333333331, 37.66666666666667], [90.83333333333331, 37.583333333333336], [90.91666666666663, 37.583333333333336], [90.91666666666663, 37.5], [91.08333333333331, 37.5], [91.08333333333331, 37.333333333333336], [91.16666666666663, 37.333333333333336], [91.16666666666663, 37.16666666666667], [91.25, 37.16666666666667], [91.25, 37.083333333333336], [91.33333333333331, 37.083333333333336], [91.33333333333331, 37.0], [91.08333333333331, 37.0], [91.08333333333331, 36.91666666666667], [90.83333333333331, 36.91666666666667], [90.83333333333331, 36.833333333333336], [90.75, 36.833333333333336], [90.75, 36.583333333333336], [91.0, 36.583333333333336], [91.0, 36.333333333333336], [91.08333333333331, 36.333333333333336], [91.08333333333331, 36.083333333333336], [90.91666666666663, 36.083333333333336], [90.91666666666663, 36.0], [90.83333333333331, 36.0], [90.83333333333331, 36.083333333333336], [90.66666666666663, 36.083333333333336], [90.66666666666663, 36.16666666666667], [90.16666666666663, 36.16666666666667], [90.16666666666663, 36.25], [90.0, 36.25], [90.0, 36.16666666666667], [89.91666666666663, 36.16666666666667], [89.91666666666663, 36.083333333333336], [89.58333333333331, 36.083333333333336], [89.58333333333331, 36.16666666666667], [89.41666666666663, 36.16666666666667], [89.41666666666663, 36.25], [89.08333333333331, 36.25], [89.08333333333331, 36.333333333333336], [88.66666666666663, 36.333333333333336], [88.66666666666663, 36.41666666666667], [88.5, 36.41666666666667], [88.5, 36.5], [88.25, 36.5], [88.25, 36.41666666666667], [87.91666666666663, 36.41666666666667], [87.91666666666663, 36.333333333333336], [87.75, 36.333333333333336], [87.75, 36.41666666666667], [87.66666666666663, 36.41666666666667], [87.66666666666663, 36.333333333333336], [87.5, 36.333333333333336], [87.5, 36.41666666666667], [87.33333333333331, 36.41666666666667], [87.33333333333331, 36.333333333333336], [87.0, 36.333333333333336], [87.0, 36.25], [86.83333333333331, 36.25], [86.83333333333331, 36.333333333333336], [86.75, 36.333333333333336], [86.75, 36.25], [86.41666666666663, 36.25], [86.41666666666663, 36.16666666666667], [86.16666666666663, 36.16666666666667], [86.16666666666663, 36.0], [86.08333333333331, 36.0], [86.08333333333331, 35.833333333333336], [85.91666666666663, 35.833333333333336], [85.91666666666663, 35.75], [85.66666666666663, 35.75], [85.66666666666663, 35.66666666666667], [85.5, 35.66666666666667], [85.5, 35.75], [84.91666666666663, 35.75], [84.91666666666663, 35.66666666666667], [84.75, 35.66666666666667], [84.75, 35.583333333333336], [84.5, 35.583333333333336], [84.5, 35.5], [84.41666666666663, 35.5], [84.41666666666663, 35.41666666666667], [84.16666666666663, 35.41666666666667], [84.16666666666663, 35.333333333333336], [84.08333333333331, 35.333333333333336], [84.08333333333331, 35.41666666666667], [83.83333333333331, 35.41666666666667], [83.83333333333331, 35.333333333333336], [83.5, 35.333333333333336], [83.5, 35.41666666666667], [83.08333333333331, 35.41666666666667], [83.08333333333331, 35.5], [83.0, 35.5], [83.0, 35.66666666666667], [82.5, 35.66666666666667], [82.5, 35.75], [82.41666666666663, 35.75], [82.41666666666663, 35.66666666666667], [82.33333333333331, 35.66666666666667], [82.33333333333331, 35.583333333333336], [82.25, 35.583333333333336], [82.25, 35.5], [82.08333333333331, 35.5], [82.08333333333331, 35.333333333333336], [81.91666666666663, 35.333333333333336], [81.91666666666663, 35.25], [81.5, 35.25], [81.5, 35.333333333333336], [81.16666666666663, 35.333333333333336], [81.16666666666663, 35.41666666666667], [81.08333333333331, 35.41666666666667], [81.08333333333331, 35.333333333333336], [80.66666666666663, 35.333333333333336], [80.66666666666663, 35.41666666666667], [80.33333333333331, 35.41666666666667], [80.33333333333331, 35.333333333333336], [80.25, 35.333333333333336], [80.25, 35.16666666666667], [80.16666666666663, 35.16666666666667], [80.16666666666663, 35.083333333333336], [80.08333333333331, 35.083333333333336], [80.08333333333331, 35.0], [80.0, 35.0], [80.0, 34.833333333333336], [79.83333333333331, 34.833333333333336], [79.83333333333331, 34.75], [79.91666666666663, 34.75], [79.91666666666663, 34.66666666666667], [79.83333333333331, 34.66666666666667], [79.83333333333331, 34.5], [79.66666666666663, 34.5], [79.66666666666663, 34.41666666666667], [79.58333333333331, 34.41666666666667], [79.58333333333331, 34.5], [79.5, 34.5], [79.5, 34.41666666666667], [79.08333333333331, 34.41666666666667], [79.08333333333331, 34.333333333333336], [78.91666666666663, 34.333333333333336], [78.91666666666663, 34.41666666666667], [78.75, 34.41666666666667], [78.75, 34.5], [78.66666666666663, 34.5], [78.66666666666663, 34.583333333333336], [78.41666666666663, 34.583333333333336], [78.41666666666663, 34.66666666666667], [78.25, 34.66666666666667], [78.25, 34.75], [78.16666666666663, 34.75], [78.16666666666663, 35.0], [78.08333333333331, 35.0], [78.08333333333331, 35.16666666666667], [78.0, 35.16666666666667], [78.0, 35.41666666666667], [78.08333333333331, 35.41666666666667], [78.08333333333331, 35.5], [77.91666666666663, 35.5], [77.91666666666663, 35.41666666666667], [77.83333333333331, 35.41666666666667], [77.83333333333331, 35.5], [77.16666666666663, 35.5], [77.16666666666663, 35.583333333333336], [76.91666666666663, 35.583333333333336], [76.91666666666663, 35.66666666666667], [76.75, 35.66666666666667], [76.75, 35.75], [76.58333333333331, 35.75], [76.58333333333331, 35.91666666666667], [76.5, 35.91666666666667], [76.5, 35.833333333333336], [76.16666666666663, 35.833333333333336], [76.16666666666663, 36.0], [76.0, 36.0], [76.0, 36.083333333333336], [75.91666666666666, 36.083333333333336], [75.91666666666666, 36.16666666666667], [76.0, 36.16666666666667], [76.0, 36.5], [75.91666666666666, 36.5], [75.91666666666666, 36.66666666666667], [75.83333333333331, 36.66666666666667], [75.83333333333331, 36.75], [75.41666666666666, 36.75], [75.41666666666666, 36.91666666666667], [75.25, 36.91666666666667], [75.25, 37.0], [74.75, 37.0], [74.75, 37.083333333333336], [74.5, 37.083333333333336], [74.5, 37.25], [75.0, 37.25], [75.0, 37.333333333333336], [75.08333333333331, 37.333333333333336], [75.08333333333331, 37.5], [74.91666666666666, 37.5], [74.91666666666666, 37.75], [75.0, 37.75], [75.0, 37.833333333333336], [74.91666666666666, 37.833333333333336], [74.91666666666666, 38.0], [74.83333333333331, 38.0], [74.83333333333331, 38.25], [74.75, 38.25], [74.75, 38.333333333333336], [74.83333333333331, 38.333333333333336], [74.83333333333331, 38.5], [74.66666666666666, 38.5], [74.66666666666666, 38.583333333333336], [74.5, 38.583333333333336], [74.5, 38.66666666666667], [74.08333333333331, 38.66666666666667], [74.08333333333331, 38.5], [73.91666666666666, 38.5], [73.91666666666666, 38.583333333333336], [73.83333333333331, 38.583333333333336], [73.83333333333331, 38.66666666666667], [73.75, 38.66666666666667], [73.75, 38.91666666666667], [73.83333333333331, 38.91666666666667], [73.83333333333331, 39.0], [73.75, 39.0], [73.75, 39.083333333333336], [73.66666666666666, 39.083333333333336], [73.66666666666666, 39.25], [73.58333333333331, 39.25], [73.58333333333331, 39.333333333333336], [73.66666666666666, 39.333333333333336], [73.66666666666666, 39.5], [73.91666666666666, 39.5], [73.91666666666666, 39.75], [73.83333333333331, 39.75], [73.83333333333331, 39.833333333333336], [73.91666666666666, 39.833333333333336], [73.91666666666666, 40.0], [74.0, 40.0], [74.0, 40.083333333333336], [74.41666666666666, 40.083333333333336], [74.41666666666666, 40.16666666666667], [74.5, 40.16666666666667], [74.5, 40.25], [74.66666666666666, 40.25], [74.66666666666666, 40.333333333333336], [74.83333333333331, 40.333333333333336], [74.83333333333331, 40.5], [75.0, 40.5], [75.0, 40.41666666666667], [75.25, 40.41666666666667], [75.25, 40.5], [75.41666666666666, 40.5], [75.41666666666666, 40.583333333333336], [75.5, 40.583333333333336], [75.5, 40.66666666666667], [75.58333333333331, 40.66666666666667], [75.58333333333331, 40.583333333333336], [75.66666666666666, 40.583333333333336], [75.66666666666666, 40.5], [75.75, 40.5], [75.75, 40.41666666666667], [75.66666666666666, 40.41666666666667], [75.66666666666666, 40.333333333333336], [76.0, 40.333333333333336], [76.0, 40.41666666666667], [76.5, 40.41666666666667], [76.5, 40.5], [76.58333333333331, 40.5], [76.58333333333331, 40.583333333333336], [76.66666666666663, 40.583333333333336], [76.66666666666663, 40.833333333333336], [76.75, 40.833333333333336], [76.75, 40.91666666666667], [76.83333333333331, 40.91666666666667], [76.83333333333331, 41.0], [77.0, 41.0], [77.0, 41.083333333333336], [77.08333333333331, 41.083333333333336], [77.08333333333331, 41.0], [77.83333333333331, 41.0], [77.83333333333331, 41.083333333333336], [78.16666666666663, 41.083333333333336], [78.16666666666663, 41.16666666666667], [78.25, 41.16666666666667], [78.25, 41.25], [78.33333333333331, 41.25], [78.33333333333331, 41.41666666666667], [78.58333333333331, 41.41666666666667], [78.58333333333331, 41.5], [78.75, 41.5], [78.75, 41.583333333333336], [78.91666666666663, 41.583333333333336], [78.91666666666663, 41.66666666666667], [79.08333333333331, 41.66666666666667], [79.08333333333331, 41.75], [79.33333333333331, 41.75], [79.33333333333331, 41.833333333333336], [79.75, 41.833333333333336], [79.75, 41.91666666666667], [79.83333333333331, 41.91666666666667], [79.83333333333331, 42.0], [80.0, 42.0], [80.0, 42.083333333333336], [80.08333333333331, 42.083333333333336], [80.08333333333331, 42.0], [80.16666666666663, 42.0], [80.16666666666663, 42.083333333333336], [80.25, 42.083333333333336], [80.25, 42.583333333333336], [80.16666666666663, 42.583333333333336], [80.16666666666663, 42.66666666666667], [80.25, 42.66666666666667], [80.25, 42.833333333333336], [80.5, 42.833333333333336], [80.5, 42.91666666666667], [80.41666666666663, 42.91666666666667], [80.41666666666663, 43.083333333333336], [80.58333333333331, 43.083333333333336], [80.58333333333331, 43.16666666666667], [80.75, 43.16666666666667], [80.75, 43.333333333333336], [80.66666666666663, 43.333333333333336], [80.66666666666663, 43.41666666666667], [80.75, 43.41666666666667], [80.75, 43.5], [80.66666666666663, 43.5], [80.66666666666663, 43.66666666666667], [80.58333333333331, 43.66666666666667], [80.58333333333331, 43.833333333333336], [80.5, 43.833333333333336], [80.5, 44.0], [80.41666666666663, 44.0], [80.41666666666663, 44.41666666666667], [80.33333333333331, 44.41666666666667], [80.33333333333331, 44.583333333333336], [80.41666666666663, 44.583333333333336], [80.41666666666663, 44.75], [80.33333333333331, 44.75], [80.33333333333331, 44.833333333333336], [79.91666666666663, 44.833333333333336], [79.91666666666663, 44.91666666666667], [80.0, 44.91666666666667], [80.0, 45.0], [80.08333333333331, 45.0], [80.08333333333331, 45.083333333333336], [80.16666666666663, 45.083333333333336], [80.16666666666663, 45.0], [80.25, 45.0], [80.25, 45.083333333333336], [80.66666666666663, 45.083333333333336], [80.66666666666663, 45.16666666666667], [81.08333333333331, 45.16666666666667], [81.08333333333331, 45.25], [81.5, 45.25], [81.5, 45.333333333333336], [81.75, 45.333333333333336], [81.75, 45.25], [81.83333333333331, 45.25], [81.83333333333331, 45.16666666666667], [82.08333333333331, 45.16666666666667], [82.08333333333331, 45.25], [82.33333333333331, 45.25], [82.33333333333331, 45.16666666666667], [82.58333333333331, 45.16666666666667], [82.58333333333331, 45.41666666666667], [82.5, 45.41666666666667], [82.5, 45.5], [82.25, 45.5], [82.25, 45.66666666666667], [82.33333333333331, 45.66666666666667], [82.33333333333331, 45.75], [82.41666666666663, 45.75], [82.41666666666663, 45.91666666666667], [82.5, 45.91666666666667], [82.5, 46.25], [82.58333333333331, 46.25], [82.58333333333331, 46.333333333333336], [82.66666666666663, 46.333333333333336], [82.66666666666663, 46.5], [82.75, 46.5], [82.75, 46.75], [82.83333333333331, 46.75], [82.83333333333331, 46.833333333333336], [82.91666666666663, 46.833333333333336], [82.91666666666663, 47.0], [83.0, 47.0], [83.0, 47.16666666666667], [83.08333333333331, 47.16666666666667], [83.08333333333331, 47.25], [83.16666666666663, 47.25], [83.16666666666663, 47.16666666666667], [83.41666666666663, 47.16666666666667], [83.41666666666663, 47.083333333333336], [83.66666666666663, 47.083333333333336], [83.66666666666663, 47.0], [84.75, 47.0], [84.75, 46.833333333333336], [84.91666666666663, 46.833333333333336], [84.91666666666663, 46.91666666666667], [85.08333333333331, 46.91666666666667], [85.08333333333331, 47.0], [85.25, 47.0], [85.25, 47.083333333333336], [85.58333333333331, 47.083333333333336], [85.58333333333331, 47.16666666666667], [85.66666666666663, 47.16666666666667], [85.66666666666663, 47.5], [85.58333333333331, 47.5], [85.58333333333331, 48.16666666666667], [85.66666666666663, 48.16666666666667], [85.66666666666663, 48.333333333333336], [85.75, 48.333333333333336], [85.75, 48.41666666666667], [86.25, 48.41666666666667], [86.25, 48.5], [86.58333333333331, 48.5], [86.58333333333331, 48.583333333333336], [86.66666666666663, 48.583333333333336], [86.66666666666663, 48.66666666666667], [86.75, 48.66666666666667], [86.75, 49.0], [86.83333333333331, 49.0], [86.83333333333331, 49.083333333333336], [87.08333333333331, 49.083333333333336], [87.08333333333331, 49.16666666666667]]]]}, "properties": {"name": "Xinjiang Uygur", "name_en": "Xinjiang Uygur", "gdp_per_capita_2020": 12198.0, "iso3": "CHN"}}, {"type": "Feature", "geometry": {"type": "MultiPolygon", "coordinates": [[[[88.25, 36.5], [88.5, 36.5], [88.5, 36.41666666666667], [88.66666666666663, 36.41666666666667], [88.66666666666663, 36.333333333333336], [89.08333333333331, 36.333333333333336], [89.08333333333331, 36.25], [89.41666666666663, 36.25], [89.41666666666663, 36.16666666666667], [89.58333333333331, 36.16666666666667], [89.58333333333331, 36.0], [89.41666666666663, 36.0], [89.41666666666663, 35.91666666666667], [89.58333333333331, 35.91666666666667], [89.58333333333331, 35.833333333333336], [89.75, 35.833333333333336], [89.75, 35.41666666666667], [89.58333333333331, 35.41666666666667], [89.58333333333331, 35.333333333333336], [89.5, 35.333333333333336], [89.5, 35.16666666666667], [89.58333333333331, 35.16666666666667], [89.58333333333331, 34.91666666666667], [89.83333333333331, 34.91666666666667], [89.83333333333331, 34.75], [89.75, 34.75], [89.75, 34.583333333333336], [89.83333333333331, 34.583333333333336], [89.83333333333331, 34.16666666666667], [89.75, 34.16666666666667], [89.75, 34.083333333333336], [89.66666666666663, 34.083333333333336], [89.66666666666663, 33.91666666666667], [89.83333333333331, 33.91666666666667], [89.83333333333331, 33.833333333333336], [89.91666666666663, 33.833333333333336], [89.91666666666663, 33.75], [90.0, 33.75], [90.0, 33.583333333333336], [90.16666666666663, 33.583333333333336], [90.16666666666663, 33.5], [90.25, 33.5], [90.25, 33.333333333333336], [90.33333333333331, 33.333333333333336], [90.33333333333331, 33.25], [90.58333333333331, 33.25], [90.58333333333331, 33.16666666666667], [90.75, 33.16666666666667], [90.75, 33.083333333333336], [90.83333333333331, 33.083333333333336], [90.83333333333331, 33.16666666666667], [90.91666666666663, 33.16666666666667], [90.91666666666663, 33.25], [91.16666666666663, 33.25], [91.16666666666663, 33.333333333333336], [91.41666666666663, 33.333333333333336], [91.41666666666663, 33.16666666666667], [91.5, 33.16666666666667], [91.5, 33.083333333333336], [91.58333333333331, 33.083333333333336], [91.58333333333331, 33.0], [91.75, 33.0], [91.75, 32.91666666666667], [91.91666666666663, 32.91666666666667], [91.91666666666663, 32.833333333333336], [92.16666666666663, 32.833333333333336], [92.16666666666663, 32.75], [93.0, 32.75], [93.0, 32.66666666666667], [93.25, 32.66666666666667], [93.25, 32.583333333333336], [93.41666666666663, 32.583333333333336], [93.41666666666663, 32.5], [93.58333333333331, 32.5], [93.58333333333331, 32.583333333333336], [93.83333333333331, 32.583333333333336], [93.83333333333331, 32.5], [94.08333333333331, 32.5], [94.08333333333331, 32.41666666666667], [94.16666666666663, 32.41666666666667], [94.16666666666663, 32.5], [94.33333333333331, 32.5], [94.33333333333331, 32.583333333333336], [94.58333333333331, 32.583333333333336], [94.58333333333331, 32.66666666666667], [94.66666666666663, 32.66666666666667], [94.66666666666663, 32.583333333333336], [94.75, 32.583333333333336], [94.75, 32.5], [94.91666666666663, 32.5], [94.91666666666663, 32.333333333333336], [95.0, 32.333333333333336], [95.0, 32.25], [95.33333333333331, 32.25], [95.33333333333331, 32.16666666666667], [95.41666666666663, 32.16666666666667], [95.41666666666663, 31.833333333333336], [95.5, 31.833333333333336], [95.5, 31.75], [95.91666666666663, 31.75], [95.91666666666663, 31.66666666666667], [96.0, 31.66666666666667], [96.0, 31.75], [96.08333333333331, 31.75], [96.08333333333331, 31.66666666666667], [96.16666666666663, 31.66666666666667], [96.16666666666663, 31.583333333333336], [96.25, 31.583333333333336], [96.25, 31.75], [96.16666666666663, 31.75], [96.16666666666663, 31.91666666666667], [96.33333333333331, 31.91666666666667], [96.33333333333331, 31.833333333333336], [96.41666666666663, 31.833333333333336], [96.41666666666663, 31.75], [96.66666666666663, 31.75], [96.66666666666663, 31.66666666666667], [96.83333333333331, 31.66666666666667], [96.83333333333331, 31.75], [96.75, 31.75], [96.75, 32.0], [96.91666666666663, 32.0], [96.91666666666663, 32.083333333333336], [97.33333333333331, 32.083333333333336], [97.33333333333331, 32.16666666666667], [97.25, 32.16666666666667], [97.25, 32.25], [97.41666666666663, 32.25], [97.41666666666663, 32.41666666666667], [97.33333333333331, 32.41666666666667], [97.33333333333331, 32.5], [98.0, 32.5], [98.0, 32.41666666666667], [98.16666666666663, 32.41666666666667], [98.16666666666663, 32.333333333333336], [98.25, 32.333333333333336], [98.25, 32.16666666666667], [98.33333333333331, 32.16666666666667], [98.33333333333331, 32.083333333333336], [98.41666666666663, 32.083333333333336], [98.41666666666663, 31.833333333333336], [98.5, 31.833333333333336], [98.5, 31.66666666666667], [98.58333333333331, 31.66666666666667], [98.58333333333331, 31.583333333333336], [98.66666666666663, 31.583333333333336], [98.66666666666663, 31.5], [98.83333333333331, 31.5], [98.83333333333331, 31.25], [98.75, 31.25], [98.75, 31.333333333333336], [98.58333333333331, 31.333333333333336], [98.58333333333331, 31.16666666666667], [98.66666666666663, 31.16666666666667], [98.66666666666663, 31.083333333333336], [98.75, 31.083333333333336], [98.75, 31.0], [98.83333333333331, 31.0], [98.83333333333331, 30.833333333333336], [98.91666666666663, 30.833333333333336], [98.91666666666663, 30.5], [99.0, 30.5], [99.0, 30.0], [99.08333333333331, 30.0], [99.08333333333331, 29.91666666666667], [99.0, 29.91666666666667], [99.0, 29.583333333333336], [99.08333333333331, 29.583333333333336], [99.08333333333331, 29.25], [99.0, 29.25], [99.0, 29.0], [98.91666666666663, 29.0], [98.91666666666663, 28.833333333333336], [98.83333333333331, 28.833333333333336], [98.83333333333331, 29.0], [98.66666666666663, 29.0], [98.66666666666663, 28.66666666666667], [98.58333333333331, 28.66666666666667], [98.58333333333331, 28.583333333333336], [98.66666666666663, 28.583333333333336], [98.66666666666663, 28.41666666666667], [98.75, 28.41666666666667], [98.75, 28.25], [98.66666666666663, 28.25], [98.66666666666663, 28.16666666666667], [98.41666666666663, 28.16666666666667], [98.41666666666663, 28.25], [98.33333333333331, 28.25], [98.33333333333331, 28.333333333333336], [98.25, 28.333333333333336], [98.25, 28.25], [98.16666666666663, 28.25], [98.16666666666663, 28.16666666666667], [98.08333333333331, 28.16666666666667], [98.08333333333331, 28.25], [98.0, 28.25], [98.0, 28.333333333333336], [97.75, 28.333333333333336], [97.75, 28.5], [97.5, 28.5], [97.5, 28.333333333333336], [97.41666666666663, 28.333333333333336], [97.41666666666663, 28.25], [97.25, 28.25], [97.25, 28.333333333333336], [96.83333333333331, 28.333333333333336], [96.83333333333331, 28.41666666666667], [96.66666666666663, 28.41666666666667], [96.66666666666663, 28.5], [96.58333333333331, 28.5], [96.58333333333331, 28.41666666666667], [96.33333333333331, 28.41666666666667], [96.33333333333331, 28.583333333333336], [96.5, 28.583333333333336], [96.5, 28.75], [96.58333333333331, 28.75], [96.58333333333331, 28.91666666666667], [96.5, 28.91666666666667], [96.5, 29.083333333333336], [96.41666666666663, 29.083333333333336], [96.41666666666663, 29.0], [96.25, 29.0], [96.25, 28.91666666666667], [96.16666666666663, 28.91666666666667], [96.16666666666663, 29.083333333333336], [96.25, 29.083333333333336], [96.25, 29.16666666666667], [96.33333333333331, 29.16666666666667], [96.33333333333331, 29.25], [96.16666666666663, 29.25], [96.16666666666663, 29.41666666666667], [95.91666666666663, 29.41666666666667], [95.91666666666663, 29.333333333333336], [95.66666666666663, 29.333333333333336], [95.66666666666663, 29.25], [95.58333333333331, 29.25], [95.58333333333331, 29.16666666666667], [95.5, 29.16666666666667], [95.5, 29.083333333333336], [95.41666666666663, 29.083333333333336], [95.41666666666663, 29.0], [95.33333333333331, 29.0], [95.33333333333331, 29.083333333333336], [95.16666666666663, 29.083333333333336], [95.16666666666663, 29.16666666666667], [94.83333333333331, 29.16666666666667], [94.83333333333331, 29.25], [94.75, 29.25], [94.75, 29.333333333333336], [94.58333333333331, 29.333333333333336], [94.58333333333331, 29.25], [94.41666666666663, 29.25], [94.41666666666663, 29.16666666666667], [94.25, 29.16666666666667], [94.25, 29.083333333333336], [94.16666666666663, 29.083333333333336], [94.16666666666663, 28.91666666666667], [94.08333333333331, 28.91666666666667], [94.08333333333331, 28.833333333333336], [94.0, 28.833333333333336], [94.0, 28.75], [93.91666666666663, 28.75], [93.91666666666663, 28.66666666666667], [93.33333333333331, 28.66666666666667], [93.33333333333331, 28.583333333333336], [93.25, 28.583333333333336], [93.25, 28.333333333333336], [93.08333333333331, 28.333333333333336], [93.08333333333331, 28.25], [92.91666666666663, 28.25], [92.91666666666663, 28.16666666666667], [92.66666666666663, 28.16666666666667], [92.66666666666663, 28.0], [92.75, 28.0], [92.75, 27.91666666666667], [92.58333333333331, 27.91666666666667], [92.58333333333331, 27.833333333333336], [92.08333333333331, 27.833333333333336], [92.08333333333331, 27.75], [91.83333333333331, 27.75], [91.83333333333331, 27.833333333333336], [91.58333333333331, 27.833333333333336], [91.58333333333331, 27.91666666666667], [91.5, 27.91666666666667], [91.5, 28.0], [90.91666666666663, 28.0], [90.91666666666663, 28.083333333333336], [90.33333333333331, 28.083333333333336], [90.33333333333331, 28.16666666666667], [89.91666666666663, 28.16666666666667], [89.91666666666663, 28.25], [89.75, 28.25], [89.75, 28.16666666666667], [89.58333333333331, 28.16666666666667], [89.58333333333331, 28.083333333333336], [89.5, 28.083333333333336], [89.5, 28.0], [89.41666666666663, 28.0], [89.41666666666663, 27.91666666666667], [89.33333333333331, 27.91666666666667], [89.33333333333331, 27.833333333333336], [89.25, 27.833333333333336], [89.25, 27.75], [89.16666666666663, 27.75], [89.16666666666663, 27.66666666666667], [89.08333333333331, 27.66666666666667], [89.08333333333331, 27.583333333333336], [89.0, 27.583333333333336], [89.0, 27.333333333333336], [88.83333333333331, 27.333333333333336], [88.83333333333331, 27.41666666666667], [88.75, 27.41666666666667], [88.75, 27.583333333333336], [88.83333333333331, 27.583333333333336], [88.83333333333331, 27.833333333333336], [88.91666666666663, 27.833333333333336], [88.91666666666663, 27.91666666666667], [88.83333333333331, 27.91666666666667], [88.83333333333331, 28.0], [88.75, 28.0], [88.75, 28.083333333333336], [88.5, 28.083333333333336], [88.5, 28.0], [88.25, 28.0], [88.25, 27.91666666666667], [87.83333333333331, 27.91666666666667], [87.83333333333331, 27.833333333333336], [87.08333333333331, 27.833333333333336], [87.08333333333331, 27.91666666666667], [86.91666666666663, 27.91666666666667], [86.91666666666663, 28.0], [86.75, 28.0], [86.75, 28.083333333333336], [86.58333333333331, 28.083333333333336], [86.58333333333331, 28.0], [86.5, 28.0], [86.5, 27.91666666666667], [86.33333333333331, 27.91666666666667], [86.33333333333331, 28.0], [86.25, 28.0], [86.25, 28.083333333333336], [86.08333333333331, 28.083333333333336], [86.08333333333331, 27.91666666666667], [86.0, 27.91666666666667], [86.0, 28.0], [85.91666666666663, 28.0], [85.91666666666663, 28.16666666666667], [85.75, 28.16666666666667], [85.75, 28.25], [85.58333333333331, 28.25], [85.58333333333331, 28.333333333333336], [85.41666666666663, 28.333333333333336], [85.41666666666663, 28.25], [85.25, 28.25], [85.25, 28.333333333333336], [85.08333333333331, 28.333333333333336], [85.08333333333331, 28.41666666666667], [85.16666666666663, 28.41666666666667], [85.16666666666663, 28.66666666666667], [85.0, 28.66666666666667], [85.0, 28.583333333333336], [84.75, 28.583333333333336], [84.75, 28.66666666666667], [84.66666666666663, 28.66666666666667], [84.66666666666663, 28.75], [84.41666666666663, 28.75], [84.41666666666663, 28.833333333333336], [84.33333333333331, 28.833333333333336], [84.33333333333331, 28.91666666666667], [84.16666666666663, 28.91666666666667], [84.16666666666663, 29.25], [84.0, 29.25], [84.0, 29.333333333333336], [83.83333333333331, 29.333333333333336], [83.83333333333331, 29.25], [83.66666666666663, 29.25], [83.66666666666663, 29.16666666666667], [83.5, 29.16666666666667], [83.5, 29.333333333333336], [83.41666666666663, 29.333333333333336], [83.41666666666663, 29.41666666666667], [83.33333333333331, 29.41666666666667], [83.33333333333331, 29.5], [83.25, 29.5], [83.25, 29.583333333333336], [83.08333333333331, 29.583333333333336], [83.08333333333331, 29.66666666666667], [82.83333333333331, 29.66666666666667], [82.83333333333331, 29.75], [82.75, 29.75], [82.75, 29.833333333333336], [82.58333333333331, 29.833333333333336], [82.58333333333331, 29.91666666666667], [82.5, 29.91666666666667], [82.5, 30.0], [82.33333333333331, 30.0], [82.33333333333331, 30.083333333333336], [82.16666666666663, 30.083333333333336], [82.16666666666663, 30.25], [82.08333333333331, 30.25], [82.08333333333331, 30.333333333333336], [81.83333333333331, 30.333333333333336], [81.83333333333331, 30.41666666666667], [81.58333333333331, 30.41666666666667], [81.58333333333331, 30.333333333333336], [81.5, 30.333333333333336], [81.5, 30.41666666666667], [81.41666666666663, 30.41666666666667], [81.41666666666663, 30.16666666666667], [81.33333333333331, 30.16666666666667], [81.33333333333331, 30.083333333333336], [81.25, 30.083333333333336], [81.25, 30.0], [81.16666666666663, 30.0], [81.16666666666663, 30.083333333333336], [81.08333333333331, 30.083333333333336], [81.08333333333331, 30.16666666666667], [81.0, 30.16666666666667], [81.0, 30.25], [80.91666666666663, 30.25], [80.91666666666663, 30.333333333333336], [80.75, 30.333333333333336], [80.75, 30.41666666666667], [80.66666666666663, 30.41666666666667], [80.66666666666663, 30.5], [80.33333333333331, 30.5], [80.33333333333331, 30.583333333333336], [80.16666666666663, 30.583333333333336], [80.16666666666663, 30.66666666666667], [80.25, 30.66666666666667], [80.25, 30.75], [80.16666666666663, 30.75], [80.16666666666663, 30.833333333333336], [80.0, 30.833333333333336], [80.0, 30.91666666666667], [79.83333333333331, 30.91666666666667], [79.83333333333331, 31.0], [79.41666666666663, 31.0], [79.41666666666663, 31.083333333333336], [79.33333333333331, 31.083333333333336], [79.33333333333331, 31.16666666666667], [79.25, 31.16666666666667], [79.25, 31.333333333333336], [79.16666666666663, 31.333333333333336], [79.16666666666663, 31.41666666666667], [79.0, 31.41666666666667], [79.0, 31.333333333333336], [78.83333333333331, 31.333333333333336], [78.83333333333331, 31.41666666666667], [78.75, 31.41666666666667], [78.75, 31.583333333333336], [78.83333333333331, 31.583333333333336], [78.83333333333331, 31.66666666666667], [78.75, 31.66666666666667], [78.75, 31.75], [78.66666666666663, 31.75], [78.66666666666663, 31.833333333333336], [78.75, 31.833333333333336], [78.75, 32.0], [78.66666666666663, 32.0], [78.66666666666663, 32.083333333333336], [78.58333333333331, 32.083333333333336], [78.58333333333331, 32.25], [78.5, 32.25], [78.5, 32.41666666666667], [78.41666666666663, 32.41666666666667], [78.41666666666663, 32.583333333333336], [78.66666666666663, 32.583333333333336], [78.66666666666663, 32.66666666666667], [78.75, 32.66666666666667], [78.75, 32.5], [78.83333333333331, 32.5], [78.83333333333331, 32.41666666666667], [78.91666666666663, 32.41666666666667], [78.91666666666663, 32.333333333333336], [79.0, 32.333333333333336], [79.0, 32.41666666666667], [79.16666666666663, 32.41666666666667], [79.16666666666663, 32.5], [79.33333333333331, 32.5], [79.33333333333331, 32.583333333333336], [79.58333333333331, 32.583333333333336], [79.58333333333331, 32.75], [79.5, 32.75], [79.5, 32.833333333333336], [79.41666666666663, 32.833333333333336], [79.41666666666663, 32.91666666666667], [79.33333333333331, 32.91666666666667], [79.33333333333331, 33.083333333333336], [79.41666666666663, 33.083333333333336], [79.41666666666663, 33.16666666666667], [79.08333333333331, 33.16666666666667], [79.08333333333331, 33.333333333333336], [78.91666666666663, 33.333333333333336], [78.91666666666663, 33.41666666666667], [78.83333333333331, 33.41666666666667], [78.83333333333331, 33.5], [78.75, 33.5], [78.75, 34.083333333333336], [78.83333333333331, 34.083333333333336], [78.83333333333331, 34.16666666666667], [78.91666666666663, 34.16666666666667], [78.91666666666663, 34.25], [79.0, 34.25], [79.0, 34.333333333333336], [79.08333333333331, 34.333333333333336], [79.08333333333331, 34.41666666666667], [79.5, 34.41666666666667], [79.5, 34.5], [79.58333333333331, 34.5], [79.58333333333331, 34.41666666666667], [79.66666666666663, 34.41666666666667], [79.66666666666663, 34.5], [79.83333333333331, 34.5], [79.83333333333331, 34.66666666666667], [79.91666666666663, 34.66666666666667], [79.91666666666663, 34.75], [79.83333333333331, 34.75], [79.83333333333331, 34.833333333333336], [80.0, 34.833333333333336], [80.0, 35.0], [80.08333333333331, 35.0], [80.08333333333331, 35.083333333333336], [80.16666666666663, 35.083333333333336], [80.16666666666663, 35.16666666666667], [80.25, 35.16666666666667], [80.25, 35.333333333333336], [80.33333333333331, 35.333333333333336], [80.33333333333331, 35.41666666666667], [80.66666666666663, 35.41666666666667], [80.66666666666663, 35.333333333333336], [81.08333333333331, 35.333333333333336], [81.08333333333331, 35.41666666666667], [81.16666666666663, 35.41666666666667], [81.16666666666663, 35.333333333333336], [81.5, 35.333333333333336], [81.5, 35.25], [81.91666666666663, 35.25], [81.91666666666663, 35.333333333333336], [82.08333333333331, 35.333333333333336], [82.08333333333331, 35.5], [82.25, 35.5], [82.25, 35.583333333333336], [82.33333333333331, 35.583333333333336], [82.33333333333331, 35.66666666666667], [82.41666666666663, 35.66666666666667], [82.41666666666663, 35.75], [82.5, 35.75], [82.5, 35.66666666666667], [83.0, 35.66666666666667], [83.0, 35.5], [83.08333333333331, 35.5], [83.08333333333331, 35.41666666666667], [83.5, 35.41666666666667], [83.5, 35.333333333333336], [83.83333333333331, 35.333333333333336], [83.83333333333331, 35.41666666666667], [84.08333333333331, 35.41666666666667], [84.08333333333331, 35.333333333333336], [84.16666666666663, 35.333333333333336], [84.16666666666663, 35.41666666666667], [84.41666666666663, 35.41666666666667], [84.41666666666663, 35.5], [84.5, 35.5], [84.5, 35.583333333333336], [84.75, 35.583333333333336], [84.75, 35.66666666666667], [84.91666666666663, 35.66666666666667], [84.91666666666663, 35.75], [85.5, 35.75], [85.5, 35.66666666666667], [85.66666666666663, 35.66666666666667], [85.66666666666663, 35.75], [85.91666666666663, 35.75], [85.91666666666663, 35.833333333333336], [86.08333333333331, 35.833333333333336], [86.08333333333331, 36.0], [86.16666666666663, 36.0], [86.16666666666663, 36.16666666666667], [86.41666666666663, 36.16666666666667], [86.41666666666663, 36.25], [86.75, 36.25], [86.75, 36.333333333333336], [86.83333333333331, 36.333333333333336], [86.83333333333331, 36.25], [87.0, 36.25], [87.0, 36.333333333333336], [87.33333333333331, 36.333333333333336], [87.33333333333331, 36.41666666666667], [87.5, 36.41666666666667], [87.5, 36.333333333333336], [87.66666666666663, 36.333333333333336], [87.66666666666663, 36.41666666666667], [87.75, 36.41666666666667], [87.75, 36.333333333333336], [87.91666666666663, 36.333333333333336], [87.91666666666663, 36.41666666666667], [88.25, 36.41666666666667], [88.25, 36.5]]]]}, "properties": {"name": "Xizang", "name_en": "Xizang", "gdp_per_capita_2020": 11896.0, "iso3": "CHN"}}, {"type": "Feature", "geometry": {"type": "MultiPolygon", "coordinates": [[[[99.0, 29.25], [99.08333333333331, 29.25], [99.08333333333331, 29.0], [99.16666666666663, 29.0], [99.16666666666663, 28.91666666666667], [99.08333333333331, 28.91666666666667], [99.08333333333331, 28.75], [99.16666666666663, 28.75], [99.16666666666663, 28.333333333333336], [99.25, 28.333333333333336], [99.25, 28.25], [99.33333333333331, 28.25], [99.33333333333331, 28.16666666666667], [99.41666666666663, 28.16666666666667], [99.41666666666663, 28.583333333333336], [99.5, 28.583333333333336], [99.5, 28.66666666666667], [99.58333333333331, 28.66666666666667], [99.58333333333331, 28.75], [99.66666666666663, 28.75], [99.66666666666663, 28.833333333333336], [99.75, 28.833333333333336], [99.75, 28.66666666666667], [99.83333333333331, 28.66666666666667], [99.83333333333331, 28.583333333333336], [100.0, 28.583333333333336], [100.0, 28.41666666666667], [100.08333333333331, 28.41666666666667], [100.08333333333331, 28.333333333333336], [100.16666666666663, 28.333333333333336], [100.16666666666663, 28.16666666666667], [100.08333333333331, 28.16666666666667], [100.08333333333331, 28.0], [100.16666666666663, 28.0], [100.16666666666663, 27.91666666666667], [100.25, 27.91666666666667], [100.25, 27.833333333333336], [100.33333333333331, 27.833333333333336], [100.33333333333331, 27.75], [100.41666666666663, 27.75], [100.41666666666663, 27.833333333333336], [100.58333333333331, 27.833333333333336], [100.58333333333331, 27.91666666666667], [100.66666666666663, 27.91666666666667], [100.66666666666663, 27.833333333333336], [100.75, 27.833333333333336], [100.75, 27.66666666666667], [100.83333333333331, 27.66666666666667], [100.83333333333331, 27.583333333333336], [100.91666666666663, 27.583333333333336], [100.91666666666663, 27.41666666666667], [101.0, 27.41666666666667], [101.0, 27.25], [101.16666666666663, 27.25], [101.16666666666663, 27.0], [101.25, 27.0], [101.25, 26.91666666666667], [101.33333333333331, 26.91666666666667], [101.33333333333331, 26.833333333333336], [101.41666666666663, 26.833333333333336], [101.41666666666663, 26.75], [101.5, 26.75], [101.5, 26.66666666666667], [101.41666666666663, 26.66666666666667], [101.41666666666663, 26.5], [101.58333333333331, 26.5], [101.58333333333331, 26.41666666666667], [101.66666666666663, 26.41666666666667], [101.66666666666663, 26.333333333333336], [101.58333333333331, 26.333333333333336], [101.58333333333331, 26.25], [101.75, 26.25], [101.75, 26.16666666666667], [101.83333333333331, 26.16666666666667], [101.83333333333331, 26.083333333333336], [102.16666666666663, 26.083333333333336], [102.16666666666663, 26.16666666666667], [102.25, 26.16666666666667], [102.25, 26.25], [102.41666666666663, 26.25], [102.41666666666663, 26.333333333333336], [102.58333333333331, 26.333333333333336], [102.58333333333331, 26.25], [102.75, 26.25], [102.75, 26.333333333333336], [103.0, 26.333333333333336], [103.0, 26.833333333333336], [102.91666666666663, 26.833333333333336], [102.91666666666663, 27.41666666666667], [103.16666666666663, 27.41666666666667], [103.16666666666663, 27.583333333333336], [103.25, 27.583333333333336], [103.25, 27.66666666666667], [103.33333333333331, 27.66666666666667], [103.33333333333331, 27.75], [103.5, 27.75], [103.5, 28.0], [103.41666666666663, 28.0], [103.41666666666663, 28.083333333333336], [103.5, 28.083333333333336], [103.5, 28.16666666666667], [103.58333333333331, 28.16666666666667], [103.58333333333331, 28.25], [103.83333333333331, 28.25], [103.83333333333331, 28.66666666666667], [103.91666666666663, 28.66666666666667], [103.91666666666663, 28.583333333333336], [104.0, 28.583333333333336], [104.0, 28.66666666666667], [104.41666666666663, 28.66666666666667], [104.41666666666663, 28.583333333333336], [104.33333333333331, 28.583333333333336], [104.33333333333331, 28.5], [104.25, 28.5], [104.25, 28.333333333333336], [104.41666666666663, 28.333333333333336], [104.41666666666663, 28.083333333333336], [104.33333333333331, 28.083333333333336], [104.33333333333331, 28.0], [104.41666666666663, 28.0], [104.41666666666663, 27.91666666666667], [104.5, 27.91666666666667], [104.5, 27.833333333333336], [104.66666666666663, 27.833333333333336], [104.66666666666663, 27.91666666666667], [104.91666666666663, 27.91666666666667], [104.91666666666663, 28.0], [105.0, 28.0], [105.0, 28.083333333333336], [105.16666666666663, 28.083333333333336], [105.16666666666663, 28.0], [105.25, 28.0], [105.25, 27.75], [105.33333333333331, 27.75], [105.33333333333331, 27.583333333333336], [105.25, 27.583333333333336], [105.25, 27.41666666666667], [105.0, 27.41666666666667], [105.0, 27.333333333333336], [104.5, 27.333333333333336], [104.5, 27.41666666666667], [104.41666666666663, 27.41666666666667], [104.41666666666663, 27.5], [104.33333333333331, 27.5], [104.33333333333331, 27.41666666666667], [104.25, 27.41666666666667], [104.25, 27.25], [104.16666666666663, 27.25], [104.16666666666663, 27.333333333333336], [104.0, 27.333333333333336], [104.0, 27.41666666666667], [103.91666666666663, 27.41666666666667], [103.91666666666663, 27.333333333333336], [103.83333333333331, 27.333333333333336], [103.83333333333331, 27.25], [103.75, 27.25], [103.75, 27.16666666666667], [103.66666666666663, 27.16666666666667], [103.66666666666663, 27.0], [103.75, 27.0], [103.75, 26.583333333333336], [103.83333333333331, 26.583333333333336], [103.83333333333331, 26.5], [104.08333333333331, 26.5], [104.08333333333331, 26.66666666666667], [104.25, 26.66666666666667], [104.25, 26.583333333333336], [104.33333333333331, 26.583333333333336], [104.33333333333331, 26.66666666666667], [104.41666666666663, 26.66666666666667], [104.41666666666663, 26.583333333333336], [104.58333333333331, 26.583333333333336], [104.58333333333331, 26.5], [104.66666666666663, 26.5], [104.66666666666663, 26.333333333333336], [104.58333333333331, 26.333333333333336], [104.58333333333331, 26.25], [104.5, 26.25], [104.5, 26.0], [104.41666666666663, 26.0], [104.41666666666663, 25.75], [104.33333333333331, 25.75], [104.33333333333331, 25.583333333333343], [104.41666666666663, 25.583333333333343], [104.41666666666663, 25.5], [104.58333333333331, 25.5], [104.58333333333331, 25.333333333333343], [104.66666666666663, 25.333333333333343], [104.66666666666663, 25.25], [104.83333333333331, 25.25], [104.83333333333331, 25.16666666666667], [104.66666666666663, 25.16666666666667], [104.66666666666663, 24.91666666666667], [104.58333333333331, 24.91666666666667], [104.58333333333331, 24.833333333333343], [104.5, 24.833333333333343], [104.5, 24.5], [104.58333333333331, 24.5], [104.58333333333331, 24.41666666666667], [104.66666666666663, 24.41666666666667], [104.66666666666663, 24.333333333333343], [104.75, 24.333333333333343], [104.75, 24.41666666666667], [105.16666666666663, 24.41666666666667], [105.16666666666663, 24.25], [105.25, 24.25], [105.25, 24.16666666666667], [105.16666666666663, 24.16666666666667], [105.16666666666663, 24.083333333333343], [105.41666666666663, 24.083333333333343], [105.41666666666663, 24.0], [105.5, 24.0], [105.5, 24.083333333333343], [106.08333333333331, 24.083333333333343], [106.08333333333331, 23.91666666666667], [106.16666666666663, 23.91666666666667], [106.16666666666663, 23.583333333333343], [106.08333333333331, 23.583333333333343], [106.08333333333331, 23.5], [105.75, 23.5], [105.75, 23.41666666666667], [105.66666666666663, 23.41666666666667], [105.66666666666663, 23.333333333333343], [105.58333333333331, 23.333333333333343], [105.58333333333331, 23.25], [105.41666666666663, 23.25], [105.41666666666663, 23.333333333333343], [105.25, 23.333333333333343], [105.25, 23.25], [105.0, 23.25], [105.0, 23.16666666666667], [104.83333333333331, 23.16666666666667], [104.83333333333331, 22.91666666666667], [104.75, 22.91666666666667], [104.75, 22.833333333333343], [104.5, 22.833333333333343], [104.5, 22.75], [104.41666666666663, 22.75], [104.41666666666663, 22.66666666666667], [104.33333333333331, 22.66666666666667], [104.33333333333331, 22.75], [104.25, 22.75], [104.25, 22.833333333333343], [104.08333333333331, 22.833333333333343], [104.08333333333331, 22.66666666666667], [104.0, 22.66666666666667], [104.0, 22.5], [103.91666666666663, 22.5], [103.91666666666663, 22.583333333333343], [103.83333333333331, 22.583333333333343], [103.83333333333331, 22.66666666666667], [103.75, 22.66666666666667], [103.75, 22.75], [103.58333333333331, 22.75], [103.58333333333331, 22.583333333333343], [103.5, 22.583333333333343], [103.5, 22.66666666666667], [103.41666666666663, 22.66666666666667], [103.41666666666663, 22.75], [103.25, 22.75], [103.25, 22.66666666666667], [103.16666666666663, 22.66666666666667], [103.16666666666663, 22.5], [103.08333333333331, 22.5], [103.08333333333331, 22.41666666666667], [103.0, 22.41666666666667], [103.0, 22.5], [102.91666666666663, 22.5], [102.91666666666663, 22.583333333333343], [102.83333333333331, 22.583333333333343], [102.83333333333331, 22.66666666666667], [102.66666666666663, 22.66666666666667], [102.66666666666663, 22.75], [102.41666666666663, 22.75], [102.41666666666663, 22.583333333333343], [102.33333333333331, 22.583333333333343], [102.33333333333331, 22.5], [102.25, 22.5], [102.25, 22.41666666666667], [101.83333333333331, 22.41666666666667], [101.83333333333331, 22.5], [101.66666666666663, 22.5], [101.66666666666663, 22.333333333333343], [101.58333333333331, 22.333333333333343], [101.58333333333331, 22.0], [101.66666666666663, 22.0], [101.66666666666663, 21.91666666666667], [101.75, 21.91666666666667], [101.75, 21.66666666666667], [101.83333333333331, 21.66666666666667], [101.83333333333331, 21.583333333333343], [101.75, 21.583333333333343], [101.75, 21.25], [101.83333333333331, 21.25], [101.83333333333331, 21.16666666666667], [101.58333333333331, 21.16666666666667], [101.58333333333331, 21.25], [101.33333333333331, 21.25], [101.33333333333331, 21.16666666666667], [101.25, 21.16666666666667], [101.25, 21.41666666666667], [101.16666666666663, 21.41666666666667], [101.16666666666663, 21.75], [101.0, 21.75], [101.0, 21.66666666666667], [100.83333333333331, 21.66666666666667], [100.83333333333331, 21.583333333333343], [100.75, 21.583333333333343], [100.75, 21.5], [100.25, 21.5], [100.25, 21.41666666666667], [100.16666666666663, 21.41666666666667], [100.16666666666663, 21.66666666666667], [100.0, 21.66666666666667], [100.0, 22.0], [99.91666666666663, 22.0], [99.91666666666663, 22.083333333333343], [99.5, 22.083333333333343], [99.5, 22.16666666666667], [99.41666666666663, 22.16666666666667], [99.41666666666663, 22.083333333333343], [99.25, 22.083333333333343], [99.25, 22.16666666666667], [99.16666666666663, 22.16666666666667], [99.16666666666663, 22.25], [99.25, 22.25], [99.25, 22.41666666666667], [99.33333333333331, 22.41666666666667], [99.33333333333331, 22.5], [99.41666666666663, 22.5], [99.41666666666663, 22.583333333333343], [99.33333333333331, 22.583333333333343], [99.33333333333331, 22.75], [99.41666666666663, 22.75], [99.41666666666663, 22.91666666666667], [99.58333333333331, 22.91666666666667], [99.58333333333331, 23.0], [99.5, 23.0], [99.5, 23.083333333333343], [99.08333333333331, 23.083333333333343], [99.08333333333331, 23.16666666666667], [98.91666666666663, 23.16666666666667], [98.91666666666663, 23.5], [98.83333333333331, 23.5], [98.83333333333331, 23.75], [98.75, 23.75], [98.75, 23.833333333333343], [98.66666666666663, 23.833333333333343], [98.66666666666663, 23.91666666666667], [98.75, 23.91666666666667], [98.75, 24.0], [98.83333333333331, 24.0], [98.83333333333331, 24.16666666666667], [98.75, 24.16666666666667], [98.75, 24.083333333333343], [98.5, 24.083333333333343], [98.5, 24.16666666666667], [98.41666666666663, 24.16666666666667], [98.41666666666663, 24.083333333333343], [98.0, 24.083333333333343], [98.0, 24.0], [97.83333333333331, 24.0], [97.83333333333331, 23.91666666666667], [97.58333333333331, 23.91666666666667], [97.58333333333331, 24.0], [97.66666666666663, 24.0], [97.66666666666663, 24.083333333333343], [97.75, 24.083333333333343], [97.75, 24.333333333333343], [97.66666666666663, 24.333333333333343], [97.66666666666663, 24.41666666666667], [97.58333333333331, 24.41666666666667], [97.58333333333331, 24.75], [97.66666666666663, 24.75], [97.66666666666663, 24.833333333333343], [97.75, 24.833333333333343], [97.75, 25.16666666666667], [97.83333333333331, 25.16666666666667], [97.83333333333331, 25.25], [98.0, 25.25], [98.0, 25.333333333333343], [98.08333333333331, 25.333333333333343], [98.08333333333331, 25.41666666666667], [98.16666666666663, 25.41666666666667], [98.16666666666663, 25.583333333333343], [98.41666666666663, 25.583333333333343], [98.41666666666663, 25.75], [98.5, 25.75], [98.5, 25.833333333333343], [98.66666666666663, 25.833333333333343], [98.66666666666663, 26.0], [98.58333333333331, 26.0], [98.58333333333331, 26.16666666666667], [98.75, 26.16666666666667], [98.75, 26.25], [98.66666666666663, 26.25], [98.66666666666663, 26.333333333333336], [98.75, 26.333333333333336], [98.75, 27.16666666666667], [98.66666666666663, 27.16666666666667], [98.66666666666663, 27.25], [98.75, 27.25], [98.75, 27.41666666666667], [98.66666666666663, 27.41666666666667], [98.66666666666663, 27.583333333333336], [98.58333333333331, 27.583333333333336], [98.58333333333331, 27.66666666666667], [98.41666666666663, 27.66666666666667], [98.41666666666663, 27.583333333333336], [98.33333333333331, 27.583333333333336], [98.33333333333331, 27.66666666666667], [98.25, 27.66666666666667], [98.25, 27.833333333333336], [98.16666666666663, 27.833333333333336], [98.16666666666663, 28.25], [98.25, 28.25], [98.25, 28.333333333333336], [98.33333333333331, 28.333333333333336], [98.33333333333331, 28.25], [98.41666666666663, 28.25], [98.41666666666663, 28.16666666666667], [98.66666666666663, 28.16666666666667], [98.66666666666663, 28.25], [98.75, 28.25], [98.75, 28.41666666666667], [98.66666666666663, 28.41666666666667], [98.66666666666663, 28.583333333333336], [98.58333333333331, 28.583333333333336], [98.58333333333331, 28.66666666666667], [98.66666666666663, 28.66666666666667], [98.66666666666663, 29.0], [98.83333333333331, 29.0], [98.83333333333331, 28.833333333333336], [98.91666666666663, 28.833333333333336], [98.91666666666663, 29.0], [99.0, 29.0], [99.0, 29.25]]]]}, "properties": {"name": "云南省", "name_en": "Yunnan", "gdp_per_capita_2020": 11843.0, "iso3": "CHN"}}, {"type": "Feature", "geometry": {"type": "MultiPolygon", "coordinates": [[[[122.33333333333331, 30.66666666666667], [122.41666666666663, 30.66666666666667], [122.41666666666663, 30.5], [122.5, 30.5], [122.5, 30.41666666666667], [122.25, 30.41666666666667], [122.25, 30.5], [122.33333333333331, 30.5], [122.33333333333331, 30.66666666666667]]], [[[122.75, 30.16666666666667], [122.75, 30.083333333333336], [122.83333333333331, 30.083333333333336], [122.83333333333331, 30.16666666666667], [122.75, 30.16666666666667]]], [[[122.16666666666663, 29.5], [122.16666666666663, 29.41666666666667], [122.25, 29.41666666666667], [122.25, 29.5], [122.16666666666663, 29.5]]], [[[122.25, 28.91666666666667], [122.25, 28.833333333333336], [122.33333333333331, 28.833333333333336], [122.33333333333331, 28.91666666666667], [122.25, 28.91666666666667]]], [[[121.83333333333331, 28.583333333333336], [121.83333333333331, 28.333333333333336], [121.91666666666663, 28.333333333333336], [121.91666666666663, 28.583333333333336], [121.83333333333331, 28.583333333333336]]], [[[121.5, 28.16666666666667], [121.5, 28.083333333333336], [121.58333333333331, 28.083333333333336], [121.58333333333331, 28.16666666666667], [121.5, 28.16666666666667]]], [[[120.91666666666663, 27.66666666666667], [120.91666666666663, 27.583333333333336], [121.0, 27.583333333333336], [121.0, 27.66666666666667], [120.91666666666663, 27.66666666666667]]], [[[121.16666666666663, 27.66666666666667], [121.16666666666663, 27.583333333333336], [121.25, 27.583333333333336], [121.25, 27.66666666666667], [121.16666666666663, 27.66666666666667]]], [[[119.66666666666663, 31.16666666666667], [119.91666666666663, 31.16666666666667], [119.91666666666663, 31.083333333333336], [120.0, 31.083333333333336], [120.0, 31.0], [120.08333333333331, 31.0], [120.08333333333331, 30.91666666666667], [120.41666666666663, 30.91666666666667], [120.41666666666663, 30.833333333333336], [120.66666666666663, 30.833333333333336], [120.66666666666663, 30.91666666666667], [120.75, 30.91666666666667], [120.75, 31.0], [121.0, 31.0], [121.0, 30.833333333333336], [121.16666666666663, 30.833333333333336], [121.16666666666663, 30.75], [121.25, 30.75], [121.25, 30.583333333333336], [121.08333333333331, 30.583333333333336], [121.08333333333331, 30.5], [121.0, 30.5], [121.0, 30.41666666666667], [120.91666666666663, 30.41666666666667], [120.91666666666663, 30.333333333333336], [120.83333333333331, 30.333333333333336], [120.83333333333331, 30.25], [121.0, 30.25], [121.0, 30.333333333333336], [121.16666666666663, 30.333333333333336], [121.16666666666663, 30.41666666666667], [121.33333333333331, 30.41666666666667], [121.33333333333331, 30.333333333333336], [121.5, 30.333333333333336], [121.5, 30.25], [121.58333333333331, 30.25], [121.58333333333331, 30.16666666666667], [121.66666666666663, 30.16666666666667], [121.66666666666663, 30.0], [121.75, 30.0], [121.75, 30.083333333333336], [121.83333333333331, 30.083333333333336], [121.83333333333331, 30.16666666666667], [121.91666666666663, 30.16666666666667], [121.91666666666663, 30.41666666666667], [122.0, 30.41666666666667], [122.0, 30.25], [122.08333333333331, 30.25], [122.08333333333331, 30.333333333333336], [122.16666666666663, 30.333333333333336], [122.16666666666663, 30.41666666666667], [122.25, 30.41666666666667], [122.25, 30.333333333333336], [122.41666666666663, 30.333333333333336], [122.41666666666663, 30.25], [122.75, 30.25], [122.75, 30.16666666666667], [122.33333333333331, 30.16666666666667], [122.33333333333331, 30.083333333333336], [122.41666666666663, 30.083333333333336], [122.41666666666663, 30.0], [122.5, 30.0], [122.5, 29.833333333333336], [122.33333333333331, 29.833333333333336], [122.33333333333331, 29.66666666666667], [122.25, 29.66666666666667], [122.25, 29.583333333333336], [122.16666666666663, 29.583333333333336], [122.16666666666663, 29.66666666666667], [122.08333333333331, 29.66666666666667], [122.08333333333331, 29.583333333333336], [122.0, 29.583333333333336], [122.0, 29.41666666666667], [122.08333333333331, 29.41666666666667], [122.08333333333331, 29.333333333333336], [122.0, 29.333333333333336], [122.0, 29.25], [122.08333333333331, 29.25], [122.08333333333331, 29.16666666666667], [122.0, 29.16666666666667], [122.0, 29.0], [121.75, 29.0], [121.75, 28.91666666666667], [121.91666666666663, 28.91666666666667], [121.91666666666663, 28.66666666666667], [121.83333333333331, 28.66666666666667], [121.83333333333331, 28.583333333333336], [121.75, 28.583333333333336], [121.75, 28.75], [121.66666666666663, 28.75], [121.66666666666663, 28.66666666666667], [121.58333333333331, 28.66666666666667], [121.58333333333331, 28.583333333333336], [121.66666666666663, 28.583333333333336], [121.66666666666663, 28.41666666666667], [121.75, 28.41666666666667], [121.75, 28.333333333333336], [121.66666666666663, 28.333333333333336], [121.66666666666663, 28.25], [121.41666666666663, 28.25], [121.41666666666663, 28.0], [121.33333333333331, 28.0], [121.33333333333331, 28.083333333333336], [121.25, 28.083333333333336], [121.25, 27.833333333333336], [121.16666666666663, 27.833333333333336], [121.16666666666663, 27.75], [121.08333333333331, 27.75], [121.08333333333331, 27.833333333333336], [121.0, 27.833333333333336], [121.0, 27.91666666666667], [120.91666666666663, 27.91666666666667], [120.91666666666663, 27.833333333333336], [120.83333333333331, 27.833333333333336], [120.83333333333331, 27.66666666666667], [120.75, 27.66666666666667], [120.75, 27.583333333333336], [120.66666666666663, 27.583333333333336], [120.66666666666663, 27.5], [120.75, 27.5], [120.75, 27.41666666666667], [120.66666666666663, 27.41666666666667], [120.66666666666663, 27.333333333333336], [120.58333333333331, 27.333333333333336], [120.58333333333331, 27.083333333333336], [120.41666666666663, 27.083333333333336], [120.41666666666663, 27.333333333333336], [120.33333333333331, 27.333333333333336], [120.33333333333331, 27.41666666666667], [120.08333333333331, 27.41666666666667], [120.08333333333331, 27.333333333333336], [119.75, 27.333333333333336], [119.75, 27.41666666666667], [119.66666666666663, 27.41666666666667], [119.66666666666663, 27.66666666666667], [119.5, 27.66666666666667], [119.5, 27.583333333333336], [119.41666666666663, 27.583333333333336], [119.41666666666663, 27.5], [119.25, 27.5], [119.25, 27.41666666666667], [119.08333333333331, 27.41666666666667], [119.08333333333331, 27.5], [118.91666666666663, 27.5], [118.91666666666663, 27.66666666666667], [118.83333333333331, 27.66666666666667], [118.83333333333331, 27.91666666666667], [118.75, 27.91666666666667], [118.75, 28.25], [118.41666666666663, 28.25], [118.41666666666663, 28.75], [118.33333333333331, 28.75], [118.33333333333331, 28.833333333333336], [118.25, 28.833333333333336], [118.25, 28.91666666666667], [118.16666666666663, 28.91666666666667], [118.16666666666663, 29.0], [118.08333333333331, 29.0], [118.08333333333331, 29.083333333333336], [118.0, 29.083333333333336], [118.0, 29.16666666666667], [118.08333333333331, 29.16666666666667], [118.08333333333331, 29.25], [118.16666666666663, 29.25], [118.16666666666663, 29.41666666666667], [118.33333333333331, 29.41666666666667], [118.33333333333331, 29.5], [118.5, 29.5], [118.5, 29.583333333333336], [118.58333333333331, 29.583333333333336], [118.58333333333331, 29.66666666666667], [118.66666666666663, 29.66666666666667], [118.66666666666663, 29.75], [118.75, 29.75], [118.75, 29.833333333333336], [118.83333333333331, 29.833333333333336], [118.83333333333331, 30.0], [118.91666666666663, 30.0], [118.91666666666663, 30.333333333333336], [119.33333333333331, 30.333333333333336], [119.33333333333331, 30.5], [119.25, 30.5], [119.25, 30.583333333333336], [119.33333333333331, 30.583333333333336], [119.33333333333331, 30.66666666666667], [119.5, 30.66666666666667], [119.5, 30.833333333333336], [119.58333333333331, 30.833333333333336], [119.58333333333331, 31.0], [119.66666666666663, 31.0], [119.66666666666663, 31.16666666666667]], [[121.91666666666663, 29.75], [121.91666666666663, 29.66666666666667], [122.0, 29.66666666666667], [122.0, 29.75], [121.91666666666663, 29.75]], [[121.75, 28.833333333333336], [121.75, 28.75], [121.83333333333331, 28.75], [121.83333333333331, 28.833333333333336], [121.75, 28.833333333333336]], [[121.0, 28.083333333333336], [121.0, 28.0], [121.08333333333331, 28.0], [121.08333333333331, 28.083333333333336], [121.0, 28.083333333333336]]], [[[121.0, 27.5], [121.0, 27.41666666666667], [121.16666666666663, 27.41666666666667], [121.16666666666663, 27.5], [121.0, 27.5]]]]}, "properties": {"name": "浙江省", "name_en": "Zhejiang", "gdp_per_capita_2020": 22923.0, "iso3": "CHN"}}]}