{"type":"FeatureCollection","license":"ODbL-1.0","attribution":"© OpenStreetMap contributors","source":"https://overpass-api.de/api/interpreter","snapshot":"2026-09-09T09:11:35Z","bounds":{"lujiazui":[31.23,121.49,31.244,121.512],"central":[31.225,121.465,31.235,121.48],"songjiang":[31.023,121.218,31.036,121.235]},"features":[{"type":"Feature","id":10628441,"properties":{"osm_id":10628441,"name":"瑞安广场","height_m":0,"height_basis":"unknown","height_tag":null,"levels_tag":null,"building":"yes","source_url":"https://www.openstreetmap.org/way/10628441"},"geometry":{"type":"Polygon","coordinates":[[[121.4689006,31.224673],[121.4696705,31.2249465],[121.4698445,31.2250083],[121.4701945,31.2242879],[121.4692505,31.2239526],[121.4691223,31.2242166],[121.4689006,31.224673]]]}},{"type":"Feature","id":10639412,"properties":{"osm_id":10639412,"name":"东昌路","height_m":0,"height_basis":"unknown","height_tag":null,"levels_tag":null,"building":"yes","source_url":"https://www.openstreetmap.org/way/10639412"},"geometry":{"type":"Polygon","coordinates":[[[121.4988838,31.2322589],[121.4989755,31.2321833],[121.4991517,31.232038],[121.4992153,31.2319856],[121.4991275,31.2319077],[121.4990807,31.2319463],[121.4988646,31.2321245],[121.498796,31.232181],[121.4988838,31.2322589]]]}},{"type":"Feature","id":10691100,"properties":{"osm_id":10691100,"name":"上海环球金融中心","height_m":492.0,"height_basis":"osm_height","height_tag":"492","levels_tag":"101","building":"skyscraper","source_url":"https://www.openstreetmap.org/way/10691100"},"geometry":{"type":"Polygon","coordinates":[[[121.502698,31.2368214],[121.5028363,31.2368319],[121.5030457,31.2368477],[121.5032097,31.2368601],[121.5033275,31.236869],[121.503338,31.2367679],[121.5033524,31.2366289],[121.5033831,31.2363323],[121.503035,31.2363059],[121.5028799,31.2362942],[121.5028721,31.2362936],[121.5027536,31.2362846],[121.5027432,31.236385],[121.5027287,31.2365247],[121.502698,31.2368214]]]}},{"type":"Feature","id":39763758,"properties":{"osm_id":39763758,"name":"上海大剧院","height_m":0,"height_basis":"unknown","height_tag":null,"levels_tag":null,"building":"yes","source_url":"https://www.openstreetmap.org/way/39763758"},"geometry":{"type":"Polygon","coordinates":[[[121.4666053,31.2315855],[121.4668235,31.2313325],[121.4671613,31.2309408],[121.4672319,31.2308589],[121.4674636,31.2310057],[121.4675237,31.2309323],[121.46791,31.2311966],[121.4678413,31.2312846],[121.4680197,31.2314028],[121.467395,31.2320993],[121.4666053,31.2315855]]]}},{"type":"Feature","id":39763847,"properties":{"osm_id":39763847,"name":"上海城市规划展示馆","height_m":0,"height_basis":"unknown","height_tag":null,"levels_tag":null,"building":"yes","source_url":"https://www.openstreetmap.org/way/39763847"},"geometry":{"type":"Polygon","coordinates":[[[121.4704501,31.2334283],[121.4708255,31.2330004],[121.4713135,31.2333135],[121.4709588,31.2337177],[121.4709381,31.2337414],[121.4704501,31.2334283]]]}},{"type":"Feature","id":39764333,"properties":{"osm_id":39764333,"name":"ROOF 325","height_m":0,"height_basis":"unknown","height_tag":null,"levels_tag":null,"building":"yes","source_url":"https://www.openstreetmap.org/way/39764333"},"geometry":{"type":"Polygon","coordinates":[[[121.4663541,31.2330391],[121.4665511,31.232179],[121.4668876,31.2322269],[121.4667261,31.2329317],[121.4666158,31.2329191],[121.4665979,31.2329771],[121.4665152,31.2329672],[121.4664992,31.2330652],[121.4663541,31.2330391]]]}},{"type":"Feature","id":39764614,"properties":{"osm_id":39764614,"name":"","height_m":0,"height_basis":"unknown","height_tag":null,"levels_tag":null,"building":"yes","source_url":"https://www.openstreetmap.org/way/39764614"},"geometry":{"type":"Polygon","coordinates":[[[121.469823,31.2331997],[121.4702226,31.2327239],[121.4706403,31.2329804],[121.4702408,31.2334562],[121.469823,31.2331997]]]}},{"type":"Feature","id":40324703,"properties":{"osm_id":40324703,"name":"上海当代艺术馆","height_m":6.0,"height_basis":"levels_estimate","height_tag":null,"levels_tag":"2","building":"yes","source_url":"https://www.openstreetmap.org/way/40324703"},"geometry":{"type":"Polygon","coordinates":[[[121.4681895,31.2330286],[121.468379,31.2331478],[121.4683318,31.2332027],[121.4684152,31.2332552],[121.4684742,31.2333195],[121.4684903,31.2334066],[121.4684527,31.2335121],[121.4683756,31.2336017],[121.4679349,31.2333245],[121.4681895,31.2330286]]]}},{"type":"Feature","id":40778038,"properties":{"osm_id":40778038,"name":"东方明珠电视塔","height_m":0,"height_basis":"unknown","height_tag":null,"levels_tag":null,"building":"yes","source_url":"https://www.openstreetmap.org/way/40778038"},"geometry":{"type":"Polygon","coordinates":[[[121.4946531,31.2418262],[121.4946565,31.2418348],[121.494663,31.2418419],[121.4946719,31.2418469],[121.4946863,31.2418497],[121.4947017,31.2418498],[121.4947114,31.2418462],[121.4947134,31.2418446],[121.4947175,31.2418491],[121.4947264,31.2418541],[121.4947408,31.2418569],[121.4947562,31.241857],[121.4947659,31.2418534],[121.4947684,31.2418514],[121.4947725,31.241856],[121.4947813,31.241861],[121.4947958,31.2418638],[121.4948111,31.2418639],[121.4948208,31.2418602],[121.4948235,31.2418581],[121.4948275,31.2418626],[121.4948363,31.2418676],[121.4948508,31.2418704],[121.4948661,31.2418705],[121.4948758,31.2418668],[121.4948787,31.2418645],[121.4948831,31.2418694],[121.494892,31.2418743],[121.4949064,31.2418772],[121.4949218,31.2418772],[121.4949315,31.2418736],[121.4949341,31.2418716],[121.4949386,31.2418766],[121.4949474,31.2418815],[121.4949619,31.2418844],[121.4949772,31.2418844],[121.494987,31.2418808],[121.4949891,31.2418792],[121.4949931,31.2418836],[121.4950019,31.2418885],[121.4950042,31.241889],[121.4950044,31.2418902],[121.4950149,31.2419571],[121.4950527,31.2420217],[121.495113,31.2420724],[121.4951894,31.2421035],[121.4952734,31.2421119],[121.4953253,31.2421022],[121.4953256,31.2421021],[121.4953292,31.2421075],[121.4953378,31.2421128],[121.4953416,31.2421138],[121.495339,31.2421194],[121.4953385,31.2421285],[121.4953429,31.2421406],[121.4953507,31.2421519],[121.4953593,31.2421572],[121.4953626,31.2421581],[121.4953599,31.2421639],[121.4953594,31.242173],[121.4953638,31.2421851],[121.4953716,31.2421964],[121.4953802,31.2422017],[121.4953829,31.2422024],[121.4953805,31.2422076],[121.49538,31.2422167],[121.4953844,31.2422287],[121.4953922,31.2422401],[121.4954008,31.2422454],[121.4954039,31.2422462],[121.4954014,31.2422515],[121.4954009,31.2422605],[121.4954053,31.2422726],[121.4954131,31.242284],[121.4954217,31.2422893],[121.4954249,31.2422901],[121.4954224,31.2422956],[121.4954219,31.2423046],[121.4954264,31.2423167],[121.4954341,31.2423281],[121.4954427,31.2423334],[121.4954457,31.2423342],[121.4954432,31.2423395],[121.4954427,31.2423486],[121.4954471,31.2423606],[121.4954549,31.242372],[121.4954635,31.2423773],[121.4954736,31.2423799],[121.4954842,31.2423796],[121.4954941,31.2423764],[121.4955022,31.2423706],[121.4955077,31.2423628],[121.4955099,31.242354],[121.4955087,31.242345],[121.4955024,31.2423329],[121.4954935,31.2423231],[121.4954862,31.2423199],[121.4954869,31.2423189],[121.4954892,31.2423101],[121.4954879,31.2423011],[121.4954817,31.242289],[121.4954727,31.2422791],[121.4954651,31.2422759],[121.4954659,31.2422748],[121.4954681,31.2422659],[121.4954669,31.2422569],[121.4954606,31.2422448],[121.4954517,31.242235],[121.4954443,31.2422319],[121.495445,31.2422309],[121.4954472,31.2422221],[121.495446,31.2422131],[121.4954397,31.242201],[121.4954308,31.2421911],[121.4954237,31.2421881],[121.4954244,31.2421872],[121.4954266,31.2421784],[121.4954254,31.2421694],[121.4954191,31.2421573],[121.4954102,31.2421475],[121.4954025,31.2421442],[121.4954035,31.2421427],[121.4954057,31.2421339],[121.4954045,31.2421249],[121.4953982,31.2421128],[121.4953893,31.242103],[121.4953812,31.2420995],[121.495382,31.2420983],[121.4953843,31.2420895],[121.4953833,31.2420822],[121.4953864,31.2420806],[121.4954283,31.2420588],[121.4954823,31.2420033],[121.4955124,31.2419356],[121.4955151,31.2418633],[121.4954902,31.2417942],[121.4954529,31.2417503],[121.4954525,31.2417498],[121.4954579,31.2417404],[121.495458,31.2417337],[121.4954592,31.2417338],[121.4954695,31.2417317],[121.4954784,31.2417268],[121.4954885,31.2417167],[121.4954949,31.2417056],[121.495495,31.2416982],[121.4954969,31.2416983],[121.4955072,31.2416962],[121.4955162,31.2416913],[121.4955262,31.2416812],[121.4955327,31.2416701],[121.4955328,31.2416624],[121.4955344,31.2416625],[121.4955447,31.2416603],[121.4955536,31.2416555],[121.4955636,31.2416454],[121.4955701,31.2416342],[121.4955702,31.2416269],[121.4955713,31.241627],[121.4955816,31.2416249],[121.4955905,31.24162],[121.4956006,31.2416099],[121.495607,31.2415988],[121.4956071,31.2415916],[121.4956085,31.2415917],[121.4956188,31.2415896],[121.4956277,31.2415847],[121.4956377,31.2415746],[121.4956442,31.2415635],[121.4956443,31.2415568],[121.4956457,31.2415569],[121.495656,31.2415548],[121.4956649,31.2415499],[121.4956749,31.2415398],[121.4956814,31.2415287],[121.4956815,31.2415196],[121.4956782,31.241511],[121.4956718,31.2415038],[121.4956629,31.2414988],[121.4956527,31.2414965],[121.4956421,31.2414971],[121.4956324,31.2415007],[121.4956216,31.2415094],[121.4956131,31.2415203],[121.4956112,31.2415292],[121.4956116,31.2415315],[121.4956049,31.2415319],[121.4955952,31.2415355],[121.4955844,31.2415441],[121.4955758,31.2415551],[121.495574,31.241564],[121.4955745,31.2415668],[121.4955678,31.2415672],[121.495558,31.2415708],[121.4955472,31.2415794],[121.4955387,31.2415904],[121.4955368,31.2415993],[121.4955373,31.2416023],[121.4955308,31.2416027],[121.4955211,31.2416062],[121.4955103,31.2416149],[121.4955018,31.2416258],[121.4954999,31.2416347],[121.4955005,31.2416381],[121.4954934,31.2416385],[121.4954837,31.2416421],[121.4954729,31.2416508],[121.4954643,31.2416617],[121.4954625,31.2416706],[121.495463,31.2416736],[121.4954556,31.241674],[121.4954459,31.2416776],[121.4954351,31.2416862],[121.4954266,31.2416972],[121.4954247,31.2417061],[121.4954251,31.2417085],[121.4954186,31.2417089],[121.4954089,31.2417124],[121.4954058,31.2417149],[121.4954049,31.2417144],[121.4953712,31.2416942],[121.4952899,31.2416743],[121.4952054,31.2416779],[121.4951269,31.2417047],[121.4950629,31.241752],[121.4950202,31.2418145],[121.4950152,31.2418359],[121.495015,31.2418367],[121.495002,31.2418381],[121.4949954,31.2418418],[121.4949948,31.2418409],[121.494987,31.2418347],[121.4949773,31.2418311],[121.494962,31.2418295],[121.4949475,31.2418311],[121.4949403,31.2418352],[121.4949394,31.2418337],[121.4949316,31.2418276],[121.4949219,31.2418239],[121.4949065,31.2418224],[121.4948921,31.2418239],[121.4948845,31.2418282],[121.4948837,31.2418269],[121.4948759,31.2418208],[121.4948662,31.2418171],[121.4948509,31.2418156],[121.4948364,31.2418172],[121.4948292,31.2418211],[121.4948287,31.2418203],[121.4948209,31.2418142],[121.4948112,31.2418105],[121.4947959,31.241809],[121.4947814,31.2418106],[121.4947744,31.2418145],[121.4947737,31.2418134],[121.4947659,31.2418073],[121.4947563,31.2418037],[121.4947409,31.2418021],[121.4947264,31.2418037],[121.4947199,31.2418073],[121.4947192,31.2418063],[121.4947115,31.2418001],[121.4947018,31.2417965],[121.4946864,31.2417949],[121.494672,31.2417965],[121.4946631,31.2418015],[121.4946566,31.2418086],[121.4946531,31.2418172],[121.4946531,31.2418262]]]}},{"type":"Feature","id":40778072,"properties":{"osm_id":40778072,"name":"上海国际会议中心","height_m":18.0,"height_basis":"levels_estimate","height_tag":null,"levels_tag":"6","building":"yes","source_url":"https://www.openstreetmap.org/way/40778072"},"geometry":{"type":"Polygon","coordinates":[[[121.4930859,31.2418856],[121.4930444,31.241866],[121.4929532,31.2420128],[121.4928455,31.2419053],[121.4928458,31.2419456],[121.4928378,31.2419853],[121.492821,31.2420249],[121.492796,31.2420612],[121.4927291,31.2421172],[121.4926743,31.2421419],[121.4926144,31.2421553],[121.4925209,31.2421526],[121.4924548,31.2421328],[121.4923969,31.2420992],[121.4923627,31.2420678],[121.4923192,31.2419969],[121.4923065,31.2419175],[121.4923139,31.2418724],[121.4923314,31.2418293],[121.4923549,31.2417944],[121.4922907,31.2417651],[121.4922145,31.2418754],[121.4919956,31.24171],[121.4918454,31.2415381],[121.4917489,31.2413661],[121.4917047,31.241196],[121.4916355,31.2411503],[121.4915956,31.2410936],[121.4915818,31.2410069],[121.4916025,31.2409431],[121.4916475,31.2408892],[121.4917111,31.2408518],[121.4917861,31.2408351],[121.4918632,31.2408414],[121.4919228,31.240864],[121.4920493,31.2409212],[121.493306,31.2415507],[121.4930859,31.2418856]]]}},{"type":"Feature","id":40778736,"properties":{"osm_id":40778736,"name":"港务大厦","height_m":18.0,"height_basis":"levels_estimate","height_tag":null,"levels_tag":"6","building":"yes","source_url":"https://www.openstreetmap.org/way/40778736"},"geometry":{"type":"Polygon","coordinates":[[[121.493158,31.2423995],[121.4934802,31.2421684],[121.4935169,31.2422058],[121.4935616,31.2421738],[121.4935965,31.2422094],[121.4936469,31.2422133],[121.494085,31.2422461],[121.4941255,31.242216],[121.4941655,31.2422555],[121.4942164,31.2422177],[121.4945005,31.2424979],[121.4944682,31.2425218],[121.494479,31.2425325],[121.4942939,31.2426697],[121.4940295,31.242409],[121.4936303,31.2423812],[121.4933299,31.2425967],[121.4931986,31.242463],[121.4932114,31.2424539],[121.493158,31.2423995]]]}},{"type":"Feature","id":40779113,"properties":{"osm_id":40779113,"name":"正大广场","height_m":0,"height_basis":"unknown","height_tag":null,"levels_tag":null,"building":"retail","source_url":"https://www.openstreetmap.org/way/40779113"},"geometry":{"type":"Polygon","coordinates":[[[121.4959591,31.2385327],[121.4959419,31.2393252],[121.4957365,31.2394485],[121.4955556,31.239557],[121.4950359,31.2393334],[121.4940839,31.238924],[121.4941807,31.2387712],[121.4941476,31.2387258],[121.4940848,31.2387605],[121.4939517,31.2387934],[121.4937915,31.2387754],[121.4936801,31.238754],[121.4935486,31.2386852],[121.4934923,31.2386141],[121.4934816,31.2385338],[121.4934923,31.2384834],[121.4935057,31.2384535],[121.4935526,31.2384522],[121.4935763,31.2383663],[121.4936114,31.2383083],[121.4936479,31.2382632],[121.4936237,31.2382494],[121.4938812,31.2378045],[121.4954733,31.2384915],[121.4959591,31.2385327]]]}},{"type":"Feature","id":48872469,"properties":{"osm_id":48872469,"name":"金陵大厦","height_m":0,"height_basis":"unknown","height_tag":null,"levels_tag":null,"building":"commercial","source_url":"https://www.openstreetmap.org/way/48872469"},"geometry":{"type":"Polygon","coordinates":[[[121.4685105,31.2266104],[121.4688009,31.2261867],[121.4689487,31.2261912],[121.4691173,31.2262324],[121.4691655,31.2262878],[121.4689755,31.2267466],[121.4688655,31.2267616],[121.4685105,31.2266104]]]}},{"type":"Feature","id":48872712,"properties":{"osm_id":48872712,"name":"香港广场北座","height_m":0,"height_basis":"unknown","height_tag":null,"levels_tag":null,"building":"commercial","source_url":"https://www.openstreetmap.org/way/48872712"},"geometry":{"type":"Polygon","coordinates":[[[121.4695946,31.2260487],[121.469954,31.2253205],[121.4701726,31.2254023],[121.4706288,31.2255729],[121.4703295,31.2262242],[121.4699134,31.2261346],[121.4695946,31.2260487]]]}},{"type":"Feature","id":50417968,"properties":{"osm_id":50417968,"name":"","height_m":0,"height_basis":"unknown","height_tag":null,"levels_tag":null,"building":"yes","source_url":"https://www.openstreetmap.org/way/50417968"},"geometry":{"type":"Polygon","coordinates":[[[121.4680744,31.2328525],[121.4682078,31.2326982],[121.468933,31.2331563],[121.4687997,31.2333106],[121.4680744,31.2328525]]]}},{"type":"Feature","id":65254415,"properties":{"osm_id":65254415,"name":"香港新世界大厦","height_m":242.0,"height_basis":"osm_height","height_tag":"242","levels_tag":"59","building":"tower","source_url":"https://www.openstreetmap.org/way/65254415"},"geometry":{"type":"Polygon","coordinates":[[[121.4687069,31.2255308],[121.4688421,31.2256213],[121.4689193,31.2256538],[121.4691067,31.2256798],[121.4692209,31.2254319],[121.4690766,31.2253493],[121.4689634,31.225315],[121.4688057,31.2252956],[121.4687069,31.2255308]]]}},{"type":"Feature","id":68576209,"properties":{"osm_id":68576209,"name":"力宝广场","height_m":0,"height_basis":"unknown","height_tag":null,"levels_tag":null,"building":"commercial","source_url":"https://www.openstreetmap.org/way/68576209"},"geometry":{"type":"Polygon","coordinates":[[[121.4706717,31.2263794],[121.4706306,31.2263027],[121.4708785,31.2257547],[121.470953,31.2257418],[121.4718031,31.2260799],[121.4718233,31.2261199],[121.4715386,31.2266955],[121.4714721,31.2267141],[121.4706717,31.2263794]]]}},{"type":"Feature","id":68576210,"properties":{"osm_id":68576210,"name":"淮海大厦","height_m":0,"height_basis":"unknown","height_tag":null,"levels_tag":null,"building":"commercial","source_url":"https://www.openstreetmap.org/way/68576210"},"geometry":{"type":"Polygon","coordinates":[[[121.4716804,31.2268268],[121.4716544,31.2267825],[121.4719679,31.2261857],[121.4720295,31.2261795],[121.4727278,31.2264627],[121.4727816,31.2265998],[121.472479,31.2271111],[121.4724233,31.227127],[121.4716804,31.2268268]]]}},{"type":"Feature","id":71308771,"properties":{"osm_id":71308771,"name":"上海长途电信局","height_m":0,"height_basis":"unknown","height_tag":null,"levels_tag":null,"building":"yes","source_url":"https://www.openstreetmap.org/way/71308771"},"geometry":{"type":"Polygon","coordinates":[[[121.4686028,31.2287737],[121.4687364,31.2285213],[121.4692237,31.2287098],[121.4690902,31.2289623],[121.4687041,31.2288129],[121.4686028,31.2287737]]]}},{"type":"Feature","id":107814141,"properties":{"osm_id":107814141,"name":"","height_m":0,"height_basis":"unknown","height_tag":null,"levels_tag":null,"building":"yes","source_url":"https://www.openstreetmap.org/way/107814141"},"geometry":{"type":"Polygon","coordinates":[[[121.2256458,31.0253354],[121.2257736,31.0253357],[121.2258543,31.0253359],[121.2258547,31.0251997],[121.2257709,31.0251995],[121.2256462,31.0251992],[121.2256458,31.0253354]]]}},{"type":"Feature","id":107814149,"properties":{"osm_id":107814149,"name":"","height_m":0,"height_basis":"unknown","height_tag":null,"levels_tag":null,"building":"yes","source_url":"https://www.openstreetmap.org/way/107814149"},"geometry":{"type":"Polygon","coordinates":[[[121.2257607,31.0258288],[121.2258144,31.0258287],[121.2259926,31.0258284],[121.2260786,31.0258282],[121.2260783,31.0257064],[121.2259923,31.0257066],[121.2258145,31.0257069],[121.2257604,31.025707],[121.2257607,31.0258288]]]}},{"type":"Feature","id":113520430,"properties":{"osm_id":113520430,"name":"21世纪大厦","height_m":210.0,"height_basis":"osm_height","height_tag":"210","levels_tag":"50","building":"yes","source_url":"https://www.openstreetmap.org/way/113520430"},"geometry":{"type":"Polygon","coordinates":[[[121.5056988,31.2364771],[121.5052721,31.2366032],[121.5051307,31.2362373],[121.5055602,31.236116],[121.5056988,31.2364771]]]}},{"type":"Feature","id":133465370,"properties":{"osm_id":133465370,"name":"上海音乐厅","height_m":0,"height_basis":"unknown","height_tag":null,"levels_tag":null,"building":"yes","source_url":"https://www.openstreetmap.org/way/133465370"},"geometry":{"type":"Polygon","coordinates":[[[121.4730031,31.2290016],[121.4733713,31.2285552],[121.4734786,31.2286171],[121.4735019,31.2285961],[121.4736695,31.2286958],[121.4736466,31.228717],[121.4737528,31.228785],[121.4736919,31.2288597],[121.4736532,31.228839],[121.4733583,31.2291728],[121.4732722,31.2292036],[121.47309,31.2291108],[121.4730788,31.2290874],[121.4729933,31.2290434],[121.4730231,31.2290122],[121.4730031,31.2290016]]]}},{"type":"Feature","id":133465399,"properties":{"osm_id":133465399,"name":"","height_m":0,"height_basis":"unknown","height_tag":null,"levels_tag":null,"building":"yes","source_url":"https://www.openstreetmap.org/way/133465399"},"geometry":{"type":"Polygon","coordinates":[[[121.4739898,31.229527],[121.4740876,31.2294045],[121.4741634,31.2294487],[121.4740655,31.2295712],[121.4739898,31.229527]]]}},{"type":"Feature","id":135635393,"properties":{"osm_id":135635393,"name":"太平金融大厦","height_m":238.0,"height_basis":"osm_height","height_tag":"238","levels_tag":"38","building":"office","source_url":"https://www.openstreetmap.org/way/135635393"},"geometry":{"type":"Polygon","coordinates":[[[121.4991479,31.2363421],[121.4992162,31.2359154],[121.4986888,31.2358538],[121.4986206,31.2362805],[121.4991479,31.2363421]]]}},{"type":"Feature","id":135840678,"properties":{"osm_id":135840678,"name":"中国保险大厦","height_m":196.0,"height_basis":"osm_height","height_tag":"196","levels_tag":null,"building":"commercial","source_url":"https://www.openstreetmap.org/way/135840678"},"geometry":{"type":"Polygon","coordinates":[[[121.5052153,31.2387739],[121.5052943,31.2386163],[121.5052579,31.2382694],[121.5051616,31.2381295],[121.5049792,31.2380724],[121.5048154,31.2381573],[121.5047719,31.238315],[121.5048064,31.238648],[121.5048918,31.2387778],[121.5050645,31.2388333],[121.5052153,31.2387739]]]}},{"type":"Feature","id":143670115,"properties":{"osm_id":143670115,"name":"286艺术空间","height_m":0,"height_basis":"unknown","height_tag":null,"levels_tag":null,"building":"yes","source_url":"https://www.openstreetmap.org/way/143670115"},"geometry":{"type":"Polygon","coordinates":[[[121.466468,31.2318686],[121.466291,31.2318089],[121.4658619,31.2327034],[121.4660075,31.2327548],[121.466468,31.2318686]]]}},{"type":"Feature","id":160074074,"properties":{"osm_id":160074074,"name":"","height_m":0,"height_basis":"unknown","height_tag":null,"levels_tag":null,"building":"yes","source_url":"https://www.openstreetmap.org/way/160074074"},"geometry":{"type":"Polygon","coordinates":[[[121.4930202,31.2371428],[121.4928981,31.2370442],[121.4930121,31.236941],[121.4931341,31.2370396],[121.4930202,31.2371428]]]}},{"type":"Feature","id":160074076,"properties":{"osm_id":160074076,"name":"","height_m":0,"height_basis":"unknown","height_tag":null,"levels_tag":null,"building":"yes","source_url":"https://www.openstreetmap.org/way/160074076"},"geometry":{"type":"Polygon","coordinates":[[[121.4942439,31.2360658],[121.4943475,31.2359848],[121.4942399,31.2358842],[121.4942142,31.2358602],[121.4940664,31.2359758],[121.4940897,31.2359976],[121.4941455,31.2360497],[121.4941898,31.2360151],[121.4942439,31.2360658]]]}},{"type":"Feature","id":160074079,"properties":{"osm_id":160074079,"name":"","height_m":0,"height_basis":"unknown","height_tag":null,"levels_tag":null,"building":"yes","source_url":"https://www.openstreetmap.org/way/160074079"},"geometry":{"type":"Polygon","coordinates":[[[121.4931374,31.2368492],[121.4932587,31.2369483],[121.4934927,31.236739],[121.4933714,31.2366399],[121.4931374,31.2368492]]]}},{"type":"Feature","id":160074088,"properties":{"osm_id":160074088,"name":"","height_m":0,"height_basis":"unknown","height_tag":null,"levels_tag":null,"building":"yes","source_url":"https://www.openstreetmap.org/way/160074088"},"geometry":{"type":"Polygon","coordinates":[[[121.4941306,31.2362819],[121.4939905,31.2361521],[121.4940602,31.2360972],[121.4940157,31.2360559],[121.4940897,31.2359976],[121.4941455,31.2360497],[121.4941898,31.2360151],[121.4942439,31.2360658],[121.4942888,31.2361061],[121.4943185,31.2361336],[121.4941306,31.2362819]]]}},{"type":"Feature","id":160165834,"properties":{"osm_id":160165834,"name":"","height_m":15.0,"height_basis":"levels_estimate","height_tag":null,"levels_tag":"5","building":"yes","source_url":"https://www.openstreetmap.org/way/160165834"},"geometry":{"type":"Polygon","coordinates":[[[121.49744,31.2407782],[121.4973702,31.2406821],[121.4973626,31.2406709],[121.4973091,31.2405921],[121.4975911,31.2404998],[121.498183,31.240306],[121.4983824,31.2402382],[121.4984778,31.2402058],[121.4985111,31.2402555],[121.4989353,31.2400893],[121.4989675,31.2401452],[121.4985502,31.2403135],[121.4982661,31.2404367],[121.4975655,31.2407263],[121.49744,31.2407782]]]}},{"type":"Feature","id":160965773,"properties":{"osm_id":160965773,"name":"","height_m":0,"height_basis":"unknown","height_tag":null,"levels_tag":null,"building":"yes","source_url":"https://www.openstreetmap.org/way/160965773"},"geometry":{"type":"Polygon","coordinates":[[[121.4698464,31.2337184],[121.4697423,31.2336477],[121.4698352,31.2335476],[121.4699393,31.2336183],[121.4698464,31.2337184]]]}},{"type":"Feature","id":160965774,"properties":{"osm_id":160965774,"name":"","height_m":0,"height_basis":"unknown","height_tag":null,"levels_tag":null,"building":"yes","source_url":"https://www.openstreetmap.org/way/160965774"},"geometry":{"type":"Polygon","coordinates":[[[121.4704698,31.2338642],[121.4702994,31.2337478],[121.4704205,31.2336182],[121.470734,31.2338322],[121.4706533,31.2339187],[121.4705101,31.233821],[121.4704698,31.2338642]]]}},{"type":"Feature","id":161090899,"properties":{"osm_id":161090899,"name":"上海博物馆","height_m":0,"height_basis":"unknown","height_tag":null,"levels_tag":null,"building":"yes","source_url":"https://www.openstreetmap.org/way/161090899"},"geometry":{"type":"Polygon","coordinates":[[[121.4706447,31.2295968],[121.4711411,31.2299126],[121.4712158,31.2299607],[121.4712905,31.2300089],[121.471752,31.2303065],[121.4715326,31.2305468],[121.4713228,31.2304116],[121.4710014,31.2307847],[121.4706605,31.2305674],[121.4703157,31.2303463],[121.4706453,31.229964],[121.4704398,31.2298316],[121.4706447,31.2295968]]]}},{"type":"Feature","id":164903482,"properties":{"osm_id":164903482,"name":"黄金置地大厦","height_m":135.0,"height_basis":"levels_estimate","height_tag":null,"levels_tag":"45","building":"yes","source_url":"https://www.openstreetmap.org/way/164903482"},"geometry":{"type":"Polygon","coordinates":[[[121.5007512,31.2424833],[121.5011159,31.2427307],[121.5014098,31.2424141],[121.501045,31.2421667],[121.5007512,31.2424833]]]}},{"type":"Feature","id":164905211,"properties":{"osm_id":164905211,"name":"星展银行大厦","height_m":90.0,"height_basis":"osm_height","height_tag":"90","levels_tag":"18","building":"yes","source_url":"https://www.openstreetmap.org/way/164905211"},"geometry":{"type":"Polygon","coordinates":[[[121.4985639,31.2442305],[121.4988993,31.2438704],[121.4990152,31.2439493],[121.4993027,31.2441451],[121.4989673,31.2445051],[121.4985639,31.2442305]]]}},{"type":"Feature","id":164957811,"properties":{"osm_id":164957811,"name":"中银大厦","height_m":18.0,"height_basis":"levels_estimate","height_tag":null,"levels_tag":"6","building":"commercial","source_url":"https://www.openstreetmap.org/way/164957811"},"geometry":{"type":"Polygon","coordinates":[[[121.4994175,31.2406569],[121.4987024,31.2409495],[121.4984127,31.2404319],[121.4991278,31.2401393],[121.4994175,31.2406569]]]}},{"type":"Feature","id":164968674,"properties":{"osm_id":164968674,"name":"汇丰银行大楼","height_m":249.9,"height_basis":"osm_height","height_tag":"249.9","levels_tag":"58","building":"yes","source_url":"https://www.openstreetmap.org/way/164968674"},"geometry":{"type":"Polygon","coordinates":[[[121.4969947,31.2383687],[121.4970617,31.2385174],[121.4970556,31.2386851],[121.4968659,31.2388111],[121.4966621,31.2388064],[121.4965816,31.2387192],[121.496595,31.238421],[121.496822,31.2383598],[121.4969947,31.2383687]]]}},{"type":"Feature","id":164970992,"properties":{"osm_id":164970992,"name":"震旦国际大楼","height_m":185.0,"height_basis":"osm_height","height_tag":"185","levels_tag":null,"building":"yes","source_url":"https://www.openstreetmap.org/way/164970992"},"geometry":{"type":"Polygon","coordinates":[[[121.4950827,31.2363137],[121.4950532,31.2363596],[121.4950264,31.2364146],[121.4950103,31.2364903],[121.4950156,31.2365637],[121.4950371,31.2366371],[121.4950728,31.2367057],[121.4951532,31.2367859],[121.4952255,31.2367293],[121.4953291,31.2367269],[121.4953357,31.2367855],[121.4954259,31.2367781],[121.495419,31.2367168],[121.4954765,31.2367121],[121.4954702,31.2366559],[121.4955296,31.236651],[121.4955132,31.2365044],[121.4955006,31.2363924],[121.4954458,31.2363969],[121.4954394,31.2363396],[121.4953804,31.2363444],[121.4953728,31.2362771],[121.4952609,31.2362863],[121.4952684,31.2363538],[121.4951894,31.2363603],[121.4950827,31.2363137]]]}},{"type":"Feature","id":164971470,"properties":{"osm_id":164971470,"name":"交银金融大厦","height_m":0,"height_basis":"unknown","height_tag":null,"levels_tag":null,"building":"yes","source_url":"https://www.openstreetmap.org/way/164971470"},"geometry":{"type":"Polygon","coordinates":[[[121.4988585,31.241368],[121.4988594,31.2414071],[121.4988771,31.2414482],[121.4989031,31.2414863],[121.4989484,31.2415182],[121.499003,31.2415406],[121.4990601,31.2415487],[121.4993221,31.2418005],[121.4998753,31.2411691],[121.4996667,31.2408347],[121.4996198,31.2407641],[121.4991088,31.24123],[121.4990487,31.2412181],[121.4989838,31.2412247],[121.4989363,31.2412487],[121.4989008,31.241283],[121.4988749,31.2413214],[121.4988585,31.241368]]]}},{"type":"Feature","id":164972435,"properties":{"osm_id":164972435,"name":"上海信息大楼","height_m":123.0,"height_basis":"levels_estimate","height_tag":null,"levels_tag":"41","building":"commercial","source_url":"https://www.openstreetmap.org/way/164972435"},"geometry":{"type":"Polygon","coordinates":[[[121.5064875,31.237305],[121.5058148,31.2375258],[121.5058467,31.2375968],[121.5059286,31.2377792],[121.5066013,31.2375584],[121.5066352,31.2375454],[121.5066487,31.2375225],[121.506654,31.2374858],[121.5065521,31.2372817],[121.5064875,31.237305]]]}},{"type":"Feature","id":164972436,"properties":{"osm_id":164972436,"name":"招商局大厦","height_m":168.0,"height_basis":"osm_height","height_tag":"168","levels_tag":"38","building":"commercial","source_url":"https://www.openstreetmap.org/way/164972436"},"geometry":{"type":"Polygon","coordinates":[[[121.5047062,31.2398128],[121.5048983,31.2395074],[121.5044737,31.2393122],[121.5042817,31.2396177],[121.5047062,31.2398128]]]}},{"type":"Feature","id":164972442,"properties":{"osm_id":164972442,"name":"中国船舶大厦","height_m":90.0,"height_basis":"levels_estimate","height_tag":null,"levels_tag":"30","building":"commercial","source_url":"https://www.openstreetmap.org/way/164972442"},"geometry":{"type":"Polygon","coordinates":[[[121.5067488,31.2405585],[121.5063861,31.2407292],[121.5063231,31.2408989],[121.5065084,31.2409492],[121.506903,31.2407865],[121.506966,31.2406176],[121.5067488,31.2405585]]]}},{"type":"Feature","id":165166855,"properties":{"osm_id":165166855,"name":"","height_m":60.0,"height_basis":"levels_estimate","height_tag":null,"levels_tag":"20","building":"yes","source_url":"https://www.openstreetmap.org/way/165166855"},"geometry":{"type":"Polygon","coordinates":[[[121.4918927,31.2390705],[121.4920849,31.239223],[121.4920735,31.2392335],[121.4921106,31.239263],[121.4919256,31.2394336],[121.4918881,31.2394038],[121.4917941,31.2394905],[121.4916182,31.239351],[121.4916903,31.2392846],[121.491644,31.2392479],[121.4918314,31.2390752],[121.4918616,31.2390991],[121.4918927,31.2390705]]]}},{"type":"Feature","id":165166856,"properties":{"osm_id":165166856,"name":"万向大厦","height_m":0,"height_basis":"unknown","height_tag":null,"levels_tag":null,"building":"yes","source_url":"https://www.openstreetmap.org/way/165166856"},"geometry":{"type":"Polygon","coordinates":[[[121.4930584,31.2395443],[121.4932516,31.2396251],[121.493191,31.2397311],[121.4935568,31.239884],[121.4937208,31.2395972],[121.4936058,31.2395491],[121.4937114,31.2393645],[121.4932674,31.2391789],[121.4930584,31.2395443]]]}},{"type":"Feature","id":165166858,"properties":{"osm_id":165166858,"name":"浦江桥隧运营管理有限公司延东分公司","height_m":36.0,"height_basis":"levels_estimate","height_tag":null,"levels_tag":"12","building":"yes","source_url":"https://www.openstreetmap.org/way/165166858"},"geometry":{"type":"Polygon","coordinates":[[[121.4923597,31.239107],[121.4924457,31.2389653],[121.4927543,31.2391023],[121.4926994,31.2391928],[121.4924592,31.2390862],[121.4924282,31.2391373],[121.4923597,31.239107]]]}},{"type":"Feature","id":165166866,"properties":{"osm_id":165166866,"name":"","height_m":0,"height_basis":"unknown","height_tag":null,"levels_tag":null,"building":"yes","source_url":"https://www.openstreetmap.org/way/165166866"},"geometry":{"type":"Polygon","coordinates":[[[121.4943286,31.243171],[121.4945168,31.2433569],[121.4946522,31.2432568],[121.4945661,31.2431717],[121.494516,31.2432088],[121.494414,31.2431079],[121.4943286,31.243171]]]}},{"type":"Feature","id":165166867,"properties":{"osm_id":165166867,"name":"","height_m":0,"height_basis":"unknown","height_tag":null,"levels_tag":null,"building":"yes","source_url":"https://www.openstreetmap.org/way/165166867"},"geometry":{"type":"Polygon","coordinates":[[[121.4951296,31.2436257],[121.4952269,31.2434779],[121.4952947,31.2435105],[121.4953051,31.2434946],[121.4954264,31.2435531],[121.4954165,31.2435682],[121.495472,31.2435949],[121.4953742,31.2437434],[121.4951296,31.2436257]]]}},{"type":"Feature","id":165166871,"properties":{"osm_id":165166871,"name":"","height_m":36.0,"height_basis":"levels_estimate","height_tag":null,"levels_tag":"12","building":"yes","source_url":"https://www.openstreetmap.org/way/165166871"},"geometry":{"type":"Polygon","coordinates":[[[121.4918973,31.2389474],[121.4920013,31.2387755],[121.4923635,31.2389358],[121.4922737,31.2390841],[121.4922116,31.2390566],[121.4921973,31.2390801],[121.4918973,31.2389474]]]}},{"type":"Feature","id":165166877,"properties":{"osm_id":165166877,"name":"","height_m":18.0,"height_basis":"levels_estimate","height_tag":null,"levels_tag":"6","building":"yes","source_url":"https://www.openstreetmap.org/way/165166877"},"geometry":{"type":"Polygon","coordinates":[[[121.4971564,31.2375406],[121.4971277,31.2374455],[121.4972033,31.2374288],[121.4971557,31.2372713],[121.4974557,31.237205],[121.4975036,31.2373638],[121.4976033,31.2373418],[121.4976317,31.2374357],[121.4971564,31.2375406]]]}},{"type":"Feature","id":165166878,"properties":{"osm_id":165166878,"name":"上海国金汇","height_m":69.0,"height_basis":"osm_height","height_tag":"69","levels_tag":"25","building":"yes","source_url":"https://www.openstreetmap.org/way/165166878"},"geometry":{"type":"Polygon","coordinates":[[[121.4980986,31.2377114],[121.4985748,31.2374581],[121.498834,31.2371462],[121.4988979,31.2370693],[121.498737,31.2369775],[121.4984822,31.237317],[121.498399,31.2373835],[121.4980155,31.2375876],[121.4980986,31.2377114]]]}},{"type":"Feature","id":165166879,"properties":{"osm_id":165166879,"name":"浦东海关大楼","height_m":0,"height_basis":"unknown","height_tag":null,"levels_tag":null,"building":"yes","source_url":"https://www.openstreetmap.org/way/165166879"},"geometry":{"type":"Polygon","coordinates":[[[121.4945975,31.2401931],[121.4947933,31.2398708],[121.4947209,31.2398158],[121.4946592,31.2398158],[121.4945827,31.2398491],[121.4945197,31.2399052],[121.4945051,31.2399262],[121.4944605,31.2399078],[121.4944364,31.2398592],[121.4943856,31.2398238],[121.4943159,31.239794],[121.4942514,31.2397765],[121.4941836,31.2397898],[121.4941456,31.2397747],[121.494159,31.2397539],[121.4942019,31.2396438],[121.4941871,31.2395784],[121.4941509,31.2395119],[121.494057,31.2394707],[121.49377,31.2399351],[121.4939859,31.2400233],[121.4940541,31.2399192],[121.4940954,31.2399356],[121.4941292,31.2399912],[121.4941978,31.2400291],[121.4942875,31.2400621],[121.4943284,31.2400641],[121.4943762,31.2400547],[121.4944163,31.2400715],[121.4943735,31.240146],[121.4944848,31.2402011],[121.4945157,31.2401541],[121.4945975,31.2401931]]]}},{"type":"Feature","id":165168178,"properties":{"osm_id":165168178,"name":"","height_m":0,"height_basis":"unknown","height_tag":null,"levels_tag":null,"building":"yes","source_url":"https://www.openstreetmap.org/way/165168178"},"geometry":{"type":"Polygon","coordinates":[[[121.5027425,31.240407],[121.5027688,31.2403464],[121.5030753,31.2404437],[121.5030489,31.2405047],[121.5029056,31.2404593],[121.502885,31.2405067],[121.5027585,31.2404665],[121.5027793,31.2404187],[121.5027425,31.240407]]]}},{"type":"Feature","id":165168179,"properties":{"osm_id":165168179,"name":"","height_m":0,"height_basis":"unknown","height_tag":null,"levels_tag":null,"building":"yes","source_url":"https://www.openstreetmap.org/way/165168179"},"geometry":{"type":"Polygon","coordinates":[[[121.5028276,31.2401868],[121.5029476,31.2399024],[121.5031352,31.2399603],[121.5030152,31.2402447],[121.5028276,31.2401868]]]}},{"type":"Feature","id":165168180,"properties":{"osm_id":165168180,"name":"陈桂春住宅","height_m":0,"height_basis":"unknown","height_tag":null,"levels_tag":null,"building":"yes","source_url":"https://www.openstreetmap.org/way/165168180"},"geometry":{"type":"Polygon","coordinates":[[[121.5023277,31.2389948],[121.5024418,31.23862],[121.502709,31.2386795],[121.5025949,31.2390543],[121.5023277,31.2389948]]]}},{"type":"Feature","id":165168430,"properties":{"osm_id":165168430,"name":"","height_m":0,"height_basis":"unknown","height_tag":null,"levels_tag":null,"building":"yes","source_url":"https://www.openstreetmap.org/way/165168430"},"geometry":{"type":"Polygon","coordinates":[[[121.4962321,31.2437009],[121.4964492,31.2438486],[121.4963142,31.2439937],[121.4960971,31.2438459],[121.4962321,31.2437009]]]}},{"type":"Feature","id":165168434,"properties":{"osm_id":165168434,"name":"","height_m":9.0,"height_basis":"levels_estimate","height_tag":null,"levels_tag":"3","building":"yes","source_url":"https://www.openstreetmap.org/way/165168434"},"geometry":{"type":"Polygon","coordinates":[[[121.4970271,31.2420732],[121.496954,31.2420125],[121.4967455,31.2418393],[121.496732,31.241704],[121.4967589,31.2416375],[121.4966999,31.2415618],[121.496606,31.241571],[121.496555,31.2416444],[121.4966167,31.2417099],[121.4966221,31.2418921],[121.4969359,31.2421397],[121.4969359,31.2421685],[121.4970003,31.2422213],[121.4971022,31.2421994],[121.4970968,31.2421214],[121.4970271,31.2420732]]]}},{"type":"Feature","id":165168438,"properties":{"osm_id":165168438,"name":"","height_m":9.0,"height_basis":"levels_estimate","height_tag":null,"levels_tag":"3","building":"tent","source_url":"https://www.openstreetmap.org/way/165168438"},"geometry":{"type":"Polygon","coordinates":[[[121.4916488,31.2421181],[121.4916639,31.2421883],[121.4916993,31.2422586],[121.4917374,31.2423026],[121.4921364,31.2426279],[121.4921898,31.2426509],[121.4922438,31.2426551],[121.4922961,31.2426408],[121.4924697,31.242484],[121.4918055,31.2419801],[121.4916488,31.2421181]]]}},{"type":"Feature","id":165591946,"properties":{"osm_id":165591946,"name":"","height_m":15.0,"height_basis":"levels_estimate","height_tag":null,"levels_tag":"5","building":"office","source_url":"https://www.openstreetmap.org/way/165591946"},"geometry":{"type":"Polygon","coordinates":[[[121.5029527,31.237245],[121.5030491,31.2372181],[121.5032711,31.2371539],[121.5033511,31.2371308],[121.5033755,31.2371237],[121.5033977,31.2371173],[121.5034991,31.2370882],[121.5035547,31.2370723],[121.5037075,31.2370284],[121.5038222,31.2369955],[121.5038276,31.2368762],[121.5038727,31.2368781],[121.5038727,31.2368276],[121.5037654,31.236823],[121.5038115,31.2358763],[121.5039054,31.235764],[121.503929,31.2357612],[121.5039295,31.2356653],[121.5038888,31.2356626],[121.5037681,31.2356282],[121.5037439,31.235697],[121.5035481,31.2356649],[121.50298,31.235514],[121.5029607,31.2354608],[121.50298,31.2354176],[121.5027783,31.2353644],[121.502752,31.2353832],[121.5028642,31.2354149],[121.5029232,31.2356396],[121.5028486,31.2356241],[121.5029098,31.2358919],[121.5029017,31.2360502],[121.5028799,31.2362942],[121.5033831,31.2363323],[121.5033275,31.236869],[121.5028363,31.2368319],[121.5028266,31.2369492],[121.5025911,31.2372501],[121.5026179,31.2372822],[121.5028829,31.2369836],[121.502958,31.2370157],[121.5029296,31.2371077],[121.5029076,31.237179],[121.5029527,31.237245]]]}},{"type":"Feature","id":165792123,"properties":{"osm_id":165792123,"name":"上海中心大厦","height_m":632.0,"height_basis":"osm_height","height_tag":"632","levels_tag":"128","building":"commercial","source_url":"https://www.openstreetmap.org/way/165792123"},"geometry":{"type":"Polygon","coordinates":[[[121.5007275,31.2354993],[121.500802,31.2353455],[121.5008603,31.2353423],[121.500846,31.2352592],[121.5009721,31.2352198],[121.5011784,31.2351852],[121.5014155,31.2352002],[121.5016027,31.2352433],[121.5017446,31.2353027],[121.5017848,31.2353453],[121.501806,31.2353988],[121.5017866,31.235488],[121.5016592,31.2356876],[121.5016429,31.2357131],[121.5015721,31.2358244],[121.5014693,31.2359357],[121.5013968,31.2360115],[121.5013308,31.2360492],[121.5012621,31.2360316],[121.5012357,31.2360155],[121.5011838,31.2359839],[121.5010465,31.2358859],[121.5008867,31.235739],[121.5007789,31.2356022],[121.5007275,31.2354993]]]}},{"type":"Feature","id":165824718,"properties":{"osm_id":165824718,"name":"","height_m":0,"height_basis":"unknown","height_tag":null,"levels_tag":null,"building":"yes","source_url":"https://www.openstreetmap.org/way/165824718"},"geometry":{"type":"Polygon","coordinates":[[[121.4763423,31.2271344],[121.4762242,31.2273967],[121.4762189,31.2274211],[121.4762243,31.2274395],[121.476192,31.2274517],[121.4762055,31.2274899],[121.476235,31.2274853],[121.4762457,31.2275152],[121.4762672,31.2275427],[121.47631,31.2275572],[121.476353,31.2275633],[121.4765943,31.2276536],[121.4767688,31.2272881],[121.4763423,31.2271344]]]}},{"type":"Feature","id":165824719,"properties":{"osm_id":165824719,"name":"","height_m":0,"height_basis":"unknown","height_tag":null,"levels_tag":null,"building":"yes","source_url":"https://www.openstreetmap.org/way/165824719"},"geometry":{"type":"Polygon","coordinates":[[[121.4767688,31.2272881],[121.4768652,31.2270834],[121.4764603,31.2269358],[121.4764495,31.2269549],[121.4764094,31.2269404],[121.4763636,31.2269848],[121.4763155,31.2270941],[121.4763423,31.2271344],[121.4767688,31.2272881]]]}},{"type":"Feature","id":165909803,"properties":{"osm_id":165909803,"name":"海洋大厦","height_m":120.0,"height_basis":"levels_estimate","height_tag":null,"levels_tag":"40","building":"office","source_url":"https://www.openstreetmap.org/way/165909803"},"geometry":{"type":"Polygon","coordinates":[[[121.4770229,31.2331438],[121.4770442,31.233115],[121.4770704,31.2331291],[121.4770878,31.2331054],[121.4771135,31.2331192],[121.4773165,31.2328437],[121.4772944,31.2328318],[121.4773138,31.2328056],[121.4772833,31.2327892],[121.4772947,31.2327737],[121.4770379,31.2326352],[121.4770235,31.2326548],[121.4769857,31.2326345],[121.4769664,31.2326607],[121.4769403,31.2326466],[121.4767359,31.2329237],[121.4767682,31.2329412],[121.4767515,31.2329637],[121.476787,31.2329828],[121.4767691,31.233007],[121.4770229,31.2331438]]]}},{"type":"Feature","id":165952548,"properties":{"osm_id":165952548,"name":"","height_m":0,"height_basis":"unknown","height_tag":null,"levels_tag":null,"building":"yes","source_url":"https://www.openstreetmap.org/way/165952548"},"geometry":{"type":"Polygon","coordinates":[[[121.476524,31.22686],[121.4769671,31.2257587],[121.4769779,31.225732],[121.4768761,31.225702],[121.4768055,31.225743],[121.4767023,31.2259987],[121.4767423,31.2260105],[121.4766558,31.226225],[121.4766074,31.2262107],[121.4765305,31.2264012],[121.4765976,31.226421],[121.4765151,31.2266255],[121.4764628,31.2266101],[121.4764312,31.2266883],[121.4764735,31.2267008],[121.4764216,31.2268299],[121.476524,31.22686]]]}},{"type":"Feature","id":165952550,"properties":{"osm_id":165952550,"name":"","height_m":0,"height_basis":"unknown","height_tag":null,"levels_tag":null,"building":"yes","source_url":"https://www.openstreetmap.org/way/165952550"},"geometry":{"type":"Polygon","coordinates":[[[121.4754551,31.2270196],[121.4757966,31.2268237],[121.4758569,31.2267891],[121.4754015,31.2266297],[121.4754208,31.2267703],[121.4754551,31.2270196]]]}},{"type":"Feature","id":165952553,"properties":{"osm_id":165952553,"name":"","height_m":0,"height_basis":"unknown","height_tag":null,"levels_tag":null,"building":"yes","source_url":"https://www.openstreetmap.org/way/165952553"},"geometry":{"type":"Polygon","coordinates":[[[121.4758242,31.2269882],[121.4757966,31.2268237],[121.4754551,31.2270196],[121.4754208,31.2267703],[121.4753044,31.2268763],[121.4752293,31.227046],[121.4752341,31.2271962],[121.4754061,31.2272583],[121.475615,31.2273338],[121.4757174,31.2272754],[121.4758242,31.2269882]]]}},{"type":"Feature","id":165985305,"properties":{"osm_id":165985305,"name":"富士康大厦","height_m":63.0,"height_basis":"levels_estimate","height_tag":null,"levels_tag":"21","building":"yes","source_url":"https://www.openstreetmap.org/way/165985305"},"geometry":{"type":"Polygon","coordinates":[[[121.4979239,31.2438192],[121.4983626,31.2433524],[121.4987258,31.2436019],[121.4982873,31.2440687],[121.4979239,31.2438192]]]}},{"type":"Feature","id":166125926,"properties":{"osm_id":166125926,"name":"","height_m":0,"height_basis":"unknown","height_tag":null,"levels_tag":null,"building":"yes","source_url":"https://www.openstreetmap.org/way/166125926"},"geometry":{"type":"Polygon","coordinates":[[[121.496357,31.2411368],[121.4962041,31.2409534],[121.4962436,31.2409283],[121.4961854,31.24088],[121.4962103,31.2408438],[121.496239,31.240802],[121.496349,31.2409901],[121.4964187,31.2411024],[121.496357,31.2411368]]]}},{"type":"Feature","id":166125932,"properties":{"osm_id":166125932,"name":"","height_m":0,"height_basis":"unknown","height_tag":null,"levels_tag":null,"building":"yes","source_url":"https://www.openstreetmap.org/way/166125932"},"geometry":{"type":"Polygon","coordinates":[[[121.4965206,31.2412721],[121.4965635,31.2413249],[121.4964563,31.2413891],[121.4964053,31.2413318],[121.4965206,31.2412721]]]}},{"type":"Feature","id":166126953,"properties":{"osm_id":166126953,"name":"农银大厦","height_m":216.0,"height_basis":"osm_height","height_tag":"216","levels_tag":"49","building":"commercial","source_url":"https://www.openstreetmap.org/way/166126953"},"geometry":{"type":"Polygon","coordinates":[[[121.503965,31.2444381],[121.504422,31.2445091],[121.5044526,31.2445139],[121.5045524,31.2440445],[121.5044012,31.244021],[121.5042124,31.2439916],[121.5040648,31.2439687],[121.503965,31.2444381]]]}},{"type":"Feature","id":166126955,"properties":{"osm_id":166126955,"name":"中国人民银行大厦","height_m":60.0,"height_basis":"levels_estimate","height_tag":null,"levels_tag":"20","building":"commercial","source_url":"https://www.openstreetmap.org/way/166126955"},"geometry":{"type":"Polygon","coordinates":[[[121.505473,31.2400935],[121.5053987,31.2402242],[121.5054148,31.2402793],[121.5055194,31.2403283],[121.5055894,31.2404919],[121.5054929,31.2406464],[121.504975,31.2404214],[121.5049374,31.2403114],[121.505186,31.2398821],[121.5054363,31.2399949],[121.505473,31.2400935]]]}},{"type":"Feature","id":166544770,"properties":{"osm_id":166544770,"name":"","height_m":0,"height_basis":"unknown","height_tag":null,"levels_tag":null,"building":"tent","source_url":"https://www.openstreetmap.org/way/166544770"},"geometry":{"type":"Polygon","coordinates":[[[121.5007411,31.2404547],[121.5009557,31.2404937],[121.5009511,31.2405429],[121.5009777,31.2405894],[121.5009986,31.2406107],[121.5010191,31.2406183],[121.5010791,31.2406405],[121.5011113,31.2406176],[121.5011166,31.2406978],[121.5012051,31.2406841],[121.5013205,31.2407093],[121.5012427,31.240652],[121.5012266,31.2406244],[121.50124,31.2405992],[121.5012802,31.2405534],[121.5012937,31.240496],[121.5012668,31.2404525],[121.5012266,31.2404318],[121.5011676,31.2404112],[121.5011542,31.2403974],[121.5011542,31.240363],[121.5010945,31.2403684],[121.5010681,31.2403697],[121.5008591,31.2403859],[121.5008216,31.2404043],[121.5008135,31.2404341],[121.5007465,31.2404433],[121.5007411,31.2404547]]]}},{"type":"Feature","id":166545281,"properties":{"osm_id":166545281,"name":"","height_m":0,"height_basis":"unknown","height_tag":null,"levels_tag":null,"building":"yes","source_url":"https://www.openstreetmap.org/way/166545281"},"geometry":{"type":"Polygon","coordinates":[[[121.5025147,31.2409146],[121.5025302,31.2408836],[121.5025441,31.2408558],[121.5026306,31.2408873],[121.5026012,31.2409461],[121.5025147,31.2409146]]]}},{"type":"Feature","id":167049144,"properties":{"osm_id":167049144,"name":"","height_m":0,"height_basis":"unknown","height_tag":null,"levels_tag":null,"building":"yes","source_url":"https://www.openstreetmap.org/way/167049144"},"geometry":{"type":"Polygon","coordinates":[[[121.5009338,31.2404848],[121.5009226,31.2404827],[121.5009129,31.2404775],[121.5009059,31.2404697],[121.5009024,31.2404604],[121.5009028,31.2404506],[121.5009072,31.2404416],[121.5009143,31.2404347],[121.5009243,31.24043],[121.5009356,31.2404284],[121.5009468,31.2404303],[121.5009567,31.2404353],[121.5009617,31.2404399],[121.5009667,31.2404487],[121.500968,31.2404585],[121.5009653,31.240468],[121.5009589,31.2404761],[121.5009497,31.2404819],[121.5009338,31.2404848]]]}},{"type":"Feature","id":167061959,"properties":{"osm_id":167061959,"name":"","height_m":15.0,"height_basis":"levels_estimate","height_tag":null,"levels_tag":"5","building":"yes","source_url":"https://www.openstreetmap.org/way/167061959"},"geometry":{"type":"Polygon","coordinates":[[[121.5005013,31.236729],[121.5004637,31.2378938],[121.5004959,31.237981],[121.5006282,31.2379867],[121.5007802,31.2379259],[121.5009251,31.2378479],[121.5009521,31.2373312],[121.5009526,31.237167],[121.5009787,31.2366786],[121.5005013,31.236729]]]}},{"type":"Feature","id":178702676,"properties":{"osm_id":178702676,"name":"港陆广场","height_m":0,"height_basis":"unknown","height_tag":null,"levels_tag":null,"building":"yes","source_url":"https://www.openstreetmap.org/way/178702676"},"geometry":{"type":"Polygon","coordinates":[[[121.4742896,31.2312422],[121.4743096,31.2311815],[121.474191,31.2311453],[121.474172,31.2311046],[121.4741471,31.2310724],[121.4741121,31.2310589],[121.474078,31.2310615],[121.4740382,31.2310751],[121.4739826,31.2310903],[121.4739296,31.2311169],[121.4738913,31.2311425],[121.4738612,31.2311688],[121.4738288,31.2312155],[121.4737436,31.231413],[121.4742481,31.2315636],[121.474275,31.2315],[121.4744549,31.2315561],[121.47455,31.2314238],[121.4745441,31.2314134],[121.4745638,31.2314113],[121.4745798,31.2314027],[121.4745888,31.2313871],[121.4745935,31.231371],[121.4745905,31.2313538],[121.4745814,31.2313372],[121.4745655,31.2313239],[121.4745445,31.2313169],[121.4745204,31.2313192],[121.4745139,31.2312962],[121.4743757,31.2312174],[121.4743569,31.231261],[121.4743184,31.2312502],[121.4742896,31.2312422]]]}},{"type":"Feature","id":178725447,"properties":{"osm_id":178725447,"name":"","height_m":0,"height_basis":"unknown","height_tag":null,"levels_tag":null,"building":"yes","source_url":"https://www.openstreetmap.org/way/178725447"},"geometry":{"type":"Polygon","coordinates":[[[121.4719952,31.230691],[121.471916,31.2305869],[121.4719872,31.2305473],[121.4720664,31.2306514],[121.4719952,31.230691]]]}},{"type":"Feature","id":178731807,"properties":{"osm_id":178731807,"name":"","height_m":0,"height_basis":"unknown","height_tag":null,"levels_tag":null,"building":"yes","source_url":"https://www.openstreetmap.org/way/178731807"},"geometry":{"type":"Polygon","coordinates":[[[121.4719005,31.2309449],[121.4718723,31.2309063],[121.4718919,31.2308959],[121.4717377,31.2306848],[121.4718533,31.2306231],[121.4720356,31.2308727],[121.4719005,31.2309449]]]}},{"type":"Feature","id":178731808,"properties":{"osm_id":178731808,"name":"","height_m":0,"height_basis":"unknown","height_tag":null,"levels_tag":null,"building":"yes","source_url":"https://www.openstreetmap.org/way/178731808"},"geometry":{"type":"Polygon","coordinates":[[[121.4689867,31.2295218],[121.4689783,31.2294741],[121.4688107,31.2294977],[121.4688197,31.2295586],[121.4688704,31.2295523],[121.4688932,31.2296622],[121.4690377,31.2296378],[121.4690225,31.2295566],[121.4692516,31.2295245],[121.4692328,31.2294157],[121.4690709,31.2294381],[121.4690782,31.2294784],[121.4690146,31.229484],[121.4690188,31.2295181],[121.4689867,31.2295218]]]}},{"type":"Feature","id":178731810,"properties":{"osm_id":178731810,"name":"","height_m":0,"height_basis":"unknown","height_tag":null,"levels_tag":null,"building":"yes","source_url":"https://www.openstreetmap.org/way/178731810"},"geometry":{"type":"Polygon","coordinates":[[[121.4720373,31.2313486],[121.4720856,31.231328],[121.4719413,31.2310678],[121.4721277,31.2309886],[121.472276,31.2312523],[121.4722379,31.2312697],[121.4723007,31.2313843],[121.4721231,31.2314564],[121.4721088,31.2314548],[121.4720963,31.2314518],[121.4720838,31.2314451],[121.4720749,31.2314358],[121.4720373,31.2313486]]]}},{"type":"Feature","id":178731811,"properties":{"osm_id":178731811,"name":"","height_m":0,"height_basis":"unknown","height_tag":null,"levels_tag":null,"building":"yes","source_url":"https://www.openstreetmap.org/way/178731811"},"geometry":{"type":"Polygon","coordinates":[[[121.4685586,31.2297087],[121.4685828,31.2296491],[121.4685452,31.2295872],[121.4688011,31.2295581],[121.4688005,31.2295827],[121.4686402,31.229763],[121.4685586,31.2297087]]]}},{"type":"Feature","id":178732945,"properties":{"osm_id":178732945,"name":"","height_m":0,"height_basis":"unknown","height_tag":null,"levels_tag":null,"building":"yes","source_url":"https://www.openstreetmap.org/way/178732945"},"geometry":{"type":"Polygon","coordinates":[[[121.4718227,31.2328554],[121.4718951,31.2327293],[121.471989,31.2327706],[121.4720132,31.2327362],[121.4720765,31.2327615],[121.4720325,31.2328315],[121.4720078,31.2328508],[121.4719756,31.2328646],[121.4719381,31.2328715],[121.4719139,31.2328715],[121.4719006,31.2328923],[121.4718227,31.2328554]]]}},{"type":"Feature","id":178737599,"properties":{"osm_id":178737599,"name":"","height_m":0,"height_basis":"unknown","height_tag":null,"levels_tag":null,"building":"yes","source_url":"https://www.openstreetmap.org/way/178737599"},"geometry":{"type":"Polygon","coordinates":[[[121.4713445,31.2337802],[121.471423,31.2336782],[121.4714717,31.2337056],[121.4713933,31.2338076],[121.4713445,31.2337802]]]}},{"type":"Feature","id":178737602,"properties":{"osm_id":178737602,"name":"","height_m":0,"height_basis":"unknown","height_tag":null,"levels_tag":null,"building":"yes","source_url":"https://www.openstreetmap.org/way/178737602"},"geometry":{"type":"Polygon","coordinates":[[[121.4708814,31.2319289],[121.4709347,31.231868],[121.4710774,31.2319593],[121.4710241,31.2320202],[121.4708814,31.2319289]]]}},{"type":"Feature","id":178801539,"properties":{"osm_id":178801539,"name":"上海市人民政府","height_m":50.0,"height_basis":"osm_height","height_tag":"50","levels_tag":null,"building":"office","source_url":"https://www.openstreetmap.org/way/178801539"},"geometry":{"type":"Polygon","coordinates":[[[121.4690315,31.2320452],[121.469111,31.2319484],[121.4691795,31.2319943],[121.4692492,31.2320241],[121.4693471,31.232078],[121.4694142,31.2321215],[121.4694504,31.2321548],[121.4694723,31.232188],[121.4695447,31.2322317],[121.4694683,31.2323332],[121.4699888,31.2326764],[121.4695493,31.2331528],[121.4692211,31.232937],[121.4693424,31.2328038],[121.4685376,31.2322665],[121.4684159,31.232404],[121.4680689,31.2321872],[121.4685208,31.2317085],[121.4690315,31.2320452]]]}},{"type":"Feature","id":189040099,"properties":{"osm_id":189040099,"name":"大境阁","height_m":0,"height_basis":"unknown","height_tag":null,"levels_tag":null,"building":"yes","source_url":"https://www.openstreetmap.org/way/189040099"},"geometry":{"type":"Polygon","coordinates":[[[121.479033,31.2267575],[121.4790557,31.2267017],[121.4790382,31.2266436],[121.4789867,31.2266419],[121.4789949,31.2264626],[121.4787263,31.2264536],[121.4787128,31.2267467],[121.479033,31.2267575]]]}},{"type":"Feature","id":192040784,"properties":{"osm_id":192040784,"name":"都市总部大楼","height_m":0,"height_basis":"unknown","height_tag":null,"levels_tag":null,"building":"apartments","source_url":"https://www.openstreetmap.org/way/192040784"},"geometry":{"type":"Polygon","coordinates":[[[121.4732877,31.2332505],[121.4727981,31.2330605],[121.4729788,31.23272],[121.4734683,31.2329099],[121.4732877,31.2332505]]]}},{"type":"Feature","id":255624910,"properties":{"osm_id":255624910,"name":"Apple 浦东","height_m":0,"height_basis":"unknown","height_tag":null,"levels_tag":null,"building":"retail","source_url":"https://www.openstreetmap.org/way/255624910"},"geometry":{"type":"Polygon","coordinates":[[[121.4968227,31.239417],[121.4968074,31.2393899],[121.4967985,31.2393608],[121.4967962,31.2393298],[121.4968006,31.2393011],[121.496811,31.2392735],[121.4968319,31.2392424],[121.4968532,31.2392218],[121.4968782,31.2392047],[121.49692,31.2391871],[121.4969798,31.2391785],[121.4970127,31.239181],[121.4970682,31.2391979],[121.4971009,31.2392175],[121.4971292,31.2392442],[121.4971497,31.2392757],[121.4971631,31.2393247],[121.4971621,31.239355],[121.4971447,31.2394048],[121.4971281,31.2394283],[121.4970822,31.239466],[121.4970518,31.2394801],[121.4970198,31.2394889],[121.4969865,31.2394926],[121.4969417,31.2394893],[121.496886,31.2394707],[121.4968454,31.2394427],[121.4968227,31.239417]]]}},{"type":"Feature","id":257424587,"properties":{"osm_id":257424587,"name":"大上海时代广场","height_m":0,"height_basis":"unknown","height_tag":null,"levels_tag":null,"building":"yes","source_url":"https://www.openstreetmap.org/way/257424587"},"geometry":{"type":"Polygon","coordinates":[[[121.4732624,31.2263416],[121.4733365,31.2263734],[121.4736188,31.2265254],[121.4737851,31.2264841],[121.4739514,31.2264611],[121.474107,31.2265345],[121.4742357,31.2265896],[121.4743108,31.2267134],[121.4743484,31.2268465],[121.4748473,31.2270299],[121.4749009,31.2268465],[121.4749071,31.2267787],[121.4748901,31.2266477],[121.4748506,31.226572],[121.4747716,31.2264745],[121.4746166,31.2263281],[121.4743484,31.2262272],[121.474009,31.2261395],[121.4736997,31.226155],[121.4736479,31.2261136],[121.4735006,31.2261197],[121.4734205,31.2261515],[121.4733113,31.2262198],[121.4732624,31.2263416]]]}},{"type":"Feature","id":281580982,"properties":{"osm_id":281580982,"name":"香格里拉酒店","height_m":135.0,"height_basis":"levels_estimate","height_tag":null,"levels_tag":"45","building":"yes","source_url":"https://www.openstreetmap.org/way/281580982"},"geometry":{"type":"Polygon","coordinates":[[[121.4944554,31.2378929],[121.4939719,31.237686],[121.4941457,31.2373893],[121.4943035,31.2374569],[121.4946291,31.2375963],[121.4944687,31.2378704],[121.4944554,31.2378929]]]}},{"type":"Feature","id":281583582,"properties":{"osm_id":281583582,"name":"香格里拉酒店","height_m":129.0,"height_basis":"levels_estimate","height_tag":null,"levels_tag":"43","building":"yes","source_url":"https://www.openstreetmap.org/way/281583582"},"geometry":{"type":"Polygon","coordinates":[[[121.4956961,31.2382869],[121.4955039,31.2382674],[121.4956912,31.2380335],[121.4957731,31.2380404],[121.4957719,31.2379921],[121.4957673,31.2377905],[121.4959385,31.2378677],[121.4959212,31.238213],[121.4957647,31.2382053],[121.4956961,31.2382869]]]}},{"type":"Feature","id":282881398,"properties":{"osm_id":282881398,"name":"","height_m":0,"height_basis":"unknown","height_tag":null,"levels_tag":null,"building":"yes","source_url":"https://www.openstreetmap.org/way/282881398"},"geometry":{"type":"Polygon","coordinates":[[[121.4659788,31.2273167],[121.4661889,31.2273646],[121.4662274,31.2272413],[121.4661835,31.2272313],[121.4661786,31.2272471],[121.4661164,31.2272329],[121.4661214,31.2272168],[121.4660921,31.2272101],[121.466087,31.2272263],[121.4660487,31.2272176],[121.4660545,31.227199],[121.4660181,31.2271907],[121.4659788,31.2273167]]]}},{"type":"Feature","id":282881399,"properties":{"osm_id":282881399,"name":"","height_m":0,"height_basis":"unknown","height_tag":null,"levels_tag":null,"building":"yes","source_url":"https://www.openstreetmap.org/way/282881399"},"geometry":{"type":"Polygon","coordinates":[[[121.4668502,31.2275657],[121.4668207,31.227614],[121.4670266,31.2277058],[121.4671064,31.227575],[121.4669005,31.2274832],[121.4668502,31.2275657]]]}},{"type":"Feature","id":282881400,"properties":{"osm_id":282881400,"name":"","height_m":0,"height_basis":"unknown","height_tag":null,"levels_tag":null,"building":"yes","source_url":"https://www.openstreetmap.org/way/282881400"},"geometry":{"type":"Polygon","coordinates":[[[121.4664614,31.2275035],[121.4667577,31.2276252],[121.4668346,31.2274978],[121.4665414,31.2273729],[121.4664614,31.2275035]]]}},{"type":"Feature","id":282881401,"properties":{"osm_id":282881401,"name":"","height_m":0,"height_basis":"unknown","height_tag":null,"levels_tag":null,"building":"yes","source_url":"https://www.openstreetmap.org/way/282881401"},"geometry":{"type":"Polygon","coordinates":[[[121.4662015,31.2273653],[121.4663376,31.2274093],[121.4663896,31.2272977],[121.4662423,31.2272525],[121.4662015,31.2273653]]]}},{"type":"Feature","id":282881402,"properties":{"osm_id":282881402,"name":"","height_m":0,"height_basis":"unknown","height_tag":null,"levels_tag":null,"building":"yes","source_url":"https://www.openstreetmap.org/way/282881402"},"geometry":{"type":"Polygon","coordinates":[[[121.4670728,31.2277266],[121.4673424,31.2278449],[121.4674263,31.2277051],[121.4671567,31.2275868],[121.4670728,31.2277266]]]}},{"type":"Feature","id":282881403,"properties":{"osm_id":282881403,"name":"","height_m":0,"height_basis":"unknown","height_tag":null,"levels_tag":null,"building":"yes","source_url":"https://www.openstreetmap.org/way/282881403"},"geometry":{"type":"Polygon","coordinates":[[[121.4672147,31.2282517],[121.4675346,31.2283822],[121.4678454,31.2278251],[121.4675254,31.2276947],[121.4672147,31.2282517]]]}},{"type":"Feature","id":282881404,"properties":{"osm_id":282881404,"name":"申远大厦","height_m":0,"height_basis":"unknown","height_tag":null,"levels_tag":null,"building":"yes","source_url":"https://www.openstreetmap.org/way/282881404"},"geometry":{"type":"Polygon","coordinates":[[[121.4679153,31.2279916],[121.4681655,31.228099],[121.4681757,31.2281522],[121.4680324,31.2284259],[121.4681766,31.2284806],[121.4683397,31.2282303],[121.4683778,31.2281732],[121.4683856,31.2281295],[121.4683832,31.2281039],[121.4683752,31.228072],[121.4683511,31.2280339],[121.4683199,31.2280191],[121.4679742,31.2278759],[121.4679153,31.2279916]]]}},{"type":"Feature","id":292718768,"properties":{"osm_id":292718768,"name":"上海市工人文化宫","height_m":24.0,"height_basis":"levels_estimate","height_tag":null,"levels_tag":"8","building":"yes","source_url":"https://www.openstreetmap.org/way/292718768"},"geometry":{"type":"Polygon","coordinates":[[[121.4737101,31.232745],[121.4737447,31.2327333],[121.4739678,31.2323053],[121.4739456,31.23228],[121.473182,31.2323507],[121.4730758,31.2323757],[121.4730567,31.2324678],[121.4731577,31.2325333],[121.4737101,31.232745]]]}},{"type":"Feature","id":292718769,"properties":{"osm_id":292718769,"name":"同兴大楼","height_m":0,"height_basis":"unknown","height_tag":null,"levels_tag":null,"building":"apartments","source_url":"https://www.openstreetmap.org/way/292718769"},"geometry":{"type":"Polygon","coordinates":[[[121.473832,31.2348845],[121.4742556,31.2350397],[121.4743087,31.2349337],[121.4741638,31.2348806],[121.4742538,31.234727],[121.4743909,31.2347787],[121.4744462,31.2346717],[121.4740218,31.2345114],[121.4739665,31.2346184],[121.4741271,31.2346791],[121.4740469,31.2348378],[121.4738851,31.2347785],[121.473832,31.2348845]]]}},{"type":"Feature","id":292718770,"properties":{"osm_id":292718770,"name":"","height_m":0,"height_basis":"unknown","height_tag":null,"levels_tag":null,"building":"yes","source_url":"https://www.openstreetmap.org/way/292718770"},"geometry":{"type":"Polygon","coordinates":[[[121.4743537,31.2350637],[121.4746772,31.235183],[121.4747435,31.2350517],[121.4744201,31.2349323],[121.4743537,31.2350637]]]}},{"type":"Feature","id":292718771,"properties":{"osm_id":292718771,"name":"","height_m":0,"height_basis":"unknown","height_tag":null,"levels_tag":null,"building":"yes","source_url":"https://www.openstreetmap.org/way/292718771"},"geometry":{"type":"Polygon","coordinates":[[[121.4744687,31.234818],[121.4747971,31.2349363],[121.4748442,31.2348408],[121.4747863,31.2348199],[121.4748064,31.2347792],[121.4745358,31.2346818],[121.4744687,31.234818]]]}},{"type":"Feature","id":306461799,"properties":{"osm_id":306461799,"name":"","height_m":0,"height_basis":"unknown","height_tag":null,"levels_tag":null,"building":"yes","source_url":"https://www.openstreetmap.org/way/306461799"},"geometry":{"type":"Polygon","coordinates":[[[121.4759949,31.2264904],[121.4763624,31.2256968],[121.4758836,31.2255443],[121.4755389,31.226339],[121.4759949,31.2264904]]]}},{"type":"Feature","id":311065016,"properties":{"osm_id":311065016,"name":"","height_m":18.0,"height_basis":"levels_estimate","height_tag":null,"levels_tag":"6","building":"yes","source_url":"https://www.openstreetmap.org/way/311065016"},"geometry":{"type":"Polygon","coordinates":[[[121.4652816,31.2281389],[121.4652929,31.2280476],[121.4647474,31.2279985],[121.4647362,31.2280898],[121.4652816,31.2281389]]]}},{"type":"Feature","id":311065017,"properties":{"osm_id":311065017,"name":"","height_m":18.0,"height_basis":"levels_estimate","height_tag":null,"levels_tag":"6","building":"yes","source_url":"https://www.openstreetmap.org/way/311065017"},"geometry":{"type":"Polygon","coordinates":[[[121.4653242,31.2279307],[121.4653349,31.2278566],[121.4647828,31.2277985],[121.4647721,31.2278726],[121.4653242,31.2279307]]]}},{"type":"Feature","id":314729060,"properties":{"osm_id":314729060,"name":"中区广场","height_m":0,"height_basis":"unknown","height_tag":null,"levels_tag":null,"building":"commercial","source_url":"https://www.openstreetmap.org/way/314729060"},"geometry":{"type":"Polygon","coordinates":[[[121.4661042,31.2314171],[121.4660399,31.2314446],[121.4656476,31.2313068],[121.4658182,31.2309441],[121.4662025,31.2310877],[121.4662383,31.2311304],[121.4661042,31.2314171]]]}},{"type":"Feature","id":349496326,"properties":{"osm_id":349496326,"name":"上海市松江区人民法院","height_m":0,"height_basis":"unknown","height_tag":null,"levels_tag":null,"building":"yes","source_url":"https://www.openstreetmap.org/way/349496326"},"geometry":{"type":"Polygon","coordinates":[[[121.2194486,31.03614],[121.2203632,31.0361423],[121.220382,31.0353563],[121.2194486,31.0353586],[121.2194486,31.03614]]]}},{"type":"Feature","id":349496328,"properties":{"osm_id":349496328,"name":"上海市松江区人民检察院","height_m":0,"height_basis":"unknown","height_tag":null,"levels_tag":null,"building":"yes","source_url":"https://www.openstreetmap.org/way/349496328"},"geometry":{"type":"Polygon","coordinates":[[[121.2192904,31.0353127],[121.2186735,31.0353081],[121.2186627,31.0358344],[121.2185715,31.0358298],[121.2185662,31.0361148],[121.2187861,31.0361171],[121.2187995,31.0358505],[121.2187271,31.035839],[121.2187325,31.0355126],[121.219285,31.0355103],[121.2192904,31.0353127]]]}},{"type":"Feature","id":349498692,"properties":{"osm_id":349498692,"name":"上海市松江区社会主义学院","height_m":0,"height_basis":"unknown","height_tag":null,"levels_tag":null,"building":"yes","source_url":"https://www.openstreetmap.org/way/349498692"},"geometry":{"type":"Polygon","coordinates":[[[121.221176,31.0353357],[121.2211786,31.0355632],[121.2212108,31.0355632],[121.2212055,31.0358574],[121.220948,31.0358643],[121.2209533,31.0355448],[121.2205081,31.0355425],[121.2205108,31.0353265],[121.221176,31.0353357]]]}},{"type":"Feature","id":349498694,"properties":{"osm_id":349498694,"name":"上海市工商行政管理局松江分局","height_m":0,"height_basis":"unknown","height_tag":null,"levels_tag":null,"building":"yes","source_url":"https://www.openstreetmap.org/way/349498694"},"geometry":{"type":"Polygon","coordinates":[[[121.2203364,31.0340739],[121.2196739,31.0340739],[121.2196766,31.0338717],[121.2203364,31.0338786],[121.2203364,31.0340739]]]}},{"type":"Feature","id":349498696,"properties":{"osm_id":349498696,"name":"","height_m":0,"height_basis":"unknown","height_tag":null,"levels_tag":null,"building":"yes","source_url":"https://www.openstreetmap.org/way/349498696"},"geometry":{"type":"Polygon","coordinates":[[[121.2196297,31.0341957],[121.219627,31.0340751],[121.2193655,31.0340739],[121.2193655,31.0341946],[121.2196297,31.0341957]]]}},{"type":"Feature","id":349498698,"properties":{"osm_id":349498698,"name":"上海市松江区国家税务局","height_m":0,"height_basis":"unknown","height_tag":null,"levels_tag":null,"building":"office","source_url":"https://www.openstreetmap.org/way/349498698"},"geometry":{"type":"Polygon","coordinates":[[[121.2212095,31.0333718],[121.2212095,31.0331902],[121.2205523,31.0331856],[121.220547,31.0332753],[121.2204209,31.0331695],[121.220547,31.0330638],[121.2202707,31.0328202],[121.2200588,31.0329972],[121.2204611,31.0333327],[121.2204611,31.0333603],[121.2212095,31.0333718]]]}},{"type":"Feature","id":352763069,"properties":{"osm_id":352763069,"name":"","height_m":0,"height_basis":"unknown","height_tag":null,"levels_tag":null,"building":"commercial","source_url":"https://www.openstreetmap.org/way/352763069"},"geometry":{"type":"Polygon","coordinates":[[[121.2178574,31.0263718],[121.21876,31.0265569],[121.2187989,31.0265872],[121.2188272,31.0266479],[121.2186785,31.0270663],[121.2184945,31.0270087],[121.2185936,31.026657],[121.2178114,31.0265022],[121.2178574,31.0263718]]]}},{"type":"Feature","id":352763074,"properties":{"osm_id":352763074,"name":"","height_m":0,"height_basis":"unknown","height_tag":null,"levels_tag":null,"building":"commercial","source_url":"https://www.openstreetmap.org/way/352763074"},"geometry":{"type":"Polygon","coordinates":[[[121.2253045,31.0266369],[121.2254376,31.0266389],[121.2255263,31.0267009],[121.2255193,31.0270611],[121.2254703,31.0270931],[121.2252975,31.0270911],[121.2253045,31.0266369]]]}},{"type":"Feature","id":353088160,"properties":{"osm_id":353088160,"name":"方松街道江中社区文化活动室","height_m":0,"height_basis":"unknown","height_tag":null,"levels_tag":null,"building":"yes","source_url":"https://www.openstreetmap.org/way/353088160"},"geometry":{"type":"Polygon","coordinates":[[[121.2227543,31.0278367],[121.2227403,31.0276626],[121.2225955,31.0276666],[121.2226025,31.0278407],[121.2227543,31.0278367]]]}},{"type":"Feature","id":354208101,"properties":{"osm_id":354208101,"name":"松九商场","height_m":0,"height_basis":"unknown","height_tag":null,"levels_tag":null,"building":"commercial","source_url":"https://www.openstreetmap.org/way/354208101"},"geometry":{"type":"Polygon","coordinates":[[[121.2266113,31.0311874],[121.226205,31.0311914],[121.2262073,31.0320097],[121.2261522,31.0320115],[121.2261461,31.0329521],[121.2261868,31.0329556],[121.2261827,31.0331054],[121.2264571,31.0331036],[121.2264754,31.0340129],[121.2267966,31.0340198],[121.2267946,31.0338683],[121.2268779,31.0338613],[121.2268738,31.0337324],[121.2269246,31.0337324],[121.2269307,31.0334746],[121.2268799,31.0334677],[121.226882,31.0333336],[121.226821,31.0333336],[121.2268271,31.0331855],[121.226699,31.0331751],[121.2267031,31.0330253],[121.2266258,31.0330287],[121.2266279,31.0329591],[121.2266055,31.0329608],[121.2266096,31.0327361],[121.2265344,31.0327309],[121.2265364,31.0326786],[121.2266888,31.0326821],[121.2267031,31.0322972],[121.2265831,31.032292],[121.2265872,31.0322415],[121.2266136,31.0322397],[121.2266197,31.0320098],[121.2265222,31.0319993],[121.2265323,31.0315987],[121.2266177,31.0315952],[121.2266113,31.0311874]]]}},{"type":"Feature","id":354209076,"properties":{"osm_id":354209076,"name":"","height_m":0,"height_basis":"unknown","height_tag":null,"levels_tag":null,"building":"commercial","source_url":"https://www.openstreetmap.org/way/354209076"},"geometry":{"type":"Polygon","coordinates":[[[121.2308416,31.0265703],[121.2310619,31.0265675],[121.2310629,31.026508],[121.2310643,31.0264195],[121.230978,31.0264174],[121.2309815,31.0263594],[121.2310622,31.0263607],[121.2310574,31.0262403],[121.2309652,31.0262403],[121.2309628,31.0260492],[121.2310591,31.0260497],[121.2310597,31.0259442],[121.2309582,31.0259422],[121.2309593,31.0257541],[121.2310527,31.0257521],[121.2310589,31.025644],[121.2309119,31.0256439],[121.2309094,31.0255697],[121.2308324,31.0255697],[121.2308416,31.0265703]]]}},{"type":"Feature","id":354209731,"properties":{"osm_id":354209731,"name":"","height_m":0,"height_basis":"unknown","height_tag":null,"levels_tag":null,"building":"commercial","source_url":"https://www.openstreetmap.org/way/354209731"},"geometry":{"type":"Polygon","coordinates":[[[121.2302593,31.0279097],[121.2302682,31.0280844],[121.2303052,31.0281055],[121.2303237,31.0281161],[121.2303252,31.0281425],[121.230296,31.0281583],[121.2302451,31.0281807],[121.2302112,31.0281979],[121.2301758,31.0282349],[121.2301558,31.0282507],[121.2300957,31.0282296],[121.2300788,31.0282388],[121.230051,31.0282335],[121.229964,31.0282174],[121.2299185,31.0282019],[121.2299324,31.0281715],[121.2298893,31.0281491],[121.2299224,31.0281138],[121.2300105,31.0280235],[121.2300668,31.0279878],[121.230052,31.0279694],[121.2302593,31.0279097]]]}},{"type":"Feature","id":354209732,"properties":{"osm_id":354209732,"name":"","height_m":0,"height_basis":"unknown","height_tag":null,"levels_tag":null,"building":"commercial","source_url":"https://www.openstreetmap.org/way/354209732"},"geometry":{"type":"Polygon","coordinates":[[[121.2301442,31.0284536],[121.2301629,31.0284826],[121.2301991,31.0285146],[121.2302528,31.0285366],[121.2303403,31.0285266],[121.2303754,31.0286177],[121.2303471,31.0286199],[121.2302331,31.0286314],[121.2301593,31.0286096],[121.2300936,31.0285797],[121.2300708,31.0286061],[121.2300252,31.0285659],[121.2299997,31.0285234],[121.2300212,31.0285107],[121.2299997,31.0284602],[121.2300895,31.0284382],[121.230129,31.0284396],[121.2301442,31.0284536]]]}},{"type":"Feature","id":354209733,"properties":{"osm_id":354209733,"name":"","height_m":0,"height_basis":"unknown","height_tag":null,"levels_tag":null,"building":"commercial","source_url":"https://www.openstreetmap.org/way/354209733"},"geometry":{"type":"Polygon","coordinates":[[[121.2303966,31.029045],[121.2304118,31.0287599],[121.2303417,31.0287578],[121.2303216,31.0287578],[121.2303172,31.029047],[121.2303382,31.02905],[121.2303966,31.029045]]]}},{"type":"Feature","id":354209734,"properties":{"osm_id":354209734,"name":"","height_m":0,"height_basis":"unknown","height_tag":null,"levels_tag":null,"building":"commercial","source_url":"https://www.openstreetmap.org/way/354209734"},"geometry":{"type":"Polygon","coordinates":[[[121.2303149,31.0291589],[121.2303371,31.029158],[121.2304025,31.029161],[121.230406,31.0294542],[121.2303283,31.0294577],[121.2303102,31.0294602],[121.2303149,31.0291589]]]}},{"type":"Feature","id":354209735,"properties":{"osm_id":354209735,"name":"","height_m":0,"height_basis":"unknown","height_tag":null,"levels_tag":null,"building":"commercial","source_url":"https://www.openstreetmap.org/way/354209735"},"geometry":{"type":"Polygon","coordinates":[[[121.230399,31.0298713],[121.2303363,31.029874],[121.2303106,31.0298747],[121.2303071,31.029576],[121.2303301,31.0295737],[121.2303955,31.0295782],[121.230399,31.0298713]]]}},{"type":"Feature","id":354420648,"properties":{"osm_id":354420648,"name":"永翔商业","height_m":0,"height_basis":"unknown","height_tag":null,"levels_tag":null,"building":"commercial","source_url":"https://www.openstreetmap.org/way/354420648"},"geometry":{"type":"Polygon","coordinates":[[[121.2314652,31.0358181],[121.2308724,31.0358135],[121.2308698,31.0347816],[121.2308956,31.0347805],[121.2308728,31.034746],[121.2309211,31.0346977],[121.2309506,31.0347115],[121.2309734,31.0346943],[121.2309707,31.0346656],[121.2312845,31.0346725],[121.2312805,31.0346977],[121.231314,31.0346977],[121.2313435,31.0346713],[121.231428,31.0346667],[121.2314776,31.0347035],[121.231479,31.0347529],[121.2314468,31.0347874],[121.2314454,31.0348103],[121.2314655,31.0348103],[121.2314652,31.0358181]]]}},{"type":"Feature","id":354420649,"properties":{"osm_id":354420649,"name":"永翔大厦","height_m":0,"height_basis":"unknown","height_tag":null,"levels_tag":null,"building":"commercial","source_url":"https://www.openstreetmap.org/way/354420649"},"geometry":{"type":"Polygon","coordinates":[[[121.231491,31.0361709],[121.2314857,31.0358871],[121.2313918,31.0358836],[121.2313891,31.03601],[121.2309841,31.0360043],[121.2309841,31.0358871],[121.2308996,31.0358836],[121.2308969,31.036164],[121.231491,31.0361709]]]}},{"type":"Feature","id":360530173,"properties":{"osm_id":360530173,"name":"","height_m":0,"height_basis":"unknown","height_tag":null,"levels_tag":null,"building":"house","source_url":"https://www.openstreetmap.org/way/360530173"},"geometry":{"type":"Polygon","coordinates":[[[121.226438,31.0233453],[121.2262208,31.0233269],[121.2262181,31.0233936],[121.226143,31.023389],[121.2261349,31.0236188],[121.2262261,31.0235958],[121.2264327,31.0235935],[121.2264327,31.0235361],[121.226438,31.0233453]]]}},{"type":"Feature","id":369237832,"properties":{"osm_id":369237832,"name":"","height_m":0,"height_basis":"unknown","height_tag":null,"levels_tag":null,"building":"office","source_url":"https://www.openstreetmap.org/way/369237832"},"geometry":{"type":"Polygon","coordinates":[[[121.4793623,31.2325886],[121.479736,31.2327301],[121.4797931,31.2326198],[121.4797324,31.2325968],[121.4798504,31.2323687],[121.4798984,31.2323868],[121.4799803,31.2322287],[121.4798034,31.2321618],[121.4798245,31.232121],[121.4796404,31.2320514],[121.4793623,31.2325886]]]}},{"type":"Feature","id":369237833,"properties":{"osm_id":369237833,"name":"","height_m":120.0,"height_basis":"levels_estimate","height_tag":null,"levels_tag":"40","building":"yes","source_url":"https://www.openstreetmap.org/way/369237833"},"geometry":{"type":"Polygon","coordinates":[[[121.4770966,31.2313054],[121.477241,31.2313764],[121.4773755,31.231337],[121.4773511,31.2312714],[121.4774549,31.231232],[121.4774089,31.2310985],[121.4772753,31.2310399],[121.4771408,31.2310762],[121.4771489,31.2311286],[121.4770605,31.2311819],[121.4770966,31.2313054]]]}},{"type":"Feature","id":369237835,"properties":{"osm_id":369237835,"name":"中国农业银行","height_m":24.0,"height_basis":"levels_estimate","height_tag":null,"levels_tag":"8","building":"commercial","source_url":"https://www.openstreetmap.org/way/369237835"},"geometry":{"type":"Polygon","coordinates":[[[121.4781189,31.2336553],[121.4783101,31.2332752],[121.478258,31.2332574],[121.4782382,31.2332064],[121.4782075,31.2331771],[121.4781497,31.2331493],[121.4780938,31.2331385],[121.478027,31.2331355],[121.4779562,31.2331432],[121.4779277,31.2330647],[121.4776633,31.2329604],[121.4776511,31.2329837],[121.4775709,31.2329539],[121.4775488,31.2329512],[121.4775312,31.2329614],[121.4774668,31.2330822],[121.4778805,31.233242],[121.4778642,31.2332767],[121.4778638,31.2333275],[121.4778718,31.2333624],[121.4778895,31.2333876],[121.4779154,31.23341],[121.4778476,31.2335588],[121.4781189,31.2336553]]]}},{"type":"Feature","id":369237837,"properties":{"osm_id":369237837,"name":"","height_m":0,"height_basis":"unknown","height_tag":null,"levels_tag":null,"building":"yes","source_url":"https://www.openstreetmap.org/way/369237837"},"geometry":{"type":"Polygon","coordinates":[[[121.4749633,31.2334581],[121.4752964,31.2335977],[121.475352,31.2335108],[121.4750176,31.2333697],[121.4749633,31.2334581]]]}},{"type":"Feature","id":369237840,"properties":{"osm_id":369237840,"name":"","height_m":0,"height_basis":"unknown","height_tag":null,"levels_tag":null,"building":"yes","source_url":"https://www.openstreetmap.org/way/369237840"},"geometry":{"type":"Polygon","coordinates":[[[121.4784527,31.2291102],[121.4787488,31.229276],[121.4788148,31.2291899],[121.4785186,31.229024],[121.4784527,31.2291102]]]}},{"type":"Feature","id":369237841,"properties":{"osm_id":369237841,"name":"","height_m":0,"height_basis":"unknown","height_tag":null,"levels_tag":null,"building":"yes","source_url":"https://www.openstreetmap.org/way/369237841"},"geometry":{"type":"Polygon","coordinates":[[[121.4766427,31.231569],[121.4767474,31.2313911],[121.4766587,31.2313529],[121.476554,31.2315308],[121.4766427,31.231569]]]}},{"type":"Feature","id":369237842,"properties":{"osm_id":369237842,"name":"","height_m":21.0,"height_basis":"levels_estimate","height_tag":null,"levels_tag":"7","building":"yes","source_url":"https://www.openstreetmap.org/way/369237842"},"geometry":{"type":"Polygon","coordinates":[[[121.4766588,31.2291773],[121.4771769,31.2294436],[121.4772222,31.2294307],[121.4773612,31.2292431],[121.4768004,31.2289392],[121.476653,31.2291382],[121.4766588,31.2291773]]]}},{"type":"Feature","id":369237843,"properties":{"osm_id":369237843,"name":"","height_m":0,"height_basis":"unknown","height_tag":null,"levels_tag":null,"building":"yes","source_url":"https://www.openstreetmap.org/way/369237843"},"geometry":{"type":"Polygon","coordinates":[[[121.4780256,31.2293563],[121.4781262,31.2294079],[121.478199,31.2293042],[121.4780984,31.2292526],[121.4780256,31.2293563]]]}},{"type":"Feature","id":369237844,"properties":{"osm_id":369237844,"name":"","height_m":0,"height_basis":"unknown","height_tag":null,"levels_tag":null,"building":"yes","source_url":"https://www.openstreetmap.org/way/369237844"},"geometry":{"type":"Polygon","coordinates":[[[121.4754353,31.2342438],[121.4762139,31.2345855],[121.4762966,31.2344648],[121.4755352,31.2341336],[121.4754353,31.2342438]]]}},{"type":"Feature","id":369237846,"properties":{"osm_id":369237846,"name":"","height_m":0,"height_basis":"unknown","height_tag":null,"levels_tag":null,"building":"yes","source_url":"https://www.openstreetmap.org/way/369237846"},"geometry":{"type":"Polygon","coordinates":[[[121.4734264,31.2336202],[121.4737289,31.2337326],[121.4737888,31.2336149],[121.4734863,31.2335024],[121.4734264,31.2336202]]]}},{"type":"Feature","id":369237847,"properties":{"osm_id":369237847,"name":"","height_m":0,"height_basis":"unknown","height_tag":null,"levels_tag":null,"building":"yes","source_url":"https://www.openstreetmap.org/way/369237847"},"geometry":{"type":"Polygon","coordinates":[[[121.4782222,31.2290736],[121.4783277,31.2291309],[121.4783877,31.2290501],[121.4782821,31.2289928],[121.4782222,31.2290736]]]}},{"type":"Feature","id":369237848,"properties":{"osm_id":369237848,"name":"","height_m":0,"height_basis":"unknown","height_tag":null,"levels_tag":null,"building":"yes","source_url":"https://www.openstreetmap.org/way/369237848"},"geometry":{"type":"Polygon","coordinates":[[[121.4760772,31.2313224],[121.4763235,31.2314675],[121.4764088,31.2313617],[121.4761625,31.2312165],[121.4760772,31.2313224]]]}},{"type":"Feature","id":369237851,"properties":{"osm_id":369237851,"name":"","height_m":0,"height_basis":"unknown","height_tag":null,"levels_tag":null,"building":"yes","source_url":"https://www.openstreetmap.org/way/369237851"},"geometry":{"type":"Polygon","coordinates":[[[121.4751164,31.2302619],[121.4753033,31.2303601],[121.4753521,31.2302922],[121.4751651,31.2301941],[121.4751164,31.2302619]]]}},{"type":"Feature","id":369237852,"properties":{"osm_id":369237852,"name":"","height_m":0,"height_basis":"unknown","height_tag":null,"levels_tag":null,"building":"yes","source_url":"https://www.openstreetmap.org/way/369237852"},"geometry":{"type":"Polygon","coordinates":[[[121.4722195,31.2335846],[121.4726001,31.2337335],[121.4726251,31.2336524],[121.4726525,31.2335409],[121.4724265,31.2334526],[121.4724073,31.2334801],[121.4723633,31.2334632],[121.4723497,31.2334238],[121.4722731,31.2333927],[121.4724034,31.233251],[121.4723129,31.2331976],[121.4721368,31.2334012],[121.4721319,31.2334494],[121.4721399,31.2334958],[121.4721619,31.2335344],[121.4721852,31.2335607],[121.4722195,31.2335846]]]}},{"type":"Feature","id":369237855,"properties":{"osm_id":369237855,"name":"","height_m":0,"height_basis":"unknown","height_tag":null,"levels_tag":null,"building":"yes","source_url":"https://www.openstreetmap.org/way/369237855"},"geometry":{"type":"Polygon","coordinates":[[[121.4737576,31.2330016],[121.4743343,31.2332278],[121.4743956,31.2331135],[121.4738189,31.2328874],[121.4737576,31.2330016]]]}},{"type":"Feature","id":369237856,"properties":{"osm_id":369237856,"name":"","height_m":0,"height_basis":"unknown","height_tag":null,"levels_tag":null,"building":"yes","source_url":"https://www.openstreetmap.org/way/369237856"},"geometry":{"type":"Polygon","coordinates":[[[121.4770628,31.2288259],[121.4775006,31.229054],[121.4775561,31.2289761],[121.4771184,31.228748],[121.4770628,31.2288259]]]}},{"type":"Feature","id":369237857,"properties":{"osm_id":369237857,"name":"","height_m":0,"height_basis":"unknown","height_tag":null,"levels_tag":null,"building":"yes","source_url":"https://www.openstreetmap.org/way/369237857"},"geometry":{"type":"Polygon","coordinates":[[[121.4754645,31.2296017],[121.4757995,31.2297618],[121.4759422,31.2295435],[121.4756071,31.2293834],[121.4754645,31.2296017]]]}},{"type":"Feature","id":369237858,"properties":{"osm_id":369237858,"name":"","height_m":0,"height_basis":"unknown","height_tag":null,"levels_tag":null,"building":"yes","source_url":"https://www.openstreetmap.org/way/369237858"},"geometry":{"type":"Polygon","coordinates":[[[121.4774138,31.2284324],[121.4778389,31.2286704],[121.4779065,31.228582],[121.4774814,31.2283441],[121.4774138,31.2284324]]]}},{"type":"Feature","id":369237860,"properties":{"osm_id":369237860,"name":"","height_m":0,"height_basis":"unknown","height_tag":null,"levels_tag":null,"building":"yes","source_url":"https://www.openstreetmap.org/way/369237860"},"geometry":{"type":"Polygon","coordinates":[[[121.4757571,31.228721],[121.4764247,31.2290749],[121.4764995,31.2290613],[121.4766535,31.2288612],[121.4757304,31.228447],[121.4756864,31.228445],[121.4756455,31.2284659],[121.4756344,31.2285059],[121.4756577,31.2285368],[121.4757346,31.2285767],[121.4757128,31.22861],[121.4757002,31.2286451],[121.4757072,31.2286727],[121.4757248,31.228695],[121.4757571,31.228721]]]}},{"type":"Feature","id":369237861,"properties":{"osm_id":369237861,"name":"","height_m":0,"height_basis":"unknown","height_tag":null,"levels_tag":null,"building":"yes","source_url":"https://www.openstreetmap.org/way/369237861"},"geometry":{"type":"Polygon","coordinates":[[[121.4772964,31.2285672],[121.4777265,31.2288041],[121.4777812,31.2287315],[121.4773511,31.2284946],[121.4772964,31.2285672]]]}},{"type":"Feature","id":369237862,"properties":{"osm_id":369237862,"name":"","height_m":0,"height_basis":"unknown","height_tag":null,"levels_tag":null,"building":"yes","source_url":"https://www.openstreetmap.org/way/369237862"},"geometry":{"type":"Polygon","coordinates":[[[121.4730976,31.2336575],[121.4731098,31.2337107],[121.473142,31.2337235],[121.4731846,31.2337403],[121.473339,31.2334546],[121.4733258,31.2334267],[121.4732375,31.2333926],[121.4730976,31.2336575]]]}},{"type":"Feature","id":369237863,"properties":{"osm_id":369237863,"name":"","height_m":0,"height_basis":"unknown","height_tag":null,"levels_tag":null,"building":"yes","source_url":"https://www.openstreetmap.org/way/369237863"},"geometry":{"type":"Polygon","coordinates":[[[121.4762328,31.2298965],[121.4766466,31.2301171],[121.4767183,31.2300187],[121.4763046,31.2297981],[121.4762328,31.2298965]]]}},{"type":"Feature","id":369237864,"properties":{"osm_id":369237864,"name":"","height_m":0,"height_basis":"unknown","height_tag":null,"levels_tag":null,"building":"yes","source_url":"https://www.openstreetmap.org/way/369237864"},"geometry":{"type":"Polygon","coordinates":[[[121.4726001,31.2337335],[121.4729211,31.2338576],[121.4729505,31.2338096],[121.4729278,31.2338008],[121.4729527,31.2337571],[121.4729306,31.2337485],[121.4726954,31.2336565],[121.4726844,31.2336746],[121.4726251,31.2336524],[121.4726001,31.2337335]]]}},{"type":"Feature","id":369237865,"properties":{"osm_id":369237865,"name":"","height_m":0,"height_basis":"unknown","height_tag":null,"levels_tag":null,"building":"yes","source_url":"https://www.openstreetmap.org/way/369237865"},"geometry":{"type":"Polygon","coordinates":[[[121.4753901,31.2306841],[121.475505,31.2307496],[121.4757456,31.2304449],[121.4756345,31.2303841],[121.4753901,31.2306841]]]}},{"type":"Feature","id":369237866,"properties":{"osm_id":369237866,"name":"","height_m":0,"height_basis":"unknown","height_tag":null,"levels_tag":null,"building":"yes","source_url":"https://www.openstreetmap.org/way/369237866"},"geometry":{"type":"Polygon","coordinates":[[[121.4783493,31.2292553],[121.4786492,31.229419],[121.4787145,31.2293316],[121.4784145,31.2291679],[121.4783493,31.2292553]]]}},{"type":"Feature","id":369237869,"properties":{"osm_id":369237869,"name":"茉莉花剧场","height_m":0,"height_basis":"unknown","height_tag":null,"levels_tag":null,"building":"yes","source_url":"https://www.openstreetmap.org/way/369237869"},"geometry":{"type":"Polygon","coordinates":[[[121.473727,31.2321973],[121.4738965,31.232182],[121.4739759,31.2321679],[121.4740327,31.2321387],[121.4741794,31.2319618],[121.4741094,31.2319408],[121.4740511,31.2319236],[121.4740371,31.2319003],[121.4738708,31.2318496],[121.4738241,31.2319422],[121.4738487,31.2319494],[121.473727,31.2321973]]]}},{"type":"Feature","id":369237870,"properties":{"osm_id":369237870,"name":"港泰广场","height_m":0,"height_basis":"unknown","height_tag":null,"levels_tag":null,"building":"yes","source_url":"https://www.openstreetmap.org/way/369237870"},"geometry":{"type":"Polygon","coordinates":[[[121.4746462,31.2316687],[121.474801,31.2317525],[121.474766,31.2317972],[121.4747817,31.231851],[121.474929,31.2319271],[121.4749964,31.2319158],[121.4750277,31.231875],[121.4751777,31.2319516],[121.4752964,31.2317975],[121.4747664,31.2315169],[121.4747042,31.2315955],[121.4746462,31.2316687]]]}},{"type":"Feature","id":369237873,"properties":{"osm_id":369237873,"name":"","height_m":0,"height_basis":"unknown","height_tag":null,"levels_tag":null,"building":"yes","source_url":"https://www.openstreetmap.org/way/369237873"},"geometry":{"type":"Polygon","coordinates":[[[121.4749874,31.2337192],[121.4751432,31.2337862],[121.4752445,31.2336338],[121.4750828,31.2335647],[121.4749874,31.2337192]]]}},{"type":"Feature","id":369237875,"properties":{"osm_id":369237875,"name":"","height_m":0,"height_basis":"unknown","height_tag":null,"levels_tag":null,"building":"yes","source_url":"https://www.openstreetmap.org/way/369237875"},"geometry":{"type":"Polygon","coordinates":[[[121.4750608,31.2326206],[121.4753836,31.232785],[121.4755331,31.2325704],[121.4752125,31.2324071],[121.475177,31.2324581],[121.4751408,31.2324397],[121.4750632,31.2325512],[121.4750971,31.2325684],[121.4750608,31.2326206]]]}},{"type":"Feature","id":369237876,"properties":{"osm_id":369237876,"name":"黄浦区图书馆","height_m":0,"height_basis":"unknown","height_tag":null,"levels_tag":null,"building":"yes","source_url":"https://www.openstreetmap.org/way/369237876"},"geometry":{"type":"Polygon","coordinates":[[[121.4743028,31.2341644],[121.4744399,31.2339138],[121.4741492,31.2337976],[121.4740122,31.2340481],[121.4743028,31.2341644]]]}},{"type":"Feature","id":369237877,"properties":{"osm_id":369237877,"name":"","height_m":0,"height_basis":"unknown","height_tag":null,"levels_tag":null,"building":"yes","source_url":"https://www.openstreetmap.org/way/369237877"},"geometry":{"type":"Polygon","coordinates":[[[121.4760208,31.2301304],[121.4764092,31.2303224],[121.4764928,31.2302976],[121.4765184,31.2302641],[121.4760843,31.2300423],[121.4760208,31.2301304]]]}},{"type":"Feature","id":369237878,"properties":{"osm_id":369237878,"name":"","height_m":0,"height_basis":"unknown","height_tag":null,"levels_tag":null,"building":"yes","source_url":"https://www.openstreetmap.org/way/369237878"},"geometry":{"type":"Polygon","coordinates":[[[121.4788961,31.2291702],[121.4789369,31.2291061],[121.4788439,31.2290629],[121.4788032,31.2291269],[121.4788961,31.2291702]]]}},{"type":"Feature","id":369237879,"properties":{"osm_id":369237879,"name":"","height_m":0,"height_basis":"unknown","height_tag":null,"levels_tag":null,"building":"yes","source_url":"https://www.openstreetmap.org/way/369237879"},"geometry":{"type":"Polygon","coordinates":[[[121.4784646,31.2297797],[121.4785341,31.2298136],[121.4789259,31.2292253],[121.4788565,31.2291915],[121.4784646,31.2297797]]]}},{"type":"Feature","id":369237880,"properties":{"osm_id":369237880,"name":"","height_m":0,"height_basis":"unknown","height_tag":null,"levels_tag":null,"building":"yes","source_url":"https://www.openstreetmap.org/way/369237880"},"geometry":{"type":"Polygon","coordinates":[[[121.4779589,31.2286624],[121.4782385,31.228789],[121.4782887,31.228708],[121.4780092,31.2285814],[121.4779589,31.2286624]]]}},{"type":"Feature","id":369237881,"properties":{"osm_id":369237881,"name":"","height_m":0,"height_basis":"unknown","height_tag":null,"levels_tag":null,"building":"yes","source_url":"https://www.openstreetmap.org/way/369237881"},"geometry":{"type":"Polygon","coordinates":[[[121.4732028,31.2322365],[121.4732468,31.2322638],[121.4733714,31.2322499],[121.473396,31.2321987],[121.4733746,31.2321911],[121.473354,31.2321828],[121.4735526,31.2317254],[121.4733991,31.2316817],[121.473179,31.2321332],[121.4731772,31.2321912],[121.4732028,31.2322365]]]}},{"type":"Feature","id":369237882,"properties":{"osm_id":369237882,"name":"","height_m":0,"height_basis":"unknown","height_tag":null,"levels_tag":null,"building":"yes","source_url":"https://www.openstreetmap.org/way/369237882"},"geometry":{"type":"Polygon","coordinates":[[[121.4753034,31.2300101],[121.4755018,31.2301077],[121.4755525,31.2300323],[121.4753542,31.2299347],[121.4753034,31.2300101]]]}},{"type":"Feature","id":369237884,"properties":{"osm_id":369237884,"name":"","height_m":0,"height_basis":"unknown","height_tag":null,"levels_tag":null,"building":"yes","source_url":"https://www.openstreetmap.org/way/369237884"},"geometry":{"type":"Polygon","coordinates":[[[121.4797179,31.2316914],[121.480093,31.2318493],[121.4801485,31.2317529],[121.4797734,31.231595],[121.4797179,31.2316914]]]}},{"type":"Feature","id":369237885,"properties":{"osm_id":369237885,"name":"","height_m":0,"height_basis":"unknown","height_tag":null,"levels_tag":null,"building":"yes","source_url":"https://www.openstreetmap.org/way/369237885"},"geometry":{"type":"Polygon","coordinates":[[[121.4779039,31.2298315],[121.4782566,31.2300101],[121.4783425,31.2298886],[121.4779407,31.2296857],[121.4778794,31.2297745],[121.4779039,31.2298315]]]}},{"type":"Feature","id":369237887,"properties":{"osm_id":369237887,"name":"","height_m":0,"height_basis":"unknown","height_tag":null,"levels_tag":null,"building":"yes","source_url":"https://www.openstreetmap.org/way/369237887"},"geometry":{"type":"Polygon","coordinates":[[[121.4761394,31.2300416],[121.4765362,31.230247],[121.4766138,31.2301453],[121.476215,31.2299364],[121.4761394,31.2300416]]]}},{"type":"Feature","id":369237889,"properties":{"osm_id":369237889,"name":"","height_m":0,"height_basis":"unknown","height_tag":null,"levels_tag":null,"building":"yes","source_url":"https://www.openstreetmap.org/way/369237889"},"geometry":{"type":"Polygon","coordinates":[[[121.4765494,31.2339322],[121.4766811,31.2338349],[121.4763743,31.2331466],[121.4758725,31.2336482],[121.4765494,31.2339322]]]}},{"type":"Feature","id":369237892,"properties":{"osm_id":369237892,"name":"黄浦区青少年艺术活动中心","height_m":0,"height_basis":"unknown","height_tag":null,"levels_tag":null,"building":"yes","source_url":"https://www.openstreetmap.org/way/369237892"},"geometry":{"type":"Polygon","coordinates":[[[121.4760382,31.2349339],[121.4760862,31.2348477],[121.4761964,31.2346323],[121.4759118,31.234525],[121.4757562,31.2348321],[121.4760382,31.2349339]]]}},{"type":"Feature","id":369237893,"properties":{"osm_id":369237893,"name":"","height_m":0,"height_basis":"unknown","height_tag":null,"levels_tag":null,"building":"yes","source_url":"https://www.openstreetmap.org/way/369237893"},"geometry":{"type":"Polygon","coordinates":[[[121.475118,31.2297062],[121.475407,31.2298488],[121.4754787,31.2297424],[121.4751897,31.2295999],[121.4751796,31.2296149],[121.4751408,31.2296723],[121.475118,31.2297062]]]}},{"type":"Feature","id":369237894,"properties":{"osm_id":369237894,"name":"黄浦区人民政府","height_m":90.0,"height_basis":"levels_estimate","height_tag":null,"levels_tag":"30","building":"yes","source_url":"https://www.openstreetmap.org/way/369237894"},"geometry":{"type":"Polygon","coordinates":[[[121.4792907,31.2336592],[121.4804102,31.2338233],[121.4804447,31.2336281],[121.4801739,31.2335858],[121.4801667,31.2336126],[121.4799544,31.2335803],[121.4799544,31.2335353],[121.4797541,31.2335024],[121.4796692,31.2334881],[121.4795967,31.2334711],[121.4795278,31.2334549],[121.4794526,31.2334356],[121.4793866,31.2334154],[121.4792907,31.2336592]]]}},{"type":"Feature","id":369237895,"properties":{"osm_id":369237895,"name":"","height_m":0,"height_basis":"unknown","height_tag":null,"levels_tag":null,"building":"yes","source_url":"https://www.openstreetmap.org/way/369237895"},"geometry":{"type":"Polygon","coordinates":[[[121.4735046,31.2334253],[121.4740822,31.2336429],[121.4741333,31.2335437],[121.4735557,31.2333261],[121.4735046,31.2334253]]]}},{"type":"Feature","id":369237896,"properties":{"osm_id":369237896,"name":"","height_m":0,"height_basis":"unknown","height_tag":null,"levels_tag":null,"building":"yes","source_url":"https://www.openstreetmap.org/way/369237896"},"geometry":{"type":"Polygon","coordinates":[[[121.4760968,31.2300252],[121.4763111,31.2297508],[121.4761956,31.2296837],[121.4759719,31.229963],[121.4760968,31.2300252]]]}},{"type":"Feature","id":369237898,"properties":{"osm_id":369237898,"name":"","height_m":0,"height_basis":"unknown","height_tag":null,"levels_tag":null,"building":"yes","source_url":"https://www.openstreetmap.org/way/369237898"},"geometry":{"type":"Polygon","coordinates":[[[121.4750115,31.2342206],[121.475102,31.2342569],[121.4752127,31.2341117],[121.4751129,31.2340654],[121.4750115,31.2342206]]]}},{"type":"Feature","id":369237903,"properties":{"osm_id":369237903,"name":"","height_m":0,"height_basis":"unknown","height_tag":null,"levels_tag":null,"building":"yes","source_url":"https://www.openstreetmap.org/way/369237903"},"geometry":{"type":"Polygon","coordinates":[[[121.4782566,31.2300101],[121.4784019,31.2300852],[121.4784121,31.2300896],[121.4784221,31.2300917],[121.4784313,31.2300899],[121.4784388,31.2300852],[121.4784456,31.2300787],[121.4786019,31.2298622],[121.4784256,31.2297711],[121.4783425,31.2298886],[121.4782566,31.2300101]]]}},{"type":"Feature","id":369237905,"properties":{"osm_id":369237905,"name":"","height_m":0,"height_basis":"unknown","height_tag":null,"levels_tag":null,"building":"yes","source_url":"https://www.openstreetmap.org/way/369237905"},"geometry":{"type":"Polygon","coordinates":[[[121.476911,31.2289243],[121.4773207,31.228384],[121.477237,31.2283376],[121.4768273,31.2288779],[121.476911,31.2289243]]]}},{"type":"Feature","id":369237908,"properties":{"osm_id":369237908,"name":"","height_m":0,"height_basis":"unknown","height_tag":null,"levels_tag":null,"building":"yes","source_url":"https://www.openstreetmap.org/way/369237908"},"geometry":{"type":"Polygon","coordinates":[[[121.4763111,31.2297508],[121.4764874,31.22952],[121.4764666,31.2295085],[121.4763857,31.2294635],[121.4763732,31.2294566],[121.4761956,31.2296837],[121.4763111,31.2297508]]]}},{"type":"Feature","id":369237915,"properties":{"osm_id":369237915,"name":"","height_m":0,"height_basis":"unknown","height_tag":null,"levels_tag":null,"building":"yes","source_url":"https://www.openstreetmap.org/way/369237915"},"geometry":{"type":"Polygon","coordinates":[[[121.4781086,31.2290158],[121.4781888,31.2290612],[121.4782539,31.2289772],[121.4781737,31.2289317],[121.4781086,31.2290158]]]}},{"type":"Feature","id":369237917,"properties":{"osm_id":369237917,"name":"","height_m":0,"height_basis":"unknown","height_tag":null,"levels_tag":null,"building":"yes","source_url":"https://www.openstreetmap.org/way/369237917"},"geometry":{"type":"Polygon","coordinates":[[[121.4756968,31.2339609],[121.4765053,31.2343244],[121.4765181,31.2342544],[121.4765099,31.2341873],[121.4757995,31.2338554],[121.4756968,31.2339609]]]}},{"type":"Feature","id":369237918,"properties":{"osm_id":369237918,"name":"","height_m":0,"height_basis":"unknown","height_tag":null,"levels_tag":null,"building":"yes","source_url":"https://www.openstreetmap.org/way/369237918"},"geometry":{"type":"Polygon","coordinates":[[[121.4770456,31.2319442],[121.4771466,31.2319797],[121.4772106,31.2318462],[121.4771096,31.2318107],[121.4770456,31.2319442]]]}},{"type":"Feature","id":369237922,"properties":{"osm_id":369237922,"name":"","height_m":0,"height_basis":"unknown","height_tag":null,"levels_tag":null,"building":"yes","source_url":"https://www.openstreetmap.org/way/369237922"},"geometry":{"type":"Polygon","coordinates":[[[121.4745352,31.2339746],[121.4747399,31.234063],[121.4748139,31.2339556],[121.4746032,31.2338634],[121.4745352,31.2339746]]]}},{"type":"Feature","id":369237923,"properties":{"osm_id":369237923,"name":"","height_m":0,"height_basis":"unknown","height_tag":null,"levels_tag":null,"building":"yes","source_url":"https://www.openstreetmap.org/way/369237923"},"geometry":{"type":"Polygon","coordinates":[[[121.4776197,31.2302411],[121.4781145,31.2305096],[121.4783056,31.2302521],[121.4778107,31.2299837],[121.4776197,31.2302411]]]}},{"type":"Feature","id":369237925,"properties":{"osm_id":369237925,"name":"","height_m":0,"height_basis":"unknown","height_tag":null,"levels_tag":null,"building":"yes","source_url":"https://www.openstreetmap.org/way/369237925"},"geometry":{"type":"Polygon","coordinates":[[[121.4781341,31.2292177],[121.4782208,31.2292659],[121.4782872,31.2291786],[121.4782005,31.2291304],[121.4781341,31.2292177]]]}},{"type":"Feature","id":369237926,"properties":{"osm_id":369237926,"name":"","height_m":0,"height_basis":"unknown","height_tag":null,"levels_tag":null,"building":"yes","source_url":"https://www.openstreetmap.org/way/369237926"},"geometry":{"type":"Polygon","coordinates":[[[121.4742719,31.2337662],[121.474387,31.2338144],[121.4745621,31.2335088],[121.474447,31.2334606],[121.4742719,31.2337662]]]}},{"type":"Feature","id":369237927,"properties":{"osm_id":369237927,"name":"","height_m":0,"height_basis":"unknown","height_tag":null,"levels_tag":null,"building":"yes","source_url":"https://www.openstreetmap.org/way/369237927"},"geometry":{"type":"Polygon","coordinates":[[[121.4764086,31.2296554],[121.4768358,31.2298774],[121.4767635,31.2299791],[121.4763363,31.2297573],[121.4764086,31.2296554]]]}},{"type":"Feature","id":369237928,"properties":{"osm_id":369237928,"name":"共舞台","height_m":0,"height_basis":"unknown","height_tag":null,"levels_tag":null,"building":"yes","source_url":"https://www.openstreetmap.org/way/369237928"},"geometry":{"type":"Polygon","coordinates":[[[121.4748969,31.2308664],[121.4752699,31.2303915],[121.475199,31.2303539],[121.4752105,31.2303385],[121.4750003,31.230224],[121.4747579,31.2305465],[121.474627,31.2307207],[121.4748969,31.2308664]]]}},{"type":"Feature","id":369237929,"properties":{"osm_id":369237929,"name":"","height_m":0,"height_basis":"unknown","height_tag":null,"levels_tag":null,"building":"yes","source_url":"https://www.openstreetmap.org/way/369237929"},"geometry":{"type":"Polygon","coordinates":[[[121.4737506,31.2337403],[121.4739335,31.2338096],[121.4739935,31.2336939],[121.4738106,31.2336246],[121.4737506,31.2337403]]]}},{"type":"Feature","id":369237930,"properties":{"osm_id":369237930,"name":"黄浦区人民政府信访办公室","height_m":30.0,"height_basis":"levels_estimate","height_tag":null,"levels_tag":"10","building":"yes","source_url":"https://www.openstreetmap.org/way/369237930"},"geometry":{"type":"Polygon","coordinates":[[[121.4792179,31.234061],[121.4795148,31.2341086],[121.4795677,31.2338671],[121.4792708,31.2338195],[121.4792179,31.234061]]]}},{"type":"Feature","id":369237932,"properties":{"osm_id":369237932,"name":"","height_m":0,"height_basis":"unknown","height_tag":null,"levels_tag":null,"building":"yes","source_url":"https://www.openstreetmap.org/way/369237932"},"geometry":{"type":"Polygon","coordinates":[[[121.475344,31.2303404],[121.4754383,31.2303954],[121.475609,31.2301853],[121.4755179,31.2301395],[121.475344,31.2303404]]]}},{"type":"Feature","id":369237933,"properties":{"osm_id":369237933,"name":"","height_m":0,"height_basis":"unknown","height_tag":null,"levels_tag":null,"building":"yes","source_url":"https://www.openstreetmap.org/way/369237933"},"geometry":{"type":"Polygon","coordinates":[[[121.474328,31.2332514],[121.4737437,31.2330177],[121.4736833,31.2331281],[121.4742676,31.2333618],[121.474328,31.2332514]]]}},{"type":"Feature","id":369237935,"properties":{"osm_id":369237935,"name":"","height_m":0,"height_basis":"unknown","height_tag":null,"levels_tag":null,"building":"yes","source_url":"https://www.openstreetmap.org/way/369237935"},"geometry":{"type":"Polygon","coordinates":[[[121.4769615,31.228952],[121.4774131,31.2291886],[121.4774747,31.2291025],[121.4770231,31.228866],[121.4769615,31.228952]]]}},{"type":"Feature","id":369237937,"properties":{"osm_id":369237937,"name":"八仙商务楼","height_m":0,"height_basis":"unknown","height_tag":null,"levels_tag":null,"building":"yes","source_url":"https://www.openstreetmap.org/way/369237937"},"geometry":{"type":"Polygon","coordinates":[[[121.4750825,31.234605],[121.4750802,31.2346351],[121.4750912,31.2346598],[121.4751157,31.2346818],[121.4754206,31.2347922],[121.4756143,31.2344078],[121.475632,31.2343728],[121.4753815,31.2342758],[121.4752771,31.2342363],[121.4750825,31.234605]]]}},{"type":"Feature","id":369237938,"properties":{"osm_id":369237938,"name":"世界贸易大厦","height_m":150.0,"height_basis":"levels_estimate","height_tag":null,"levels_tag":"50","building":"yes","source_url":"https://www.openstreetmap.org/way/369237938"},"geometry":{"type":"Polygon","coordinates":[[[121.4770332,31.2346854],[121.4774375,31.2348428],[121.4776064,31.2345256],[121.4772021,31.2343682],[121.4770332,31.2346854]]]}},{"type":"Feature","id":369237939,"properties":{"osm_id":369237939,"name":"","height_m":0,"height_basis":"unknown","height_tag":null,"levels_tag":null,"building":"yes","source_url":"https://www.openstreetmap.org/way/369237939"},"geometry":{"type":"Polygon","coordinates":[[[121.4785719,31.2298398],[121.4786641,31.2298853],[121.4790023,31.2293844],[121.4789101,31.2293388],[121.4785719,31.2298398]]]}},{"type":"Feature","id":369237940,"properties":{"osm_id":369237940,"name":"","height_m":0,"height_basis":"unknown","height_tag":null,"levels_tag":null,"building":"yes","source_url":"https://www.openstreetmap.org/way/369237940"},"geometry":{"type":"Polygon","coordinates":[[[121.4772542,31.2306203],[121.4777867,31.2308889],[121.477947,31.2306565],[121.4774145,31.230388],[121.4772542,31.2306203]]]}},{"type":"Feature","id":369237941,"properties":{"osm_id":369237941,"name":"","height_m":0,"height_basis":"unknown","height_tag":null,"levels_tag":null,"building":"yes","source_url":"https://www.openstreetmap.org/way/369237941"},"geometry":{"type":"Polygon","coordinates":[[[121.4782423,31.2288272],[121.4784759,31.2289364],[121.4785304,31.2288511],[121.4782968,31.2287419],[121.4782423,31.2288272]]]}},{"type":"Feature","id":369237942,"properties":{"osm_id":369237942,"name":"","height_m":0,"height_basis":"unknown","height_tag":null,"levels_tag":null,"building":"yes","source_url":"https://www.openstreetmap.org/way/369237942"},"geometry":{"type":"Polygon","coordinates":[[[121.4758923,31.2312474],[121.4760298,31.2313234],[121.4761957,31.231104],[121.4760583,31.231028],[121.4758923,31.2312474]]]}},{"type":"Feature","id":369237943,"properties":{"osm_id":369237943,"name":"","height_m":0,"height_basis":"unknown","height_tag":null,"levels_tag":null,"building":"yes","source_url":"https://www.openstreetmap.org/way/369237943"},"geometry":{"type":"Polygon","coordinates":[[[121.4777662,31.2292032],[121.4779954,31.2293265],[121.4780612,31.229237],[121.477832,31.2291137],[121.4777662,31.2292032]]]}},{"type":"Feature","id":369237946,"properties":{"osm_id":369237946,"name":"","height_m":0,"height_basis":"unknown","height_tag":null,"levels_tag":null,"building":"yes","source_url":"https://www.openstreetmap.org/way/369237946"},"geometry":{"type":"Polygon","coordinates":[[[121.4776371,31.2292781],[121.4780161,31.2287703],[121.4779223,31.2287191],[121.4775432,31.2292269],[121.4776371,31.2292781]]]}},{"type":"Feature","id":369237947,"properties":{"osm_id":369237947,"name":"","height_m":18.0,"height_basis":"levels_estimate","height_tag":null,"levels_tag":"6","building":"yes","source_url":"https://www.openstreetmap.org/way/369237947"},"geometry":{"type":"Polygon","coordinates":[[[121.4773201,31.2332922],[121.4773449,31.2333019],[121.4773057,31.2333745],[121.4774467,31.2334301],[121.4774826,31.2333635],[121.4775663,31.2333965],[121.4776013,31.2333316],[121.4775824,31.2333241],[121.4776119,31.2332694],[121.4773956,31.2331842],[121.4773653,31.2332404],[121.477351,31.2332348],[121.4773201,31.2332922]]]}},{"type":"Feature","id":369237948,"properties":{"osm_id":369237948,"name":"远洋商业大厦","height_m":0,"height_basis":"unknown","height_tag":null,"levels_tag":null,"building":"office","source_url":"https://www.openstreetmap.org/way/369237948"},"geometry":{"type":"Polygon","coordinates":[[[121.4766494,31.232406],[121.4755195,31.2318175],[121.4753336,31.2320786],[121.4764636,31.2326669],[121.4766494,31.232406]]]}},{"type":"Feature","id":369237950,"properties":{"osm_id":369237950,"name":"","height_m":0,"height_basis":"unknown","height_tag":null,"levels_tag":null,"building":"yes","source_url":"https://www.openstreetmap.org/way/369237950"},"geometry":{"type":"Polygon","coordinates":[[[121.4779312,31.2294621],[121.4780307,31.2295071],[121.4780792,31.2294285],[121.4779797,31.2293836],[121.4779312,31.2294621]]]}},{"type":"Feature","id":369237952,"properties":{"osm_id":369237952,"name":"","height_m":0,"height_basis":"unknown","height_tag":null,"levels_tag":null,"building":"yes","source_url":"https://www.openstreetmap.org/way/369237952"},"geometry":{"type":"Polygon","coordinates":[[[121.4758803,31.2294232],[121.4761285,31.2295548],[121.4762773,31.2293496],[121.4762405,31.2293301],[121.4762281,31.2293],[121.4760415,31.229201],[121.4758803,31.2294232]]]}},{"type":"Feature","id":369237953,"properties":{"osm_id":369237953,"name":"","height_m":0,"height_basis":"unknown","height_tag":null,"levels_tag":null,"building":"yes","source_url":"https://www.openstreetmap.org/way/369237953"},"geometry":{"type":"Polygon","coordinates":[[[121.4771637,31.2286851],[121.4776091,31.2289285],[121.4776685,31.228849],[121.4772231,31.2286056],[121.4771637,31.2286851]]]}},{"type":"Feature","id":369237955,"properties":{"osm_id":369237955,"name":"","height_m":0,"height_basis":"unknown","height_tag":null,"levels_tag":null,"building":"yes","source_url":"https://www.openstreetmap.org/way/369237955"},"geometry":{"type":"Polygon","coordinates":[[[121.4733307,31.2337326],[121.4737927,31.2339116],[121.4738325,31.2338365],[121.4733705,31.2336575],[121.4733307,31.2337326]]]}},{"type":"Feature","id":369237956,"properties":{"osm_id":369237956,"name":"","height_m":0,"height_basis":"unknown","height_tag":null,"levels_tag":null,"building":"yes","source_url":"https://www.openstreetmap.org/way/369237956"},"geometry":{"type":"Polygon","coordinates":[[[121.4750889,31.2306589],[121.4751839,31.2307143],[121.4752713,31.230605],[121.4751763,31.2305495],[121.4750889,31.2306589]]]}},{"type":"Feature","id":369237957,"properties":{"osm_id":369237957,"name":"","height_m":0,"height_basis":"unknown","height_tag":null,"levels_tag":null,"building":"yes","source_url":"https://www.openstreetmap.org/way/369237957"},"geometry":{"type":"Polygon","coordinates":[[[121.477861,31.2290518],[121.4781035,31.2291882],[121.4781637,31.2291099],[121.4779212,31.2289735],[121.477861,31.2290518]]]}},{"type":"Feature","id":369237959,"properties":{"osm_id":369237959,"name":"","height_m":0,"height_basis":"unknown","height_tag":null,"levels_tag":null,"building":"yes","source_url":"https://www.openstreetmap.org/way/369237959"},"geometry":{"type":"Polygon","coordinates":[[[121.4779758,31.2296581],[121.4783153,31.2298312],[121.4783829,31.2297377],[121.4780472,31.2295581],[121.4779758,31.2296581]]]}},{"type":"Feature","id":369237961,"properties":{"osm_id":369237961,"name":"","height_m":0,"height_basis":"unknown","height_tag":null,"levels_tag":null,"building":"yes","source_url":"https://www.openstreetmap.org/way/369237961"},"geometry":{"type":"Polygon","coordinates":[[[121.4762704,31.2349119],[121.4763903,31.2347058],[121.4761964,31.2346323],[121.4760862,31.2348477],[121.4762704,31.2349119]]]}},{"type":"Feature","id":369237962,"properties":{"osm_id":369237962,"name":"","height_m":0,"height_basis":"unknown","height_tag":null,"levels_tag":null,"building":"yes","source_url":"https://www.openstreetmap.org/way/369237962"},"geometry":{"type":"Polygon","coordinates":[[[121.4744711,31.2337896],[121.4745627,31.2338275],[121.4747107,31.2335656],[121.4746191,31.2335277],[121.4744711,31.2337896]]]}},{"type":"Feature","id":369237964,"properties":{"osm_id":369237964,"name":"","height_m":0,"height_basis":"unknown","height_tag":null,"levels_tag":null,"building":"yes","source_url":"https://www.openstreetmap.org/way/369237964"},"geometry":{"type":"Polygon","coordinates":[[[121.4782719,31.2296269],[121.4784646,31.2297208],[121.4785153,31.2296448],[121.4783226,31.2295509],[121.4782719,31.2296269]]]}},{"type":"Feature","id":369237966,"properties":{"osm_id":369237966,"name":"","height_m":0,"height_basis":"unknown","height_tag":null,"levels_tag":null,"building":"yes","source_url":"https://www.openstreetmap.org/way/369237966"},"geometry":{"type":"Polygon","coordinates":[[[121.4796344,31.2317904],[121.4800238,31.2319608],[121.4800709,31.2318821],[121.4796815,31.2317116],[121.4796344,31.2317904]]]}},{"type":"Feature","id":369237967,"properties":{"osm_id":369237967,"name":"","height_m":0,"height_basis":"unknown","height_tag":null,"levels_tag":null,"building":"yes","source_url":"https://www.openstreetmap.org/way/369237967"},"geometry":{"type":"Polygon","coordinates":[[[121.4736038,31.2332617],[121.4741688,31.2334793],[121.4742207,31.2333807],[121.4736558,31.2331631],[121.4736038,31.2332617]]]}},{"type":"Feature","id":369237968,"properties":{"osm_id":369237968,"name":"","height_m":0,"height_basis":"unknown","height_tag":null,"levels_tag":null,"building":"yes","source_url":"https://www.openstreetmap.org/way/369237968"},"geometry":{"type":"Polygon","coordinates":[[[121.4732314,31.2339735],[121.4736633,31.2341318],[121.4737175,31.2340237],[121.4732855,31.2338654],[121.4732314,31.2339735]]]}},{"type":"Feature","id":369237969,"properties":{"osm_id":369237969,"name":"","height_m":0,"height_basis":"unknown","height_tag":null,"levels_tag":null,"building":"yes","source_url":"https://www.openstreetmap.org/way/369237969"},"geometry":{"type":"Polygon","coordinates":[[[121.4769885,31.2297159],[121.4770679,31.2296057],[121.4770559,31.2295648],[121.4766035,31.2293281],[121.476527,31.2294286],[121.4765032,31.22946],[121.4769885,31.2297159]]]}},{"type":"Feature","id":369237971,"properties":{"osm_id":369237971,"name":"","height_m":0,"height_basis":"unknown","height_tag":null,"levels_tag":null,"building":"yes","source_url":"https://www.openstreetmap.org/way/369237971"},"geometry":{"type":"Polygon","coordinates":[[[121.4793863,31.2306144],[121.4798841,31.2308719],[121.479939,31.2308557],[121.4799939,31.2307704],[121.4794631,31.230509],[121.4793863,31.2306144]]]}},{"type":"Feature","id":369237973,"properties":{"osm_id":369237973,"name":"","height_m":0,"height_basis":"unknown","height_tag":null,"levels_tag":null,"building":"yes","source_url":"https://www.openstreetmap.org/way/369237973"},"geometry":{"type":"Polygon","coordinates":[[[121.4752583,31.2294629],[121.4753693,31.2295172],[121.4754554,31.2293888],[121.4753444,31.2293344],[121.4752583,31.2294629]]]}},{"type":"Feature","id":369237974,"properties":{"osm_id":369237974,"name":"黄浦区区机关党工委","height_m":24.0,"height_basis":"levels_estimate","height_tag":null,"levels_tag":"8","building":"yes","source_url":"https://www.openstreetmap.org/way/369237974"},"geometry":{"type":"Polygon","coordinates":[[[121.4785456,31.2336217],[121.4790638,31.2337352],[121.4791379,31.2334881],[121.4786197,31.2333745],[121.4785456,31.2336217]]]}},{"type":"Feature","id":369237975,"properties":{"osm_id":369237975,"name":"","height_m":0,"height_basis":"unknown","height_tag":null,"levels_tag":null,"building":"yes","source_url":"https://www.openstreetmap.org/way/369237975"},"geometry":{"type":"Polygon","coordinates":[[[121.4747317,31.2340764],[121.4749918,31.2341835],[121.4750812,31.2340467],[121.4748275,31.2339359],[121.4748139,31.2339556],[121.4747399,31.234063],[121.4747317,31.2340764]]]}},{"type":"Feature","id":369237977,"properties":{"osm_id":369237977,"name":"","height_m":0,"height_basis":"unknown","height_tag":null,"levels_tag":null,"building":"yes","source_url":"https://www.openstreetmap.org/way/369237977"},"geometry":{"type":"Polygon","coordinates":[[[121.4752025,31.2301496],[121.4753923,31.2302495],[121.4754466,31.2301741],[121.4752568,31.2300742],[121.4752025,31.2301496]]]}},{"type":"Feature","id":369237978,"properties":{"osm_id":369237978,"name":"","height_m":0,"height_basis":"unknown","height_tag":null,"levels_tag":null,"building":"yes","source_url":"https://www.openstreetmap.org/way/369237978"},"geometry":{"type":"Polygon","coordinates":[[[121.4732855,31.2338654],[121.4737175,31.2340237],[121.4737505,31.2339578],[121.4733186,31.2337995],[121.4732855,31.2338654]]]}},{"type":"Feature","id":369237979,"properties":{"osm_id":369237979,"name":"","height_m":21.0,"height_basis":"levels_estimate","height_tag":null,"levels_tag":"7","building":"yes","source_url":"https://www.openstreetmap.org/way/369237979"},"geometry":{"type":"Polygon","coordinates":[[[121.4773027,31.2294627],[121.4773117,31.2294997],[121.4777913,31.2297551],[121.4779557,31.2295482],[121.4774482,31.2292829],[121.4773027,31.2294627]]]}},{"type":"Feature","id":369237981,"properties":{"osm_id":369237981,"name":"","height_m":0,"height_basis":"unknown","height_tag":null,"levels_tag":null,"building":"yes","source_url":"https://www.openstreetmap.org/way/369237981"},"geometry":{"type":"Polygon","coordinates":[[[121.4764387,31.2296206],[121.4768695,31.2298519],[121.4769442,31.2297501],[121.4765134,31.2295189],[121.4764387,31.2296206]]]}},{"type":"Feature","id":369237982,"properties":{"osm_id":369237982,"name":"中福现代城","height_m":150.0,"height_basis":"levels_estimate","height_tag":null,"levels_tag":"50","building":"yes","source_url":"https://www.openstreetmap.org/way/369237982"},"geometry":{"type":"Polygon","coordinates":[[[121.4798919,31.234352],[121.4801433,31.2343922],[121.4801752,31.2343938],[121.480209,31.2343886],[121.4802389,31.2343747],[121.4802562,31.2343525],[121.4802638,31.2343277],[121.4803295,31.2340281],[121.4801038,31.233992],[121.4800452,31.2342599],[121.4799166,31.2342393],[121.4798919,31.234352]]]}},{"type":"Feature","id":369237983,"properties":{"osm_id":369237983,"name":"浙江电影院","height_m":0,"height_basis":"unknown","height_tag":null,"levels_tag":null,"building":"yes","source_url":"https://www.openstreetmap.org/way/369237983"},"geometry":{"type":"Polygon","coordinates":[[[121.4750629,31.2339882],[121.4752772,31.234086],[121.4754539,31.2338903],[121.4753546,31.2338351],[121.4752973,31.2339028],[121.4752498,31.233879],[121.475167,31.2338397],[121.4750629,31.2339882]]]}},{"type":"Feature","id":369237985,"properties":{"osm_id":369237985,"name":"","height_m":0,"height_basis":"unknown","height_tag":null,"levels_tag":null,"building":"yes","source_url":"https://www.openstreetmap.org/way/369237985"},"geometry":{"type":"Polygon","coordinates":[[[121.478046,31.2289645],[121.4781596,31.2288051],[121.4780722,31.2287595],[121.4779586,31.2289189],[121.478046,31.2289645]]]}},{"type":"Feature","id":369237986,"properties":{"osm_id":369237986,"name":"华鑫海欣大厦","height_m":78.0,"height_basis":"levels_estimate","height_tag":null,"levels_tag":"26","building":"commercial","source_url":"https://www.openstreetmap.org/way/369237986"},"geometry":{"type":"Polygon","coordinates":[[[121.4733903,31.2347335],[121.4735997,31.2343184],[121.4731662,31.2341585],[121.4729568,31.2345737],[121.4733903,31.2347335]]]}},{"type":"Feature","id":369237991,"properties":{"osm_id":369237991,"name":"","height_m":0,"height_basis":"unknown","height_tag":null,"levels_tag":null,"building":"yes","source_url":"https://www.openstreetmap.org/way/369237991"},"geometry":{"type":"Polygon","coordinates":[[[121.4752576,31.2304486],[121.4753518,31.2305036],[121.4754383,31.2303954],[121.475344,31.2303404],[121.4752576,31.2304486]]]}},{"type":"Feature","id":369237992,"properties":{"osm_id":369237992,"name":"","height_m":0,"height_basis":"unknown","height_tag":null,"levels_tag":null,"building":"yes","source_url":"https://www.openstreetmap.org/way/369237992"},"geometry":{"type":"Polygon","coordinates":[[[121.4755671,31.2341029],[121.4764705,31.234513],[121.4764931,31.2343773],[121.4756659,31.2339999],[121.4755671,31.2341029]]]}},{"type":"Feature","id":369237993,"properties":{"osm_id":369237993,"name":"","height_m":0,"height_basis":"unknown","height_tag":null,"levels_tag":null,"building":"yes","source_url":"https://www.openstreetmap.org/way/369237993"},"geometry":{"type":"Polygon","coordinates":[[[121.4755179,31.2301395],[121.475609,31.2301853],[121.4756412,31.2301445],[121.4756174,31.2300621],[121.4755525,31.2300323],[121.4755018,31.2301077],[121.4755306,31.2301221],[121.4755179,31.2301395]]]}},{"type":"Feature","id":369237994,"properties":{"osm_id":369237994,"name":"","height_m":0,"height_basis":"unknown","height_tag":null,"levels_tag":null,"building":"yes","source_url":"https://www.openstreetmap.org/way/369237994"},"geometry":{"type":"Polygon","coordinates":[[[121.476527,31.2294286],[121.4766035,31.2293281],[121.476562,31.2293054],[121.476503,31.2293145],[121.4764459,31.2293838],[121.476527,31.2294286]]]}},{"type":"Feature","id":369237995,"properties":{"osm_id":369237995,"name":"","height_m":0,"height_basis":"unknown","height_tag":null,"levels_tag":null,"building":"yes","source_url":"https://www.openstreetmap.org/way/369237995"},"geometry":{"type":"Polygon","coordinates":[[[121.4753983,31.230886],[121.475505,31.2307496],[121.4753901,31.2306841],[121.475284,31.2308188],[121.4753983,31.230886]]]}},{"type":"Feature","id":369237996,"properties":{"osm_id":369237996,"name":"","height_m":0,"height_basis":"unknown","height_tag":null,"levels_tag":null,"building":"yes","source_url":"https://www.openstreetmap.org/way/369237996"},"geometry":{"type":"Polygon","coordinates":[[[121.4785785,31.2290158],[121.4787779,31.2291046],[121.4788196,31.2290361],[121.4786436,31.2289589],[121.4786057,31.2289711],[121.4785785,31.2290158]]]}},{"type":"Feature","id":369237997,"properties":{"osm_id":369237997,"name":"亚龙国际广场","height_m":0,"height_basis":"unknown","height_tag":null,"levels_tag":null,"building":"yes","source_url":"https://www.openstreetmap.org/way/369237997"},"geometry":{"type":"Polygon","coordinates":[[[121.4751807,31.2290369],[121.475466,31.2291836],[121.4755012,31.2291335],[121.4756387,31.2292041],[121.4756014,31.2292571],[121.4757747,31.2293462],[121.4759525,31.2290934],[121.4754753,31.2288479],[121.4754436,31.2288929],[121.4753779,31.2288894],[121.4753241,31.2289046],[121.4752788,31.2289362],[121.4751807,31.2290369]]]}},{"type":"Feature","id":369237998,"properties":{"osm_id":369237998,"name":"","height_m":0,"height_basis":"unknown","height_tag":null,"levels_tag":null,"building":"yes","source_url":"https://www.openstreetmap.org/way/369237998"},"geometry":{"type":"Polygon","coordinates":[[[121.4749175,31.2308756],[121.4749685,31.2309052],[121.47504,31.2308925],[121.4750893,31.2308305],[121.4749962,31.2307764],[121.4749175,31.2308756]]]}},{"type":"Feature","id":369237999,"properties":{"osm_id":369237999,"name":"","height_m":0,"height_basis":"unknown","height_tag":null,"levels_tag":null,"building":"yes","source_url":"https://www.openstreetmap.org/way/369237999"},"geometry":{"type":"Polygon","coordinates":[[[121.4786884,31.2302497],[121.4787717,31.2301354],[121.4787799,31.2301195],[121.4786355,31.2300461],[121.4785692,31.2301414],[121.4785837,31.2301979],[121.4786884,31.2302497]]]}},{"type":"Feature","id":369238000,"properties":{"osm_id":369238000,"name":"","height_m":0,"height_basis":"unknown","height_tag":null,"levels_tag":null,"building":"yes","source_url":"https://www.openstreetmap.org/way/369238000"},"geometry":{"type":"Polygon","coordinates":[[[121.4756345,31.2303841],[121.4757456,31.2304449],[121.475854,31.2302905],[121.4758909,31.2303081],[121.4759441,31.2302218],[121.4758707,31.2301865],[121.4757796,31.2301997],[121.4756345,31.2303841]]]}},{"type":"Feature","id":369238002,"properties":{"osm_id":369238002,"name":"","height_m":90.0,"height_basis":"levels_estimate","height_tag":null,"levels_tag":"30","building":"yes","source_url":"https://www.openstreetmap.org/way/369238002"},"geometry":{"type":"Polygon","coordinates":[[[121.4773279,31.2338696],[121.4774102,31.2337275],[121.4774011,31.233713],[121.4773879,31.2336973],[121.4773869,31.2336729],[121.4773797,31.2336464],[121.477366,31.2336216],[121.4773421,31.2335951],[121.4773426,31.2335763],[121.4773258,31.2335566],[121.4771639,31.233498],[121.4770829,31.2336567],[121.4771014,31.2337446],[121.4771511,31.2338103],[121.4773279,31.2338696]]]}},{"type":"Feature","id":369238003,"properties":{"osm_id":369238003,"name":"","height_m":0,"height_basis":"unknown","height_tag":null,"levels_tag":null,"building":"yes","source_url":"https://www.openstreetmap.org/way/369238003"},"geometry":{"type":"Polygon","coordinates":[[[121.4753968,31.2309683],[121.4757794,31.2311704],[121.4758673,31.2310668],[121.4754762,31.2308603],[121.4753968,31.2309683]]]}},{"type":"Feature","id":369238004,"properties":{"osm_id":369238004,"name":"","height_m":0,"height_basis":"unknown","height_tag":null,"levels_tag":null,"building":"yes","source_url":"https://www.openstreetmap.org/way/369238004"},"geometry":{"type":"Polygon","coordinates":[[[121.4780939,31.2295318],[121.4782131,31.2295992],[121.4783291,31.2294742],[121.4785379,31.2295906],[121.4786244,31.2294786],[121.4783015,31.229296],[121.4780939,31.2295318]]]}},{"type":"Feature","id":369238006,"properties":{"osm_id":369238006,"name":"","height_m":15.0,"height_basis":"levels_estimate","height_tag":null,"levels_tag":"5","building":"office","source_url":"https://www.openstreetmap.org/way/369238006"},"geometry":{"type":"Polygon","coordinates":[[[121.4799684,31.2327342],[121.4804432,31.2328839],[121.4805587,31.2328376],[121.480602,31.2327666],[121.4806146,31.2325721],[121.4801959,31.2323452],[121.4799684,31.2327342]]]}},{"type":"Feature","id":369238007,"properties":{"osm_id":369238007,"name":"大世界","height_m":30.0,"height_basis":"osm_height","height_tag":"30","levels_tag":"5","building":"yes","source_url":"https://www.openstreetmap.org/way/369238007"},"geometry":{"type":"Polygon","coordinates":[[[121.47437,31.2305832],[121.474627,31.2307207],[121.4747579,31.2305465],[121.474524,31.2304297],[121.4748245,31.2299601],[121.4750995,31.2300967],[121.4752268,31.2299272],[121.4748936,31.2297608],[121.4749154,31.2297313],[121.4748203,31.2296865],[121.4747452,31.2297021],[121.4743424,31.2301963],[121.4742956,31.2302941],[121.4743188,31.2303086],[121.4743281,31.230329],[121.474282,31.2303552],[121.474282,31.2304033],[121.4743314,31.2304267],[121.4743214,31.2304465],[121.4742971,31.2304538],[121.4743118,31.2305362],[121.47437,31.2305832]]]}},{"type":"Feature","id":369238008,"properties":{"osm_id":369238008,"name":"","height_m":0,"height_basis":"unknown","height_tag":null,"levels_tag":null,"building":"yes","source_url":"https://www.openstreetmap.org/way/369238008"},"geometry":{"type":"Polygon","coordinates":[[[121.4775839,31.2282522],[121.4780528,31.2284199],[121.478149,31.2282235],[121.4780775,31.2281979],[121.4780983,31.2281554],[121.4777008,31.2280132],[121.4775839,31.2282522]]]}},{"type":"Feature","id":369238009,"properties":{"osm_id":369238009,"name":"","height_m":0,"height_basis":"unknown","height_tag":null,"levels_tag":null,"building":"yes","source_url":"https://www.openstreetmap.org/way/369238009"},"geometry":{"type":"Polygon","coordinates":[[[121.4754206,31.2347922],[121.4756143,31.2344078],[121.4758519,31.2344969],[121.4757491,31.2346938],[121.4756928,31.234673],[121.4755932,31.2348537],[121.4754206,31.2347922]]]}},{"type":"Feature","id":369238011,"properties":{"osm_id":369238011,"name":"","height_m":0,"height_basis":"unknown","height_tag":null,"levels_tag":null,"building":"yes","source_url":"https://www.openstreetmap.org/way/369238011"},"geometry":{"type":"Polygon","coordinates":[[[121.4747116,31.2330126],[121.4752871,31.2333096],[121.4753392,31.2332357],[121.4754358,31.2332091],[121.4754892,31.2331334],[121.4755219,31.2331502],[121.4756787,31.2329322],[121.4757247,31.2329559],[121.4759794,31.2326968],[121.4756604,31.2325285],[121.4756447,31.2325506],[121.4755747,31.2325165],[121.4755331,31.2325704],[121.4753836,31.232785],[121.475481,31.2328353],[121.4752817,31.2331134],[121.4748116,31.232871],[121.4747116,31.2330126]]]}},{"type":"Feature","id":369238012,"properties":{"osm_id":369238012,"name":"外滩街道社区卫生服务中心","height_m":0,"height_basis":"unknown","height_tag":null,"levels_tag":null,"building":"yes","source_url":"https://www.openstreetmap.org/way/369238012"},"geometry":{"type":"Polygon","coordinates":[[[121.4772843,31.2299209],[121.4774172,31.2297488],[121.4772142,31.2296413],[121.4771517,31.2296468],[121.4769301,31.229918],[121.4770993,31.2300067],[121.4771991,31.229877],[121.4772843,31.2299209]]]}},{"type":"Feature","id":369238013,"properties":{"osm_id":369238013,"name":"","height_m":90.0,"height_basis":"levels_estimate","height_tag":null,"levels_tag":"30","building":"yes","source_url":"https://www.openstreetmap.org/way/369238013"},"geometry":{"type":"Polygon","coordinates":[[[121.4775261,31.2339563],[121.4777128,31.2340286],[121.4777217,31.2340167],[121.4777568,31.2340198],[121.4778021,31.2340114],[121.4778331,31.2339941],[121.4778599,31.2339726],[121.4778838,31.2339668],[121.4779669,31.2338086],[121.4777926,31.2337392],[121.4776101,31.2338032],[121.4775261,31.2339563]]]}},{"type":"Feature","id":369238014,"properties":{"osm_id":369238014,"name":"青莲阁大楼","height_m":0,"height_basis":"unknown","height_tag":null,"levels_tag":null,"building":"yes","source_url":"https://www.openstreetmap.org/way/369238014"},"geometry":{"type":"Polygon","coordinates":[[[121.4760322,31.2350111],[121.4760977,31.2348706],[121.4763081,31.234944],[121.4764372,31.2347154],[121.476593,31.2347822],[121.4764315,31.2350767],[121.4763366,31.2351153],[121.4760322,31.2350111]]]}},{"type":"Feature","id":369238016,"properties":{"osm_id":369238016,"name":"","height_m":0,"height_basis":"unknown","height_tag":null,"levels_tag":null,"building":"yes","source_url":"https://www.openstreetmap.org/way/369238016"},"geometry":{"type":"Polygon","coordinates":[[[121.4767882,31.2309172],[121.4768937,31.2307921],[121.4766279,31.2306281],[121.4765334,31.2307401],[121.4766334,31.2308018],[121.4764536,31.2310149],[121.4765573,31.2310788],[121.476726,31.2308788],[121.4767882,31.2309172]]]}},{"type":"Feature","id":369238017,"properties":{"osm_id":369238017,"name":"商悦青年会大酒店","height_m":0,"height_basis":"unknown","height_tag":null,"levels_tag":null,"building":"yes","source_url":"https://www.openstreetmap.org/way/369238017"},"geometry":{"type":"Polygon","coordinates":[[[121.4750119,31.2294736],[121.475168,31.2291621],[121.475057,31.2291184],[121.4749083,31.2294248],[121.4750119,31.2294736]]]}},{"type":"Feature","id":369238019,"properties":{"osm_id":369238019,"name":"","height_m":0,"height_basis":"unknown","height_tag":null,"levels_tag":null,"building":"yes","source_url":"https://www.openstreetmap.org/way/369238019"},"geometry":{"type":"Polygon","coordinates":[[[121.4781429,31.2284451],[121.4783468,31.2280122],[121.4784479,31.228047],[121.4783963,31.2281566],[121.4786716,31.2282514],[121.4786296,31.2283404],[121.4787844,31.2283937],[121.4786741,31.228628],[121.4781429,31.2284451]]]}},{"type":"Feature","id":369238020,"properties":{"osm_id":369238020,"name":"新黄浦酒店公寓","height_m":0,"height_basis":"unknown","height_tag":null,"levels_tag":null,"building":"yes","source_url":"https://www.openstreetmap.org/way/369238020"},"geometry":{"type":"Polygon","coordinates":[[[121.4769634,31.2304818],[121.4771912,31.2303782],[121.4770283,31.2301162],[121.4768511,31.2301967],[121.4768891,31.2302579],[121.476729,31.2303306],[121.4768018,31.2304477],[121.4769113,31.2303979],[121.4769634,31.2304818]]]}},{"type":"Feature","id":369238021,"properties":{"osm_id":369238021,"name":"","height_m":0,"height_basis":"unknown","height_tag":null,"levels_tag":null,"building":"yes","source_url":"https://www.openstreetmap.org/way/369238021"},"geometry":{"type":"Polygon","coordinates":[[[121.476596,31.2317867],[121.476968,31.2319341],[121.4770451,31.2317918],[121.4769814,31.2317666],[121.4770301,31.2316768],[121.4769982,31.2316641],[121.477076,31.2315205],[121.4767996,31.231411],[121.476596,31.2317867]]]}},{"type":"Feature","id":369238022,"properties":{"osm_id":369238022,"name":"","height_m":0,"height_basis":"unknown","height_tag":null,"levels_tag":null,"building":"yes","source_url":"https://www.openstreetmap.org/way/369238022"},"geometry":{"type":"Polygon","coordinates":[[[121.4758909,31.2303081],[121.475879,31.2303241],[121.4762319,31.2304995],[121.4762373,31.2305264],[121.4762945,31.2305535],[121.4763479,31.2304953],[121.4763209,31.2304095],[121.4759441,31.2302218],[121.4758909,31.2303081]]]}},{"type":"Feature","id":369238023,"properties":{"osm_id":369238023,"name":"","height_m":0,"height_basis":"unknown","height_tag":null,"levels_tag":null,"building":"yes","source_url":"https://www.openstreetmap.org/way/369238023"},"geometry":{"type":"Polygon","coordinates":[[[121.4746161,31.2338341],[121.4748221,31.2339249],[121.4748547,31.2338781],[121.4749212,31.2337734],[121.4748771,31.2337539],[121.4749962,31.2335492],[121.4749269,31.2335196],[121.4748458,31.233485],[121.4746161,31.2338341]]]}},{"type":"Feature","id":369238024,"properties":{"osm_id":369238024,"name":"","height_m":36.0,"height_basis":"levels_estimate","height_tag":null,"levels_tag":"12","building":"yes","source_url":"https://www.openstreetmap.org/way/369238024"},"geometry":{"type":"Polygon","coordinates":[[[121.479726,31.2341783],[121.4792056,31.2340929],[121.4791608,31.2342925],[121.4796812,31.2343779],[121.479726,31.2341783]]]}},{"type":"Feature","id":369317444,"properties":{"osm_id":369317444,"name":"","height_m":0,"height_basis":"unknown","height_tag":null,"levels_tag":null,"building":"yes","source_url":"https://www.openstreetmap.org/way/369317444"},"geometry":{"type":"Polygon","coordinates":[[[121.4665428,31.2307123],[121.4665587,31.2306745],[121.466552,31.2306325],[121.4665361,31.2305996],[121.4665122,31.2305678],[121.4664857,31.230544],[121.4663927,31.2304895],[121.4662892,31.2306507],[121.466468,31.2307284],[121.4664843,31.2306927],[121.4665428,31.2307123]]]}},{"type":"Feature","id":369317445,"properties":{"osm_id":369317445,"name":"","height_m":0,"height_basis":"unknown","height_tag":null,"levels_tag":null,"building":"yes","source_url":"https://www.openstreetmap.org/way/369317445"},"geometry":{"type":"Polygon","coordinates":[[[121.4664393,31.2277703],[121.467196,31.2280721],[121.4670664,31.2283322],[121.4669406,31.2282664],[121.4668599,31.228215],[121.4666703,31.2281235],[121.4666271,31.2281074],[121.4665294,31.2280817],[121.466413,31.2280512],[121.4662684,31.2280223],[121.4664393,31.2277703]]]}},{"type":"Feature","id":369317446,"properties":{"osm_id":369317446,"name":"","height_m":15.0,"height_basis":"levels_estimate","height_tag":null,"levels_tag":"5","building":"yes","source_url":"https://www.openstreetmap.org/way/369317446"},"geometry":{"type":"Polygon","coordinates":[[[121.4662967,31.2279062],[121.4658931,31.2277779],[121.4659617,31.2273536],[121.4658209,31.2273314],[121.4657457,31.2277938],[121.4657577,31.2278222],[121.4657882,31.2278597],[121.4658121,31.2278756],[121.4658692,31.2278915],[121.466245,31.2280039],[121.4662967,31.2279062]]]}},{"type":"Feature","id":369317447,"properties":{"osm_id":369317447,"name":"","height_m":0,"height_basis":"unknown","height_tag":null,"levels_tag":null,"building":"yes","source_url":"https://www.openstreetmap.org/way/369317447"},"geometry":{"type":"Polygon","coordinates":[[[121.4703499,31.2291539],[121.4704607,31.2289114],[121.4705659,31.2289532],[121.4706053,31.2289789],[121.4706335,31.2290447],[121.470626,31.2290961],[121.4706147,31.2291185],[121.4705771,31.2291539],[121.4705452,31.2291683],[121.4705058,31.2291763],[121.470472,31.2291796],[121.4703499,31.2291539]]]}},{"type":"Feature","id":369317449,"properties":{"osm_id":369317449,"name":"","height_m":21.0,"height_basis":"levels_estimate","height_tag":null,"levels_tag":"7","building":"yes","source_url":"https://www.openstreetmap.org/way/369317449"},"geometry":{"type":"Polygon","coordinates":[[[121.465378,31.2293333],[121.4667675,31.2292594],[121.4667562,31.2294136],[121.4658456,31.2294858],[121.4655958,31.2294778],[121.4653367,31.2294746],[121.4652447,31.2294714],[121.4651921,31.2294473],[121.4651715,31.2294103],[121.4651771,31.2293381],[121.4652785,31.2290989],[121.4654306,31.2291486],[121.465378,31.2293333]]]}},{"type":"Feature","id":369317455,"properties":{"osm_id":369317455,"name":"","height_m":0,"height_basis":"unknown","height_tag":null,"levels_tag":null,"building":"yes","source_url":"https://www.openstreetmap.org/way/369317455"},"geometry":{"type":"Polygon","coordinates":[[[121.4651705,31.2306048],[121.4652165,31.2305132],[121.4651192,31.2304775],[121.4650732,31.230569],[121.4651705,31.2306048]]]}},{"type":"Feature","id":369317458,"properties":{"osm_id":369317458,"name":"","height_m":0,"height_basis":"unknown","height_tag":null,"levels_tag":null,"building":"yes","source_url":"https://www.openstreetmap.org/way/369317458"},"geometry":{"type":"Polygon","coordinates":[[[121.4655165,31.2310897],[121.4656425,31.2311274],[121.4656969,31.2309941],[121.4655709,31.2309564],[121.4655165,31.2310897]]]}},{"type":"Feature","id":369317459,"properties":{"osm_id":369317459,"name":"","height_m":0,"height_basis":"unknown","height_tag":null,"levels_tag":null,"building":"yes","source_url":"https://www.openstreetmap.org/way/369317459"},"geometry":{"type":"Polygon","coordinates":[[[121.4653299,31.2300566],[121.4655635,31.2301645],[121.4656701,31.2299957],[121.4654364,31.2298878],[121.4653299,31.2300566]]]}},{"type":"Feature","id":369317462,"properties":{"osm_id":369317462,"name":"","height_m":0,"height_basis":"unknown","height_tag":null,"levels_tag":null,"building":"yes","source_url":"https://www.openstreetmap.org/way/369317462"},"geometry":{"type":"Polygon","coordinates":[[[121.4663263,31.2310355],[121.4664239,31.2310662],[121.4664863,31.2309208],[121.4663887,31.2308902],[121.4663263,31.2310355]]]}},{"type":"Feature","id":369317464,"properties":{"osm_id":369317464,"name":"","height_m":0,"height_basis":"unknown","height_tag":null,"levels_tag":null,"building":"yes","source_url":"https://www.openstreetmap.org/way/369317464"},"geometry":{"type":"Polygon","coordinates":[[[121.4650897,31.2308844],[121.4652255,31.2309281],[121.4653105,31.2307351],[121.4651747,31.2306914],[121.4650897,31.2308844]]]}},{"type":"Feature","id":369317468,"properties":{"osm_id":369317468,"name":"中国民生银行大厦","height_m":0,"height_basis":"unknown","height_tag":null,"levels_tag":null,"building":"commercial","source_url":"https://www.openstreetmap.org/way/369317468"},"geometry":{"type":"Polygon","coordinates":[[[121.4658371,31.2305777],[121.4660282,31.2302769],[121.4657565,31.2301506],[121.4655653,31.2304515],[121.4658371,31.2305777]]]}},{"type":"Feature","id":369317472,"properties":{"osm_id":369317472,"name":"","height_m":0,"height_basis":"unknown","height_tag":null,"levels_tag":null,"building":"yes","source_url":"https://www.openstreetmap.org/way/369317472"},"geometry":{"type":"Polygon","coordinates":[[[121.4652596,31.2309344],[121.4653669,31.2309667],[121.4654465,31.2307737],[121.4653393,31.2307414],[121.4652596,31.2309344]]]}},{"type":"Feature","id":369317475,"properties":{"osm_id":369317475,"name":"","height_m":0,"height_basis":"unknown","height_tag":null,"levels_tag":null,"building":"yes","source_url":"https://www.openstreetmap.org/way/369317475"},"geometry":{"type":"Polygon","coordinates":[[[121.4657267,31.2291011],[121.4660402,31.2284171],[121.4658678,31.2283605],[121.4655597,31.2290462],[121.4657267,31.2291011]]]}},{"type":"Feature","id":369317476,"properties":{"osm_id":369317476,"name":"","height_m":0,"height_basis":"unknown","height_tag":null,"levels_tag":null,"building":"yes","source_url":"https://www.openstreetmap.org/way/369317476"},"geometry":{"type":"Polygon","coordinates":[[[121.4651194,31.2313209],[121.4652854,31.2313788],[121.4653353,31.2312741],[121.4651694,31.2312162],[121.4651194,31.2313209]]]}},{"type":"Feature","id":369317477,"properties":{"osm_id":369317477,"name":"","height_m":0,"height_basis":"unknown","height_tag":null,"levels_tag":null,"building":"yes","source_url":"https://www.openstreetmap.org/way/369317477"},"geometry":{"type":"Polygon","coordinates":[[[121.4648997,31.2311613],[121.4648435,31.2312784],[121.4650347,31.2313454],[121.4650909,31.2312283],[121.4648997,31.2311613]]]}},{"type":"Feature","id":369317480,"properties":{"osm_id":369317480,"name":"","height_m":0,"height_basis":"unknown","height_tag":null,"levels_tag":null,"building":"yes","source_url":"https://www.openstreetmap.org/way/369317480"},"geometry":{"type":"Polygon","coordinates":[[[121.4661348,31.2275248],[121.4664043,31.227602],[121.4664513,31.2274818],[121.4661818,31.2274046],[121.4661348,31.2275248]]]}},{"type":"Feature","id":369317481,"properties":{"osm_id":369317481,"name":"","height_m":0,"height_basis":"unknown","height_tag":null,"levels_tag":null,"building":"yes","source_url":"https://www.openstreetmap.org/way/369317481"},"geometry":{"type":"Polygon","coordinates":[[[121.4653326,31.2299558],[121.465413,31.2298269],[121.465049,31.2296609],[121.4649686,31.2297898],[121.4653326,31.2299558]]]}},{"type":"Feature","id":369317482,"properties":{"osm_id":369317482,"name":"","height_m":0,"height_basis":"unknown","height_tag":null,"levels_tag":null,"building":"yes","source_url":"https://www.openstreetmap.org/way/369317482"},"geometry":{"type":"Polygon","coordinates":[[[121.4664022,31.2276788],[121.4667567,31.2278207],[121.4668059,31.2277307],[121.4664514,31.2275888],[121.4664022,31.2276788]]]}},{"type":"Feature","id":369317483,"properties":{"osm_id":369317483,"name":"","height_m":18.0,"height_basis":"levels_estimate","height_tag":null,"levels_tag":"6","building":"yes","source_url":"https://www.openstreetmap.org/way/369317483"},"geometry":{"type":"Polygon","coordinates":[[[121.4656421,31.2286936],[121.4658583,31.2282239],[121.4656654,31.228159],[121.4654492,31.2286287],[121.4656421,31.2286936]]]}},{"type":"Feature","id":369317484,"properties":{"osm_id":369317484,"name":"","height_m":0,"height_basis":"unknown","height_tag":null,"levels_tag":null,"building":"yes","source_url":"https://www.openstreetmap.org/way/369317484"},"geometry":{"type":"Polygon","coordinates":[[[121.4653026,31.2314094],[121.4653933,31.2314403],[121.4654477,31.2313234],[121.4653571,31.2312925],[121.4653026,31.2314094]]]}},{"type":"Feature","id":369317486,"properties":{"osm_id":369317486,"name":"","height_m":0,"height_basis":"unknown","height_tag":null,"levels_tag":null,"building":"yes","source_url":"https://www.openstreetmap.org/way/369317486"},"geometry":{"type":"Polygon","coordinates":[[[121.4651543,31.2303517],[121.4653973,31.230463],[121.4655038,31.2302928],[121.4652609,31.2301815],[121.4651543,31.2303517]]]}},{"type":"Feature","id":369317489,"properties":{"osm_id":369317489,"name":"","height_m":0,"height_basis":"unknown","height_tag":null,"levels_tag":null,"building":"yes","source_url":"https://www.openstreetmap.org/way/369317489"},"geometry":{"type":"Polygon","coordinates":[[[121.466774,31.2278661],[121.4668515,31.227896],[121.4669179,31.22777],[121.4668403,31.2277401],[121.466774,31.2278661]]]}},{"type":"Feature","id":369317490,"properties":{"osm_id":369317490,"name":"","height_m":0,"height_basis":"unknown","height_tag":null,"levels_tag":null,"building":"yes","source_url":"https://www.openstreetmap.org/way/369317490"},"geometry":{"type":"Polygon","coordinates":[[[121.4650921,31.2300543],[121.4651728,31.2299122],[121.4650365,31.2298555],[121.4649557,31.2299976],[121.4650921,31.2300543]]]}},{"type":"Feature","id":369317494,"properties":{"osm_id":369317494,"name":"","height_m":9.0,"height_basis":"levels_estimate","height_tag":null,"levels_tag":"3","building":"yes","source_url":"https://www.openstreetmap.org/way/369317494"},"geometry":{"type":"Polygon","coordinates":[[[121.4651598,31.2284788],[121.4653222,31.2284908],[121.4653531,31.2283918],[121.46517,31.2283781],[121.4651598,31.2284788]]]}},{"type":"Feature","id":369317495,"properties":{"osm_id":369317495,"name":"","height_m":0,"height_basis":"unknown","height_tag":null,"levels_tag":null,"building":"yes","source_url":"https://www.openstreetmap.org/way/369317495"},"geometry":{"type":"Polygon","coordinates":[[[121.4661736,31.2308084],[121.4663529,31.2308867],[121.4663978,31.2308115],[121.4662186,31.2307332],[121.4661736,31.2308084]]]}},{"type":"Feature","id":369317498,"properties":{"osm_id":369317498,"name":"","height_m":0,"height_basis":"unknown","height_tag":null,"levels_tag":null,"building":"yes","source_url":"https://www.openstreetmap.org/way/369317498"},"geometry":{"type":"Polygon","coordinates":[[[121.4659703,31.2274114],[121.4661467,31.2274456],[121.4661657,31.2273738],[121.4659893,31.2273396],[121.4659703,31.2274114]]]}},{"type":"Feature","id":369317499,"properties":{"osm_id":369317499,"name":"","height_m":0,"height_basis":"unknown","height_tag":null,"levels_tag":null,"building":"yes","source_url":"https://www.openstreetmap.org/way/369317499"},"geometry":{"type":"Polygon","coordinates":[[[121.4669295,31.2279159],[121.4670945,31.2279858],[121.4671473,31.2278946],[121.4669824,31.2278247],[121.4669295,31.2279159]]]}},{"type":"Feature","id":369317500,"properties":{"osm_id":369317500,"name":"","height_m":0,"height_basis":"unknown","height_tag":null,"levels_tag":null,"building":"yes","source_url":"https://www.openstreetmap.org/way/369317500"},"geometry":{"type":"Polygon","coordinates":[[[121.4649418,31.2299868],[121.4650207,31.2298463],[121.4649445,31.2298151],[121.4648656,31.2299555],[121.4649418,31.2299868]]]}},{"type":"Feature","id":369317503,"properties":{"osm_id":369317503,"name":"","height_m":0,"height_basis":"unknown","height_tag":null,"levels_tag":null,"building":"yes","source_url":"https://www.openstreetmap.org/way/369317503"},"geometry":{"type":"Polygon","coordinates":[[[121.4659726,31.2320184],[121.4661743,31.2315859],[121.4659805,31.2315208],[121.4657022,31.2318838],[121.4659726,31.2320184]]]}},{"type":"Feature","id":369317504,"properties":{"osm_id":369317504,"name":"","height_m":0,"height_basis":"unknown","height_tag":null,"levels_tag":null,"building":"yes","source_url":"https://www.openstreetmap.org/way/369317504"},"geometry":{"type":"Polygon","coordinates":[[[121.4699575,31.2289371],[121.4702129,31.2290415],[121.4702921,31.2288998],[121.4700367,31.2287954],[121.4699575,31.2289371]]]}},{"type":"Feature","id":369317509,"properties":{"osm_id":369317509,"name":"","height_m":0,"height_basis":"unknown","height_tag":null,"levels_tag":null,"building":"yes","source_url":"https://www.openstreetmap.org/way/369317509"},"geometry":{"type":"Polygon","coordinates":[[[121.4664136,31.2277552],[121.4659502,31.2276258],[121.4659024,31.2277511],[121.4663126,31.2278907],[121.4664136,31.2277552]]]}},{"type":"Feature","id":369317512,"properties":{"osm_id":369317512,"name":"","height_m":18.0,"height_basis":"levels_estimate","height_tag":null,"levels_tag":"6","building":"yes","source_url":"https://www.openstreetmap.org/way/369317512"},"geometry":{"type":"Polygon","coordinates":[[[121.4651076,31.2290698],[121.4651996,31.2288418],[121.4650283,31.2287913],[121.4649363,31.2290193],[121.4651076,31.2290698]]]}},{"type":"Feature","id":369317517,"properties":{"osm_id":369317517,"name":"","height_m":0,"height_basis":"unknown","height_tag":null,"levels_tag":null,"building":"yes","source_url":"https://www.openstreetmap.org/way/369317517"},"geometry":{"type":"Polygon","coordinates":[[[121.4680843,31.2291814],[121.4683111,31.2292682],[121.4685501,31.2288118],[121.4683233,31.228725],[121.4680843,31.2291814]]]}},{"type":"Feature","id":369317519,"properties":{"osm_id":369317519,"name":"","height_m":0,"height_basis":"unknown","height_tag":null,"levels_tag":null,"building":"yes","source_url":"https://www.openstreetmap.org/way/369317519"},"geometry":{"type":"Polygon","coordinates":[[[121.4647431,31.22926],[121.4648578,31.2292682],[121.4650602,31.2292778],[121.4650682,31.2291639],[121.4647527,31.2291479],[121.4647431,31.22926]]]}},{"type":"Feature","id":369317530,"properties":{"osm_id":369317530,"name":"市政大厦","height_m":157.8,"height_basis":"osm_height","height_tag":"157.8","levels_tag":null,"building":"yes","source_url":"https://www.openstreetmap.org/way/369317530"},"geometry":{"type":"Polygon","coordinates":[[[121.4672293,31.2287726],[121.4676648,31.2289929],[121.4678258,31.2287601],[121.4673903,31.2285399],[121.4672293,31.2287726]]]}},{"type":"Feature","id":369317531,"properties":{"osm_id":369317531,"name":"","height_m":0,"height_basis":"unknown","height_tag":null,"levels_tag":null,"building":"yes","source_url":"https://www.openstreetmap.org/way/369317531"},"geometry":{"type":"Polygon","coordinates":[[[121.464932,31.2305133],[121.4650052,31.2305372],[121.4651234,31.2302727],[121.4650502,31.2302488],[121.464932,31.2305133]]]}},{"type":"Feature","id":369317537,"properties":{"osm_id":369317537,"name":"","height_m":0,"height_basis":"unknown","height_tag":null,"levels_tag":null,"building":"yes","source_url":"https://www.openstreetmap.org/way/369317537"},"geometry":{"type":"Polygon","coordinates":[[[121.4662971,31.2305654],[121.466082,31.230461],[121.4660333,31.2305343],[121.4662484,31.2306388],[121.4662971,31.2305654]]]}},{"type":"Feature","id":369317545,"properties":{"osm_id":369317545,"name":"","height_m":0,"height_basis":"unknown","height_tag":null,"levels_tag":null,"building":"yes","source_url":"https://www.openstreetmap.org/way/369317545"},"geometry":{"type":"Polygon","coordinates":[[[121.4651108,31.2300616],[121.4652422,31.2301181],[121.4653248,31.2299776],[121.4651935,31.2299211],[121.4651108,31.2300616]]]}},{"type":"Feature","id":369317546,"properties":{"osm_id":369317546,"name":"","height_m":0,"height_basis":"unknown","height_tag":null,"levels_tag":null,"building":"yes","source_url":"https://www.openstreetmap.org/way/369317546"},"geometry":{"type":"Polygon","coordinates":[[[121.4663359,31.2289049],[121.466592,31.2290144],[121.4667561,31.2287336],[121.4667572,31.2287318],[121.4665011,31.2286223],[121.4663359,31.2289049]]]}},{"type":"Feature","id":369317548,"properties":{"osm_id":369317548,"name":"","height_m":12.0,"height_basis":"levels_estimate","height_tag":null,"levels_tag":"4","building":"yes","source_url":"https://www.openstreetmap.org/way/369317548"},"geometry":{"type":"Polygon","coordinates":[[[121.4647598,31.2283134],[121.4652368,31.2283335],[121.4652431,31.2282235],[121.4647662,31.2282034],[121.4647598,31.2283134]]]}},{"type":"Feature","id":369317549,"properties":{"osm_id":369317549,"name":"","height_m":0,"height_basis":"unknown","height_tag":null,"levels_tag":null,"building":"yes","source_url":"https://www.openstreetmap.org/way/369317549"},"geometry":{"type":"Polygon","coordinates":[[[121.4662307,31.2306495],[121.466005,31.2305393],[121.4659245,31.23066],[121.4661502,31.2307702],[121.4662307,31.2306495]]]}},{"type":"Feature","id":369317550,"properties":{"osm_id":369317550,"name":"","height_m":9.0,"height_basis":"levels_estimate","height_tag":null,"levels_tag":"3","building":"yes","source_url":"https://www.openstreetmap.org/way/369317550"},"geometry":{"type":"Polygon","coordinates":[[[121.4649981,31.2284652],[121.465139,31.2284741],[121.4651484,31.2283666],[121.4650075,31.2283576],[121.4649981,31.2284652]]]}},{"type":"Feature","id":369317554,"properties":{"osm_id":369317554,"name":"","height_m":0,"height_basis":"unknown","height_tag":null,"levels_tag":null,"building":"yes","source_url":"https://www.openstreetmap.org/way/369317554"},"geometry":{"type":"Polygon","coordinates":[[[121.4654057,31.2309593],[121.4655243,31.2309963],[121.4656026,31.2308124],[121.465484,31.2307754],[121.4654057,31.2309593]]]}},{"type":"Feature","id":369317562,"properties":{"osm_id":369317562,"name":"","height_m":0,"height_basis":"unknown","height_tag":null,"levels_tag":null,"building":"yes","source_url":"https://www.openstreetmap.org/way/369317562"},"geometry":{"type":"Polygon","coordinates":[[[121.4663144,31.2305508],[121.4663638,31.2304767],[121.4664113,31.2304054],[121.4663245,31.2303631],[121.4662275,31.2305084],[121.4663144,31.2305508]]]}},{"type":"Feature","id":369317563,"properties":{"osm_id":369317563,"name":"","height_m":0,"height_basis":"unknown","height_tag":null,"levels_tag":null,"building":"yes","source_url":"https://www.openstreetmap.org/way/369317563"},"geometry":{"type":"Polygon","coordinates":[[[121.4660572,31.2308996],[121.4661201,31.2308],[121.4660358,31.2307611],[121.4659729,31.2308607],[121.4660572,31.2308996]]]}},{"type":"Feature","id":369317569,"properties":{"osm_id":369317569,"name":"","height_m":0,"height_basis":"unknown","height_tag":null,"levels_tag":null,"building":"yes","source_url":"https://www.openstreetmap.org/way/369317569"},"geometry":{"type":"Polygon","coordinates":[[[121.4655649,31.2292686],[121.4661252,31.2292527],[121.4661203,31.2291265],[121.46556,31.2291424],[121.4655649,31.2292686]]]}},{"type":"Feature","id":369317575,"properties":{"osm_id":369317575,"name":"","height_m":0,"height_basis":"unknown","height_tag":null,"levels_tag":null,"building":"yes","source_url":"https://www.openstreetmap.org/way/369317575"},"geometry":{"type":"Polygon","coordinates":[[[121.4659454,31.2308651],[121.465998,31.2307727],[121.4658866,31.2307263],[121.465834,31.2308187],[121.4659454,31.2308651]]]}},{"type":"Feature","id":369317577,"properties":{"osm_id":369317577,"name":"","height_m":0,"height_basis":"unknown","height_tag":null,"levels_tag":null,"building":"yes","source_url":"https://www.openstreetmap.org/way/369317577"},"geometry":{"type":"Polygon","coordinates":[[[121.4652801,31.2311483],[121.4654317,31.2311904],[121.4654795,31.2310643],[121.4653279,31.2310223],[121.4652801,31.2311483]]]}},{"type":"Feature","id":369317579,"properties":{"osm_id":369317579,"name":"","height_m":0,"height_basis":"unknown","height_tag":null,"levels_tag":null,"building":"yes","source_url":"https://www.openstreetmap.org/way/369317579"},"geometry":{"type":"Polygon","coordinates":[[[121.4660834,31.2309061],[121.4662825,31.2310037],[121.4663234,31.2309428],[121.4661242,31.2308452],[121.4660834,31.2309061]]]}},{"type":"Feature","id":369317581,"properties":{"osm_id":369317581,"name":"","height_m":0,"height_basis":"unknown","height_tag":null,"levels_tag":null,"building":"yes","source_url":"https://www.openstreetmap.org/way/369317581"},"geometry":{"type":"Polygon","coordinates":[[[121.4661776,31.2304792],[121.4662719,31.2303191],[121.4661929,31.2302851],[121.4660986,31.2304451],[121.4661776,31.2304792]]]}},{"type":"Feature","id":369317583,"properties":{"osm_id":369317583,"name":"","height_m":0,"height_basis":"unknown","height_tag":null,"levels_tag":null,"building":"yes","source_url":"https://www.openstreetmap.org/way/369317583"},"geometry":{"type":"Polygon","coordinates":[[[121.4664047,31.2308664],[121.4664632,31.230886],[121.4665428,31.2307123],[121.4664843,31.2306927],[121.466468,31.2307284],[121.4664047,31.2308664]]]}},{"type":"Feature","id":369317591,"properties":{"osm_id":369317591,"name":"","height_m":0,"height_basis":"unknown","height_tag":null,"levels_tag":null,"building":"yes","source_url":"https://www.openstreetmap.org/way/369317591"},"geometry":{"type":"Polygon","coordinates":[[[121.4649777,31.2310872],[121.4651921,31.2311559],[121.4652205,31.231091],[121.4651669,31.2310739],[121.4652157,31.2309625],[121.4650548,31.230911],[121.4649777,31.2310872]]]}},{"type":"Feature","id":369317597,"properties":{"osm_id":369317597,"name":"","height_m":0,"height_basis":"unknown","height_tag":null,"levels_tag":null,"building":"yes","source_url":"https://www.openstreetmap.org/way/369317597"},"geometry":{"type":"Polygon","coordinates":[[[121.4663619,31.2277087],[121.4663954,31.2276169],[121.4660997,31.2275379],[121.4661231,31.2274739],[121.466009,31.2274435],[121.4659522,31.2275993],[121.4663619,31.2277087]]]}},{"type":"Feature","id":369317598,"properties":{"osm_id":369317598,"name":"","height_m":0,"height_basis":"unknown","height_tag":null,"levels_tag":null,"building":"yes","source_url":"https://www.openstreetmap.org/way/369317598"},"geometry":{"type":"Polygon","coordinates":[[[121.4693567,31.2287542],[121.4695115,31.2288146],[121.4695919,31.2286641],[121.469336,31.2285641],[121.4692884,31.2286532],[121.4693895,31.2286928],[121.4693567,31.2287542]]]}},{"type":"Feature","id":369317602,"properties":{"osm_id":369317602,"name":"","height_m":0,"height_basis":"unknown","height_tag":null,"levels_tag":null,"building":"yes","source_url":"https://www.openstreetmap.org/way/369317602"},"geometry":{"type":"Polygon","coordinates":[[[121.469298,31.2290572],[121.4694256,31.2291047],[121.4695551,31.2290611],[121.4696106,31.228952],[121.4695597,31.2288413],[121.4694321,31.2287938],[121.4693026,31.2288373],[121.469247,31.2289464],[121.469298,31.2290572]]]}},{"type":"Feature","id":369317607,"properties":{"osm_id":369317607,"name":"","height_m":57.0,"height_basis":"levels_estimate","height_tag":null,"levels_tag":"19","building":"yes","source_url":"https://www.openstreetmap.org/way/369317607"},"geometry":{"type":"Polygon","coordinates":[[[121.4647418,31.2287002],[121.4650757,31.2287067],[121.4650773,31.2286465],[121.4652254,31.2286494],[121.465228,31.2285496],[121.4650247,31.2285457],[121.4650234,31.2285952],[121.4647448,31.2285899],[121.4647418,31.2287002]]]}},{"type":"Feature","id":369317609,"properties":{"osm_id":369317609,"name":"","height_m":12.0,"height_basis":"levels_estimate","height_tag":null,"levels_tag":"4","building":"yes","source_url":"https://www.openstreetmap.org/way/369317609"},"geometry":{"type":"Polygon","coordinates":[[[121.4652622,31.2283339],[121.4653697,31.2283623],[121.4655091,31.2280217],[121.4655025,31.2279808],[121.4654799,31.227957],[121.4654401,31.2279343],[121.465387,31.2279081],[121.465302,31.2280444],[121.4653312,31.2280614],[121.4652622,31.2283339]]]}},{"type":"Feature","id":369342479,"properties":{"osm_id":369342479,"name":"","height_m":0,"height_basis":"unknown","height_tag":null,"levels_tag":null,"building":"yes","source_url":"https://www.openstreetmap.org/way/369342479"},"geometry":{"type":"Polygon","coordinates":[[[121.4660483,31.2348669],[121.4662594,31.2349463],[121.4663289,31.2348111],[121.4661178,31.2347318],[121.4660483,31.2348669]]]}},{"type":"Feature","id":369342486,"properties":{"osm_id":369342486,"name":"","height_m":0,"height_basis":"unknown","height_tag":null,"levels_tag":null,"building":"yes","source_url":"https://www.openstreetmap.org/way/369342486"},"geometry":{"type":"Polygon","coordinates":[[[121.4648184,31.2343831],[121.4649124,31.2344343],[121.4650102,31.234303],[121.4649163,31.2342518],[121.4648184,31.2343831]]]}},{"type":"Feature","id":369342507,"properties":{"osm_id":369342507,"name":"","height_m":0,"height_basis":"unknown","height_tag":null,"levels_tag":null,"building":"yes","source_url":"https://www.openstreetmap.org/way/369342507"},"geometry":{"type":"Polygon","coordinates":[[[121.4657012,31.2349318],[121.4659297,31.2350119],[121.4659933,31.2348793],[121.4657649,31.2347992],[121.4657012,31.2349318]]]}},{"type":"Feature","id":369342508,"properties":{"osm_id":369342508,"name":"碰碰车","height_m":0,"height_basis":"unknown","height_tag":null,"levels_tag":null,"building":"yes","source_url":"https://www.openstreetmap.org/way/369342508"},"geometry":{"type":"Polygon","coordinates":[[[121.468524,31.2342758],[121.4687028,31.2343739],[121.4687717,31.2342822],[121.4685928,31.234184],[121.468524,31.2342758]]]}},{"type":"Feature","id":369342516,"properties":{"osm_id":369342516,"name":"","height_m":0,"height_basis":"unknown","height_tag":null,"levels_tag":null,"building":"yes","source_url":"https://www.openstreetmap.org/way/369342516"},"geometry":{"type":"Polygon","coordinates":[[[121.4690386,31.2344254],[121.4691064,31.2344162],[121.4690871,31.2343128],[121.4690193,31.2343221],[121.4690386,31.2344254]]]}},{"type":"Feature","id":369342549,"properties":{"osm_id":369342549,"name":"","height_m":0,"height_basis":"unknown","height_tag":null,"levels_tag":null,"building":"yes","source_url":"https://www.openstreetmap.org/way/369342549"},"geometry":{"type":"Polygon","coordinates":[[[121.4659589,31.2350237],[121.4661814,31.2350986],[121.4662406,31.23497],[121.4660182,31.2348951],[121.4659589,31.2350237]]]}},{"type":"Feature","id":369342573,"properties":{"osm_id":369342573,"name":"","height_m":0,"height_basis":"unknown","height_tag":null,"levels_tag":null,"building":"yes","source_url":"https://www.openstreetmap.org/way/369342573"},"geometry":{"type":"Polygon","coordinates":[[[121.4657836,31.2347702],[121.4659981,31.234848],[121.466063,31.2347175],[121.4658484,31.2346396],[121.4657836,31.2347702]]]}},{"type":"Feature","id":369342587,"properties":{"osm_id":369342587,"name":"","height_m":0,"height_basis":"unknown","height_tag":null,"levels_tag":null,"building":"yes","source_url":"https://www.openstreetmap.org/way/369342587"},"geometry":{"type":"Polygon","coordinates":[[[121.4656554,31.2351045],[121.4658638,31.2351756],[121.4659271,31.23504],[121.4657187,31.2349689],[121.4656554,31.2351045]]]}},{"type":"Feature","id":369342591,"properties":{"osm_id":369342591,"name":"","height_m":0,"height_basis":"unknown","height_tag":null,"levels_tag":null,"building":"yes","source_url":"https://www.openstreetmap.org/way/369342591"},"geometry":{"type":"Polygon","coordinates":[[[121.4662941,31.2347548],[121.4658867,31.2345886],[121.4662037,31.2341819],[121.4662892,31.2341375],[121.4664563,31.2344827],[121.4662941,31.2347548]]]}},{"type":"Feature","id":369342598,"properties":{"osm_id":369342598,"name":"大光明电影院","height_m":0,"height_basis":"unknown","height_tag":null,"levels_tag":null,"building":"yes","source_url":"https://www.openstreetmap.org/way/369342598"},"geometry":{"type":"Polygon","coordinates":[[[121.4665173,31.2351726],[121.466822,31.2349779],[121.4664647,31.2345107],[121.4663197,31.2347698],[121.4663541,31.2348149],[121.4663157,31.2348907],[121.4665173,31.2351726]]]}},{"type":"Feature","id":369342602,"properties":{"osm_id":369342602,"name":"创兴金融中心","height_m":174.0,"height_basis":"osm_height","height_tag":"174","levels_tag":null,"building":"yes","source_url":"https://www.openstreetmap.org/way/369342602"},"geometry":{"type":"Polygon","coordinates":[[[121.4657622,31.234283],[121.4659765,31.2342808],[121.4659756,31.2342175],[121.4660977,31.2342162],[121.4660928,31.2338557],[121.4658889,31.2338578],[121.4658898,31.2339265],[121.4657573,31.2339279],[121.4657622,31.234283]]]}},{"type":"Feature","id":369819131,"properties":{"osm_id":369819131,"name":"瑞苑公寓","height_m":105.0,"height_basis":"levels_estimate","height_tag":null,"levels_tag":"35","building":"apartments","source_url":"https://www.openstreetmap.org/way/369819131"},"geometry":{"type":"Polygon","coordinates":[[[121.5069575,31.2419336],[121.5069057,31.2420696],[121.5067884,31.242037],[121.5067705,31.242084],[121.5066981,31.2420638],[121.5067152,31.2420189],[121.50655,31.2419728],[121.5065325,31.2420188],[121.5064557,31.2419974],[121.5064743,31.2419487],[121.5063743,31.2419209],[121.5064259,31.2417855],[121.5069575,31.2419336]]]}},{"type":"Feature","id":372180383,"properties":{"osm_id":372180383,"name":"","height_m":24.0,"height_basis":"levels_estimate","height_tag":null,"levels_tag":"8","building":"yes","source_url":"https://www.openstreetmap.org/way/372180383"},"geometry":{"type":"Polygon","coordinates":[[[121.4781064,31.2274347],[121.4782581,31.2274676],[121.4783051,31.2273088],[121.4781319,31.2272713],[121.4781786,31.2271133],[121.4778582,31.227044],[121.4778023,31.227233],[121.4778253,31.227238],[121.4778147,31.2272736],[121.4781343,31.2273428],[121.4781064,31.2274347]]]}},{"type":"Feature","id":372180394,"properties":{"osm_id":372180394,"name":"上海广场","height_m":0,"height_basis":"unknown","height_tag":null,"levels_tag":null,"building":"commercial","source_url":"https://www.openstreetmap.org/way/372180394"},"geometry":{"type":"Polygon","coordinates":[[[121.4730337,31.2271265],[121.4733034,31.227516],[121.4733651,31.2274793],[121.4734751,31.2276124],[121.4735502,31.2276009],[121.4736058,31.2276628],[121.4736916,31.2276143],[121.4736518,31.2275778],[121.473842,31.2274686],[121.4739215,31.2273837],[121.4739669,31.227272],[121.4739754,31.2271676],[121.4739641,31.2270754],[121.4738874,31.2269637],[121.4738193,31.226903],[121.4736944,31.2268715],[121.4735922,31.2268618],[121.4734872,31.226869],[121.4733878,31.2268982],[121.4732374,31.2269613],[121.4731948,31.2269904],[121.4731424,31.2269316],[121.473164,31.2269036],[121.4730875,31.226852],[121.4729333,31.2267752],[121.4728703,31.2267763],[121.4728374,31.2268022],[121.4727482,31.2269186],[121.4728393,31.2269587],[121.4727366,31.2271096],[121.4729671,31.2272243],[121.4730337,31.2271265]]]}},{"type":"Feature","id":372180399,"properties":{"osm_id":372180399,"name":"","height_m":0,"height_basis":"unknown","height_tag":null,"levels_tag":null,"building":"yes","source_url":"https://www.openstreetmap.org/way/372180399"},"geometry":{"type":"Polygon","coordinates":[[[121.4767953,31.2265044],[121.477109,31.2266063],[121.4771472,31.2265205],[121.4768335,31.2264185],[121.4767953,31.2265044]]]}},{"type":"Feature","id":372180402,"properties":{"osm_id":372180402,"name":"","height_m":0,"height_basis":"unknown","height_tag":null,"levels_tag":null,"building":"yes","source_url":"https://www.openstreetmap.org/way/372180402"},"geometry":{"type":"Polygon","coordinates":[[[121.4753301,31.2249673],[121.4754688,31.2250111],[121.4755712,31.2247742],[121.4754325,31.2247304],[121.4753301,31.2249673]]]}},{"type":"Feature","id":372180404,"properties":{"osm_id":372180404,"name":"","height_m":0,"height_basis":"unknown","height_tag":null,"levels_tag":null,"building":"yes","source_url":"https://www.openstreetmap.org/way/372180404"},"geometry":{"type":"Polygon","coordinates":[[[121.4793117,31.2263306],[121.4796308,31.2264319],[121.4796746,31.2263309],[121.4793555,31.2262297],[121.4793117,31.2263306]]]}},{"type":"Feature","id":372180406,"properties":{"osm_id":372180406,"name":"","height_m":0,"height_basis":"unknown","height_tag":null,"levels_tag":null,"building":"yes","source_url":"https://www.openstreetmap.org/way/372180406"},"geometry":{"type":"Polygon","coordinates":[[[121.4755068,31.2252762],[121.4757697,31.2253363],[121.4758146,31.2251927],[121.4755516,31.2251327],[121.4755068,31.2252762]]]}},{"type":"Feature","id":372180408,"properties":{"osm_id":372180408,"name":"","height_m":0,"height_basis":"unknown","height_tag":null,"levels_tag":null,"building":"roof","source_url":"https://www.openstreetmap.org/way/372180408"},"geometry":{"type":"Polygon","coordinates":[[[121.4780755,31.2267969],[121.4782486,31.2268428],[121.4783309,31.2266159],[121.4781579,31.22657],[121.4780755,31.2267969]]]}},{"type":"Feature","id":372180412,"properties":{"osm_id":372180412,"name":"","height_m":0,"height_basis":"unknown","height_tag":null,"levels_tag":null,"building":"yes","source_url":"https://www.openstreetmap.org/way/372180412"},"geometry":{"type":"Polygon","coordinates":[[[121.4676479,31.2251249],[121.4682481,31.2253746],[121.4682876,31.2253051],[121.4676874,31.2250554],[121.4676479,31.2251249]]]}},{"type":"Feature","id":372180413,"properties":{"osm_id":372180413,"name":"","height_m":0,"height_basis":"unknown","height_tag":null,"levels_tag":null,"building":"yes","source_url":"https://www.openstreetmap.org/way/372180413"},"geometry":{"type":"Polygon","coordinates":[[[121.4746256,31.2255354],[121.4748196,31.2255904],[121.474934,31.2252952],[121.47474,31.2252402],[121.4746256,31.2255354]]]}},{"type":"Feature","id":372180414,"properties":{"osm_id":372180414,"name":"","height_m":0,"height_basis":"unknown","height_tag":null,"levels_tag":null,"building":"yes","source_url":"https://www.openstreetmap.org/way/372180414"},"geometry":{"type":"Polygon","coordinates":[[[121.4781762,31.2259302],[121.4782783,31.2259597],[121.4783577,31.2257582],[121.4782557,31.2257288],[121.4781762,31.2259302]]]}},{"type":"Feature","id":372180418,"properties":{"osm_id":372180418,"name":"","height_m":0,"height_basis":"unknown","height_tag":null,"levels_tag":null,"building":"yes","source_url":"https://www.openstreetmap.org/way/372180418"},"geometry":{"type":"Polygon","coordinates":[[[121.4782612,31.2280566],[121.4782311,31.2275915],[121.4777473,31.2274919],[121.4776229,31.2278592],[121.4782612,31.2280566]]]}},{"type":"Feature","id":372180425,"properties":{"osm_id":372180425,"name":"","height_m":0,"height_basis":"unknown","height_tag":null,"levels_tag":null,"building":"yes","source_url":"https://www.openstreetmap.org/way/372180425"},"geometry":{"type":"Polygon","coordinates":[[[121.4748302,31.2260706],[121.4748863,31.2259661],[121.4742518,31.2257172],[121.4741958,31.2258217],[121.4748302,31.2260706]]]}},{"type":"Feature","id":372180428,"properties":{"osm_id":372180428,"name":"","height_m":0,"height_basis":"unknown","height_tag":null,"levels_tag":null,"building":"yes","source_url":"https://www.openstreetmap.org/way/372180428"},"geometry":{"type":"Polygon","coordinates":[[[121.4755329,31.2254988],[121.4756093,31.2255163],[121.4756476,31.2253937],[121.4755713,31.2253762],[121.4755329,31.2254988]]]}},{"type":"Feature","id":372180430,"properties":{"osm_id":372180430,"name":"","height_m":0,"height_basis":"unknown","height_tag":null,"levels_tag":null,"building":"yes","source_url":"https://www.openstreetmap.org/way/372180430"},"geometry":{"type":"Polygon","coordinates":[[[121.4742402,31.2254633],[121.4745664,31.2255637],[121.4747029,31.2252393],[121.4743767,31.2251389],[121.4742402,31.2254633]]]}},{"type":"Feature","id":372180433,"properties":{"osm_id":372180433,"name":"","height_m":0,"height_basis":"unknown","height_tag":null,"levels_tag":null,"building":"yes","source_url":"https://www.openstreetmap.org/way/372180433"},"geometry":{"type":"Polygon","coordinates":[[[121.4766775,31.2267787],[121.4769869,31.2268746],[121.4770253,31.2267841],[121.4767158,31.2266882],[121.4766775,31.2267787]]]}},{"type":"Feature","id":372180440,"properties":{"osm_id":372180440,"name":"","height_m":90.0,"height_basis":"levels_estimate","height_tag":null,"levels_tag":"30","building":"apartments","source_url":"https://www.openstreetmap.org/way/372180440"},"geometry":{"type":"Polygon","coordinates":[[[121.4795591,31.2272198],[121.4799003,31.2273417],[121.4799454,31.2272495],[121.4796041,31.2271276],[121.4795591,31.2272198]]]}},{"type":"Feature","id":372180445,"properties":{"osm_id":372180445,"name":"","height_m":90.0,"height_basis":"levels_estimate","height_tag":null,"levels_tag":"30","building":"apartments","source_url":"https://www.openstreetmap.org/way/372180445"},"geometry":{"type":"Polygon","coordinates":[[[121.4794284,31.2275772],[121.4798305,31.2277264],[121.4798873,31.2276144],[121.4794851,31.2274653],[121.4794284,31.2275772]]]}},{"type":"Feature","id":372180448,"properties":{"osm_id":372180448,"name":"","height_m":0,"height_basis":"unknown","height_tag":null,"levels_tag":null,"building":"yes","source_url":"https://www.openstreetmap.org/way/372180448"},"geometry":{"type":"Polygon","coordinates":[[[121.477705,31.2267457],[121.4777854,31.2267734],[121.4778917,31.2265476],[121.4778113,31.2265199],[121.477705,31.2267457]]]}},{"type":"Feature","id":372180449,"properties":{"osm_id":372180449,"name":"","height_m":0,"height_basis":"unknown","height_tag":null,"levels_tag":null,"building":"yes","source_url":"https://www.openstreetmap.org/way/372180449"},"geometry":{"type":"Polygon","coordinates":[[[121.478277,31.2256741],[121.4783807,31.2257082],[121.4784858,31.2254739],[121.478382,31.2254399],[121.478277,31.2256741]]]}},{"type":"Feature","id":372180452,"properties":{"osm_id":372180452,"name":"","height_m":0,"height_basis":"unknown","height_tag":null,"levels_tag":null,"building":"yes","source_url":"https://www.openstreetmap.org/way/372180452"},"geometry":{"type":"Polygon","coordinates":[[[121.4751455,31.2253592],[121.4753967,31.2254308],[121.4754462,31.2253038],[121.475195,31.2252322],[121.4751455,31.2253592]]]}},{"type":"Feature","id":372180454,"properties":{"osm_id":372180454,"name":"","height_m":0,"height_basis":"unknown","height_tag":null,"levels_tag":null,"building":"yes","source_url":"https://www.openstreetmap.org/way/372180454"},"geometry":{"type":"Polygon","coordinates":[[[121.479404,31.2261847],[121.4796971,31.2262602],[121.4797491,31.2261127],[121.479456,31.2260371],[121.479404,31.2261847]]]}},{"type":"Feature","id":372180456,"properties":{"osm_id":372180456,"name":"","height_m":0,"height_basis":"unknown","height_tag":null,"levels_tag":null,"building":"yes","source_url":"https://www.openstreetmap.org/way/372180456"},"geometry":{"type":"Polygon","coordinates":[[[121.4768436,31.2263405],[121.47718,31.2264607],[121.4772249,31.2263686],[121.4768885,31.2262485],[121.4768436,31.2263405]]]}},{"type":"Feature","id":372180457,"properties":{"osm_id":372180457,"name":"","height_m":0,"height_basis":"unknown","height_tag":null,"levels_tag":null,"building":"yes","source_url":"https://www.openstreetmap.org/way/372180457"},"geometry":{"type":"Polygon","coordinates":[[[121.475009,31.2254719],[121.4752358,31.2255371],[121.475276,31.2254349],[121.4750492,31.2253696],[121.475009,31.2254719]]]}},{"type":"Feature","id":372180458,"properties":{"osm_id":372180458,"name":"","height_m":0,"height_basis":"unknown","height_tag":null,"levels_tag":null,"building":"yes","source_url":"https://www.openstreetmap.org/way/372180458"},"geometry":{"type":"Polygon","coordinates":[[[121.4736096,31.2255984],[121.474051,31.2257696],[121.4741083,31.2256615],[121.4736669,31.2254903],[121.4736096,31.2255984]]]}},{"type":"Feature","id":372180459,"properties":{"osm_id":372180459,"name":"","height_m":0,"height_basis":"unknown","height_tag":null,"levels_tag":null,"building":"yes","source_url":"https://www.openstreetmap.org/way/372180459"},"geometry":{"type":"Polygon","coordinates":[[[121.4781929,31.2265476],[121.4782904,31.2265754],[121.4783476,31.2264286],[121.4782501,31.2264008],[121.4781929,31.2265476]]]}},{"type":"Feature","id":372180463,"properties":{"osm_id":372180463,"name":"","height_m":0,"height_basis":"unknown","height_tag":null,"levels_tag":null,"building":"commercial","source_url":"https://www.openstreetmap.org/way/372180463"},"geometry":{"type":"Polygon","coordinates":[[[121.4736962,31.2252402],[121.4740696,31.2253586],[121.474158,31.2251547],[121.4737847,31.2250363],[121.4736962,31.2252402]]]}},{"type":"Feature","id":372180464,"properties":{"osm_id":372180464,"name":"","height_m":0,"height_basis":"unknown","height_tag":null,"levels_tag":null,"building":"yes","source_url":"https://www.openstreetmap.org/way/372180464"},"geometry":{"type":"Polygon","coordinates":[[[121.4755145,31.2255012],[121.4755514,31.2253629],[121.4754596,31.225345],[121.4754227,31.2254833],[121.4755145,31.2255012]]]}},{"type":"Feature","id":372180465,"properties":{"osm_id":372180465,"name":"","height_m":0,"height_basis":"unknown","height_tag":null,"levels_tag":null,"building":"yes","source_url":"https://www.openstreetmap.org/way/372180465"},"geometry":{"type":"Polygon","coordinates":[[[121.4749209,31.2250535],[121.4752145,31.2249195],[121.4750512,31.2246579],[121.4747576,31.224792],[121.4749209,31.2250535]]]}},{"type":"Feature","id":372180466,"properties":{"osm_id":372180466,"name":"","height_m":0,"height_basis":"unknown","height_tag":null,"levels_tag":null,"building":"yes","source_url":"https://www.openstreetmap.org/way/372180466"},"geometry":{"type":"Polygon","coordinates":[[[121.4675474,31.2254685],[121.4682841,31.2255644],[121.4683479,31.225443],[121.4676411,31.22517],[121.4675474,31.2254685]]]}},{"type":"Feature","id":372180470,"properties":{"osm_id":372180470,"name":"","height_m":0,"height_basis":"unknown","height_tag":null,"levels_tag":null,"building":"yes","source_url":"https://www.openstreetmap.org/way/372180470"},"geometry":{"type":"Polygon","coordinates":[[[121.4778184,31.2267645],[121.4778885,31.2267898],[121.478014,31.2265349],[121.4779438,31.2265096],[121.4778184,31.2267645]]]}},{"type":"Feature","id":372180477,"properties":{"osm_id":372180477,"name":"","height_m":0,"height_basis":"unknown","height_tag":null,"levels_tag":null,"building":"yes","source_url":"https://www.openstreetmap.org/way/372180477"},"geometry":{"type":"Polygon","coordinates":[[[121.475005,31.2257105],[121.4754626,31.2258564],[121.4755072,31.2257541],[121.4750496,31.2256082],[121.475005,31.2257105]]]}},{"type":"Feature","id":372180482,"properties":{"osm_id":372180482,"name":"","height_m":90.0,"height_basis":"levels_estimate","height_tag":null,"levels_tag":"30","building":"apartments","source_url":"https://www.openstreetmap.org/way/372180482"},"geometry":{"type":"Polygon","coordinates":[[[121.4794452,31.2280149],[121.4796721,31.2281093],[121.479735,31.2279988],[121.4795082,31.2279044],[121.4794452,31.2280149]]]}},{"type":"Feature","id":372180483,"properties":{"osm_id":372180483,"name":"","height_m":90.0,"height_basis":"levels_estimate","height_tag":null,"levels_tag":"30","building":"yes","source_url":"https://www.openstreetmap.org/way/372180483"},"geometry":{"type":"Polygon","coordinates":[[[121.4796823,31.2269037],[121.4800837,31.2270307],[121.4801275,31.2269296],[121.479726,31.2268026],[121.4796823,31.2269037]]]}},{"type":"Feature","id":372180487,"properties":{"osm_id":372180487,"name":"","height_m":0,"height_basis":"unknown","height_tag":null,"levels_tag":null,"building":"yes","source_url":"https://www.openstreetmap.org/way/372180487"},"geometry":{"type":"Polygon","coordinates":[[[121.4766221,31.2269074],[121.4769429,31.2270154],[121.4769793,31.2269363],[121.4766586,31.2268283],[121.4766221,31.2269074]]]}},{"type":"Feature","id":372180490,"properties":{"osm_id":372180490,"name":"","height_m":0,"height_basis":"unknown","height_tag":null,"levels_tag":null,"building":"yes","source_url":"https://www.openstreetmap.org/way/372180490"},"geometry":{"type":"Polygon","coordinates":[[[121.4767343,31.226644],[121.4770508,31.2267545],[121.4770987,31.226654],[121.4767822,31.2265436],[121.4767343,31.226644]]]}},{"type":"Feature","id":372180495,"properties":{"osm_id":372180495,"name":"","height_m":0,"height_basis":"unknown","height_tag":null,"levels_tag":null,"building":"yes","source_url":"https://www.openstreetmap.org/way/372180495"},"geometry":{"type":"Polygon","coordinates":[[[121.4789343,31.2261281],[121.4793157,31.226207],[121.4793603,31.2260496],[121.4789789,31.2259706],[121.4789343,31.2261281]]]}},{"type":"Feature","id":372180502,"properties":{"osm_id":372180502,"name":"","height_m":30.0,"height_basis":"levels_estimate","height_tag":null,"levels_tag":"10","building":"apartments","source_url":"https://www.openstreetmap.org/way/372180502"},"geometry":{"type":"Polygon","coordinates":[[[121.4777547,31.2274501],[121.4780799,31.2275222],[121.4781064,31.2274347],[121.4781343,31.2273428],[121.4778147,31.2272736],[121.4777547,31.2274501]]]}},{"type":"Feature","id":372180508,"properties":{"osm_id":372180508,"name":"","height_m":0,"height_basis":"unknown","height_tag":null,"levels_tag":null,"building":"yes","source_url":"https://www.openstreetmap.org/way/372180508"},"geometry":{"type":"Polygon","coordinates":[[[121.473936,31.224909],[121.474304,31.2250177],[121.4743274,31.2249598],[121.4744126,31.224985],[121.4744676,31.2248488],[121.4740144,31.2247149],[121.473936,31.224909]]]}},{"type":"Feature","id":372180512,"properties":{"osm_id":372180512,"name":"","height_m":0,"height_basis":"unknown","height_tag":null,"levels_tag":null,"building":"yes","source_url":"https://www.openstreetmap.org/way/372180512"},"geometry":{"type":"Polygon","coordinates":[[[121.4709702,31.2254933],[121.4717076,31.2257849],[121.4718149,31.2255865],[121.4710775,31.225295],[121.4709702,31.2254933]]]}},{"type":"Feature","id":372180513,"properties":{"osm_id":372180513,"name":"","height_m":0,"height_basis":"unknown","height_tag":null,"levels_tag":null,"building":"yes","source_url":"https://www.openstreetmap.org/way/372180513"},"geometry":{"type":"Polygon","coordinates":[[[121.471758,31.2258156],[121.4718618,31.2256114],[121.4720036,31.225664],[121.4719607,31.2257485],[121.472228,31.2258478],[121.4721671,31.2259676],[121.471758,31.2258156]]]}},{"type":"Feature","id":372180515,"properties":{"osm_id":372180515,"name":"","height_m":0,"height_basis":"unknown","height_tag":null,"levels_tag":null,"building":"yes","source_url":"https://www.openstreetmap.org/way/372180515"},"geometry":{"type":"Polygon","coordinates":[[[121.4789148,31.2262972],[121.4795491,31.2265907],[121.4795982,31.2264981],[121.4791998,31.2263444],[121.4792068,31.2262698],[121.4789258,31.2262148],[121.4789148,31.2262972]]]}},{"type":"Feature","id":372180521,"properties":{"osm_id":372180521,"name":"","height_m":18.0,"height_basis":"levels_estimate","height_tag":null,"levels_tag":"6","building":"yes","source_url":"https://www.openstreetmap.org/way/372180521"},"geometry":{"type":"Polygon","coordinates":[[[121.4773196,31.2274755],[121.4774773,31.2275254],[121.4775227,31.2274207],[121.4773747,31.2273738],[121.4774026,31.2273094],[121.4770027,31.2271827],[121.476953,31.2272974],[121.4773432,31.2274211],[121.4773196,31.2274755]]]}},{"type":"Feature","id":372180522,"properties":{"osm_id":372180522,"name":"","height_m":18.0,"height_basis":"levels_estimate","height_tag":null,"levels_tag":"6","building":"yes","source_url":"https://www.openstreetmap.org/way/372180522"},"geometry":{"type":"Polygon","coordinates":[[[121.476862,31.2275403],[121.4772174,31.2276653],[121.4771914,31.2277194],[121.4773438,31.227773],[121.4774078,31.2276399],[121.4772917,31.2275991],[121.4773222,31.2275358],[121.4769305,31.227398],[121.476862,31.2275403]]]}},{"type":"Feature","id":372180524,"properties":{"osm_id":372180524,"name":"","height_m":0,"height_basis":"unknown","height_tag":null,"levels_tag":null,"building":"yes","source_url":"https://www.openstreetmap.org/way/372180524"},"geometry":{"type":"Polygon","coordinates":[[[121.4770562,31.2270283],[121.4774427,31.2271653],[121.477416,31.2272204],[121.4775578,31.2272707],[121.4776122,31.2271583],[121.4774747,31.2271096],[121.4774997,31.2270581],[121.4771089,31.2269196],[121.4770562,31.2270283]]]}},{"type":"Feature","id":372180529,"properties":{"osm_id":372180529,"name":"","height_m":0,"height_basis":"unknown","height_tag":null,"levels_tag":null,"building":"yes","source_url":"https://www.openstreetmap.org/way/372180529"},"geometry":{"type":"Polygon","coordinates":[[[121.4771871,31.2267351],[121.4775681,31.2268659],[121.4775433,31.2269188],[121.4776976,31.2269718],[121.4777486,31.2268631],[121.4776138,31.2268169],[121.4776417,31.2267575],[121.4772411,31.22662],[121.4771871,31.2267351]]]}},{"type":"Feature","id":375966620,"properties":{"osm_id":375966620,"name":"金砖大厦","height_m":200.0,"height_basis":"osm_height","height_tag":"200","levels_tag":"31","building":"commercial","source_url":"https://www.openstreetmap.org/way/375966620"},"geometry":{"type":"Polygon","coordinates":[[[121.4993402,31.2354241],[121.4987131,31.2353608],[121.4987811,31.2348684],[121.4994081,31.2349316],[121.4993402,31.2354241]]]}},{"type":"Feature","id":376075961,"properties":{"osm_id":376075961,"name":"金茂大厦","height_m":420.5,"height_basis":"osm_height","height_tag":"420.5","levels_tag":null,"building":"skyscraper","source_url":"https://www.openstreetmap.org/way/376075961"},"geometry":{"type":"Polygon","coordinates":[[[121.5010725,31.2373315],[121.5011126,31.2373316],[121.5011121,31.2374952],[121.5013071,31.2374957],[121.501307,31.2375309],[121.5013064,31.2376763],[121.5014957,31.2376767],[121.5014963,31.2375313],[121.5014964,31.2374957],[121.5016802,31.2374962],[121.5016807,31.2373325],[121.5017119,31.2373326],[121.5018868,31.2373331],[121.5018873,31.2371696],[121.5017124,31.2371691],[121.5016808,31.237169],[121.5016813,31.2370089],[121.5014971,31.2370084],[121.5014972,31.2369732],[121.5014978,31.2368243],[121.5013064,31.2368238],[121.5013058,31.2370084],[121.5011131,31.2370079],[121.5011126,31.2371674],[121.501073,31.2371673],[121.5009526,31.237167],[121.5009521,31.2373312],[121.5010725,31.2373315]]]}},{"type":"Feature","id":378107097,"properties":{"osm_id":378107097,"name":"","height_m":18.0,"height_basis":"levels_estimate","height_tag":null,"levels_tag":"6","building":"yes","source_url":"https://www.openstreetmap.org/way/378107097"},"geometry":{"type":"Polygon","coordinates":[[[121.479763,31.2315444],[121.479972,31.2312305],[121.4799401,31.2312151],[121.4798776,31.2311845],[121.4796631,31.2314945],[121.4797373,31.2315315],[121.479763,31.2315444]]]}},{"type":"Feature","id":378107103,"properties":{"osm_id":378107103,"name":"","height_m":0,"height_basis":"unknown","height_tag":null,"levels_tag":null,"building":"yes","source_url":"https://www.openstreetmap.org/way/378107103"},"geometry":{"type":"Polygon","coordinates":[[[121.4799512,31.2313267],[121.4801221,31.2314054],[121.4801785,31.231316],[121.4800077,31.2312372],[121.4799512,31.2313267]]]}},{"type":"Feature","id":378107105,"properties":{"osm_id":378107105,"name":"","height_m":0,"height_basis":"unknown","height_tag":null,"levels_tag":null,"building":"yes","source_url":"https://www.openstreetmap.org/way/378107105"},"geometry":{"type":"Polygon","coordinates":[[[121.4795668,31.2350107],[121.4796871,31.2350322],[121.4797052,31.2349584],[121.4795849,31.2349369],[121.4795668,31.2350107]]]}},{"type":"Feature","id":378107109,"properties":{"osm_id":378107109,"name":"","height_m":0,"height_basis":"unknown","height_tag":null,"levels_tag":null,"building":"yes","source_url":"https://www.openstreetmap.org/way/378107109"},"geometry":{"type":"Polygon","coordinates":[[[121.4796075,31.234647],[121.4797874,31.2346725],[121.4798054,31.2345796],[121.4796255,31.2345541],[121.4796075,31.234647]]]}},{"type":"Feature","id":378107110,"properties":{"osm_id":378107110,"name":"","height_m":18.0,"height_basis":"levels_estimate","height_tag":null,"levels_tag":"6","building":"yes","source_url":"https://www.openstreetmap.org/way/378107110"},"geometry":{"type":"Polygon","coordinates":[[[121.4796292,31.2318344],[121.4795983,31.2318133],[121.4797558,31.2315657],[121.4797216,31.2315487],[121.4797296,31.2315399],[121.4797373,31.2315315],[121.4796631,31.2314945],[121.4796563,31.2315051],[121.4794864,31.2317707],[121.4794614,31.2318213],[121.4794688,31.2318415],[121.4794833,31.2318566],[121.4795097,31.2318728],[121.4795711,31.2319007],[121.4796292,31.2318344]]]}},{"type":"Feature","id":378107112,"properties":{"osm_id":378107112,"name":"","height_m":0,"height_basis":"unknown","height_tag":null,"levels_tag":null,"building":"yes","source_url":"https://www.openstreetmap.org/way/378107112"},"geometry":{"type":"Polygon","coordinates":[[[121.4798768,31.2314348],[121.4800645,31.2315186],[121.4801165,31.2314334],[121.4799287,31.2313496],[121.4798768,31.2314348]]]}},{"type":"Feature","id":378107115,"properties":{"osm_id":378107115,"name":"","height_m":0,"height_basis":"unknown","height_tag":null,"levels_tag":null,"building":"yes","source_url":"https://www.openstreetmap.org/way/378107115"},"geometry":{"type":"Polygon","coordinates":[[[121.4797959,31.2315536],[121.4800058,31.2316471],[121.4800597,31.2315513],[121.4798549,31.2314604],[121.4797959,31.2315536]]]}},{"type":"Feature","id":378107116,"properties":{"osm_id":378107116,"name":"","height_m":0,"height_basis":"unknown","height_tag":null,"levels_tag":null,"building":"yes","source_url":"https://www.openstreetmap.org/way/378107116"},"geometry":{"type":"Polygon","coordinates":[[[121.4784184,31.2345025],[121.4784544,31.2343653],[121.4783108,31.2343424],[121.4782786,31.2344807],[121.4784184,31.2345025]]]}},{"type":"Feature","id":378107128,"properties":{"osm_id":378107128,"name":"","height_m":0,"height_basis":"unknown","height_tag":null,"levels_tag":null,"building":"yes","source_url":"https://www.openstreetmap.org/way/378107128"},"geometry":{"type":"Polygon","coordinates":[[[121.4777954,31.2350265],[121.4778768,31.234865],[121.4777439,31.2348246],[121.4776675,31.2349821],[121.4777954,31.2350265]]]}},{"type":"Feature","id":378107130,"properties":{"osm_id":378107130,"name":"","height_m":0,"height_basis":"unknown","height_tag":null,"levels_tag":null,"building":"yes","source_url":"https://www.openstreetmap.org/way/378107130"},"geometry":{"type":"Polygon","coordinates":[[[121.477931,31.2348531],[121.4782152,31.2349236],[121.4782716,31.2347276],[121.4779857,31.2346697],[121.477931,31.2348531]]]}},{"type":"Feature","id":378107133,"properties":{"osm_id":378107133,"name":"","height_m":0,"height_basis":"unknown","height_tag":null,"levels_tag":null,"building":"yes","source_url":"https://www.openstreetmap.org/way/378107133"},"geometry":{"type":"Polygon","coordinates":[[[121.4781163,31.2346697],[121.4785538,31.2347519],[121.4785989,31.234584],[121.4781615,31.2345049],[121.4781163,31.2346697]]]}},{"type":"Feature","id":378107134,"properties":{"osm_id":378107134,"name":"","height_m":0,"height_basis":"unknown","height_tag":null,"levels_tag":null,"building":"yes","source_url":"https://www.openstreetmap.org/way/378107134"},"geometry":{"type":"Polygon","coordinates":[[[121.47903,31.2345772],[121.4793693,31.2346312],[121.479395,31.2345148],[121.4790554,31.2344605],[121.47903,31.2345772]]]}},{"type":"Feature","id":378107137,"properties":{"osm_id":378107137,"name":"","height_m":0,"height_basis":"unknown","height_tag":null,"levels_tag":null,"building":"yes","source_url":"https://www.openstreetmap.org/way/378107137"},"geometry":{"type":"Polygon","coordinates":[[[121.4789483,31.2350804],[121.4792224,31.2351342],[121.4792561,31.2350086],[121.478982,31.2349548],[121.4789483,31.2350804]]]}},{"type":"Feature","id":378107141,"properties":{"osm_id":378107141,"name":"","height_m":0,"height_basis":"unknown","height_tag":null,"levels_tag":null,"building":"yes","source_url":"https://www.openstreetmap.org/way/378107141"},"geometry":{"type":"Polygon","coordinates":[[[121.4778304,31.2350375],[121.4784691,31.2352117],[121.4785313,31.2350402],[121.4778943,31.2348756],[121.4778304,31.2350375]]]}},{"type":"Feature","id":378107143,"properties":{"osm_id":378107143,"name":"","height_m":0,"height_basis":"unknown","height_tag":null,"levels_tag":null,"building":"yes","source_url":"https://www.openstreetmap.org/way/378107143"},"geometry":{"type":"Polygon","coordinates":[[[121.4782317,31.2344951],[121.4782714,31.2343342],[121.4781554,31.2343399],[121.4780831,31.2343615],[121.4780262,31.2343942],[121.4779631,31.2344518],[121.4782317,31.2344951]]]}},{"type":"Feature","id":378107144,"properties":{"osm_id":378107144,"name":"","height_m":0,"height_basis":"unknown","height_tag":null,"levels_tag":null,"building":"yes","source_url":"https://www.openstreetmap.org/way/378107144"},"geometry":{"type":"Polygon","coordinates":[[[121.4789101,31.235095],[121.4789493,31.2348951],[121.4788718,31.234884],[121.4788326,31.2350839],[121.4789101,31.235095]]]}},{"type":"Feature","id":378107151,"properties":{"osm_id":378107151,"name":"","height_m":0,"height_basis":"unknown","height_tag":null,"levels_tag":null,"building":"yes","source_url":"https://www.openstreetmap.org/way/378107151"},"geometry":{"type":"Polygon","coordinates":[[[121.4789597,31.2348806],[121.4789917,31.23474],[121.4789102,31.2347264],[121.4788782,31.234867],[121.4789597,31.2348806]]]}},{"type":"Feature","id":378107154,"properties":{"osm_id":378107154,"name":"","height_m":0,"height_basis":"unknown","height_tag":null,"levels_tag":null,"building":"yes","source_url":"https://www.openstreetmap.org/way/378107154"},"geometry":{"type":"Polygon","coordinates":[[[121.4776591,31.2353188],[121.4777954,31.2350265],[121.4776675,31.2349821],[121.4775154,31.2352782],[121.4776591,31.2353188]]]}},{"type":"Feature","id":378107156,"properties":{"osm_id":378107156,"name":"","height_m":0,"height_basis":"unknown","height_tag":null,"levels_tag":null,"building":"yes","source_url":"https://www.openstreetmap.org/way/378107156"},"geometry":{"type":"Polygon","coordinates":[[[121.4790463,31.2347402],[121.4795358,31.2348371],[121.4795627,31.2347375],[121.4790732,31.2346407],[121.4790463,31.2347402]]]}},{"type":"Feature","id":378107159,"properties":{"osm_id":378107159,"name":"","height_m":0,"height_basis":"unknown","height_tag":null,"levels_tag":null,"building":"yes","source_url":"https://www.openstreetmap.org/way/378107159"},"geometry":{"type":"Polygon","coordinates":[[[121.4749284,31.235489],[121.4751118,31.2350769],[121.4752889,31.2351383],[121.4753572,31.234994],[121.4751155,31.2349098],[121.4750678,31.2349136],[121.4750176,31.2349385],[121.4747961,31.2354454],[121.4749284,31.235489]]]}},{"type":"Feature","id":378107162,"properties":{"osm_id":378107162,"name":"","height_m":0,"height_basis":"unknown","height_tag":null,"levels_tag":null,"building":"yes","source_url":"https://www.openstreetmap.org/way/378107162"},"geometry":{"type":"Polygon","coordinates":[[[121.4782538,31.2349385],[121.4784474,31.2349846],[121.4785064,31.2347804],[121.4783214,31.2347448],[121.4782538,31.2349385]]]}},{"type":"Feature","id":378107177,"properties":{"osm_id":378107177,"name":"","height_m":0,"height_basis":"unknown","height_tag":null,"levels_tag":null,"building":"yes","source_url":"https://www.openstreetmap.org/way/378107177"},"geometry":{"type":"Polygon","coordinates":[[[121.4778768,31.234865],[121.477955,31.2346399],[121.4778557,31.2346152],[121.4777439,31.2348246],[121.4778768,31.234865]]]}},{"type":"Feature","id":378107190,"properties":{"osm_id":378107190,"name":"","height_m":0,"height_basis":"unknown","height_tag":null,"levels_tag":null,"building":"yes","source_url":"https://www.openstreetmap.org/way/378107190"},"geometry":{"type":"Polygon","coordinates":[[[121.4737066,31.2344118],[121.4735977,31.2346173],[121.4738144,31.2347012],[121.4738515,31.2346313],[121.4737134,31.2345779],[121.4737696,31.2344718],[121.4739182,31.2345293],[121.4739591,31.2344521],[121.4737741,31.2343804],[121.4737488,31.2344281],[121.4737066,31.2344118]]]}},{"type":"Feature","id":378107191,"properties":{"osm_id":378107191,"name":"","height_m":0,"height_basis":"unknown","height_tag":null,"levels_tag":null,"building":"yes","source_url":"https://www.openstreetmap.org/way/378107191"},"geometry":{"type":"Polygon","coordinates":[[[121.4789225,31.2347145],[121.4789964,31.2347274],[121.4790289,31.2345912],[121.478955,31.2345784],[121.4789225,31.2347145]]]}},{"type":"Feature","id":378107195,"properties":{"osm_id":378107195,"name":"","height_m":0,"height_basis":"unknown","height_tag":null,"levels_tag":null,"building":"yes","source_url":"https://www.openstreetmap.org/way/378107195"},"geometry":{"type":"Polygon","coordinates":[[[121.4784456,31.2345068],[121.4787685,31.2345588],[121.4788022,31.2344213],[121.4784842,31.2343672],[121.4784456,31.2345068]]]}},{"type":"Feature","id":378107202,"properties":{"osm_id":378107202,"name":"","height_m":0,"height_basis":"unknown","height_tag":null,"levels_tag":null,"building":"yes","source_url":"https://www.openstreetmap.org/way/378107202"},"geometry":{"type":"Polygon","coordinates":[[[121.4785181,31.2350097],[121.4786635,31.235028],[121.4786905,31.2348975],[121.47855,31.2348771],[121.4785181,31.2350097]]]}},{"type":"Feature","id":378107205,"properties":{"osm_id":378107205,"name":"","height_m":0,"height_basis":"unknown","height_tag":null,"levels_tag":null,"building":"yes","source_url":"https://www.openstreetmap.org/way/378107205"},"geometry":{"type":"Polygon","coordinates":[[[121.478532,31.2348609],[121.4786923,31.2348831],[121.4787099,31.2347883],[121.4785508,31.2347661],[121.478532,31.2348609]]]}},{"type":"Feature","id":378107206,"properties":{"osm_id":378107206,"name":"","height_m":0,"height_basis":"unknown","height_tag":null,"levels_tag":null,"building":"yes","source_url":"https://www.openstreetmap.org/way/378107206"},"geometry":{"type":"Polygon","coordinates":[[[121.4790312,31.2349019],[121.4794955,31.2349963],[121.4795271,31.2348827],[121.4790628,31.2347882],[121.4790312,31.2349019]]]}},{"type":"Feature","id":378107208,"properties":{"osm_id":378107208,"name":"","height_m":0,"height_basis":"unknown","height_tag":null,"levels_tag":null,"building":"yes","source_url":"https://www.openstreetmap.org/way/378107208"},"geometry":{"type":"Polygon","coordinates":[[[121.478693,31.2350518],[121.478788,31.2350711],[121.4789581,31.2344581],[121.4788631,31.2344389],[121.478693,31.2350518]]]}},{"type":"Feature","id":378107227,"properties":{"osm_id":378107227,"name":"","height_m":0,"height_basis":"unknown","height_tag":null,"levels_tag":null,"building":"yes","source_url":"https://www.openstreetmap.org/way/378107227"},"geometry":{"type":"Polygon","coordinates":[[[121.4785965,31.2347185],[121.4787199,31.2347376],[121.4787539,31.2346119],[121.4786304,31.2345917],[121.4785965,31.2347185]]]}},{"type":"Feature","id":378107243,"properties":{"osm_id":378107243,"name":"中国工商银行","height_m":90.0,"height_basis":"levels_estimate","height_tag":null,"levels_tag":"30","building":"yes","source_url":"https://www.openstreetmap.org/way/378107243"},"geometry":{"type":"Polygon","coordinates":[[[121.4783775,31.2341166],[121.4789709,31.234213],[121.4790184,31.2339992],[121.478425,31.2339028],[121.478384,31.2339107],[121.4783531,31.2339264],[121.4783299,31.2339418],[121.4783127,31.2339591],[121.4782996,31.2339815],[121.4782926,31.2340079],[121.4782933,31.2340322],[121.4782996,31.2340506],[121.4783084,31.2340681],[121.4783225,31.2340883],[121.4783422,31.2341042],[121.4783775,31.2341166]]]}},{"type":"Feature","id":378107245,"properties":{"osm_id":378107245,"name":"","height_m":18.0,"height_basis":"levels_estimate","height_tag":null,"levels_tag":"6","building":"yes","source_url":"https://www.openstreetmap.org/way/378107245"},"geometry":{"type":"Polygon","coordinates":[[[121.4799529,31.2319523],[121.4800379,31.2319876],[121.4801812,31.2317589],[121.4802231,31.2317758],[121.4802349,31.2317572],[121.4802829,31.2317768],[121.4801311,31.2320548],[121.4800465,31.2320724],[121.4799184,31.2320073],[121.4799459,31.2319635],[121.4799529,31.2319523]]]}},{"type":"Feature","id":387381261,"properties":{"osm_id":387381261,"name":"","height_m":0,"height_basis":"unknown","height_tag":null,"levels_tag":null,"building":"yes","source_url":"https://www.openstreetmap.org/way/387381261"},"geometry":{"type":"Polygon","coordinates":[[[121.4678584,31.2322077],[121.4680233,31.232022],[121.4678597,31.2319073],[121.467731,31.2320518],[121.467794,31.2320896],[121.4677725,31.2321252],[121.4677725,31.2321584],[121.467798,31.2321848],[121.4678584,31.2322077]]]}},{"type":"Feature","id":387381262,"properties":{"osm_id":387381262,"name":"","height_m":0,"height_basis":"unknown","height_tag":null,"levels_tag":null,"building":"yes","source_url":"https://www.openstreetmap.org/way/387381262"},"geometry":{"type":"Polygon","coordinates":[[[121.4664868,31.2336692],[121.4664116,31.2334761],[121.4665053,31.2334494],[121.4665557,31.2335788],[121.4666218,31.23356],[121.4666466,31.2336236],[121.4664868,31.2336692]]]}},{"type":"Feature","id":389701877,"properties":{"osm_id":389701877,"name":"","height_m":0,"height_basis":"unknown","height_tag":null,"levels_tag":null,"building":"yes","source_url":"https://www.openstreetmap.org/way/389701877"},"geometry":{"type":"Polygon","coordinates":[[[121.4776124,31.2267199],[121.4776595,31.2267375],[121.4777372,31.2265853],[121.4776902,31.2265677],[121.4776124,31.2267199]]]}},{"type":"Feature","id":389701887,"properties":{"osm_id":389701887,"name":"","height_m":0,"height_basis":"unknown","height_tag":null,"levels_tag":null,"building":"yes","source_url":"https://www.openstreetmap.org/way/389701887"},"geometry":{"type":"Polygon","coordinates":[[[121.4786884,31.2302497],[121.4791298,31.230481],[121.4792143,31.2303707],[121.4787717,31.2301354],[121.4786884,31.2302497]]]}},{"type":"Feature","id":389701899,"properties":{"osm_id":389701899,"name":"","height_m":0,"height_basis":"unknown","height_tag":null,"levels_tag":null,"building":"yes","source_url":"https://www.openstreetmap.org/way/389701899"},"geometry":{"type":"Polygon","coordinates":[[[121.4773504,31.2265262],[121.4774063,31.2265449],[121.4774437,31.2264629],[121.4773877,31.2264443],[121.4773504,31.2265262]]]}},{"type":"Feature","id":389701912,"properties":{"osm_id":389701912,"name":"","height_m":0,"height_basis":"unknown","height_tag":null,"levels_tag":null,"building":"yes","source_url":"https://www.openstreetmap.org/way/389701912"},"geometry":{"type":"Polygon","coordinates":[[[121.4791605,31.2303143],[121.4794394,31.2304542],[121.4794833,31.2303903],[121.4792043,31.2302504],[121.4791605,31.2303143]]]}},{"type":"Feature","id":389701917,"properties":{"osm_id":389701917,"name":"","height_m":0,"height_basis":"unknown","height_tag":null,"levels_tag":null,"building":"yes","source_url":"https://www.openstreetmap.org/way/389701917"},"geometry":{"type":"Polygon","coordinates":[[[121.4772571,31.2265746],[121.4774357,31.2266406],[121.4774572,31.226598],[121.4772786,31.226532],[121.4772571,31.2265746]]]}},{"type":"Feature","id":389701928,"properties":{"osm_id":389701928,"name":"","height_m":0,"height_basis":"unknown","height_tag":null,"levels_tag":null,"building":"yes","source_url":"https://www.openstreetmap.org/way/389701928"},"geometry":{"type":"Polygon","coordinates":[[[121.4797062,31.2305989],[121.4798904,31.2306925],[121.479936,31.230627],[121.4797518,31.2305334],[121.4797062,31.2305989]]]}},{"type":"Feature","id":389701933,"properties":{"osm_id":389701933,"name":"","height_m":0,"height_basis":"unknown","height_tag":null,"levels_tag":null,"building":"yes","source_url":"https://www.openstreetmap.org/way/389701933"},"geometry":{"type":"Polygon","coordinates":[[[121.4774954,31.226581],[121.4775416,31.2265982],[121.4775814,31.22652],[121.4775352,31.2265028],[121.4774954,31.226581]]]}},{"type":"Feature","id":389701945,"properties":{"osm_id":389701945,"name":"","height_m":0,"height_basis":"unknown","height_tag":null,"levels_tag":null,"building":"yes","source_url":"https://www.openstreetmap.org/way/389701945"},"geometry":{"type":"Polygon","coordinates":[[[121.4794869,31.2304784],[121.4796848,31.2305774],[121.4797259,31.2305173],[121.479528,31.2304184],[121.4794869,31.2304784]]]}},{"type":"Feature","id":389701949,"properties":{"osm_id":389701949,"name":"","height_m":0,"height_basis":"unknown","height_tag":null,"levels_tag":null,"building":"yes","source_url":"https://www.openstreetmap.org/way/389701949"},"geometry":{"type":"Polygon","coordinates":[[[121.4772208,31.2263155],[121.4773572,31.2263689],[121.4773788,31.2263286],[121.4772424,31.2262752],[121.4772208,31.2263155]]]}},{"type":"Feature","id":389701994,"properties":{"osm_id":389701994,"name":"","height_m":0,"height_basis":"unknown","height_tag":null,"levels_tag":null,"building":"yes","source_url":"https://www.openstreetmap.org/way/389701994"},"geometry":{"type":"Polygon","coordinates":[[[121.4774686,31.2266396],[121.4775744,31.2266827],[121.477596,31.2266439],[121.4774902,31.2266008],[121.4774686,31.2266396]]]}},{"type":"Feature","id":389702002,"properties":{"osm_id":389702002,"name":"","height_m":0,"height_basis":"unknown","height_tag":null,"levels_tag":null,"building":"yes","source_url":"https://www.openstreetmap.org/way/389702002"},"geometry":{"type":"Polygon","coordinates":[[[121.479939,31.2307032],[121.4800437,31.2307543],[121.4803137,31.2303499],[121.480209,31.2302988],[121.479939,31.2307032]]]}},{"type":"Feature","id":389702012,"properties":{"osm_id":389702012,"name":"","height_m":0,"height_basis":"unknown","height_tag":null,"levels_tag":null,"building":"yes","source_url":"https://www.openstreetmap.org/way/389702012"},"geometry":{"type":"Polygon","coordinates":[[[121.4772757,31.2264874],[121.4773203,31.2265014],[121.4773558,31.2264189],[121.4773112,31.2264049],[121.4772757,31.2264874]]]}},{"type":"Feature","id":389702019,"properties":{"osm_id":389702019,"name":"","height_m":0,"height_basis":"unknown","height_tag":null,"levels_tag":null,"building":"yes","source_url":"https://www.openstreetmap.org/way/389702019"},"geometry":{"type":"Polygon","coordinates":[[[121.4787891,31.2301239],[121.47912,31.230294],[121.479174,31.2302171],[121.4788431,31.2300471],[121.4787891,31.2301239]]]}},{"type":"Feature","id":389702025,"properties":{"osm_id":389702025,"name":"","height_m":0,"height_basis":"unknown","height_tag":null,"levels_tag":null,"building":"yes","source_url":"https://www.openstreetmap.org/way/389702025"},"geometry":{"type":"Polygon","coordinates":[[[121.477373,31.2263892],[121.4776511,31.2264984],[121.4776749,31.226454],[121.4773968,31.2263449],[121.477373,31.2263892]]]}},{"type":"Feature","id":389702054,"properties":{"osm_id":389702054,"name":"","height_m":0,"height_basis":"unknown","height_tag":null,"levels_tag":null,"building":"yes","source_url":"https://www.openstreetmap.org/way/389702054"},"geometry":{"type":"Polygon","coordinates":[[[121.4770087,31.226235],[121.4771882,31.2262974],[121.4772083,31.2262553],[121.4770288,31.2261929],[121.4770087,31.226235]]]}},{"type":"Feature","id":404676268,"properties":{"osm_id":404676268,"name":"上海海洋水族馆","height_m":10.0,"height_basis":"osm_height","height_tag":"10","levels_tag":null,"building":"yes","source_url":"https://www.openstreetmap.org/way/404676268"},"geometry":{"type":"Polygon","coordinates":[[[121.4977593,31.2426086],[121.4973315,31.243054],[121.4968045,31.2426841],[121.4972324,31.2422386],[121.497521,31.2424413],[121.4977593,31.2426086]]]}},{"type":"Feature","id":408450635,"properties":{"osm_id":408450635,"name":"","height_m":0,"height_basis":"unknown","height_tag":null,"levels_tag":null,"building":"yes","source_url":"https://www.openstreetmap.org/way/408450635"},"geometry":{"type":"Polygon","coordinates":[[[121.4779982,31.2260971],[121.4781844,31.2261584],[121.4782348,31.2260464],[121.4780487,31.2259851],[121.4779982,31.2260971]]]}},{"type":"Feature","id":408450639,"properties":{"osm_id":408450639,"name":"","height_m":0,"height_basis":"unknown","height_tag":null,"levels_tag":null,"building":"yes","source_url":"https://www.openstreetmap.org/way/408450639"},"geometry":{"type":"Polygon","coordinates":[[[121.4778518,31.2260599],[121.477962,31.226096],[121.4780154,31.2259766],[121.4779052,31.2259406],[121.4778518,31.2260599]]]}},{"type":"Feature","id":408450644,"properties":{"osm_id":408450644,"name":"","height_m":0,"height_basis":"unknown","height_tag":null,"levels_tag":null,"building":"yes","source_url":"https://www.openstreetmap.org/way/408450644"},"geometry":{"type":"Polygon","coordinates":[[[121.4773911,31.2261721],[121.4774589,31.2260025],[121.4773683,31.225976],[121.4773004,31.2261456],[121.4773911,31.2261721]]]}},{"type":"Feature","id":408450651,"properties":{"osm_id":408450651,"name":"","height_m":0,"height_basis":"unknown","height_tag":null,"levels_tag":null,"building":"yes","source_url":"https://www.openstreetmap.org/way/408450651"},"geometry":{"type":"Polygon","coordinates":[[[121.477822,31.2260489],[121.4778724,31.225938],[121.4778063,31.225916],[121.4777559,31.2260269],[121.477822,31.2260489]]]}},{"type":"Feature","id":408450654,"properties":{"osm_id":408450654,"name":"","height_m":0,"height_basis":"unknown","height_tag":null,"levels_tag":null,"building":"yes","source_url":"https://www.openstreetmap.org/way/408450654"},"geometry":{"type":"Polygon","coordinates":[[[121.4773628,31.2259099],[121.477729,31.2260234],[121.477777,31.2259102],[121.4774108,31.2257967],[121.4773628,31.2259099]]]}},{"type":"Feature","id":408450662,"properties":{"osm_id":408450662,"name":"","height_m":0,"height_basis":"unknown","height_tag":null,"levels_tag":null,"building":"yes","source_url":"https://www.openstreetmap.org/way/408450662"},"geometry":{"type":"Polygon","coordinates":[[[121.4775105,31.2256002],[121.4778599,31.2257033],[121.4778905,31.2256273],[121.4775412,31.2255242],[121.4775105,31.2256002]]]}},{"type":"Feature","id":408450666,"properties":{"osm_id":408450666,"name":"","height_m":0,"height_basis":"unknown","height_tag":null,"levels_tag":null,"building":"yes","source_url":"https://www.openstreetmap.org/way/408450666"},"geometry":{"type":"Polygon","coordinates":[[[121.4774368,31.2262002],[121.4775292,31.2262267],[121.4776032,31.2260382],[121.4775108,31.2260117],[121.4774368,31.2262002]]]}},{"type":"Feature","id":408450673,"properties":{"osm_id":408450673,"name":"","height_m":0,"height_basis":"unknown","height_tag":null,"levels_tag":null,"building":"yes","source_url":"https://www.openstreetmap.org/way/408450673"},"geometry":{"type":"Polygon","coordinates":[[[121.477242,31.2255311],[121.4774602,31.2255976],[121.477492,31.2255212],[121.4772739,31.2254547],[121.477242,31.2255311]]]}},{"type":"Feature","id":408450676,"properties":{"osm_id":408450676,"name":"","height_m":0,"height_basis":"unknown","height_tag":null,"levels_tag":null,"building":"yes","source_url":"https://www.openstreetmap.org/way/408450676"},"geometry":{"type":"Polygon","coordinates":[[[121.4769125,31.2254345],[121.4772085,31.2255245],[121.477241,31.2254464],[121.476945,31.2253564],[121.4769125,31.2254345]]]}},{"type":"Feature","id":408450680,"properties":{"osm_id":408450680,"name":"","height_m":0,"height_basis":"unknown","height_tag":null,"levels_tag":null,"building":"yes","source_url":"https://www.openstreetmap.org/way/408450680"},"geometry":{"type":"Polygon","coordinates":[[[121.4771794,31.2262176],[121.4773045,31.2262744],[121.4773361,31.2262235],[121.477211,31.2261667],[121.4771794,31.2262176]]]}},{"type":"Feature","id":408450688,"properties":{"osm_id":408450688,"name":"","height_m":0,"height_basis":"unknown","height_tag":null,"levels_tag":null,"building":"yes","source_url":"https://www.openstreetmap.org/way/408450688"},"geometry":{"type":"Polygon","coordinates":[[[121.4778688,31.2258505],[121.4781396,31.2259262],[121.4781673,31.2258536],[121.4778966,31.2257779],[121.4778688,31.2258505]]]}},{"type":"Feature","id":408450691,"properties":{"osm_id":408450691,"name":"","height_m":0,"height_basis":"unknown","height_tag":null,"levels_tag":null,"building":"yes","source_url":"https://www.openstreetmap.org/way/408450691"},"geometry":{"type":"Polygon","coordinates":[[[121.4780013,31.2264423],[121.4780531,31.2264582],[121.4781588,31.2262064],[121.478107,31.2261905],[121.4780013,31.2264423]]]}},{"type":"Feature","id":408450697,"properties":{"osm_id":408450697,"name":"","height_m":0,"height_basis":"unknown","height_tag":null,"levels_tag":null,"building":"yes","source_url":"https://www.openstreetmap.org/way/408450697"},"geometry":{"type":"Polygon","coordinates":[[[121.4771787,31.2259554],[121.477274,31.225988],[121.4772977,31.2259373],[121.4772024,31.2259047],[121.4771787,31.2259554]]]}},{"type":"Feature","id":408450704,"properties":{"osm_id":408450704,"name":"","height_m":0,"height_basis":"unknown","height_tag":null,"levels_tag":null,"building":"yes","source_url":"https://www.openstreetmap.org/way/408450704"},"geometry":{"type":"Polygon","coordinates":[[[121.476953,31.2255802],[121.4771871,31.2256448],[121.4772126,31.2255771],[121.4769785,31.2255126],[121.476953,31.2255802]]]}},{"type":"Feature","id":408450716,"properties":{"osm_id":408450716,"name":"","height_m":0,"height_basis":"unknown","height_tag":null,"levels_tag":null,"building":"yes","source_url":"https://www.openstreetmap.org/way/408450716"},"geometry":{"type":"Polygon","coordinates":[[[121.4780155,31.2255806],[121.4782214,31.2256446],[121.4782569,31.225561],[121.4780509,31.2254971],[121.4780155,31.2255806]]]}},{"type":"Feature","id":408450719,"properties":{"osm_id":408450719,"name":"","height_m":0,"height_basis":"unknown","height_tag":null,"levels_tag":null,"building":"yes","source_url":"https://www.openstreetmap.org/way/408450719"},"geometry":{"type":"Polygon","coordinates":[[[121.4769704,31.2260187],[121.4770581,31.2260428],[121.4770762,31.2259949],[121.4769884,31.2259708],[121.4769704,31.2260187]]]}},{"type":"Feature","id":408450729,"properties":{"osm_id":408450729,"name":"","height_m":0,"height_basis":"unknown","height_tag":null,"levels_tag":null,"building":"yes","source_url":"https://www.openstreetmap.org/way/408450729"},"geometry":{"type":"Polygon","coordinates":[[[121.4775715,31.2254632],[121.4779163,31.2255663],[121.4779549,31.2254719],[121.4776101,31.2253689],[121.4775715,31.2254632]]]}},{"type":"Feature","id":408450733,"properties":{"osm_id":408450733,"name":"","height_m":0,"height_basis":"unknown","height_tag":null,"levels_tag":null,"building":"yes","source_url":"https://www.openstreetmap.org/way/408450733"},"geometry":{"type":"Polygon","coordinates":[[[121.4777629,31.2264733],[121.4778949,31.2265281],[121.477926,31.2264733],[121.477794,31.2264186],[121.4777629,31.2264733]]]}},{"type":"Feature","id":408450736,"properties":{"osm_id":408450736,"name":"","height_m":0,"height_basis":"unknown","height_tag":null,"levels_tag":null,"building":"yes","source_url":"https://www.openstreetmap.org/way/408450736"},"geometry":{"type":"Polygon","coordinates":[[[121.4776127,31.226397],[121.4777301,31.2264414],[121.4777556,31.226392],[121.4776382,31.2263477],[121.4776127,31.226397]]]}},{"type":"Feature","id":408450742,"properties":{"osm_id":408450742,"name":"","height_m":0,"height_basis":"unknown","height_tag":null,"levels_tag":null,"building":"yes","source_url":"https://www.openstreetmap.org/way/408450742"},"geometry":{"type":"Polygon","coordinates":[[[121.4774746,31.2263487],[121.4775783,31.2263898],[121.4776031,31.2263442],[121.4774993,31.2263031],[121.4774746,31.2263487]]]}},{"type":"Feature","id":408450744,"properties":{"osm_id":408450744,"name":"","height_m":0,"height_basis":"unknown","height_tag":null,"levels_tag":null,"building":"yes","source_url":"https://www.openstreetmap.org/way/408450744"},"geometry":{"type":"Polygon","coordinates":[[[121.4773388,31.2262861],[121.4774533,31.226335],[121.4774819,31.226286],[121.4773675,31.2262371],[121.4773388,31.2262861]]]}},{"type":"Feature","id":408450749,"properties":{"osm_id":408450749,"name":"","height_m":0,"height_basis":"unknown","height_tag":null,"levels_tag":null,"building":"yes","source_url":"https://www.openstreetmap.org/way/408450749"},"geometry":{"type":"Polygon","coordinates":[[[121.4771459,31.2257858],[121.4773541,31.2258445],[121.477377,31.2257851],[121.4771688,31.2257264],[121.4771459,31.2257858]]]}},{"type":"Feature","id":408450755,"properties":{"osm_id":408450755,"name":"","height_m":0,"height_basis":"unknown","height_tag":null,"levels_tag":null,"building":"yes","source_url":"https://www.openstreetmap.org/way/408450755"},"geometry":{"type":"Polygon","coordinates":[[[121.4775985,31.2262693],[121.4777101,31.2263004],[121.4777864,31.2261001],[121.4776748,31.2260691],[121.4775985,31.2262693]]]}},{"type":"Feature","id":408450760,"properties":{"osm_id":408450760,"name":"","height_m":0,"height_basis":"unknown","height_tag":null,"levels_tag":null,"building":"yes","source_url":"https://www.openstreetmap.org/way/408450760"},"geometry":{"type":"Polygon","coordinates":[[[121.4771314,31.2259385],[121.4771655,31.2259489],[121.4771892,31.2258921],[121.477155,31.2258817],[121.4771314,31.2259385]]]}},{"type":"Feature","id":408450763,"properties":{"osm_id":408450763,"name":"","height_m":0,"height_basis":"unknown","height_tag":null,"levels_tag":null,"building":"yes","source_url":"https://www.openstreetmap.org/way/408450763"},"geometry":{"type":"Polygon","coordinates":[[[121.4770078,31.225928],[121.4771077,31.2259574],[121.4771424,31.225871],[121.4770425,31.2258416],[121.4770078,31.225928]]]}},{"type":"Feature","id":408450773,"properties":{"osm_id":408450773,"name":"","height_m":0,"height_basis":"unknown","height_tag":null,"levels_tag":null,"building":"yes","source_url":"https://www.openstreetmap.org/way/408450773"},"geometry":{"type":"Polygon","coordinates":[[[121.4770879,31.2260539],[121.4772237,31.2260957],[121.4772519,31.2260285],[121.4771161,31.2259868],[121.4770879,31.2260539]]]}},{"type":"Feature","id":408450777,"properties":{"osm_id":408450777,"name":"","height_m":45.0,"height_basis":"levels_estimate","height_tag":null,"levels_tag":"15","building":"yes","source_url":"https://www.openstreetmap.org/way/408450777"},"geometry":{"type":"Polygon","coordinates":[[[121.4781288,31.2251456],[121.478458,31.2252231],[121.4785373,31.2249765],[121.4782081,31.224899],[121.4781288,31.2251456]]]}},{"type":"Feature","id":408450781,"properties":{"osm_id":408450781,"name":"","height_m":0,"height_basis":"unknown","height_tag":null,"levels_tag":null,"building":"yes","source_url":"https://www.openstreetmap.org/way/408450781"},"geometry":{"type":"Polygon","coordinates":[[[121.477959,31.2257359],[121.4781787,31.2258024],[121.4782102,31.2257265],[121.4779905,31.2256599],[121.477959,31.2257359]]]}},{"type":"Feature","id":408450785,"properties":{"osm_id":408450785,"name":"","height_m":0,"height_basis":"unknown","height_tag":null,"levels_tag":null,"building":"yes","source_url":"https://www.openstreetmap.org/way/408450785"},"geometry":{"type":"Polygon","coordinates":[[[121.4772119,31.2256568],[121.4778257,31.2258478],[121.4778592,31.225769],[121.4772454,31.225578],[121.4772119,31.2256568]]]}},{"type":"Feature","id":408450788,"properties":{"osm_id":408450788,"name":"","height_m":0,"height_basis":"unknown","height_tag":null,"levels_tag":null,"building":"yes","source_url":"https://www.openstreetmap.org/way/408450788"},"geometry":{"type":"Polygon","coordinates":[[[121.4778869,31.2264082],[121.4779636,31.2264305],[121.4780618,31.2261842],[121.4779851,31.2261619],[121.4778869,31.2264082]]]}},{"type":"Feature","id":408450789,"properties":{"osm_id":408450789,"name":"","height_m":0,"height_basis":"unknown","height_tag":null,"levels_tag":null,"building":"yes","source_url":"https://www.openstreetmap.org/way/408450789"},"geometry":{"type":"Polygon","coordinates":[[[121.4769872,31.2261517],[121.4771329,31.2262039],[121.4771576,31.2261535],[121.4770119,31.2261013],[121.4769872,31.2261517]]]}},{"type":"Feature","id":408450791,"properties":{"osm_id":408450791,"name":"","height_m":0,"height_basis":"unknown","height_tag":null,"levels_tag":null,"building":"yes","source_url":"https://www.openstreetmap.org/way/408450791"},"geometry":{"type":"Polygon","coordinates":[[[121.4777316,31.2263141],[121.4778297,31.2263413],[121.4779063,31.2261393],[121.4778082,31.2261121],[121.4777316,31.2263141]]]}},{"type":"Feature","id":414551893,"properties":{"osm_id":414551893,"name":"","height_m":0,"height_basis":"unknown","height_tag":null,"levels_tag":null,"building":"yes","source_url":"https://www.openstreetmap.org/way/414551893"},"geometry":{"type":"Polygon","coordinates":[[[121.4688895,31.2343309],[121.468906,31.2343378],[121.4689182,31.2343496],[121.4689241,31.2343645],[121.468923,31.2343802],[121.4689149,31.2343943],[121.4689011,31.2344047],[121.4688837,31.2344098],[121.4688653,31.2344089],[121.4688488,31.2344019],[121.4688366,31.2343901],[121.4688307,31.2343753],[121.4688318,31.2343596],[121.4688399,31.2343454],[121.4688537,31.234335],[121.4688711,31.2343299],[121.4688895,31.2343309]]]}},{"type":"Feature","id":414551894,"properties":{"osm_id":414551894,"name":"","height_m":0,"height_basis":"unknown","height_tag":null,"levels_tag":null,"building":"yes","source_url":"https://www.openstreetmap.org/way/414551894"},"geometry":{"type":"Polygon","coordinates":[[[121.4706549,31.2343186],[121.4706992,31.23434],[121.4707367,31.234283],[121.4706924,31.2342616],[121.4706549,31.2343186]]]}},{"type":"Feature","id":415667808,"properties":{"osm_id":415667808,"name":"","height_m":0,"height_basis":"unknown","height_tag":null,"levels_tag":null,"building":"yes","source_url":"https://www.openstreetmap.org/way/415667808"},"geometry":{"type":"Polygon","coordinates":[[[121.5046094,31.2345835],[121.5050396,31.2347096],[121.5051213,31.2345057],[121.5046912,31.2343796],[121.5046094,31.2345835]]]}},{"type":"Feature","id":415667816,"properties":{"osm_id":415667816,"name":"","height_m":0,"height_basis":"unknown","height_tag":null,"levels_tag":null,"building":"yes","source_url":"https://www.openstreetmap.org/way/415667816"},"geometry":{"type":"Polygon","coordinates":[[[121.5085227,31.2424874],[121.5087316,31.2425615],[121.5087454,31.242533],[121.5091014,31.2426592],[121.509088,31.242687],[121.5092873,31.2427576],[121.5093375,31.2426541],[121.5091316,31.2425811],[121.5091424,31.2425588],[121.508795,31.2424356],[121.5087829,31.2424605],[121.508572,31.2423857],[121.5085227,31.2424874]]]}},{"type":"Feature","id":415667822,"properties":{"osm_id":415667822,"name":"","height_m":0,"height_basis":"unknown","height_tag":null,"levels_tag":null,"building":"yes","source_url":"https://www.openstreetmap.org/way/415667822"},"geometry":{"type":"Polygon","coordinates":[[[121.509495,31.2427741],[121.5100958,31.2429883],[121.510139,31.2428999],[121.5095381,31.2426857],[121.509495,31.2427741]]]}},{"type":"Feature","id":415667888,"properties":{"osm_id":415667888,"name":"","height_m":0,"height_basis":"unknown","height_tag":null,"levels_tag":null,"building":"yes","source_url":"https://www.openstreetmap.org/way/415667888"},"geometry":{"type":"Polygon","coordinates":[[[121.5038581,31.2348521],[121.5040316,31.2349008],[121.5041157,31.2346818],[121.5039422,31.2346331],[121.5038581,31.2348521]]]}},{"type":"Feature","id":423304682,"properties":{"osm_id":423304682,"name":"国金中心二期","height_m":259.9,"height_basis":"osm_height","height_tag":"259.9","levels_tag":"56","building":"yes","source_url":"https://www.openstreetmap.org/way/423304682"},"geometry":{"type":"Polygon","coordinates":[[[121.4976093,31.2389307],[121.4978362,31.2388329],[121.4979923,31.2388808],[121.4981185,31.2391414],[121.4979161,31.2393018],[121.4977432,31.2393649],[121.4976277,31.2393058],[121.4975282,31.2391444],[121.4974878,31.2390198],[121.4976093,31.2389307]]]}},{"type":"Feature","id":427786590,"properties":{"osm_id":427786590,"name":"迪士尼旗舰店","height_m":6.0,"height_basis":"levels_estimate","height_tag":null,"levels_tag":"2","building":"yes","source_url":"https://www.openstreetmap.org/way/427786590"},"geometry":{"type":"Polygon","coordinates":[[[121.4948451,31.2400412],[121.494523,31.2405397],[121.494751,31.2406607],[121.4950137,31.2404058],[121.4950318,31.24042],[121.4950524,31.2404339],[121.4950751,31.2404443],[121.4950993,31.2404515],[121.4951196,31.2404546],[121.4951435,31.240456],[121.4951429,31.2404021],[121.4951069,31.240391],[121.4950726,31.2403736],[121.4950498,31.2403588],[121.4950241,31.2403347],[121.4950041,31.2403035],[121.4949925,31.2402761],[121.4949849,31.2402424],[121.4949852,31.2402125],[121.4949914,31.2401817],[121.4950035,31.2401541],[121.4950181,31.2401306],[121.495047,31.2400995],[121.4950745,31.2400774],[121.4951093,31.2400585],[121.4951461,31.2400438],[121.4951904,31.2400353],[121.4951892,31.2399886],[121.4951465,31.2399935],[121.4951014,31.2400069],[121.4950503,31.2400329],[121.4950186,31.2400561],[121.4949929,31.2400799],[121.4949696,31.2401058],[121.4948451,31.2400412]]]}},{"type":"Feature","id":428179900,"properties":{"osm_id":428179900,"name":"","height_m":0,"height_basis":"unknown","height_tag":null,"levels_tag":null,"building":"yes","source_url":"https://www.openstreetmap.org/way/428179900"},"geometry":{"type":"Polygon","coordinates":[[[121.4772843,31.2299209],[121.4773506,31.229955],[121.4772401,31.230084],[121.4774319,31.2301864],[121.4776008,31.2299767],[121.4776526,31.229915],[121.4776393,31.2298634],[121.4774172,31.2297488],[121.4772843,31.2299209]]]}},{"type":"Feature","id":436817400,"properties":{"osm_id":436817400,"name":"香港广场南座","height_m":0,"height_basis":"unknown","height_tag":null,"levels_tag":null,"building":"commercial","source_url":"https://www.openstreetmap.org/way/436817400"},"geometry":{"type":"Polygon","coordinates":[[[121.4704016,31.2243456],[121.4710264,31.2245552],[121.4711015,31.2246093],[121.4707852,31.2253871],[121.4706942,31.2253702],[121.4702768,31.2252016],[121.4700497,31.2251098],[121.4704016,31.2243456]]]}},{"type":"Feature","id":436817401,"properties":{"osm_id":436817401,"name":"金钟广场","height_m":0,"height_basis":"unknown","height_tag":null,"levels_tag":null,"building":"apartments","source_url":"https://www.openstreetmap.org/way/436817401"},"geometry":{"type":"Polygon","coordinates":[[[121.474792,31.2279926],[121.4747248,31.2280779],[121.4746311,31.2281115],[121.474537,31.228071],[121.474454,31.2279968],[121.4743127,31.2272422],[121.474533,31.2272142],[121.4745648,31.2273997],[121.4746068,31.2273921],[121.4746606,31.2273775],[121.4747999,31.2273875],[121.4749183,31.2274392],[121.4748399,31.2276587],[121.4748454,31.2276985],[121.4748308,31.2277443],[121.4748026,31.2277762],[121.474792,31.2279926]]]}},{"type":"Feature","id":436817402,"properties":{"osm_id":436817402,"name":"兰生大厦","height_m":0,"height_basis":"unknown","height_tag":null,"levels_tag":null,"building":"apartments","source_url":"https://www.openstreetmap.org/way/436817402"},"geometry":{"type":"Polygon","coordinates":[[[121.4749181,31.2281046],[121.474926,31.2280205],[121.4749377,31.2279709],[121.4749514,31.2279321],[121.4750195,31.227701],[121.4750808,31.2276117],[121.4750951,31.2275573],[121.4751997,31.2276335],[121.4752556,31.2276427],[121.4752855,31.2275853],[121.4753043,31.2275427],[121.475425,31.2275771],[121.4754733,31.2276321],[121.4755001,31.2277032],[121.4754947,31.2277491],[121.4752667,31.2281436],[121.475197,31.2282009],[121.475103,31.2282407],[121.4750119,31.2282353],[121.4749476,31.2281872],[121.4749181,31.2281046]]]}},{"type":"Feature","id":437014066,"properties":{"osm_id":437014066,"name":"中国工商银行","height_m":0,"height_basis":"unknown","height_tag":null,"levels_tag":null,"building":"yes","source_url":"https://www.openstreetmap.org/way/437014066"},"geometry":{"type":"Polygon","coordinates":[[[121.4658486,31.2327249],[121.4658619,31.2327034],[121.4660075,31.2327548],[121.4661148,31.2328806],[121.4661697,31.2329235],[121.466095,31.2330074],[121.4660658,31.2329911],[121.4660273,31.2329695],[121.4659794,31.2329724],[121.4659467,31.2329565],[121.4659058,31.2329335],[121.4658935,31.2329201],[121.4658825,31.2329056],[121.4658673,31.2328886],[121.4658334,31.2328187],[121.4658358,31.2327698],[121.4658486,31.2327249]]]}},{"type":"Feature","id":437405628,"properties":{"osm_id":437405628,"name":"","height_m":15.0,"height_basis":"levels_estimate","height_tag":null,"levels_tag":"5","building":"yes","source_url":"https://www.openstreetmap.org/way/437405628"},"geometry":{"type":"Polygon","coordinates":[[[121.4644853,31.230225],[121.4649603,31.2303793],[121.4650273,31.2302315],[121.4647538,31.2301427],[121.4647386,31.2301757],[121.4646718,31.2301532],[121.4646858,31.2301228],[121.464544,31.2300776],[121.4644853,31.230225]]]}},{"type":"Feature","id":438965277,"properties":{"osm_id":438965277,"name":"","height_m":0,"height_basis":"unknown","height_tag":null,"levels_tag":null,"building":"residential","source_url":"https://www.openstreetmap.org/way/438965277"},"geometry":{"type":"Polygon","coordinates":[[[121.4647897,31.2308664],[121.4648011,31.2308393],[121.4648992,31.2306101],[121.4650767,31.2306656],[121.4649673,31.2309218],[121.4647897,31.2308664]]]}},{"type":"Feature","id":438969158,"properties":{"osm_id":438969158,"name":"","height_m":0,"height_basis":"unknown","height_tag":null,"levels_tag":null,"building":"yes","source_url":"https://www.openstreetmap.org/way/438969158"},"geometry":{"type":"Polygon","coordinates":[[[121.4656654,31.228159],[121.4657029,31.2280618],[121.4657802,31.2280189],[121.4662191,31.2281511],[121.4661564,31.2282887],[121.4658583,31.2282239],[121.4656654,31.228159]]]}},{"type":"Feature","id":438969159,"properties":{"osm_id":438969159,"name":"","height_m":18.0,"height_basis":"levels_estimate","height_tag":null,"levels_tag":"6","building":"yes","source_url":"https://www.openstreetmap.org/way/438969159"},"geometry":{"type":"Polygon","coordinates":[[[121.4652886,31.2290737],[121.4654487,31.2286784],[121.4656159,31.2287279],[121.4654558,31.2291232],[121.4652886,31.2290737]]]}},{"type":"Feature","id":445161727,"properties":{"osm_id":445161727,"name":"明天广场","height_m":284.6,"height_basis":"osm_height","height_tag":"284.6","levels_tag":null,"building":"yes","source_url":"https://www.openstreetmap.org/way/445161727"},"geometry":{"type":"Polygon","coordinates":[[[121.4643049,31.2327746],[121.4649076,31.2318823],[121.4652702,31.2320094],[121.4656537,31.232228],[121.4655937,31.2323552],[121.4654914,31.2323146],[121.4654401,31.2323952],[121.4654691,31.2324681],[121.4653765,31.232495],[121.4653203,31.2325834],[121.4647771,31.232808],[121.4646441,31.2328192],[121.464451,31.2328147],[121.4643049,31.2327746]]]}},{"type":"Feature","id":445860578,"properties":{"osm_id":445860578,"name":"来福士广场","height_m":222.0,"height_basis":"osm_height","height_tag":"222","levels_tag":"51","building":"office","source_url":"https://www.openstreetmap.org/way/445860578"},"geometry":{"type":"Polygon","coordinates":[[[121.4720091,31.2349589],[121.4721244,31.2349864],[121.4722156,31.2349864],[121.4723122,31.234975],[121.4723927,31.2349451],[121.4724705,31.2348924],[121.4725456,31.2348075],[121.4725214,31.2347984],[121.4727011,31.2344865],[121.4726475,31.2344658],[121.4725563,31.2344521],[121.4724731,31.2344521],[121.4723927,31.2344635],[121.4723283,31.2344865],[121.4722639,31.2345369],[121.4722049,31.2346011],[121.4721432,31.2346768],[121.4720091,31.2349589]]]}},{"type":"Feature","id":445860579,"properties":{"osm_id":445860579,"name":"","height_m":24.0,"height_basis":"levels_estimate","height_tag":null,"levels_tag":"8","building":"commercial","source_url":"https://www.openstreetmap.org/way/445860579"},"geometry":{"type":"Polygon","coordinates":[[[121.4714022,31.2347281],[121.4717764,31.2348735],[121.4720656,31.2343887],[121.4721252,31.2343984],[121.4722074,31.2343936],[121.4722839,31.2343645],[121.4723746,31.2342893],[121.472729,31.2344033],[121.4729247,31.2340881],[121.4724484,31.2338966],[121.4720288,31.2337827],[121.4719012,31.2340033],[121.4718105,31.2339766],[121.4717924,31.2340099],[121.4714022,31.2347281]]]}},{"type":"Feature","id":446935274,"properties":{"osm_id":446935274,"name":"东亚银行金融大厦","height_m":197.7,"height_basis":"osm_height","height_tag":"197.7","levels_tag":"42","building":"yes","source_url":"https://www.openstreetmap.org/way/446935274"},"geometry":{"type":"Polygon","coordinates":[[[121.4978458,31.2363792],[121.4979148,31.2362655],[121.4980673,31.2360145],[121.4980829,31.2359888],[121.4979694,31.2359149],[121.4979556,31.2359353],[121.4978574,31.2358777],[121.4978774,31.235854],[121.4977518,31.2357754],[121.497464,31.2361251],[121.4975614,31.2361935],[121.4976351,31.2361086],[121.4977827,31.2361946],[121.4977196,31.2363139],[121.4978458,31.2363792]]]}},{"type":"Feature","id":447021757,"properties":{"osm_id":447021757,"name":"","height_m":120.0,"height_basis":"levels_estimate","height_tag":null,"levels_tag":"40","building":"yes","source_url":"https://www.openstreetmap.org/way/447021757"},"geometry":{"type":"Polygon","coordinates":[[[121.4773617,31.2306388],[121.4777342,31.2308261],[121.4778313,31.230685],[121.4774588,31.2304976],[121.4773617,31.2306388]]]}},{"type":"Feature","id":447124027,"properties":{"osm_id":447124027,"name":"","height_m":90.0,"height_basis":"levels_estimate","height_tag":null,"levels_tag":"30","building":"apartments","source_url":"https://www.openstreetmap.org/way/447124027"},"geometry":{"type":"Polygon","coordinates":[[[121.4802731,31.2284089],[121.4800934,31.228152],[121.4799588,31.2282209],[121.4801385,31.2284778],[121.4802731,31.2284089]]]}},{"type":"Feature","id":447124028,"properties":{"osm_id":447124028,"name":"","height_m":54.0,"height_basis":"levels_estimate","height_tag":null,"levels_tag":"18","building":"apartments","source_url":"https://www.openstreetmap.org/way/447124028"},"geometry":{"type":"Polygon","coordinates":[[[121.479978,31.2276452],[121.4799158,31.2277695],[121.4804602,31.227969],[121.4805225,31.2278447],[121.479978,31.2276452]]]}},{"type":"Feature","id":447124050,"properties":{"osm_id":447124050,"name":"","height_m":54.0,"height_basis":"levels_estimate","height_tag":null,"levels_tag":"18","building":"apartments","source_url":"https://www.openstreetmap.org/way/447124050"},"geometry":{"type":"Polygon","coordinates":[[[121.479522,31.2288711],[121.4796085,31.228991],[121.479739,31.2289234],[121.4798051,31.2289301],[121.4798561,31.2289943],[121.4798735,31.2290425],[121.479911,31.2290574],[121.4798936,31.2290826],[121.4799014,31.2291221],[121.4800089,31.2291824],[121.4800473,31.2290223],[121.4798265,31.2287106],[121.479522,31.2288711]]]}},{"type":"Feature","id":447124051,"properties":{"osm_id":447124051,"name":"","height_m":54.0,"height_basis":"levels_estimate","height_tag":null,"levels_tag":"18","building":"apartments","source_url":"https://www.openstreetmap.org/way/447124051"},"geometry":{"type":"Polygon","coordinates":[[[121.4795042,31.2284225],[121.4793057,31.2283766],[121.4792713,31.2284854],[121.4793858,31.2285119],[121.479471,31.2286322],[121.4795717,31.2285731],[121.4794899,31.2284676],[121.4795042,31.2284225]]]}},{"type":"Feature","id":447124052,"properties":{"osm_id":447124052,"name":"","height_m":54.0,"height_basis":"levels_estimate","height_tag":null,"levels_tag":"18","building":"apartments","source_url":"https://www.openstreetmap.org/way/447124052"},"geometry":{"type":"Polygon","coordinates":[[[121.4792692,31.2281044],[121.4790707,31.2280586],[121.4790364,31.2281674],[121.4791382,31.2282018],[121.4792199,31.2283171],[121.4793233,31.2282671],[121.479255,31.2281496],[121.4792692,31.2281044]]]}},{"type":"Feature","id":448242492,"properties":{"osm_id":448242492,"name":"未来资产大厦","height_m":0,"height_basis":"unknown","height_tag":null,"levels_tag":null,"building":"commercial","source_url":"https://www.openstreetmap.org/way/448242492"},"geometry":{"type":"Polygon","coordinates":[[[121.495478,31.237082],[121.4955183,31.237043],[121.4955647,31.237001],[121.4955857,31.2369818],[121.4955989,31.2369444],[121.4956202,31.2368894],[121.4956658,31.236855],[121.4957267,31.236846],[121.4957811,31.2368641],[121.4958026,31.2368871],[121.4958187,31.23691],[121.4958455,31.2369238],[121.495883,31.2369421],[121.4959179,31.2369605],[121.4959474,31.236965],[121.4959957,31.236965],[121.4960318,31.2369677],[121.4960579,31.2369904],[121.4960578,31.2370145],[121.4960386,31.2370407],[121.496011,31.2370662],[121.4959647,31.237075],[121.495926,31.2370981],[121.4959206,31.2371256],[121.4959126,31.23716],[121.4959099,31.2372036],[121.4958938,31.2372792],[121.495875,31.2373549],[121.4958482,31.2374168],[121.4958079,31.2374673],[121.4957481,31.2374905],[121.4956596,31.2374767],[121.495619,31.237467],[121.4955443,31.2374492],[121.4954611,31.2374194],[121.4954209,31.2373964],[121.4954029,31.2373526],[121.4954075,31.2372886],[121.495421,31.2372275],[121.4954328,31.2371899],[121.4954512,31.2371374],[121.495478,31.237082]]]}},{"type":"Feature","id":479863108,"properties":{"osm_id":479863108,"name":"","height_m":0,"height_basis":"unknown","height_tag":null,"levels_tag":null,"building":"yes","source_url":"https://www.openstreetmap.org/way/479863108"},"geometry":{"type":"Polygon","coordinates":[[[121.4669963,31.2259773],[121.4670215,31.2258475],[121.4671797,31.2258699],[121.4671546,31.2259997],[121.4669963,31.2259773]]]}},{"type":"Feature","id":479994215,"properties":{"osm_id":479994215,"name":"天安中心","height_m":0,"height_basis":"unknown","height_tag":null,"levels_tag":null,"building":"yes","source_url":"https://www.openstreetmap.org/way/479994215"},"geometry":{"type":"Polygon","coordinates":[[[121.4647778,31.2336772],[121.4648512,31.2335783],[121.4650026,31.2335101],[121.4651327,31.2334988],[121.465223,31.2335328],[121.4652734,31.2335556],[121.4653239,31.2336078],[121.4653478,31.2336645],[121.4653504,31.2337236],[121.4653425,31.2337985],[121.4653159,31.2338553],[121.4652787,31.2339211],[121.4651992,31.2339716],[121.4647778,31.2336772]]]}},{"type":"Feature","id":493840181,"properties":{"osm_id":493840181,"name":"","height_m":9.0,"height_basis":"levels_estimate","height_tag":null,"levels_tag":"3","building":"school","source_url":"https://www.openstreetmap.org/way/493840181"},"geometry":{"type":"Polygon","coordinates":[[[121.4757094,31.228336],[121.4759196,31.2284294],[121.4764811,31.228679],[121.4766151,31.228493],[121.476546,31.228462],[121.4764875,31.2285432],[121.4762895,31.2284554],[121.4763501,31.2283742],[121.4760803,31.2282581],[121.4760331,31.2283312],[121.4758496,31.2282523],[121.4758916,31.2281716],[121.4758215,31.2281429],[121.4757094,31.228336]]]}},{"type":"Feature","id":499430061,"properties":{"osm_id":499430061,"name":"国寿中心大厦","height_m":238.0,"height_basis":"osm_height","height_tag":"238","levels_tag":"52","building":"commercial","source_url":"https://www.openstreetmap.org/way/499430061"},"geometry":{"type":"Polygon","coordinates":[[[121.5068169,31.242635],[121.5062971,31.2425347],[121.5062006,31.2428998],[121.5067204,31.2430003],[121.5068169,31.242635]]]}},{"type":"Feature","id":499430063,"properties":{"osm_id":499430063,"name":"工银大厦","height_m":256.0,"height_basis":"osm_height","height_tag":"256","levels_tag":"55","building":"commercial","source_url":"https://www.openstreetmap.org/way/499430063"},"geometry":{"type":"Polygon","coordinates":[[[121.5051862,31.2429606],[121.5053072,31.2425171],[121.5058596,31.2426272],[121.5058069,31.2428206],[121.5057387,31.2430707],[121.5051862,31.2429606]]]}},{"type":"Feature","id":505641133,"properties":{"osm_id":505641133,"name":"","height_m":36.0,"height_basis":"levels_estimate","height_tag":null,"levels_tag":"12","building":"apartments","source_url":"https://www.openstreetmap.org/way/505641133"},"geometry":{"type":"Polygon","coordinates":[[[121.4780491,31.227583],[121.47795,31.2279219],[121.4782084,31.2280037],[121.4781942,31.2276193],[121.4780491,31.227583]]]}},{"type":"Feature","id":505641134,"properties":{"osm_id":505641134,"name":"","height_m":36.0,"height_basis":"levels_estimate","height_tag":null,"levels_tag":"12","building":"apartments","source_url":"https://www.openstreetmap.org/way/505641134"},"geometry":{"type":"Polygon","coordinates":[[[121.4768238,31.2276883],[121.4772824,31.2278557],[121.4772181,31.2279979],[121.4767514,31.2278213],[121.4768238,31.2276883]]]}},{"type":"Feature","id":505646889,"properties":{"osm_id":505646889,"name":"","height_m":9.0,"height_basis":"levels_estimate","height_tag":null,"levels_tag":"3","building":"residential","source_url":"https://www.openstreetmap.org/way/505646889"},"geometry":{"type":"Polygon","coordinates":[[[121.4790891,31.2271001],[121.4791561,31.2269143],[121.4793882,31.2269751],[121.4793211,31.227162],[121.4790891,31.2271001]]]}},{"type":"Feature","id":505646890,"properties":{"osm_id":505646890,"name":"","height_m":9.0,"height_basis":"levels_estimate","height_tag":null,"levels_tag":"3","building":"residential","source_url":"https://www.openstreetmap.org/way/505646890"},"geometry":{"type":"Polygon","coordinates":[[[121.4791333,31.2268868],[121.4791763,31.2267629],[121.4792715,31.226787],[121.4792312,31.2269086],[121.4791333,31.2268868]]]}},{"type":"Feature","id":505646891,"properties":{"osm_id":505646891,"name":"","height_m":9.0,"height_basis":"levels_estimate","height_tag":null,"levels_tag":"3","building":"residential","source_url":"https://www.openstreetmap.org/way/505646891"},"geometry":{"type":"Polygon","coordinates":[[[121.4793345,31.2269361],[121.4793801,31.2268157],[121.4794619,31.2268409],[121.479419,31.2269567],[121.4793345,31.2269361]]]}},{"type":"Feature","id":505646892,"properties":{"osm_id":505646892,"name":"","height_m":9.0,"height_basis":"levels_estimate","height_tag":null,"levels_tag":"3","building":"residential","source_url":"https://www.openstreetmap.org/way/505646892"},"geometry":{"type":"Polygon","coordinates":[[[121.4792634,31.2267652],[121.4792929,31.2266941],[121.4794418,31.2267388],[121.479411,31.2268111],[121.4792634,31.2267652]]]}},{"type":"Feature","id":505649216,"properties":{"osm_id":505649216,"name":"","height_m":12.0,"height_basis":"levels_estimate","height_tag":null,"levels_tag":"4","building":"commercial","source_url":"https://www.openstreetmap.org/way/505649216"},"geometry":{"type":"Polygon","coordinates":[[[121.4782254,31.2247477],[121.4785956,31.2248394],[121.478676,31.2249656],[121.4785339,31.2254128],[121.4780377,31.2252913],[121.4782254,31.2247477]]]}},{"type":"Feature","id":505649217,"properties":{"osm_id":505649217,"name":"","height_m":0,"height_basis":"unknown","height_tag":null,"levels_tag":null,"building":"yes","source_url":"https://www.openstreetmap.org/way/505649217"},"geometry":{"type":"Polygon","coordinates":[[[121.4769819,31.2252175],[121.4773128,31.2253053],[121.4772774,31.2253931],[121.4769536,31.2253023],[121.4769819,31.2252175]]]}},{"type":"Feature","id":505649218,"properties":{"osm_id":505649218,"name":"","height_m":0,"height_basis":"unknown","height_tag":null,"levels_tag":null,"building":"yes","source_url":"https://www.openstreetmap.org/way/505649218"},"geometry":{"type":"Polygon","coordinates":[[[121.4773004,31.2253915],[121.4773341,31.2253113],[121.4775818,31.2253704],[121.4775429,31.2254596],[121.4773004,31.2253915]]]}},{"type":"Feature","id":505649219,"properties":{"osm_id":505649219,"name":"","height_m":0,"height_basis":"unknown","height_tag":null,"levels_tag":null,"building":"yes","source_url":"https://www.openstreetmap.org/way/505649219"},"geometry":{"type":"Polygon","coordinates":[[[121.4770226,31.2251025],[121.4773783,31.2251857],[121.4773464,31.225275],[121.4769978,31.2251812],[121.4770226,31.2251025]]]}},{"type":"Feature","id":505649220,"properties":{"osm_id":505649220,"name":"","height_m":0,"height_basis":"unknown","height_tag":null,"levels_tag":null,"building":"yes","source_url":"https://www.openstreetmap.org/way/505649220"},"geometry":{"type":"Polygon","coordinates":[[[121.4770527,31.2249164],[121.4774915,31.2250102],[121.4774597,31.2251328],[121.4770226,31.2250435],[121.4770527,31.2249164]]]}},{"type":"Feature","id":505649221,"properties":{"osm_id":505649221,"name":"","height_m":0,"height_basis":"unknown","height_tag":null,"levels_tag":null,"building":"yes","source_url":"https://www.openstreetmap.org/way/505649221"},"geometry":{"type":"Polygon","coordinates":[[[121.4775623,31.2250344],[121.4775287,31.2251494],[121.4779286,31.2252357],[121.4779623,31.2251161],[121.4775623,31.2250344]]]}},{"type":"Feature","id":505649222,"properties":{"osm_id":505649222,"name":"","height_m":0,"height_basis":"unknown","height_tag":null,"levels_tag":null,"building":"yes","source_url":"https://www.openstreetmap.org/way/505649222"},"geometry":{"type":"Polygon","coordinates":[[[121.4774037,31.2251972],[121.4773771,31.2252774],[121.4779558,31.2254257],[121.4779841,31.2253395],[121.4774037,31.2251972]]]}},{"type":"Feature","id":505649226,"properties":{"osm_id":505649226,"name":"","height_m":0,"height_basis":"unknown","height_tag":null,"levels_tag":null,"building":"yes","source_url":"https://www.openstreetmap.org/way/505649226"},"geometry":{"type":"Polygon","coordinates":[[[121.4776045,31.2248865],[121.4775727,31.2249804],[121.4779744,31.2250681],[121.4780116,31.2249758],[121.4776045,31.2248865]]]}},{"type":"Feature","id":505655136,"properties":{"osm_id":505655136,"name":"","height_m":15.0,"height_basis":"levels_estimate","height_tag":null,"levels_tag":"5","building":"residential","source_url":"https://www.openstreetmap.org/way/505655136"},"geometry":{"type":"Polygon","coordinates":[[[121.4797105,31.2266265],[121.4797388,31.2265554],[121.4800307,31.2266795],[121.4799918,31.2267703],[121.4797105,31.2266265]]]}},{"type":"Feature","id":505661362,"properties":{"osm_id":505661362,"name":"","height_m":12.0,"height_basis":"levels_estimate","height_tag":null,"levels_tag":"4","building":"residential","source_url":"https://www.openstreetmap.org/way/505661362"},"geometry":{"type":"Polygon","coordinates":[[[121.4797549,31.2264742],[121.4797934,31.2263822],[121.4800683,31.2264725],[121.4800302,31.2265659],[121.4797549,31.2264742]]]}},{"type":"Feature","id":505661363,"properties":{"osm_id":505661363,"name":"","height_m":12.0,"height_basis":"levels_estimate","height_tag":null,"levels_tag":"4","building":"residential","source_url":"https://www.openstreetmap.org/way/505661363"},"geometry":{"type":"Polygon","coordinates":[[[121.4798362,31.2262659],[121.4798717,31.2261679],[121.480195,31.2262625],[121.4801383,31.2263733],[121.4798362,31.2262659]]]}},{"type":"Feature","id":505661365,"properties":{"osm_id":505661365,"name":"","height_m":12.0,"height_basis":"levels_estimate","height_tag":null,"levels_tag":"4","building":"residential","source_url":"https://www.openstreetmap.org/way/505661365"},"geometry":{"type":"Polygon","coordinates":[[[121.4794831,31.2259664],[121.4795031,31.2258874],[121.4798112,31.2259414],[121.4797851,31.2260231],[121.4794831,31.2259664]]]}},{"type":"Feature","id":505661366,"properties":{"osm_id":505661366,"name":"","height_m":12.0,"height_basis":"levels_estimate","height_tag":null,"levels_tag":"4","building":"residential","source_url":"https://www.openstreetmap.org/way/505661366"},"geometry":{"type":"Polygon","coordinates":[[[121.4790048,31.2258717],[121.4790287,31.2257892],[121.4794322,31.2258724],[121.4794056,31.2259511],[121.4790048,31.2258717]]]}},{"type":"Feature","id":505661367,"properties":{"osm_id":505661367,"name":"","height_m":12.0,"height_basis":"levels_estimate","height_tag":null,"levels_tag":"4","building":"residential","source_url":"https://www.openstreetmap.org/way/505661367"},"geometry":{"type":"Polygon","coordinates":[[[121.4798934,31.226056],[121.4799274,31.2259792],[121.4802813,31.2260877],[121.48025,31.2261618],[121.4798934,31.226056]]]}},{"type":"Feature","id":505661369,"properties":{"osm_id":505661369,"name":"","height_m":12.0,"height_basis":"levels_estimate","height_tag":null,"levels_tag":"4","building":"residential","source_url":"https://www.openstreetmap.org/way/505661369"},"geometry":{"type":"Polygon","coordinates":[[[121.4799756,31.2258223],[121.4800018,31.2257494],[121.4803566,31.2258666],[121.4803268,31.2259334],[121.4799756,31.2258223]]]}},{"type":"Feature","id":515758765,"properties":{"osm_id":515758765,"name":"","height_m":0,"height_basis":"unknown","height_tag":null,"levels_tag":null,"building":"yes","source_url":"https://www.openstreetmap.org/way/515758765"},"geometry":{"type":"Polygon","coordinates":[[[121.4932026,31.230487],[121.4932362,31.2304574],[121.493194,31.2304224],[121.4931318,31.2303707],[121.4930708,31.230319],[121.4926523,31.2306806],[121.4926689,31.2306947],[121.4928171,31.2308201],[121.4932026,31.230487]]]}},{"type":"Feature","id":520214802,"properties":{"osm_id":520214802,"name":"上海外滩瑞吉酒店","height_m":0,"height_basis":"unknown","height_tag":null,"levels_tag":null,"building":"yes","source_url":"https://www.openstreetmap.org/way/520214802"},"geometry":{"type":"Polygon","coordinates":[[[121.4922329,31.2301252],[121.4922987,31.2300701],[121.4923494,31.2301143],[121.4926902,31.2298287],[121.4922541,31.2294482],[121.4918589,31.2297794],[121.4919265,31.2298383],[121.4918726,31.2298835],[121.4920463,31.230035],[121.4920888,31.2299994],[121.4922329,31.2301252]]]}},{"type":"Feature","id":520990201,"properties":{"osm_id":520990201,"name":"中国平安金融大厦","height_m":0,"height_basis":"unknown","height_tag":null,"levels_tag":null,"building":"yes","source_url":"https://www.openstreetmap.org/way/520990201"},"geometry":{"type":"Polygon","coordinates":[[[121.4970166,31.2411699],[121.4973249,31.2414589],[121.4974057,31.2413959],[121.4976007,31.2415101],[121.4977461,31.2416007],[121.497903,31.241731],[121.498053,31.2419149],[121.4981388,31.2420277],[121.4980562,31.2420953],[121.4983551,31.2423621],[121.4988046,31.2419941],[121.4985057,31.2417272],[121.4983993,31.2416285],[121.4979465,31.2412089],[121.4978089,31.2410814],[121.4975006,31.2407924],[121.4970166,31.2411699]]]}},{"type":"Feature","id":520990202,"properties":{"osm_id":520990202,"name":"花旗集团大厦","height_m":126.0,"height_basis":"levels_estimate","height_tag":null,"levels_tag":"42","building":"yes","source_url":"https://www.openstreetmap.org/way/520990202"},"geometry":{"type":"Polygon","coordinates":[[[121.4953934,31.2359498],[121.4962974,31.236624],[121.4967571,31.2362088],[121.4962124,31.2357866],[121.495856,31.2355121],[121.4955153,31.2358355],[121.4953934,31.2359498]]]}},{"type":"Feature","id":525387325,"properties":{"osm_id":525387325,"name":"","height_m":0,"height_basis":"unknown","height_tag":null,"levels_tag":null,"building":"yes","source_url":"https://www.openstreetmap.org/way/525387325"},"geometry":{"type":"Polygon","coordinates":[[[121.4659617,31.2273536],[121.4658209,31.2273314],[121.4658444,31.2272553],[121.4659407,31.2271676],[121.4660059,31.2271849],[121.4659617,31.2273536]]]}},{"type":"Feature","id":525387327,"properties":{"osm_id":525387327,"name":"","height_m":0,"height_basis":"unknown","height_tag":null,"levels_tag":null,"building":"yes","source_url":"https://www.openstreetmap.org/way/525387327"},"geometry":{"type":"Polygon","coordinates":[[[121.466348,31.2274123],[121.466458,31.2274442],[121.4665069,31.2273407],[121.4663975,31.2273042],[121.466348,31.2274123]]]}},{"type":"Feature","id":525387329,"properties":{"osm_id":525387329,"name":"","height_m":0,"height_basis":"unknown","height_tag":null,"levels_tag":null,"building":"yes","source_url":"https://www.openstreetmap.org/way/525387329"},"geometry":{"type":"Polygon","coordinates":[[[121.4662191,31.2281511],[121.4662931,31.2281891],[121.4665769,31.2283013],[121.4666692,31.2283103],[121.4664892,31.2285904],[121.4665011,31.2286223],[121.4667561,31.2287336],[121.466592,31.2290144],[121.4663359,31.2289049],[121.4662649,31.2290599],[121.4657267,31.2291011],[121.4655182,31.2291028],[121.4654558,31.2291232],[121.4652886,31.2290737],[121.4654487,31.2286784],[121.4654492,31.2286287],[121.4656654,31.228159],[121.4657029,31.2280618],[121.4657802,31.2280189],[121.4662191,31.2281511]]]}},{"type":"Feature","id":525709287,"properties":{"osm_id":525709287,"name":"浦东发展银行大厦","height_m":185.0,"height_basis":"osm_height","height_tag":"185","levels_tag":"48","building":"commercial","source_url":"https://www.openstreetmap.org/way/525709287"},"geometry":{"type":"Polygon","coordinates":[[[121.5069291,31.2372041],[121.5072302,31.2371209],[121.5076004,31.2370016],[121.5076959,31.2371034],[121.507496,31.2373986],[121.5073645,31.237612],[121.5070329,31.2374577],[121.5069291,31.2372041]]]}},{"type":"Feature","id":526005642,"properties":{"osm_id":526005642,"name":"上海国金中心商场","height_m":21.0,"height_basis":"levels_estimate","height_tag":null,"levels_tag":"7","building":"yes","source_url":"https://www.openstreetmap.org/way/526005642"},"geometry":{"type":"Polygon","coordinates":[[[121.4968659,31.2388111],[121.4971242,31.2388275],[121.4972226,31.2388473],[121.4973071,31.2388811],[121.4973931,31.2389303],[121.4974498,31.238971],[121.4974878,31.2390198],[121.4976093,31.2389307],[121.4978362,31.2388329],[121.4979923,31.2388808],[121.4982595,31.2387817],[121.4983517,31.2389686],[121.498592,31.2388705],[121.4985694,31.2388304],[121.4986495,31.2388035],[121.4986977,31.2387899],[121.4987454,31.2387744],[121.4989292,31.2387197],[121.4989748,31.2386601],[121.4989171,31.2385175],[121.4988963,31.238466],[121.49888,31.2384236],[121.4987301,31.2380342],[121.498866,31.2378735],[121.4988285,31.2378039],[121.4989066,31.2377426],[121.4985748,31.2374581],[121.4980986,31.2377114],[121.4978777,31.2378182],[121.4972386,31.2378047],[121.4971266,31.2378693],[121.497098,31.2383741],[121.4969947,31.2383687],[121.4970617,31.2385174],[121.4970556,31.2386851],[121.4968659,31.2388111]]]}},{"type":"Feature","id":526007302,"properties":{"osm_id":526007302,"name":"","height_m":178.0,"height_basis":"osm_height","height_tag":"178","levels_tag":null,"building":"yes","source_url":"https://www.openstreetmap.org/way/526007302"},"geometry":{"type":"Polygon","coordinates":[[[121.4743184,31.2312502],[121.4741953,31.2314973],[121.4738412,31.2313897],[121.473923,31.2312016],[121.4739512,31.2311752],[121.4740075,31.23115],[121.474061,31.2311357],[121.4741205,31.2311357],[121.474191,31.2311453],[121.4743096,31.2311815],[121.4742896,31.2312422],[121.4743184,31.2312502]]]}},{"type":"Feature","id":526195123,"properties":{"osm_id":526195123,"name":"","height_m":150.0,"height_basis":"osm_height","height_tag":"150","levels_tag":"38","building":"commercial","source_url":"https://www.openstreetmap.org/way/526195123"},"geometry":{"type":"Polygon","coordinates":[[[121.4708224,31.2247557],[121.4710034,31.2248325],[121.4708962,31.2250275],[121.4708398,31.2250768],[121.4707218,31.2250917],[121.4705636,31.2250504],[121.4704898,31.2249988],[121.4704885,31.224938],[121.4705408,31.2248566],[121.4708224,31.2247557]]]}},{"type":"Feature","id":526195124,"properties":{"osm_id":526195124,"name":"","height_m":150.0,"height_basis":"osm_height","height_tag":"150","levels_tag":"38","building":"commercial","source_url":"https://www.openstreetmap.org/way/526195124"},"geometry":{"type":"Polygon","coordinates":[[[121.470172,31.2255825],[121.4704134,31.22568],[121.4704657,31.225727],[121.4704724,31.2257981],[121.4703396,31.2260149],[121.4701129,31.2259403],[121.4700593,31.2258933],[121.4700392,31.2258199],[121.470172,31.2255825]]]}},{"type":"Feature","id":532009660,"properties":{"osm_id":532009660,"name":"","height_m":0,"height_basis":"unknown","height_tag":null,"levels_tag":null,"building":"apartments","source_url":"https://www.openstreetmap.org/way/532009660"},"geometry":{"type":"Polygon","coordinates":[[[121.2322585,31.0333711],[121.2323922,31.0334017],[121.2325558,31.0334323],[121.2327639,31.0334603],[121.2329512,31.0334578],[121.2331385,31.033445],[121.2331236,31.0333151],[121.2329155,31.0333176],[121.2327401,31.0333278],[121.2325914,31.0333049],[121.2324279,31.0332794],[121.2322882,31.0332489],[121.2322585,31.0333711]]]}},{"type":"Feature","id":532009661,"properties":{"osm_id":532009661,"name":"","height_m":0,"height_basis":"unknown","height_tag":null,"levels_tag":null,"building":"apartments","source_url":"https://www.openstreetmap.org/way/532009661"},"geometry":{"type":"Polygon","coordinates":[[[121.2318421,31.0335701],[121.2320607,31.0336744],[121.2321869,31.0337207],[121.2323311,31.0337632],[121.2324893,31.0337857],[121.2326781,31.0337902],[121.2328493,31.0337883],[121.2330431,31.0337767],[121.2331422,31.0337613],[121.2331152,31.0336338],[121.2328921,31.033657],[121.2327479,31.0336551],[121.232606,31.0336416],[121.2324144,31.0336165],[121.2322477,31.0335778],[121.2321035,31.0335373],[121.231912,31.0334678],[121.2318421,31.0335701]]]}},{"type":"Feature","id":532009662,"properties":{"osm_id":532009662,"name":"","height_m":0,"height_basis":"unknown","height_tag":null,"levels_tag":null,"building":"apartments","source_url":"https://www.openstreetmap.org/way/532009662"},"geometry":{"type":"Polygon","coordinates":[[[121.2331235,31.0341127],[121.2324701,31.0341148],[121.2324696,31.0339958],[121.233123,31.0339936],[121.2331235,31.0341127]]]}},{"type":"Feature","id":532009663,"properties":{"osm_id":532009663,"name":"","height_m":0,"height_basis":"unknown","height_tag":null,"levels_tag":null,"building":"apartments","source_url":"https://www.openstreetmap.org/way/532009663"},"geometry":{"type":"Polygon","coordinates":[[[121.2323134,31.0341056],[121.2323174,31.0339934],[121.2318179,31.0339803],[121.2318139,31.0340926],[121.2323134,31.0341056]]]}},{"type":"Feature","id":532009664,"properties":{"osm_id":532009664,"name":"","height_m":0,"height_basis":"unknown","height_tag":null,"levels_tag":null,"building":"apartments","source_url":"https://www.openstreetmap.org/way/532009664"},"geometry":{"type":"Polygon","coordinates":[[[121.2317027,31.0341027],[121.2311153,31.034091],[121.2311255,31.0339564],[121.2317095,31.0339681],[121.2317027,31.0341027]]]}},{"type":"Feature","id":532009665,"properties":{"osm_id":532009665,"name":"","height_m":0,"height_basis":"unknown","height_tag":null,"levels_tag":null,"building":"apartments","source_url":"https://www.openstreetmap.org/way/532009665"},"geometry":{"type":"Polygon","coordinates":[[[121.2314397,31.0336815],[121.2314428,31.0335556],[121.2309646,31.033547],[121.2309615,31.033673],[121.2314397,31.0336815]]]}},{"type":"Feature","id":532009666,"properties":{"osm_id":532009666,"name":"","height_m":0,"height_basis":"unknown","height_tag":null,"levels_tag":null,"building":"apartments","source_url":"https://www.openstreetmap.org/way/532009666"},"geometry":{"type":"Polygon","coordinates":[[[121.2334459,31.0341895],[121.233924,31.0342168],[121.2339335,31.0340943],[121.2334555,31.0340669],[121.2334459,31.0341895]]]}},{"type":"Feature","id":532009667,"properties":{"osm_id":532009667,"name":"","height_m":0,"height_basis":"unknown","height_tag":null,"levels_tag":null,"building":"apartments","source_url":"https://www.openstreetmap.org/way/532009667"},"geometry":{"type":"Polygon","coordinates":[[[121.2340831,31.0342109],[121.2345563,31.0341916],[121.2345225,31.0340488],[121.2340651,31.0340951],[121.2340831,31.0342109]]]}},{"type":"Feature","id":532009668,"properties":{"osm_id":532009668,"name":"","height_m":0,"height_basis":"unknown","height_tag":null,"levels_tag":null,"building":"apartments","source_url":"https://www.openstreetmap.org/way/532009668"},"geometry":{"type":"Polygon","coordinates":[[[121.233469,31.0338808],[121.2336853,31.0338383],[121.2338565,31.0338383],[121.2339264,31.0338499],[121.2339174,31.0337128],[121.2337078,31.033736],[121.2334465,31.0337572],[121.233469,31.0338808]]]}},{"type":"Feature","id":532009669,"properties":{"osm_id":532009669,"name":"","height_m":0,"height_basis":"unknown","height_tag":null,"levels_tag":null,"building":"apartments","source_url":"https://www.openstreetmap.org/way/532009669"},"geometry":{"type":"Polygon","coordinates":[[[121.2340412,31.0338397],[121.2340457,31.0337239],[121.2341854,31.0336969],[121.23428,31.0337142],[121.2344129,31.0337142],[121.2345233,31.0337355],[121.2344873,31.0338532],[121.2343228,31.0338397],[121.2341493,31.0338281],[121.2340412,31.0338397]]]}},{"type":"Feature","id":532009670,"properties":{"osm_id":532009670,"name":"","height_m":0,"height_basis":"unknown","height_tag":null,"levels_tag":null,"building":"apartments","source_url":"https://www.openstreetmap.org/way/532009670"},"geometry":{"type":"Polygon","coordinates":[[[121.2334389,31.0334896],[121.2337521,31.0335321],[121.2339346,31.033534],[121.2339391,31.0334047],[121.2337656,31.0334182],[121.2335696,31.0333854],[121.2334614,31.0333757],[121.2334389,31.0334896]]]}},{"type":"Feature","id":532009671,"properties":{"osm_id":532009671,"name":"","height_m":0,"height_basis":"unknown","height_tag":null,"levels_tag":null,"building":"apartments","source_url":"https://www.openstreetmap.org/way/532009671"},"geometry":{"type":"Polygon","coordinates":[[[121.2340662,31.0335073],[121.2342983,31.0335247],[121.2345416,31.0335034],[121.2345303,31.0333895],[121.2344965,31.033376],[121.2343614,31.0333934],[121.2341991,31.0333953],[121.2340684,31.0333953],[121.2340662,31.0335073]]]}},{"type":"Feature","id":532009672,"properties":{"osm_id":532009672,"name":"","height_m":0,"height_basis":"unknown","height_tag":null,"levels_tag":null,"building":"apartments","source_url":"https://www.openstreetmap.org/way/532009672"},"geometry":{"type":"Polygon","coordinates":[[[121.2334658,31.0331858],[121.2339509,31.0331507],[121.2339389,31.0330288],[121.2334538,31.0330639],[121.2334658,31.0331858]]]}},{"type":"Feature","id":532009673,"properties":{"osm_id":532009673,"name":"","height_m":0,"height_basis":"unknown","height_tag":null,"levels_tag":null,"building":"apartments","source_url":"https://www.openstreetmap.org/way/532009673"},"geometry":{"type":"Polygon","coordinates":[[[121.234072,31.0331588],[121.2345443,31.0331886],[121.2345565,31.0330528],[121.234083,31.0330232],[121.234072,31.0331588]]]}},{"type":"Feature","id":532009675,"properties":{"osm_id":532009675,"name":"","height_m":0,"height_basis":"unknown","height_tag":null,"levels_tag":null,"building":"apartments","source_url":"https://www.openstreetmap.org/way/532009675"},"geometry":{"type":"Polygon","coordinates":[[[121.2316439,31.0333825],[121.2316465,31.033265],[121.2310279,31.0332007],[121.2310331,31.0333293],[121.2313333,31.0333382],[121.2315326,31.0333714],[121.2316439,31.0333825]]]}},{"type":"Feature","id":532009677,"properties":{"osm_id":532009677,"name":"","height_m":0,"height_basis":"unknown","height_tag":null,"levels_tag":null,"building":"apartments","source_url":"https://www.openstreetmap.org/way/532009677"},"geometry":{"type":"Polygon","coordinates":[[[121.2310165,31.033031],[121.2313555,31.0330398],[121.2315626,31.0330598],[121.2317308,31.0331108],[121.2317955,31.0331197],[121.231855,31.0329844],[121.2314979,31.0329267],[121.2309906,31.0328957],[121.2310165,31.033031]]]}},{"type":"Feature","id":532009679,"properties":{"osm_id":532009679,"name":"","height_m":0,"height_basis":"unknown","height_tag":null,"levels_tag":null,"building":"apartments","source_url":"https://www.openstreetmap.org/way/532009679"},"geometry":{"type":"Polygon","coordinates":[[[121.2324049,31.0330966],[121.2326016,31.0331388],[121.2328475,31.0331477],[121.2331244,31.0331343],[121.2331037,31.0330079],[121.2328733,31.0330102],[121.232643,31.0330079],[121.2324463,31.0329769],[121.2324049,31.0329858],[121.2324049,31.0330966]]]}},{"type":"Feature","id":532009680,"properties":{"osm_id":532009680,"name":"","height_m":0,"height_basis":"unknown","height_tag":null,"levels_tag":null,"building":"apartments","source_url":"https://www.openstreetmap.org/way/532009680"},"geometry":{"type":"Polygon","coordinates":[[[121.2310469,31.0327184],[121.231285,31.0327139],[121.2314973,31.0327361],[121.2316707,31.0327738],[121.2319114,31.0328381],[121.232209,31.032949],[121.2322737,31.0328359],[121.2320252,31.0327317],[121.2318104,31.0326607],[121.2315387,31.0326119],[121.231241,31.0326008],[121.2310236,31.0325942],[121.2310469,31.0327184]]]}},{"type":"Feature","id":532009684,"properties":{"osm_id":532009684,"name":"","height_m":0,"height_basis":"unknown","height_tag":null,"levels_tag":null,"building":"yes","source_url":"https://www.openstreetmap.org/way/532009684"},"geometry":{"type":"Polygon","coordinates":[[[121.2323512,31.0326381],[121.2325427,31.032709],[121.2326566,31.0325782],[121.2325635,31.0325449],[121.2325867,31.0321191],[121.2323926,31.0321191],[121.2323926,31.0324806],[121.2323538,31.0325538],[121.2323512,31.0326381]]]}},{"type":"Feature","id":532009686,"properties":{"osm_id":532009686,"name":"","height_m":0,"height_basis":"unknown","height_tag":null,"levels_tag":null,"building":"apartments","source_url":"https://www.openstreetmap.org/way/532009686"},"geometry":{"type":"Polygon","coordinates":[[[121.2313573,31.0319116],[121.2313523,31.0317476],[121.2309493,31.0317566],[121.2309543,31.0319206],[121.2313573,31.0319116]]]}},{"type":"Feature","id":532009688,"properties":{"osm_id":532009688,"name":"","height_m":0,"height_basis":"unknown","height_tag":null,"levels_tag":null,"building":"apartments","source_url":"https://www.openstreetmap.org/way/532009688"},"geometry":{"type":"Polygon","coordinates":[[[121.2313938,31.0318944],[121.2318079,31.0318971],[121.2318091,31.0317625],[121.2313951,31.0317597],[121.2313938,31.0318944]]]}},{"type":"Feature","id":532009690,"properties":{"osm_id":532009690,"name":"","height_m":0,"height_basis":"unknown","height_tag":null,"levels_tag":null,"building":"apartments","source_url":"https://www.openstreetmap.org/way/532009690"},"geometry":{"type":"Polygon","coordinates":[[[121.2318916,31.0319008],[121.2322726,31.0318952],[121.23227,31.0317644],[121.231889,31.0317699],[121.2318916,31.0319008]]]}},{"type":"Feature","id":532009692,"properties":{"osm_id":532009692,"name":"","height_m":0,"height_basis":"unknown","height_tag":null,"levels_tag":null,"building":"house","source_url":"https://www.openstreetmap.org/way/532009692"},"geometry":{"type":"Polygon","coordinates":[[[121.2324076,31.0319226],[121.2325878,31.0319465],[121.2326066,31.0318424],[121.2324264,31.0318185],[121.2324076,31.0319226]]]}},{"type":"Feature","id":532552311,"properties":{"osm_id":532552311,"name":"","height_m":0,"height_basis":"unknown","height_tag":null,"levels_tag":null,"building":"house","source_url":"https://www.openstreetmap.org/way/532552311"},"geometry":{"type":"Polygon","coordinates":[[[121.2335537,31.0328916],[121.2335599,31.0327761],[121.2337481,31.0327835],[121.2337418,31.0328991],[121.2335537,31.0328916]]]}},{"type":"Feature","id":532552312,"properties":{"osm_id":532552312,"name":"","height_m":0,"height_basis":"unknown","height_tag":null,"levels_tag":null,"building":"house","source_url":"https://www.openstreetmap.org/way/532552312"},"geometry":{"type":"Polygon","coordinates":[[[121.2338083,31.0328801],[121.2338019,31.0327636],[121.2339832,31.0327562],[121.2339896,31.0328727],[121.2338083,31.0328801]]]}},{"type":"Feature","id":532552313,"properties":{"osm_id":532552313,"name":"","height_m":0,"height_basis":"unknown","height_tag":null,"levels_tag":null,"building":"house","source_url":"https://www.openstreetmap.org/way/532552313"},"geometry":{"type":"Polygon","coordinates":[[[121.2341373,31.0329179],[121.2341362,31.0328161],[121.2342891,31.0328149],[121.2342902,31.0329166],[121.2341373,31.0329179]]]}},{"type":"Feature","id":532552314,"properties":{"osm_id":532552314,"name":"","height_m":0,"height_basis":"unknown","height_tag":null,"levels_tag":null,"building":"house","source_url":"https://www.openstreetmap.org/way/532552314"},"geometry":{"type":"Polygon","coordinates":[[[121.2343757,31.0329241],[121.2343768,31.0328148],[121.234551,31.0328161],[121.2345499,31.0329254],[121.2343757,31.0329241]]]}},{"type":"Feature","id":532552315,"properties":{"osm_id":532552315,"name":"","height_m":0,"height_basis":"unknown","height_tag":null,"levels_tag":null,"building":"house","source_url":"https://www.openstreetmap.org/way/532552315"},"geometry":{"type":"Polygon","coordinates":[[[121.2334633,31.0326711],[121.2334622,31.0325703],[121.2336338,31.032569],[121.2336349,31.0326697],[121.2334633,31.0326711]]]}},{"type":"Feature","id":532552316,"properties":{"osm_id":532552316,"name":"","height_m":0,"height_basis":"unknown","height_tag":null,"levels_tag":null,"building":"house","source_url":"https://www.openstreetmap.org/way/532552316"},"geometry":{"type":"Polygon","coordinates":[[[121.2329096,31.0322492],[121.2329838,31.0323094],[121.2330688,31.0322324],[121.2329945,31.0321723],[121.2329096,31.0322492]]]}},{"type":"Feature","id":532552317,"properties":{"osm_id":532552317,"name":"","height_m":0,"height_basis":"unknown","height_tag":null,"levels_tag":null,"building":"house","source_url":"https://www.openstreetmap.org/way/532552317"},"geometry":{"type":"Polygon","coordinates":[[[121.2330656,31.0323739],[121.2331266,31.0324273],[121.2332284,31.032342],[121.2331674,31.0322885],[121.2330656,31.0323739]]]}},{"type":"Feature","id":532552318,"properties":{"osm_id":532552318,"name":"","height_m":0,"height_basis":"unknown","height_tag":null,"levels_tag":null,"building":"house","source_url":"https://www.openstreetmap.org/way/532552318"},"geometry":{"type":"Polygon","coordinates":[[[121.2333923,31.0323922],[121.2336139,31.03239],[121.2336125,31.0322863],[121.2333909,31.0322885],[121.2333923,31.0323922]]]}},{"type":"Feature","id":532552319,"properties":{"osm_id":532552319,"name":"","height_m":0,"height_basis":"unknown","height_tag":null,"levels_tag":null,"building":"house","source_url":"https://www.openstreetmap.org/way/532552319"},"geometry":{"type":"Polygon","coordinates":[[[121.2336885,31.0324516],[121.233693,31.0323329],[121.2338588,31.0323376],[121.2338543,31.0324563],[121.2336885,31.0324516]]]}},{"type":"Feature","id":532552320,"properties":{"osm_id":532552320,"name":"","height_m":0,"height_basis":"unknown","height_tag":null,"levels_tag":null,"building":"house","source_url":"https://www.openstreetmap.org/way/532552320"},"geometry":{"type":"Polygon","coordinates":[[[121.2337791,31.0326555],[121.2337846,31.0325493],[121.2339636,31.0325561],[121.2339582,31.0326623],[121.2337791,31.0326555]]]}},{"type":"Feature","id":532552321,"properties":{"osm_id":532552321,"name":"","height_m":0,"height_basis":"unknown","height_tag":null,"levels_tag":null,"building":"house","source_url":"https://www.openstreetmap.org/way/532552321"},"geometry":{"type":"Polygon","coordinates":[[[121.2341075,31.0326557],[121.2341105,31.0325379],[121.2343076,31.0325417],[121.2343046,31.0326594],[121.2341075,31.0326557]]]}},{"type":"Feature","id":532552322,"properties":{"osm_id":532552322,"name":"","height_m":0,"height_basis":"unknown","height_tag":null,"levels_tag":null,"building":"house","source_url":"https://www.openstreetmap.org/way/532552322"},"geometry":{"type":"Polygon","coordinates":[[[121.2343657,31.0326483],[121.2343648,31.0325374],[121.2345418,31.0325364],[121.2345426,31.0326473],[121.2343657,31.0326483]]]}},{"type":"Feature","id":532552323,"properties":{"osm_id":532552323,"name":"","height_m":0,"height_basis":"unknown","height_tag":null,"levels_tag":null,"building":"house","source_url":"https://www.openstreetmap.org/way/532552323"},"geometry":{"type":"Polygon","coordinates":[[[121.2340117,31.0324322],[121.2340092,31.0323122],[121.2341982,31.0323093],[121.2342007,31.0324293],[121.2340117,31.0324322]]]}},{"type":"Feature","id":532552324,"properties":{"osm_id":532552324,"name":"","height_m":0,"height_basis":"unknown","height_tag":null,"levels_tag":null,"building":"house","source_url":"https://www.openstreetmap.org/way/532552324"},"geometry":{"type":"Polygon","coordinates":[[[121.2343485,31.0324066],[121.2343515,31.032294],[121.2345507,31.0322978],[121.2345478,31.0324104],[121.2343485,31.0324066]]]}},{"type":"Feature","id":532552325,"properties":{"osm_id":532552325,"name":"","height_m":0,"height_basis":"unknown","height_tag":null,"levels_tag":null,"building":"house","source_url":"https://www.openstreetmap.org/way/532552325"},"geometry":{"type":"Polygon","coordinates":[[[121.2326383,31.0319762],[121.2327013,31.031845],[121.232835,31.0318922],[121.2327721,31.0320233],[121.2326383,31.0319762]]]}},{"type":"Feature","id":532552326,"properties":{"osm_id":532552326,"name":"","height_m":0,"height_basis":"unknown","height_tag":null,"levels_tag":null,"building":"house","source_url":"https://www.openstreetmap.org/way/532552326"},"geometry":{"type":"Polygon","coordinates":[[[121.2328281,31.0320008],[121.2329723,31.0320989],[121.2330649,31.0319989],[121.2329208,31.0319008],[121.2328281,31.0320008]]]}},{"type":"Feature","id":532552327,"properties":{"osm_id":532552327,"name":"","height_m":0,"height_basis":"unknown","height_tag":null,"levels_tag":null,"building":"house","source_url":"https://www.openstreetmap.org/way/532552327"},"geometry":{"type":"Polygon","coordinates":[[[121.2329998,31.0321072],[121.2331363,31.0322124],[121.2332333,31.03212],[121.2330968,31.0320148],[121.2329998,31.0321072]]]}},{"type":"Feature","id":532552328,"properties":{"osm_id":532552328,"name":"","height_m":0,"height_basis":"unknown","height_tag":null,"levels_tag":null,"building":"house","source_url":"https://www.openstreetmap.org/way/532552328"},"geometry":{"type":"Polygon","coordinates":[[[121.233307,31.0322583],[121.2335006,31.0322583],[121.2335006,31.0321559],[121.233307,31.0321559],[121.233307,31.0322583]]]}},{"type":"Feature","id":532552329,"properties":{"osm_id":532552329,"name":"","height_m":0,"height_basis":"unknown","height_tag":null,"levels_tag":null,"building":"house","source_url":"https://www.openstreetmap.org/way/532552329"},"geometry":{"type":"Polygon","coordinates":[[[121.2335671,31.0322507],[121.2335671,31.0321333],[121.2337378,31.0321333],[121.2337378,31.0322508],[121.2335671,31.0322507]]]}},{"type":"Feature","id":532552330,"properties":{"osm_id":532552330,"name":"","height_m":0,"height_basis":"unknown","height_tag":null,"levels_tag":null,"building":"house","source_url":"https://www.openstreetmap.org/way/532552330"},"geometry":{"type":"Polygon","coordinates":[[[121.2338665,31.0321653],[121.2338698,31.0320606],[121.2340367,31.0320645],[121.2340333,31.0321692],[121.2338665,31.0321653]]]}},{"type":"Feature","id":532552331,"properties":{"osm_id":532552331,"name":"","height_m":0,"height_basis":"unknown","height_tag":null,"levels_tag":null,"building":"house","source_url":"https://www.openstreetmap.org/way/532552331"},"geometry":{"type":"Polygon","coordinates":[[[121.2341231,31.0321625],[121.2341235,31.0320519],[121.2342764,31.0320524],[121.234276,31.0321629],[121.2341231,31.0321625]]]}},{"type":"Feature","id":532552332,"properties":{"osm_id":532552332,"name":"","height_m":0,"height_basis":"unknown","height_tag":null,"levels_tag":null,"building":"house","source_url":"https://www.openstreetmap.org/way/532552332"},"geometry":{"type":"Polygon","coordinates":[[[121.2343394,31.0321486],[121.2343399,31.0320265],[121.2344882,31.0320269],[121.2344878,31.032149],[121.2343394,31.0321486]]]}},{"type":"Feature","id":532552333,"properties":{"osm_id":532552333,"name":"","height_m":0,"height_basis":"unknown","height_tag":null,"levels_tag":null,"building":"house","source_url":"https://www.openstreetmap.org/way/532552333"},"geometry":{"type":"Polygon","coordinates":[[[121.2309571,31.0316577],[121.2309559,31.0315456],[121.2311249,31.0315443],[121.231126,31.0316564],[121.2309571,31.0316577]]]}},{"type":"Feature","id":532552334,"properties":{"osm_id":532552334,"name":"","height_m":0,"height_basis":"unknown","height_tag":null,"levels_tag":null,"building":"house","source_url":"https://www.openstreetmap.org/way/532552334"},"geometry":{"type":"Polygon","coordinates":[[[121.2312082,31.0316458],[121.2312101,31.0315359],[121.2313799,31.031538],[121.231378,31.0316479],[121.2312082,31.0316458]]]}},{"type":"Feature","id":532552335,"properties":{"osm_id":532552335,"name":"","height_m":0,"height_basis":"unknown","height_tag":null,"levels_tag":null,"building":"house","source_url":"https://www.openstreetmap.org/way/532552335"},"geometry":{"type":"Polygon","coordinates":[[[121.2309089,31.0313897],[121.2309073,31.0312628],[121.2310829,31.0312612],[121.2310845,31.0313881],[121.2309089,31.0313897]]]}},{"type":"Feature","id":532554318,"properties":{"osm_id":532554318,"name":"","height_m":0,"height_basis":"unknown","height_tag":null,"levels_tag":null,"building":"house","source_url":"https://www.openstreetmap.org/way/532554318"},"geometry":{"type":"Polygon","coordinates":[[[121.2318304,31.031639],[121.2318427,31.0315196],[121.2320057,31.031532],[121.2319933,31.0316514],[121.2318304,31.031639]]]}},{"type":"Feature","id":532554319,"properties":{"osm_id":532554319,"name":"","height_m":0,"height_basis":"unknown","height_tag":null,"levels_tag":null,"building":"house","source_url":"https://www.openstreetmap.org/way/532554319"},"geometry":{"type":"Polygon","coordinates":[[[121.2321029,31.0315433],[121.2322896,31.031553],[121.2322823,31.0316552],[121.2320956,31.0316455],[121.2321029,31.0315433]]]}},{"type":"Feature","id":532554320,"properties":{"osm_id":532554320,"name":"","height_m":0,"height_basis":"unknown","height_tag":null,"levels_tag":null,"building":"house","source_url":"https://www.openstreetmap.org/way/532554320"},"geometry":{"type":"Polygon","coordinates":[[[121.2324017,31.0316542],[121.2324435,31.0315229],[121.2326065,31.0315611],[121.2325647,31.0316923],[121.2324017,31.0316542]]]}},{"type":"Feature","id":532554321,"properties":{"osm_id":532554321,"name":"","height_m":0,"height_basis":"unknown","height_tag":null,"levels_tag":null,"building":"house","source_url":"https://www.openstreetmap.org/way/532554321"},"geometry":{"type":"Polygon","coordinates":[[[121.2326094,31.0316732],[121.2327987,31.0317258],[121.232841,31.0316141],[121.2326518,31.0315614],[121.2326094,31.0316732]]]}},{"type":"Feature","id":532554322,"properties":{"osm_id":532554322,"name":"","height_m":0,"height_basis":"unknown","height_tag":null,"levels_tag":null,"building":"house","source_url":"https://www.openstreetmap.org/way/532554322"},"geometry":{"type":"Polygon","coordinates":[[[121.2328051,31.0317453],[121.2330059,31.0317963],[121.2330607,31.031714],[121.2328837,31.0316274],[121.2328051,31.0317453]]]}},{"type":"Feature","id":532554323,"properties":{"osm_id":532554323,"name":"","height_m":0,"height_basis":"unknown","height_tag":null,"levels_tag":null,"building":"house","source_url":"https://www.openstreetmap.org/way/532554323"},"geometry":{"type":"Polygon","coordinates":[[[121.2330434,31.0318184],[121.2331756,31.0319056],[121.2332568,31.0318152],[121.2331246,31.031728],[121.2330434,31.0318184]]]}},{"type":"Feature","id":532554324,"properties":{"osm_id":532554324,"name":"","height_m":0,"height_basis":"unknown","height_tag":null,"levels_tag":null,"building":"house","source_url":"https://www.openstreetmap.org/way/532554324"},"geometry":{"type":"Polygon","coordinates":[[[121.2331977,31.0319359],[121.2333272,31.0320331],[121.2334304,31.0319322],[121.2333008,31.031835],[121.2331977,31.0319359]]]}},{"type":"Feature","id":532554325,"properties":{"osm_id":532554325,"name":"","height_m":0,"height_basis":"unknown","height_tag":null,"levels_tag":null,"building":"house","source_url":"https://www.openstreetmap.org/way/532554325"},"geometry":{"type":"Polygon","coordinates":[[[121.2311475,31.031376],[121.2311496,31.0312708],[121.2313318,31.0312735],[121.2313297,31.0313788],[121.2311475,31.031376]]]}},{"type":"Feature","id":532554326,"properties":{"osm_id":532554326,"name":"","height_m":0,"height_basis":"unknown","height_tag":null,"levels_tag":null,"building":"house","source_url":"https://www.openstreetmap.org/way/532554326"},"geometry":{"type":"Polygon","coordinates":[[[121.2313591,31.0313862],[121.231361,31.0312719],[121.2315373,31.031274],[121.2315354,31.0313883],[121.2313591,31.0313862]]]}},{"type":"Feature","id":532554327,"properties":{"osm_id":532554327,"name":"","height_m":0,"height_basis":"unknown","height_tag":null,"levels_tag":null,"building":"house","source_url":"https://www.openstreetmap.org/way/532554327"},"geometry":{"type":"Polygon","coordinates":[[[121.2315971,31.031263],[121.2317793,31.0312645],[121.231778,31.0313816],[121.2315958,31.0313801],[121.2315971,31.031263]]]}},{"type":"Feature","id":532554328,"properties":{"osm_id":532554328,"name":"","height_m":0,"height_basis":"unknown","height_tag":null,"levels_tag":null,"building":"house","source_url":"https://www.openstreetmap.org/way/532554328"},"geometry":{"type":"Polygon","coordinates":[[[121.2310911,31.0311616],[121.2310871,31.0310516],[121.2309109,31.0310562],[121.2309148,31.0311663],[121.2310911,31.0311616]]]}},{"type":"Feature","id":532554329,"properties":{"osm_id":532554329,"name":"","height_m":0,"height_basis":"unknown","height_tag":null,"levels_tag":null,"building":"house","source_url":"https://www.openstreetmap.org/way/532554329"},"geometry":{"type":"Polygon","coordinates":[[[121.231172,31.0311786],[121.2311709,31.0310295],[121.2313435,31.0310286],[121.2313445,31.0311777],[121.231172,31.0311786]]]}},{"type":"Feature","id":532554330,"properties":{"osm_id":532554330,"name":"","height_m":0,"height_basis":"unknown","height_tag":null,"levels_tag":null,"building":"house","source_url":"https://www.openstreetmap.org/way/532554330"},"geometry":{"type":"Polygon","coordinates":[[[121.2314045,31.031151],[121.2314042,31.0310345],[121.2315653,31.0310342],[121.2315655,31.0311508],[121.2314045,31.031151]]]}},{"type":"Feature","id":532554331,"properties":{"osm_id":532554331,"name":"","height_m":0,"height_basis":"unknown","height_tag":null,"levels_tag":null,"building":"house","source_url":"https://www.openstreetmap.org/way/532554331"},"geometry":{"type":"Polygon","coordinates":[[[121.2316216,31.0311557],[121.2316195,31.031043],[121.2318115,31.0310403],[121.2318137,31.031153],[121.2316216,31.0311557]]]}},{"type":"Feature","id":532554332,"properties":{"osm_id":532554332,"name":"","height_m":0,"height_basis":"unknown","height_tag":null,"levels_tag":null,"building":"house","source_url":"https://www.openstreetmap.org/way/532554332"},"geometry":{"type":"Polygon","coordinates":[[[121.2318406,31.0313775],[121.2318414,31.0312642],[121.2320164,31.031265],[121.2320156,31.0313783],[121.2318406,31.0313775]]]}},{"type":"Feature","id":532554333,"properties":{"osm_id":532554333,"name":"","height_m":0,"height_basis":"unknown","height_tag":null,"levels_tag":null,"building":"house","source_url":"https://www.openstreetmap.org/way/532554333"},"geometry":{"type":"Polygon","coordinates":[[[121.2318631,31.0311342],[121.2318631,31.0310126],[121.2320504,31.0310126],[121.2320504,31.0311342],[121.2318631,31.0311342]]]}},{"type":"Feature","id":532554334,"properties":{"osm_id":532554334,"name":"","height_m":0,"height_basis":"unknown","height_tag":null,"levels_tag":null,"building":"house","source_url":"https://www.openstreetmap.org/way/532554334"},"geometry":{"type":"Polygon","coordinates":[[[121.2320742,31.0313905],[121.2320712,31.031264],[121.2322679,31.0312606],[121.2322709,31.0313871],[121.2320742,31.0313905]]]}},{"type":"Feature","id":532554335,"properties":{"osm_id":532554335,"name":"","height_m":0,"height_basis":"unknown","height_tag":null,"levels_tag":null,"building":"house","source_url":"https://www.openstreetmap.org/way/532554335"},"geometry":{"type":"Polygon","coordinates":[[[121.2323549,31.0313931],[121.2323562,31.031271],[121.2325364,31.0312724],[121.2325351,31.0313945],[121.2323549,31.0313931]]]}},{"type":"Feature","id":532554336,"properties":{"osm_id":532554336,"name":"","height_m":0,"height_basis":"unknown","height_tag":null,"levels_tag":null,"building":"house","source_url":"https://www.openstreetmap.org/way/532554336"},"geometry":{"type":"Polygon","coordinates":[[[121.2325812,31.0313823],[121.2325829,31.0312602],[121.2327725,31.0312622],[121.2327708,31.0313843],[121.2325812,31.0313823]]]}},{"type":"Feature","id":532554337,"properties":{"osm_id":532554337,"name":"","height_m":0,"height_basis":"unknown","height_tag":null,"levels_tag":null,"building":"house","source_url":"https://www.openstreetmap.org/way/532554337"},"geometry":{"type":"Polygon","coordinates":[[[121.2320875,31.0311479],[121.2320852,31.0310288],[121.2322929,31.0310258],[121.2322953,31.0311448],[121.2320875,31.0311479]]]}},{"type":"Feature","id":532554338,"properties":{"osm_id":532554338,"name":"","height_m":0,"height_basis":"unknown","height_tag":null,"levels_tag":null,"building":"house","source_url":"https://www.openstreetmap.org/way/532554338"},"geometry":{"type":"Polygon","coordinates":[[[121.2323362,31.0311548],[121.232337,31.0310214],[121.2325392,31.0310224],[121.2325383,31.0311558],[121.2323362,31.0311548]]]}},{"type":"Feature","id":532554339,"properties":{"osm_id":532554339,"name":"","height_m":0,"height_basis":"unknown","height_tag":null,"levels_tag":null,"building":"house","source_url":"https://www.openstreetmap.org/way/532554339"},"geometry":{"type":"Polygon","coordinates":[[[121.2328177,31.0313598],[121.2328177,31.0312467],[121.2329822,31.0312467],[121.2329822,31.0313598],[121.2328177,31.0313598]]]}},{"type":"Feature","id":532554340,"properties":{"osm_id":532554340,"name":"","height_m":0,"height_basis":"unknown","height_tag":null,"levels_tag":null,"building":"house","source_url":"https://www.openstreetmap.org/way/532554340"},"geometry":{"type":"Polygon","coordinates":[[[121.2325889,31.0311437],[121.2325924,31.0310355],[121.2327591,31.0310395],[121.2327555,31.0311477],[121.2325889,31.0311437]]]}},{"type":"Feature","id":532554341,"properties":{"osm_id":532554341,"name":"","height_m":0,"height_basis":"unknown","height_tag":null,"levels_tag":null,"building":"house","source_url":"https://www.openstreetmap.org/way/532554341"},"geometry":{"type":"Polygon","coordinates":[[[121.2328045,31.0311066],[121.2328083,31.0309966],[121.2329949,31.0310014],[121.2329911,31.0311113],[121.2328045,31.0311066]]]}},{"type":"Feature","id":532554342,"properties":{"osm_id":532554342,"name":"","height_m":0,"height_basis":"unknown","height_tag":null,"levels_tag":null,"building":"house","source_url":"https://www.openstreetmap.org/way/532554342"},"geometry":{"type":"Polygon","coordinates":[[[121.2330678,31.031334],[121.2332251,31.0313276],[121.2332185,31.0312083],[121.2330612,31.0312147],[121.2330678,31.031334]]]}},{"type":"Feature","id":532554343,"properties":{"osm_id":532554343,"name":"","height_m":0,"height_basis":"unknown","height_tag":null,"levels_tag":null,"building":"house","source_url":"https://www.openstreetmap.org/way/532554343"},"geometry":{"type":"Polygon","coordinates":[[[121.2330676,31.0315418],[121.233064,31.0314303],[121.2332261,31.0314264],[121.2332297,31.0315379],[121.2330676,31.0315418]]]}},{"type":"Feature","id":532554344,"properties":{"osm_id":532554344,"name":"","height_m":0,"height_basis":"unknown","height_tag":null,"levels_tag":null,"building":"house","source_url":"https://www.openstreetmap.org/way/532554344"},"geometry":{"type":"Polygon","coordinates":[[[121.2333085,31.0316534],[121.2333085,31.0315393],[121.2334812,31.0315393],[121.2334812,31.0316534],[121.2333085,31.0316534]]]}},{"type":"Feature","id":532554345,"properties":{"osm_id":532554345,"name":"","height_m":0,"height_basis":"unknown","height_tag":null,"levels_tag":null,"building":"house","source_url":"https://www.openstreetmap.org/way/532554345"},"geometry":{"type":"Polygon","coordinates":[[[121.2333079,31.0314058],[121.2333055,31.0313027],[121.2334735,31.0312998],[121.233476,31.0314029],[121.2333079,31.0314058]]]}},{"type":"Feature","id":532554346,"properties":{"osm_id":532554346,"name":"","height_m":0,"height_basis":"unknown","height_tag":null,"levels_tag":null,"building":"house","source_url":"https://www.openstreetmap.org/way/532554346"},"geometry":{"type":"Polygon","coordinates":[[[121.2330691,31.0311141],[121.2330691,31.0310081],[121.2332301,31.0310081],[121.2332301,31.0311142],[121.2330691,31.0311141]]]}},{"type":"Feature","id":532554347,"properties":{"osm_id":532554347,"name":"","height_m":0,"height_basis":"unknown","height_tag":null,"levels_tag":null,"building":"house","source_url":"https://www.openstreetmap.org/way/532554347"},"geometry":{"type":"Polygon","coordinates":[[[121.2333053,31.0311917],[121.2332982,31.0310798],[121.2334883,31.0310709],[121.2334954,31.0311828],[121.2333053,31.0311917]]]}},{"type":"Feature","id":532554348,"properties":{"osm_id":532554348,"name":"","height_m":0,"height_basis":"unknown","height_tag":null,"levels_tag":null,"building":"house","source_url":"https://www.openstreetmap.org/way/532554348"},"geometry":{"type":"Polygon","coordinates":[[[121.2335673,31.0313094],[121.23357,31.0311872],[121.2337391,31.03119],[121.2337365,31.0313121],[121.2335673,31.0313094]]]}},{"type":"Feature","id":532554349,"properties":{"osm_id":532554349,"name":"","height_m":0,"height_basis":"unknown","height_tag":null,"levels_tag":null,"building":"house","source_url":"https://www.openstreetmap.org/way/532554349"},"geometry":{"type":"Polygon","coordinates":[[[121.2335566,31.0317281],[121.2335698,31.0316074],[121.2337406,31.0316211],[121.2337274,31.0317418],[121.2335566,31.0317281]]]}},{"type":"Feature","id":532554350,"properties":{"osm_id":532554350,"name":"","height_m":0,"height_basis":"unknown","height_tag":null,"levels_tag":null,"building":"house","source_url":"https://www.openstreetmap.org/way/532554350"},"geometry":{"type":"Polygon","coordinates":[[[121.2337483,31.0319068],[121.2337503,31.0317957],[121.2339265,31.031798],[121.2339245,31.0319091],[121.2337483,31.0319068]]]}},{"type":"Feature","id":532554351,"properties":{"osm_id":532554351,"name":"","height_m":0,"height_basis":"unknown","height_tag":null,"levels_tag":null,"building":"house","source_url":"https://www.openstreetmap.org/way/532554351"},"geometry":{"type":"Polygon","coordinates":[[[121.2340101,31.0318905],[121.2340091,31.0317655],[121.2341969,31.0317644],[121.2341979,31.0318894],[121.2340101,31.0318905]]]}},{"type":"Feature","id":532554352,"properties":{"osm_id":532554352,"name":"","height_m":0,"height_basis":"unknown","height_tag":null,"levels_tag":null,"building":"house","source_url":"https://www.openstreetmap.org/way/532554352"},"geometry":{"type":"Polygon","coordinates":[[[121.2342584,31.0319085],[121.2342521,31.0317915],[121.2344335,31.0317843],[121.2344398,31.0319013],[121.2342584,31.0319085]]]}},{"type":"Feature","id":532554353,"properties":{"osm_id":532554353,"name":"","height_m":0,"height_basis":"unknown","height_tag":null,"levels_tag":null,"building":"house","source_url":"https://www.openstreetmap.org/way/532554353"},"geometry":{"type":"Polygon","coordinates":[[[121.2335707,31.0315185],[121.2335676,31.0314033],[121.2337611,31.0313995],[121.2337642,31.0315147],[121.2335707,31.0315185]]]}},{"type":"Feature","id":532554355,"properties":{"osm_id":532554355,"name":"","height_m":0,"height_basis":"unknown","height_tag":null,"levels_tag":null,"building":"yes","source_url":"https://www.openstreetmap.org/way/532554355"},"geometry":{"type":"Polygon","coordinates":[[[121.2299018,31.0331586],[121.2299545,31.0331654],[121.2299875,31.0331711],[121.2300409,31.0331579],[121.2300957,31.0331368],[121.2301387,31.0331071],[121.2301836,31.0330663],[121.2302533,31.0329037],[121.2303144,31.0327394],[121.2303512,31.0326274],[121.2303667,31.0325446],[121.2303653,31.0324475],[121.2303358,31.0324084],[121.230303,31.0323803],[121.2302641,31.0323602],[121.2301903,31.0323441],[121.2301212,31.0323556],[121.230073,31.032378],[121.230018,31.0324205],[121.2299983,31.0324509],[121.2299632,31.0325347],[121.2299043,31.0326703],[121.229883,31.0327393],[121.2297952,31.0329588],[121.2297819,31.0330268],[121.2297992,31.0330677],[121.2298287,31.0331104],[121.2298653,31.03314],[121.2299018,31.0331586]]]}},{"type":"Feature","id":534105355,"properties":{"osm_id":534105355,"name":"","height_m":0,"height_basis":"unknown","height_tag":null,"levels_tag":null,"building":"apartments","source_url":"https://www.openstreetmap.org/way/534105355"},"geometry":{"type":"Polygon","coordinates":[[[121.227961,31.033173],[121.2279486,31.0330639],[121.227189,31.0331103],[121.2272005,31.0331894],[121.2273151,31.0331832],[121.2273186,31.0332108],[121.227961,31.033173]]]}},{"type":"Feature","id":536351919,"properties":{"osm_id":536351919,"name":"","height_m":0,"height_basis":"unknown","height_tag":null,"levels_tag":null,"building":"yes","source_url":"https://www.openstreetmap.org/way/536351919"},"geometry":{"type":"Polygon","coordinates":[[[121.2293131,31.0360448],[121.2301864,31.0360408],[121.2301911,31.0353206],[121.229905,31.0353136],[121.2299004,31.0357947],[121.2293271,31.0357887],[121.2293131,31.0360448]]]}},{"type":"Feature","id":536351920,"properties":{"osm_id":536351920,"name":"","height_m":0,"height_basis":"unknown","height_tag":null,"levels_tag":null,"building":"yes","source_url":"https://www.openstreetmap.org/way/536351920"},"geometry":{"type":"Polygon","coordinates":[[[121.2299144,31.0352404],[121.2301888,31.0352508],[121.2301791,31.0347903],[121.2301156,31.0347893],[121.2300729,31.0347544],[121.2300668,31.0346758],[121.2297595,31.034681],[121.2297619,31.0346569],[121.229642,31.0346569],[121.2296408,31.0346823],[121.2292692,31.0346796],[121.2292761,31.0349321],[121.229766,31.0349443],[121.2298757,31.0350296],[121.2299405,31.0349777],[121.2299859,31.0350127],[121.2299212,31.0350668],[121.2299144,31.0352404]]]}},{"type":"Feature","id":536351921,"properties":{"osm_id":536351921,"name":"","height_m":0,"height_basis":"unknown","height_tag":null,"levels_tag":null,"building":"yes","source_url":"https://www.openstreetmap.org/way/536351921"},"geometry":{"type":"Polygon","coordinates":[[[121.2296792,31.0353314],[121.2296651,31.0357666],[121.2293678,31.0357636],[121.2293642,31.0353208],[121.2296792,31.0353314]]]}},{"type":"Feature","id":536351922,"properties":{"osm_id":536351922,"name":"","height_m":0,"height_basis":"unknown","height_tag":null,"levels_tag":null,"building":"yes","source_url":"https://www.openstreetmap.org/way/536351922"},"geometry":{"type":"Polygon","coordinates":[[[121.2284476,31.0359683],[121.2283998,31.0359667],[121.2283998,31.0360471],[121.2278105,31.0360517],[121.227653,31.0359379],[121.2275724,31.0356832],[121.2275736,31.0354824],[121.2278802,31.0354817],[121.2278933,31.0356929],[121.2279788,31.0357827],[121.2284529,31.0357863],[121.2284476,31.0359683]]]}},{"type":"Feature","id":536351923,"properties":{"osm_id":536351923,"name":"","height_m":0,"height_basis":"unknown","height_tag":null,"levels_tag":null,"building":"yes","source_url":"https://www.openstreetmap.org/way/536351923"},"geometry":{"type":"Polygon","coordinates":[[[121.2284391,31.0353957],[121.2284408,31.035144],[121.2279135,31.0351394],[121.2279082,31.0349378],[121.2284979,31.0349419],[121.2284949,31.0346705],[121.2275826,31.0346618],[121.227564,31.035401],[121.2284391,31.0353957]]]}},{"type":"Feature","id":536351924,"properties":{"osm_id":536351924,"name":"","height_m":0,"height_basis":"unknown","height_tag":null,"levels_tag":null,"building":"yes","source_url":"https://www.openstreetmap.org/way/536351924"},"geometry":{"type":"Polygon","coordinates":[[[121.2285245,31.0353866],[121.2285983,31.0353843],[121.2286063,31.0354371],[121.2290422,31.035436],[121.2290529,31.0353946],[121.2291481,31.0353935],[121.2291562,31.03512],[121.2285956,31.0351108],[121.2285902,31.0351487],[121.2285098,31.0351533],[121.2285245,31.0353866]]]}},{"type":"Feature","id":536697997,"properties":{"osm_id":536697997,"name":"","height_m":0,"height_basis":"unknown","height_tag":null,"levels_tag":null,"building":"apartments","source_url":"https://www.openstreetmap.org/way/536697997"},"geometry":{"type":"Polygon","coordinates":[[[121.2279916,31.0341879],[121.2279936,31.0343185],[121.2274387,31.0343098],[121.2274336,31.0341809],[121.2279916,31.0341879]]]}},{"type":"Feature","id":536697999,"properties":{"osm_id":536697999,"name":"","height_m":0,"height_basis":"unknown","height_tag":null,"levels_tag":null,"building":"apartments","source_url":"https://www.openstreetmap.org/way/536697999"},"geometry":{"type":"Polygon","coordinates":[[[121.2280963,31.0342279],[121.2280973,31.034106],[121.2286126,31.0341199],[121.2286177,31.0342375],[121.2280963,31.0342279]]]}},{"type":"Feature","id":536698001,"properties":{"osm_id":536698001,"name":"","height_m":0,"height_basis":"unknown","height_tag":null,"levels_tag":null,"building":"apartments","source_url":"https://www.openstreetmap.org/way/536698001"},"geometry":{"type":"Polygon","coordinates":[[[121.2279886,31.0337237],[121.2280038,31.0338639],[121.2273625,31.0339196],[121.2273421,31.0337698],[121.2279886,31.0337237]]]}},{"type":"Feature","id":536698003,"properties":{"osm_id":536698003,"name":"","height_m":0,"height_basis":"unknown","height_tag":null,"levels_tag":null,"building":"apartments","source_url":"https://www.openstreetmap.org/way/536698003"},"geometry":{"type":"Polygon","coordinates":[[[121.2281471,31.033789],[121.2281278,31.0336697],[121.2285709,31.0336226],[121.228577,31.0337472],[121.2281471,31.033789]]]}},{"type":"Feature","id":536698005,"properties":{"osm_id":536698005,"name":"","height_m":0,"height_basis":"unknown","height_tag":null,"levels_tag":null,"building":"apartments","source_url":"https://www.openstreetmap.org/way/536698005"},"geometry":{"type":"Polygon","coordinates":[[[121.2286787,31.0339423],[121.2286716,31.0338203],[121.229133,31.0338212],[121.2291289,31.0339388],[121.2286787,31.0339423]]]}},{"type":"Feature","id":536698007,"properties":{"osm_id":536698007,"name":"","height_m":0,"height_basis":"unknown","height_tag":null,"levels_tag":null,"building":"apartments","source_url":"https://www.openstreetmap.org/way/536698007"},"geometry":{"type":"Polygon","coordinates":[[[121.2287494,31.0341977],[121.2287421,31.0343149],[121.2292564,31.0343109],[121.229247,31.0341977],[121.2287494,31.0341977]]]}},{"type":"Feature","id":536698009,"properties":{"osm_id":536698009,"name":"","height_m":0,"height_basis":"unknown","height_tag":null,"levels_tag":null,"building":"apartments","source_url":"https://www.openstreetmap.org/way/536698009"},"geometry":{"type":"Polygon","coordinates":[[[121.2279474,31.0334019],[121.2279596,31.0335177],[121.2273315,31.0335813],[121.2273193,31.0334576],[121.2279474,31.0334019]]]}},{"type":"Feature","id":536698010,"properties":{"osm_id":536698010,"name":"","height_m":0,"height_basis":"unknown","height_tag":null,"levels_tag":null,"building":"apartments","source_url":"https://www.openstreetmap.org/way/536698010"},"geometry":{"type":"Polygon","coordinates":[[[121.2281121,31.0335525],[121.2280897,31.033435],[121.2285389,31.0333923],[121.228544,31.0335186],[121.2281121,31.0335525]]]}},{"type":"Feature","id":536698011,"properties":{"osm_id":536698011,"name":"","height_m":0,"height_basis":"unknown","height_tag":null,"levels_tag":null,"building":"apartments","source_url":"https://www.openstreetmap.org/way/536698011"},"geometry":{"type":"Polygon","coordinates":[[[121.228669,31.0334402],[121.2293022,31.0336422],[121.2293561,31.0335429],[121.2287249,31.0333348],[121.228669,31.0334402]]]}},{"type":"Feature","id":536698012,"properties":{"osm_id":536698012,"name":"","height_m":0,"height_basis":"unknown","height_tag":null,"levels_tag":null,"building":"apartments","source_url":"https://www.openstreetmap.org/way/536698012"},"geometry":{"type":"Polygon","coordinates":[[[121.2287971,31.0331502],[121.229413,31.0333513],[121.2294689,31.0332495],[121.228855,31.0330404],[121.2287971,31.0331502]]]}},{"type":"Feature","id":536698013,"properties":{"osm_id":536698013,"name":"","height_m":0,"height_basis":"unknown","height_tag":null,"levels_tag":null,"building":"apartments","source_url":"https://www.openstreetmap.org/way/536698013"},"geometry":{"type":"Polygon","coordinates":[[[121.2289648,31.0328898],[121.2295238,31.0330709],[121.2295868,31.0329673],[121.2290258,31.0327783],[121.2289648,31.0328898]]]}},{"type":"Feature","id":536698014,"properties":{"osm_id":536698014,"name":"","height_m":0,"height_basis":"unknown","height_tag":null,"levels_tag":null,"building":"apartments","source_url":"https://www.openstreetmap.org/way/536698014"},"geometry":{"type":"Polygon","coordinates":[[[121.2290715,31.0325937],[121.2296569,31.0327792],[121.2297098,31.0326825],[121.2291122,31.0324874],[121.2290715,31.0325937]]]}},{"type":"Feature","id":536698015,"properties":{"osm_id":536698015,"name":"","height_m":0,"height_basis":"unknown","height_tag":null,"levels_tag":null,"building":"apartments","source_url":"https://www.openstreetmap.org/way/536698015"},"geometry":{"type":"Polygon","coordinates":[[[121.2291772,31.0322941],[121.2297992,31.0324874],[121.2298541,31.0323942],[121.2292209,31.0321896],[121.2291772,31.0322941]]]}},{"type":"Feature","id":536698016,"properties":{"osm_id":536698016,"name":"","height_m":0,"height_basis":"unknown","height_tag":null,"levels_tag":null,"building":"apartments","source_url":"https://www.openstreetmap.org/way/536698016"},"geometry":{"type":"Polygon","coordinates":[[[121.2293368,31.0320163],[121.2299059,31.0321957],[121.2299619,31.032099],[121.2293856,31.0319152],[121.2293368,31.0320163]]]}},{"type":"Feature","id":536698017,"properties":{"osm_id":536698017,"name":"","height_m":0,"height_basis":"unknown","height_tag":null,"levels_tag":null,"building":"apartments","source_url":"https://www.openstreetmap.org/way/536698017"},"geometry":{"type":"Polygon","coordinates":[[[121.230313,31.0319062],[121.229993,31.0319124],[121.2299924,31.0318865],[121.2298431,31.0318894],[121.2298403,31.0317802],[121.2300226,31.0317767],[121.2300234,31.0318094],[121.2303103,31.0318039],[121.230313,31.0319062]]]}},{"type":"Feature","id":536698018,"properties":{"osm_id":536698018,"name":"","height_m":0,"height_basis":"unknown","height_tag":null,"levels_tag":null,"building":"apartments","source_url":"https://www.openstreetmap.org/way/536698018"},"geometry":{"type":"Polygon","coordinates":[[[121.229858,31.0316458],[121.2303256,31.0316357],[121.230322,31.0315129],[121.2298544,31.0315231],[121.229858,31.0316458]]]}},{"type":"Feature","id":536698019,"properties":{"osm_id":536698019,"name":"","height_m":0,"height_basis":"unknown","height_tag":null,"levels_tag":null,"building":"apartments","source_url":"https://www.openstreetmap.org/way/536698019"},"geometry":{"type":"Polygon","coordinates":[[[121.2290858,31.031605],[121.2292404,31.0315999],[121.2292419,31.031632],[121.2293907,31.0316271],[121.2293923,31.0316623],[121.2295615,31.0316568],[121.2295631,31.0316921],[121.2297204,31.031687],[121.229716,31.0315888],[121.2295695,31.0315935],[121.2295678,31.031555],[121.2294154,31.03156],[121.229414,31.0315277],[121.2292497,31.031533],[121.2292479,31.0314921],[121.229081,31.0314975],[121.2290858,31.031605]]]}},{"type":"Feature","id":536698020,"properties":{"osm_id":536698020,"name":"","height_m":0,"height_basis":"unknown","height_tag":null,"levels_tag":null,"building":"apartments","source_url":"https://www.openstreetmap.org/way/536698020"},"geometry":{"type":"Polygon","coordinates":[[[121.2298694,31.0313937],[121.2303192,31.0313886],[121.2303175,31.0312764],[121.2298677,31.0312815],[121.2298694,31.0313937]]]}},{"type":"Feature","id":536698021,"properties":{"osm_id":536698021,"name":"","height_m":0,"height_basis":"unknown","height_tag":null,"levels_tag":null,"building":"apartments","source_url":"https://www.openstreetmap.org/way/536698021"},"geometry":{"type":"Polygon","coordinates":[[[121.229376,31.0314113],[121.2297187,31.0314113],[121.2297187,31.0312971],[121.229376,31.031297],[121.229376,31.0314113]]]}},{"type":"Feature","id":536698022,"properties":{"osm_id":536698022,"name":"","height_m":0,"height_basis":"unknown","height_tag":null,"levels_tag":null,"building":"apartments","source_url":"https://www.openstreetmap.org/way/536698022"},"geometry":{"type":"Polygon","coordinates":[[[121.2285178,31.0314807],[121.2286577,31.0314784],[121.2286581,31.0314969],[121.2288284,31.031494],[121.2288292,31.0315292],[121.2290065,31.0315262],[121.229004,31.0314161],[121.2288322,31.031419],[121.2288316,31.0313968],[121.228687,31.0313992],[121.2286863,31.0313666],[121.2285153,31.0313695],[121.2285178,31.0314807]]]}},{"type":"Feature","id":536698023,"properties":{"osm_id":536698023,"name":"","height_m":0,"height_basis":"unknown","height_tag":null,"levels_tag":null,"building":"apartments","source_url":"https://www.openstreetmap.org/way/536698023"},"geometry":{"type":"Polygon","coordinates":[[[121.2278897,31.0313406],[121.2278918,31.0314563],[121.2283677,31.0314501],[121.2283656,31.0313344],[121.2278897,31.0313406]]]}},{"type":"Feature","id":536698024,"properties":{"osm_id":536698024,"name":"","height_m":0,"height_basis":"unknown","height_tag":null,"levels_tag":null,"building":"apartments","source_url":"https://www.openstreetmap.org/way/536698024"},"geometry":{"type":"Polygon","coordinates":[[[121.227091,31.0315302],[121.2277692,31.031471],[121.227756,31.0313601],[121.2270778,31.0314192],[121.227091,31.0315302]]]}},{"type":"Feature","id":536698025,"properties":{"osm_id":536698025,"name":"","height_m":0,"height_basis":"unknown","height_tag":null,"levels_tag":null,"building":"apartments","source_url":"https://www.openstreetmap.org/way/536698025"},"geometry":{"type":"Polygon","coordinates":[[[121.2277537,31.031814],[121.2277475,31.0316965],[121.2271007,31.031748],[121.227114,31.0318739],[121.2277537,31.031814]]]}},{"type":"Feature","id":536702228,"properties":{"osm_id":536702228,"name":"","height_m":0,"height_basis":"unknown","height_tag":null,"levels_tag":null,"building":"apartments","source_url":"https://www.openstreetmap.org/way/536702228"},"geometry":{"type":"Polygon","coordinates":[[[121.2279017,31.0327237],[121.227915,31.0328495],[121.2272453,31.0329015],[121.227232,31.0327756],[121.2279017,31.0327237]]]}},{"type":"Feature","id":536702229,"properties":{"osm_id":536702229,"name":"","height_m":0,"height_basis":"unknown","height_tag":null,"levels_tag":null,"building":"apartments","source_url":"https://www.openstreetmap.org/way/536702229"},"geometry":{"type":"Polygon","coordinates":[[[121.2280609,31.032843],[121.2280532,31.0327321],[121.2284168,31.0326899],[121.2284214,31.0327968],[121.2280609,31.032843]]]}},{"type":"Feature","id":536702230,"properties":{"osm_id":536702230,"name":"","height_m":0,"height_basis":"unknown","height_tag":null,"levels_tag":null,"building":"apartments","source_url":"https://www.openstreetmap.org/way/536702230"},"geometry":{"type":"Polygon","coordinates":[[[121.228095,31.0333143],[121.22808,31.0332189],[121.2283497,31.0331876],[121.2283647,31.0332831],[121.228095,31.0333143]]]}},{"type":"Feature","id":536702231,"properties":{"osm_id":536702231,"name":"","height_m":0,"height_basis":"unknown","height_tag":null,"levels_tag":null,"building":"apartments","source_url":"https://www.openstreetmap.org/way/536702231"},"geometry":{"type":"Polygon","coordinates":[[[121.2284404,31.0332884],[121.2284287,31.0331695],[121.228645,31.0331539],[121.2286567,31.0332727],[121.2284404,31.0332884]]]}},{"type":"Feature","id":536702232,"properties":{"osm_id":536702232,"name":"","height_m":0,"height_basis":"unknown","height_tag":null,"levels_tag":null,"building":"apartments","source_url":"https://www.openstreetmap.org/way/536702232"},"geometry":{"type":"Polygon","coordinates":[[[121.2280717,31.0329697],[121.2280856,31.0330793],[121.2284168,31.0330542],[121.2284044,31.0329433],[121.2280717,31.0329697]]]}},{"type":"Feature","id":536702233,"properties":{"osm_id":536702233,"name":"","height_m":0,"height_basis":"unknown","height_tag":null,"levels_tag":null,"building":"apartments","source_url":"https://www.openstreetmap.org/way/536702233"},"geometry":{"type":"Polygon","coordinates":[[[121.2284969,31.0330423],[121.2284892,31.0329209],[121.2287218,31.0328971],[121.2287295,31.0330252],[121.2284969,31.0330423]]]}},{"type":"Feature","id":536702234,"properties":{"osm_id":536702234,"name":"","height_m":0,"height_basis":"unknown","height_tag":null,"levels_tag":null,"building":"apartments","source_url":"https://www.openstreetmap.org/way/536702234"},"geometry":{"type":"Polygon","coordinates":[[[121.2284661,31.0328153],[121.2284584,31.0326952],[121.2286787,31.0326767],[121.2286879,31.0327981],[121.2284661,31.0328153]]]}},{"type":"Feature","id":536702235,"properties":{"osm_id":536702235,"name":"","height_m":0,"height_basis":"unknown","height_tag":null,"levels_tag":null,"building":"apartments","source_url":"https://www.openstreetmap.org/way/536702235"},"geometry":{"type":"Polygon","coordinates":[[[121.2278516,31.0323737],[121.2278677,31.0324975],[121.2272011,31.032561],[121.2271851,31.0324371],[121.2278516,31.0323737]]]}},{"type":"Feature","id":536702236,"properties":{"osm_id":536702236,"name":"","height_m":0,"height_basis":"unknown","height_tag":null,"levels_tag":null,"building":"apartments","source_url":"https://www.openstreetmap.org/way/536702236"},"geometry":{"type":"Polygon","coordinates":[[[121.2284421,31.0324445],[121.2284194,31.0323238],[121.2286378,31.0322938],[121.2286604,31.0324145],[121.2284421,31.0324445]]]}},{"type":"Feature","id":536702237,"properties":{"osm_id":536702237,"name":"","height_m":0,"height_basis":"unknown","height_tag":null,"levels_tag":null,"building":"apartments","source_url":"https://www.openstreetmap.org/way/536702237"},"geometry":{"type":"Polygon","coordinates":[[[121.2279817,31.0323795],[121.2279994,31.0324975],[121.2283531,31.0324585],[121.2283354,31.0323406],[121.2279817,31.0323795]]]}},{"type":"Feature","id":536702238,"properties":{"osm_id":536702238,"name":"","height_m":0,"height_basis":"unknown","height_tag":null,"levels_tag":null,"building":"apartments","source_url":"https://www.openstreetmap.org/way/536702238"},"geometry":{"type":"Polygon","coordinates":[[[121.2277953,31.0320404],[121.2278061,31.0321523],[121.2271561,31.0321985],[121.2271452,31.0320867],[121.2277953,31.0320404]]]}},{"type":"Feature","id":536702239,"properties":{"osm_id":536702239,"name":"","height_m":0,"height_basis":"unknown","height_tag":null,"levels_tag":null,"building":"apartments","source_url":"https://www.openstreetmap.org/way/536702239"},"geometry":{"type":"Polygon","coordinates":[[[121.2279701,31.0322596],[121.2279568,31.0321446],[121.2282346,31.032121],[121.228248,31.032236],[121.2279701,31.0322596]]]}},{"type":"Feature","id":536702240,"properties":{"osm_id":536702240,"name":"","height_m":0,"height_basis":"unknown","height_tag":null,"levels_tag":null,"building":"apartments","source_url":"https://www.openstreetmap.org/way/536702240"},"geometry":{"type":"Polygon","coordinates":[[[121.2283412,31.0320905],[121.2283613,31.032209],[121.2285835,31.0321813],[121.2285634,31.0320629],[121.2283412,31.0320905]]]}},{"type":"Feature","id":536702241,"properties":{"osm_id":536702241,"name":"","height_m":0,"height_basis":"unknown","height_tag":null,"levels_tag":null,"building":"apartments","source_url":"https://www.openstreetmap.org/way/536702241"},"geometry":{"type":"Polygon","coordinates":[[[121.2279384,31.0318931],[121.2279544,31.0320334],[121.2281696,31.0320154],[121.2281536,31.0318751],[121.2279384,31.0318931]]]}},{"type":"Feature","id":536702242,"properties":{"osm_id":536702242,"name":"","height_m":0,"height_basis":"unknown","height_tag":null,"levels_tag":null,"building":"apartments","source_url":"https://www.openstreetmap.org/way/536702242"},"geometry":{"type":"Polygon","coordinates":[[[121.2282489,31.0318712],[121.2282725,31.0319993],[121.2284742,31.031972],[121.2284506,31.0318439],[121.2282489,31.0318712]]]}},{"type":"Feature","id":536702243,"properties":{"osm_id":536702243,"name":"","height_m":0,"height_basis":"unknown","height_tag":null,"levels_tag":null,"building":"apartments","source_url":"https://www.openstreetmap.org/way/536702243"},"geometry":{"type":"Polygon","coordinates":[[[121.2278872,31.0316667],[121.2279103,31.0318094],[121.2281334,31.0317829],[121.2281103,31.0316402],[121.2278872,31.0316667]]]}},{"type":"Feature","id":536702244,"properties":{"osm_id":536702244,"name":"","height_m":0,"height_basis":"unknown","height_tag":null,"levels_tag":null,"building":"apartments","source_url":"https://www.openstreetmap.org/way/536702244"},"geometry":{"type":"Polygon","coordinates":[[[121.2281605,31.0316343],[121.2281712,31.031771],[121.2283521,31.0317606],[121.2283875,31.0317408],[121.2283782,31.0316218],[121.2281605,31.0316343]]]}},{"type":"Feature","id":536702245,"properties":{"osm_id":536702245,"name":"","height_m":0,"height_basis":"unknown","height_tag":null,"levels_tag":null,"building":"apartments","source_url":"https://www.openstreetmap.org/way/536702245"},"geometry":{"type":"Polygon","coordinates":[[[121.230152,31.0311544],[121.2301475,31.0310261],[121.2296776,31.0310383],[121.2296821,31.0311666],[121.230152,31.0311544]]]}},{"type":"Feature","id":536702246,"properties":{"osm_id":536702246,"name":"","height_m":0,"height_basis":"unknown","height_tag":null,"levels_tag":null,"building":"apartments","source_url":"https://www.openstreetmap.org/way/536702246"},"geometry":{"type":"Polygon","coordinates":[[[121.2290965,31.0310532],[121.2290992,31.0311658],[121.2295746,31.0311573],[121.2295719,31.0310447],[121.2290965,31.0310532]]]}},{"type":"Feature","id":536702247,"properties":{"osm_id":536702247,"name":"","height_m":0,"height_basis":"unknown","height_tag":null,"levels_tag":null,"building":"apartments","source_url":"https://www.openstreetmap.org/way/536702247"},"geometry":{"type":"Polygon","coordinates":[[[121.2285258,31.0310652],[121.2285279,31.0311761],[121.229008,31.0311693],[121.2290059,31.0310584],[121.2285258,31.0310652]]]}},{"type":"Feature","id":536702248,"properties":{"osm_id":536702248,"name":"","height_m":0,"height_basis":"unknown","height_tag":null,"levels_tag":null,"building":"apartments","source_url":"https://www.openstreetmap.org/way/536702248"},"geometry":{"type":"Polygon","coordinates":[[[121.2283599,31.0310822],[121.2283612,31.0311919],[121.2279001,31.031196],[121.2278988,31.0310863],[121.2283599,31.0310822]]]}},{"type":"Feature","id":536702249,"properties":{"osm_id":536702249,"name":"","height_m":0,"height_basis":"unknown","height_tag":null,"levels_tag":null,"building":"apartments","source_url":"https://www.openstreetmap.org/way/536702249"},"geometry":{"type":"Polygon","coordinates":[[[121.2277471,31.031176],[121.2270601,31.0311846],[121.2270582,31.0310717],[121.2277452,31.0310631],[121.2277471,31.031176]]]}},{"type":"Feature","id":536702371,"properties":{"osm_id":536702371,"name":"","height_m":0,"height_basis":"unknown","height_tag":null,"levels_tag":null,"building":"yes","source_url":"https://www.openstreetmap.org/way/536702371"},"geometry":{"type":"Polygon","coordinates":[[[121.2295981,31.0341788],[121.2295928,31.0343092],[121.2293168,31.0343084],[121.2293185,31.0341962],[121.2293291,31.0341773],[121.2295981,31.0341788]]]}},{"type":"Feature","id":536702372,"properties":{"osm_id":536702372,"name":"","height_m":0,"height_basis":"unknown","height_tag":null,"levels_tag":null,"building":"yes","source_url":"https://www.openstreetmap.org/way/536702372"},"geometry":{"type":"Polygon","coordinates":[[[121.2303151,31.034286],[121.2303167,31.0341468],[121.2301494,31.0341454],[121.2301175,31.0341871],[121.2297361,31.0341835],[121.2297421,31.0337243],[121.2300577,31.0337273],[121.2300572,31.0337651],[121.230225,31.0337667],[121.2302267,31.0336349],[121.229776,31.0336306],[121.2297769,31.0335602],[121.2298105,31.0335526],[121.2298146,31.0333276],[121.2296423,31.0333253],[121.2296252,31.033373],[121.2296262,31.0335387],[121.2295818,31.0335657],[121.2295771,31.0338432],[121.2294873,31.0338424],[121.2294849,31.0340458],[121.22957,31.0340466],[121.2295688,31.0341555],[121.2296746,31.0341564],[121.2296732,31.0342806],[121.2303151,31.034286]]]}},{"type":"Feature","id":536975617,"properties":{"osm_id":536975617,"name":"","height_m":0,"height_basis":"unknown","height_tag":null,"levels_tag":null,"building":"apartments","source_url":"https://www.openstreetmap.org/way/536975617"},"geometry":{"type":"Polygon","coordinates":[[[121.235334,31.0276363],[121.2353465,31.0277267],[121.2349046,31.0277359],[121.2348957,31.0276455],[121.235334,31.0276363]]]}},{"type":"Feature","id":536975618,"properties":{"osm_id":536975618,"name":"","height_m":0,"height_basis":"unknown","height_tag":null,"levels_tag":null,"building":"apartments","source_url":"https://www.openstreetmap.org/way/536975618"},"geometry":{"type":"Polygon","coordinates":[[[121.2353261,31.0274687],[121.2353261,31.027378],[121.2348299,31.0273771],[121.234833,31.0274704],[121.2353261,31.0274687]]]}},{"type":"Feature","id":536975619,"properties":{"osm_id":536975619,"name":"","height_m":0,"height_basis":"unknown","height_tag":null,"levels_tag":null,"building":"apartments","source_url":"https://www.openstreetmap.org/way/536975619"},"geometry":{"type":"Polygon","coordinates":[[[121.2352606,31.0272042],[121.2352626,31.0271109],[121.2346645,31.0271256],[121.2346716,31.0272181],[121.2352606,31.0272042]]]}},{"type":"Feature","id":536975620,"properties":{"osm_id":536975620,"name":"","height_m":0,"height_basis":"unknown","height_tag":null,"levels_tag":null,"building":"apartments","source_url":"https://www.openstreetmap.org/way/536975620"},"geometry":{"type":"Polygon","coordinates":[[[121.2352286,31.0299582],[121.2352017,31.0300785],[121.2344411,31.0300179],[121.2344497,31.0299007],[121.2352286,31.0299582]]]}},{"type":"Feature","id":536975621,"properties":{"osm_id":536975621,"name":"","height_m":0,"height_basis":"unknown","height_tag":null,"levels_tag":null,"building":"apartments","source_url":"https://www.openstreetmap.org/way/536975621"},"geometry":{"type":"Polygon","coordinates":[[[121.2343105,31.0300011],[121.2343203,31.0298944],[121.2337355,31.0298547],[121.2337196,31.0299676],[121.2343105,31.0300011]]]}},{"type":"Feature","id":536975622,"properties":{"osm_id":536975622,"name":"","height_m":0,"height_basis":"unknown","height_tag":null,"levels_tag":null,"building":"apartments","source_url":"https://www.openstreetmap.org/way/536975622"},"geometry":{"type":"Polygon","coordinates":[[[121.233639,31.0299551],[121.2336512,31.029839],[121.2330469,31.0298065],[121.2330432,31.0299216],[121.233639,31.0299551]]]}},{"type":"Feature","id":536975623,"properties":{"osm_id":536975623,"name":"","height_m":0,"height_basis":"unknown","height_tag":null,"levels_tag":null,"building":"apartments","source_url":"https://www.openstreetmap.org/way/536975623"},"geometry":{"type":"Polygon","coordinates":[[[121.2323376,31.0299007],[121.2323351,31.0297867],[121.2328369,31.0297804],[121.2328296,31.0298944],[121.2323376,31.0299007]]]}},{"type":"Feature","id":536975624,"properties":{"osm_id":536975624,"name":"","height_m":0,"height_basis":"unknown","height_tag":null,"levels_tag":null,"building":"apartments","source_url":"https://www.openstreetmap.org/way/536975624"},"geometry":{"type":"Polygon","coordinates":[[[121.2322558,31.0298505],[121.2322545,31.0297521],[121.2317723,31.0297312],[121.2317735,31.02984],[121.2322558,31.0298505]]]}},{"type":"Feature","id":536975625,"properties":{"osm_id":536975625,"name":"","height_m":0,"height_basis":"unknown","height_tag":null,"levels_tag":null,"building":"apartments","source_url":"https://www.openstreetmap.org/way/536975625"},"geometry":{"type":"Polygon","coordinates":[[[121.2316209,31.0298421],[121.2316221,31.0297343],[121.2313731,31.0297291],[121.2313682,31.0298411],[121.2316209,31.0298421]]]}},{"type":"Feature","id":536975626,"properties":{"osm_id":536975626,"name":"","height_m":0,"height_basis":"unknown","height_tag":null,"levels_tag":null,"building":"apartments","source_url":"https://www.openstreetmap.org/way/536975626"},"geometry":{"type":"Polygon","coordinates":[[[121.2313023,31.0297082],[121.2313035,31.0298285],[121.2309335,31.0298222],[121.230936,31.0296998],[121.2313023,31.0297082]]]}},{"type":"Feature","id":536975628,"properties":{"osm_id":536975628,"name":"","height_m":0,"height_basis":"unknown","height_tag":null,"levels_tag":null,"building":"yes","source_url":"https://www.openstreetmap.org/way/536975628"},"geometry":{"type":"Polygon","coordinates":[[[121.2335143,31.0290719],[121.2335135,31.0288549],[121.2334301,31.0288592],[121.2333002,31.0287464],[121.2332977,31.0286807],[121.2330428,31.0286857],[121.2330461,31.0287749],[121.2331194,31.0287764],[121.2331227,31.0288121],[121.2331286,31.0288527],[121.2331369,31.028897],[121.2331602,31.0289391],[121.2332002,31.0289777],[121.2332427,31.0289962],[121.2333193,31.0290219],[121.2333585,31.0290216],[121.2333993,31.0290141],[121.2334035,31.0290776],[121.2335143,31.0290719]]]}},{"type":"Feature","id":536975631,"properties":{"osm_id":536975631,"name":"","height_m":0,"height_basis":"unknown","height_tag":null,"levels_tag":null,"building":"yes","source_url":"https://www.openstreetmap.org/way/536975631"},"geometry":{"type":"Polygon","coordinates":[[[121.2310143,31.0289432],[121.2315843,31.0289464],[121.2315856,31.0287899],[121.2315294,31.0287896],[121.23153,31.0287183],[121.2310709,31.0287156],[121.2310703,31.0287912],[121.2310154,31.0287909],[121.2310143,31.0289432]]]}},{"type":"Feature","id":536975633,"properties":{"osm_id":536975633,"name":"","height_m":0,"height_basis":"unknown","height_tag":null,"levels_tag":null,"building":"apartments","source_url":"https://www.openstreetmap.org/way/536975633"},"geometry":{"type":"Polygon","coordinates":[[[121.2330108,31.0296013],[121.2336212,31.0296406],[121.233633,31.0295202],[121.2330241,31.0294734],[121.2330108,31.0296013]]]}},{"type":"Feature","id":536975635,"properties":{"osm_id":536975635,"name":"","height_m":0,"height_basis":"unknown","height_tag":null,"levels_tag":null,"building":"apartments","source_url":"https://www.openstreetmap.org/way/536975635"},"geometry":{"type":"Polygon","coordinates":[[[121.2330182,31.0292543],[121.2336168,31.0293949],[121.2336655,31.029291],[121.2330596,31.0291352],[121.2330182,31.0292543]]]}},{"type":"Feature","id":536975637,"properties":{"osm_id":536975637,"name":"","height_m":0,"height_basis":"unknown","height_tag":null,"levels_tag":null,"building":"apartments","source_url":"https://www.openstreetmap.org/way/536975637"},"geometry":{"type":"Polygon","coordinates":[[[121.2337719,31.0294607],[121.2344444,31.0296203],[121.2344932,31.0295278],[121.2337985,31.029367],[121.2337719,31.0294607]]]}},{"type":"Feature","id":536975638,"properties":{"osm_id":536975638,"name":"","height_m":0,"height_basis":"unknown","height_tag":null,"levels_tag":null,"building":"apartments","source_url":"https://www.openstreetmap.org/way/536975638"},"geometry":{"type":"Polygon","coordinates":[[[121.234576,31.0296165],[121.2352544,31.0297393],[121.2352854,31.0296342],[121.2346026,31.0295076],[121.234576,31.0296165]]]}},{"type":"Feature","id":536975639,"properties":{"osm_id":536975639,"name":"","height_m":0,"height_basis":"unknown","height_tag":null,"levels_tag":null,"building":"apartments","source_url":"https://www.openstreetmap.org/way/536975639"},"geometry":{"type":"Polygon","coordinates":[[[121.2349307,31.0291973],[121.2349351,31.0290871],[121.234202,31.0290934],[121.2342079,31.0292074],[121.2349307,31.0291973]]]}},{"type":"Feature","id":536975640,"properties":{"osm_id":536975640,"name":"","height_m":0,"height_basis":"unknown","height_tag":null,"levels_tag":null,"building":"apartments","source_url":"https://www.openstreetmap.org/way/536975640"},"geometry":{"type":"Polygon","coordinates":[[[121.2336655,31.0290694],[121.2336729,31.0291783],[121.234106,31.0291656],[121.234103,31.029063],[121.2336655,31.0290694]]]}},{"type":"Feature","id":536975641,"properties":{"osm_id":536975641,"name":"","height_m":0,"height_basis":"unknown","height_tag":null,"levels_tag":null,"building":"apartments","source_url":"https://www.openstreetmap.org/way/536975641"},"geometry":{"type":"Polygon","coordinates":[[[121.2349455,31.0288401],[121.234944,31.0287148],[121.2342538,31.0287262],[121.2342597,31.0288553],[121.2349455,31.0288401]]]}},{"type":"Feature","id":536975642,"properties":{"osm_id":536975642,"name":"","height_m":0,"height_basis":"unknown","height_tag":null,"levels_tag":null,"building":"apartments","source_url":"https://www.openstreetmap.org/way/536975642"},"geometry":{"type":"Polygon","coordinates":[[[121.2341474,31.0288503],[121.2341547,31.0287414],[121.2336256,31.0287515],[121.233633,31.0288579],[121.2341474,31.0288503]]]}},{"type":"Feature","id":536975643,"properties":{"osm_id":536975643,"name":"","height_m":0,"height_basis":"unknown","height_tag":null,"levels_tag":null,"building":"apartments","source_url":"https://www.openstreetmap.org/way/536975643"},"geometry":{"type":"Polygon","coordinates":[[[121.2342434,31.0285185],[121.2342479,31.0283905],[121.2348996,31.0283779],[121.2348967,31.0285033],[121.2342434,31.0285185]]]}},{"type":"Feature","id":536975644,"properties":{"osm_id":536975644,"name":"","height_m":0,"height_basis":"unknown","height_tag":null,"levels_tag":null,"building":"apartments","source_url":"https://www.openstreetmap.org/way/536975644"},"geometry":{"type":"Polygon","coordinates":[[[121.2335739,31.0285337],[121.233568,31.0284336],[121.2340927,31.0284247],[121.2340882,31.0285362],[121.2335739,31.0285337]]]}},{"type":"Feature","id":536975645,"properties":{"osm_id":536975645,"name":"","height_m":0,"height_basis":"unknown","height_tag":null,"levels_tag":null,"building":"apartments","source_url":"https://www.openstreetmap.org/way/536975645"},"geometry":{"type":"Polygon","coordinates":[[[121.2348376,31.0281575],[121.2348346,31.0280385],[121.2342878,31.0280499],[121.2342966,31.0281664],[121.2348376,31.0281575]]]}},{"type":"Feature","id":536975646,"properties":{"osm_id":536975646,"name":"","height_m":0,"height_basis":"unknown","height_tag":null,"levels_tag":null,"building":"apartments","source_url":"https://www.openstreetmap.org/way/536975646"},"geometry":{"type":"Polygon","coordinates":[[[121.2347282,31.027808],[121.2347282,31.0277003],[121.234174,31.0277016],[121.234171,31.0278194],[121.2347282,31.027808]]]}},{"type":"Feature","id":536975647,"properties":{"osm_id":536975647,"name":"","height_m":0,"height_basis":"unknown","height_tag":null,"levels_tag":null,"building":"apartments","source_url":"https://www.openstreetmap.org/way/536975647"},"geometry":{"type":"Polygon","coordinates":[[[121.2341666,31.0281018],[121.2335636,31.028098],[121.2335665,31.0282259],[121.2341695,31.0282145],[121.2341666,31.0281018]]]}},{"type":"Feature","id":536975648,"properties":{"osm_id":536975648,"name":"","height_m":0,"height_basis":"unknown","height_tag":null,"levels_tag":null,"building":"apartments","source_url":"https://www.openstreetmap.org/way/536975648"},"geometry":{"type":"Polygon","coordinates":[[[121.2327403,31.0281524],[121.2327403,31.0280347],[121.2333552,31.0280195],[121.2333507,31.0281372],[121.2327403,31.0281524]]]}},{"type":"Feature","id":536975649,"properties":{"osm_id":536975649,"name":"","height_m":0,"height_basis":"unknown","height_tag":null,"levels_tag":null,"building":"apartments","source_url":"https://www.openstreetmap.org/way/536975649"},"geometry":{"type":"Polygon","coordinates":[[[121.2323701,31.0278329],[121.2327864,31.0278462],[121.2327917,31.0277255],[121.2323753,31.0277123],[121.2323701,31.0278329]]]}},{"type":"Feature","id":536975650,"properties":{"osm_id":536975650,"name":"","height_m":0,"height_basis":"unknown","height_tag":null,"levels_tag":null,"building":"apartments","source_url":"https://www.openstreetmap.org/way/536975650"},"geometry":{"type":"Polygon","coordinates":[[[121.2315402,31.0282816],[121.2315461,31.0281664],[121.2309815,31.0281664],[121.2309697,31.0282854],[121.2315402,31.0282816]]]}},{"type":"Feature","id":536975652,"properties":{"osm_id":536975652,"name":"","height_m":0,"height_basis":"unknown","height_tag":null,"levels_tag":null,"building":"apartments","source_url":"https://www.openstreetmap.org/way/536975652"},"geometry":{"type":"Polygon","coordinates":[[[121.2317377,31.0280082],[121.2317378,31.0278822],[121.2323083,31.0278827],[121.2323081,31.0280088],[121.2317377,31.0280082]]]}},{"type":"Feature","id":536975654,"properties":{"osm_id":536975654,"name":"","height_m":0,"height_basis":"unknown","height_tag":null,"levels_tag":null,"building":"apartments","source_url":"https://www.openstreetmap.org/way/536975654"},"geometry":{"type":"Polygon","coordinates":[[[121.2315674,31.0278628],[121.2315674,31.0277301],[121.2309793,31.02773],[121.2309793,31.0278628],[121.2315674,31.0278628]]]}},{"type":"Feature","id":536975656,"properties":{"osm_id":536975656,"name":"","height_m":0,"height_basis":"unknown","height_tag":null,"levels_tag":null,"building":"apartments","source_url":"https://www.openstreetmap.org/way/536975656"},"geometry":{"type":"Polygon","coordinates":[[[121.232287,31.0295248],[121.2327792,31.0295425],[121.2327955,31.0294424],[121.2323062,31.0293892],[121.232287,31.0295248]]]}},{"type":"Feature","id":536975658,"properties":{"osm_id":536975658,"name":"","height_m":0,"height_basis":"unknown","height_tag":null,"levels_tag":null,"building":"apartments","source_url":"https://www.openstreetmap.org/way/536975658"},"geometry":{"type":"Polygon","coordinates":[[[121.2314786,31.0294994],[121.2318584,31.029502],[121.2318599,31.029369],[121.2314845,31.0293652],[121.2314786,31.0294994]]]}},{"type":"Feature","id":536975660,"properties":{"osm_id":536975660,"name":"","height_m":0,"height_basis":"unknown","height_tag":null,"levels_tag":null,"building":"apartments","source_url":"https://www.openstreetmap.org/way/536975660"},"geometry":{"type":"Polygon","coordinates":[[[121.2313707,31.0294766],[121.2313766,31.0293728],[121.2309169,31.0293659],[121.2309152,31.0294815],[121.2313707,31.0294766]]]}},{"type":"Feature","id":536975661,"properties":{"osm_id":536975661,"name":"","height_m":0,"height_basis":"unknown","height_tag":null,"levels_tag":null,"building":"apartments","source_url":"https://www.openstreetmap.org/way/536975661"},"geometry":{"type":"Polygon","coordinates":[[[121.2318116,31.0291481],[121.2318204,31.0290265],[121.2314524,31.0290316],[121.2314362,31.0291494],[121.2318116,31.0291481]]]}},{"type":"Feature","id":536975663,"properties":{"osm_id":536975663,"name":"","height_m":0,"height_basis":"unknown","height_tag":null,"levels_tag":null,"building":"apartments","source_url":"https://www.openstreetmap.org/way/536975663"},"geometry":{"type":"Polygon","coordinates":[[[121.2313485,31.0291378],[121.2313443,31.0290329],[121.2309228,31.0290215],[121.230917,31.0291336],[121.2313485,31.0291378]]]}},{"type":"Feature","id":536975665,"properties":{"osm_id":536975665,"name":"","height_m":0,"height_basis":"unknown","height_tag":null,"levels_tag":null,"building":"apartments","source_url":"https://www.openstreetmap.org/way/536975665"},"geometry":{"type":"Polygon","coordinates":[[[121.2328138,31.0291945],[121.232889,31.0290933],[121.2324112,31.0289522],[121.2323576,31.0290488],[121.2328138,31.0291945]]]}},{"type":"Feature","id":536975667,"properties":{"osm_id":536975667,"name":"","height_m":0,"height_basis":"unknown","height_tag":null,"levels_tag":null,"building":"apartments","source_url":"https://www.openstreetmap.org/way/536975667"},"geometry":{"type":"Polygon","coordinates":[[[121.2317901,31.0288411],[121.232258,31.0290019],[121.2323175,31.0289129],[121.2318446,31.0287461],[121.2317901,31.0288411]]]}},{"type":"Feature","id":536975668,"properties":{"osm_id":536975668,"name":"","height_m":0,"height_basis":"unknown","height_tag":null,"levels_tag":null,"building":"yes","source_url":"https://www.openstreetmap.org/way/536975668"},"geometry":{"type":"Polygon","coordinates":[[[121.2321421,31.0293069],[121.2322701,31.0293476],[121.2323024,31.029281],[121.2321713,31.0292404],[121.2321421,31.0293069]]]}},{"type":"Feature","id":537195919,"properties":{"osm_id":537195919,"name":"","height_m":0,"height_basis":"unknown","height_tag":null,"levels_tag":null,"building":"apartments","source_url":"https://www.openstreetmap.org/way/537195919"},"geometry":{"type":"Polygon","coordinates":[[[121.2334674,31.0279034],[121.2340226,31.0278988],[121.2340172,31.0277792],[121.2334701,31.027793],[121.2334674,31.0279034]]]}},{"type":"Feature","id":537195920,"properties":{"osm_id":537195920,"name":"","height_m":0,"height_basis":"unknown","height_tag":null,"levels_tag":null,"building":"apartments","source_url":"https://www.openstreetmap.org/way/537195920"},"geometry":{"type":"Polygon","coordinates":[[[121.2327679,31.0276715],[121.2333766,31.0276624],[121.2333784,31.0275577],[121.2327679,31.0275653],[121.2327679,31.0276715]]]}},{"type":"Feature","id":537195921,"properties":{"osm_id":537195921,"name":"","height_m":0,"height_basis":"unknown","height_tag":null,"levels_tag":null,"building":"apartments","source_url":"https://www.openstreetmap.org/way/537195921"},"geometry":{"type":"Polygon","coordinates":[[[121.2334899,31.0274804],[121.233497,31.0273667],[121.234042,31.0273576],[121.2340402,31.0274667],[121.2334899,31.0274804]]]}},{"type":"Feature","id":537195922,"properties":{"osm_id":537195922,"name":"","height_m":0,"height_basis":"unknown","height_tag":null,"levels_tag":null,"building":"apartments","source_url":"https://www.openstreetmap.org/way/537195922"},"geometry":{"type":"Polygon","coordinates":[[[121.2341163,31.027353],[121.2344738,31.0273439],[121.2344773,31.0272241],[121.2341075,31.0272302],[121.2341163,31.027353]]]}},{"type":"Feature","id":537195923,"properties":{"osm_id":537195923,"name":"","height_m":0,"height_basis":"unknown","height_tag":null,"levels_tag":null,"building":"yes","source_url":"https://www.openstreetmap.org/way/537195923"},"geometry":{"type":"Polygon","coordinates":[[[121.2345896,31.0275343],[121.2345604,31.0274691],[121.2344365,31.0275108],[121.2344666,31.027576],[121.2345896,31.0275343]]]}},{"type":"Feature","id":537195924,"properties":{"osm_id":537195924,"name":"","height_m":0,"height_basis":"unknown","height_tag":null,"levels_tag":null,"building":"yes","source_url":"https://www.openstreetmap.org/way/537195924"},"geometry":{"type":"Polygon","coordinates":[[[121.2318284,31.0275187],[121.2318284,31.0274026],[121.2314559,31.0273966],[121.2314594,31.0275187],[121.2318284,31.0275187]]]}},{"type":"Feature","id":537195925,"properties":{"osm_id":537195925,"name":"","height_m":0,"height_basis":"unknown","height_tag":null,"levels_tag":null,"building":"yes","source_url":"https://www.openstreetmap.org/way/537195925"},"geometry":{"type":"Polygon","coordinates":[[[121.2313505,31.0275491],[121.2313558,31.0274262],[121.2309842,31.0274202],[121.2309842,31.0275475],[121.2313505,31.0275491]]]}},{"type":"Feature","id":537195926,"properties":{"osm_id":537195926,"name":"","height_m":0,"height_basis":"unknown","height_tag":null,"levels_tag":null,"building":"house","source_url":"https://www.openstreetmap.org/way/537195926"},"geometry":{"type":"Polygon","coordinates":[[[121.2309128,31.0273503],[121.2309093,31.0272359],[121.2310544,31.0272343],[121.2310482,31.0273473],[121.2309128,31.0273503]]]}},{"type":"Feature","id":537195927,"properties":{"osm_id":537195927,"name":"","height_m":0,"height_basis":"unknown","height_tag":null,"levels_tag":null,"building":"house","source_url":"https://www.openstreetmap.org/way/537195927"},"geometry":{"type":"Polygon","coordinates":[[[121.2311287,31.0273799],[121.2312596,31.0273799],[121.2312623,31.0272783],[121.2311313,31.0272791],[121.2311287,31.0273799]]]}},{"type":"Feature","id":537200692,"properties":{"osm_id":537200692,"name":"","height_m":0,"height_basis":"unknown","height_tag":null,"levels_tag":null,"building":"yes","source_url":"https://www.openstreetmap.org/way/537200692"},"geometry":{"type":"Polygon","coordinates":[[[121.2291943,31.0354605],[121.2291904,31.0357865],[121.2289739,31.0357846],[121.2289736,31.0358093],[121.2288678,31.0358083],[121.2288676,31.0358252],[121.2286811,31.0358236],[121.2286814,31.0357949],[121.2286114,31.0357943],[121.2286136,31.0356192],[121.2286364,31.0356194],[121.2286383,31.0354659],[121.2288285,31.0354676],[121.2288266,31.0356232],[121.2290046,31.0356248],[121.2290067,31.0354589],[121.2291943,31.0354605]]]}},{"type":"Feature","id":537255366,"properties":{"osm_id":537255366,"name":"","height_m":0,"height_basis":"unknown","height_tag":null,"levels_tag":null,"building":"apartments","source_url":"https://www.openstreetmap.org/way/537255366"},"geometry":{"type":"Polygon","coordinates":[[[121.2198476,31.0301282],[121.2189113,31.0301474],[121.2189084,31.0300452],[121.2198447,31.030026],[121.2198476,31.0301282]]]}},{"type":"Feature","id":537255368,"properties":{"osm_id":537255368,"name":"","height_m":0,"height_basis":"unknown","height_tag":null,"levels_tag":null,"building":"apartments","source_url":"https://www.openstreetmap.org/way/537255368"},"geometry":{"type":"Polygon","coordinates":[[[121.2199745,31.0301124],[121.2199735,31.0300121],[121.2208741,31.0300054],[121.2208751,31.0301056],[121.2199745,31.0301124]]]}},{"type":"Feature","id":537255370,"properties":{"osm_id":537255370,"name":"","height_m":0,"height_basis":"unknown","height_tag":null,"levels_tag":null,"building":"apartments","source_url":"https://www.openstreetmap.org/way/537255370"},"geometry":{"type":"Polygon","coordinates":[[[121.2209832,31.0300834],[121.22098,31.0299803],[121.2219425,31.0299587],[121.2219456,31.0300619],[121.2209832,31.0300834]]]}},{"type":"Feature","id":537255374,"properties":{"osm_id":537255374,"name":"","height_m":0,"height_basis":"unknown","height_tag":null,"levels_tag":null,"building":"apartments","source_url":"https://www.openstreetmap.org/way/537255374"},"geometry":{"type":"Polygon","coordinates":[[[121.2220961,31.0299552],[121.2220991,31.030058],[121.2225029,31.0300494],[121.2225,31.0299466],[121.2220961,31.0299552]]]}},{"type":"Feature","id":537255378,"properties":{"osm_id":537255378,"name":"","height_m":0,"height_basis":"unknown","height_tag":null,"levels_tag":null,"building":"yes","source_url":"https://www.openstreetmap.org/way/537255378"},"geometry":{"type":"Polygon","coordinates":[[[121.217948,31.0277581],[121.2180431,31.0277623],[121.2180455,31.0277235],[121.2181887,31.02773],[121.2181906,31.0276996],[121.2182088,31.0277004],[121.2182128,31.0276375],[121.2181943,31.0276367],[121.2181968,31.0275976],[121.2179873,31.0275878],[121.2179863,31.027603],[121.2178362,31.027596],[121.2178357,31.0276035],[121.2178195,31.0276028],[121.2178126,31.0277124],[121.2178484,31.027714],[121.2178479,31.0277212],[121.21795,31.0277258],[121.217948,31.0277581]]]}},{"type":"Feature","id":537255390,"properties":{"osm_id":537255390,"name":"","height_m":0,"height_basis":"unknown","height_tag":null,"levels_tag":null,"building":"apartments","source_url":"https://www.openstreetmap.org/way/537255390"},"geometry":{"type":"Polygon","coordinates":[[[121.2199544,31.0297936],[121.2199533,31.0296933],[121.2208539,31.0296866],[121.2208549,31.0297868],[121.2199544,31.0297936]]]}},{"type":"Feature","id":537255392,"properties":{"osm_id":537255392,"name":"","height_m":0,"height_basis":"unknown","height_tag":null,"levels_tag":null,"building":"apartments","source_url":"https://www.openstreetmap.org/way/537255392"},"geometry":{"type":"Polygon","coordinates":[[[121.2199356,31.0294925],[121.2199346,31.0293922],[121.2208351,31.0293855],[121.2208361,31.0294857],[121.2199356,31.0294925]]]}},{"type":"Feature","id":537255393,"properties":{"osm_id":537255393,"name":"","height_m":0,"height_basis":"unknown","height_tag":null,"levels_tag":null,"building":"apartments","source_url":"https://www.openstreetmap.org/way/537255393"},"geometry":{"type":"Polygon","coordinates":[[[121.2209816,31.0297729],[121.2209806,31.0296726],[121.2218812,31.0296659],[121.2218822,31.0297662],[121.2209816,31.0297729]]]}},{"type":"Feature","id":537255394,"properties":{"osm_id":537255394,"name":"","height_m":0,"height_basis":"unknown","height_tag":null,"levels_tag":null,"building":"apartments","source_url":"https://www.openstreetmap.org/way/537255394"},"geometry":{"type":"Polygon","coordinates":[[[121.2209763,31.0294603],[121.2209753,31.0293601],[121.2218758,31.0293534],[121.2218768,31.0294536],[121.2209763,31.0294603]]]}},{"type":"Feature","id":537255395,"properties":{"osm_id":537255395,"name":"","height_m":0,"height_basis":"unknown","height_tag":null,"levels_tag":null,"building":"apartments","source_url":"https://www.openstreetmap.org/way/537255395"},"geometry":{"type":"Polygon","coordinates":[[[121.2220729,31.0296493],[121.2220759,31.0297521],[121.2224797,31.0297435],[121.2224768,31.0296407],[121.2220729,31.0296493]]]}},{"type":"Feature","id":537255396,"properties":{"osm_id":537255396,"name":"","height_m":0,"height_basis":"unknown","height_tag":null,"levels_tag":null,"building":"apartments","source_url":"https://www.openstreetmap.org/way/537255396"},"geometry":{"type":"Polygon","coordinates":[[[121.2220702,31.0293367],[121.2220732,31.0294395],[121.2224771,31.0294309],[121.2224741,31.0293281],[121.2220702,31.0293367]]]}},{"type":"Feature","id":537255397,"properties":{"osm_id":537255397,"name":"","height_m":0,"height_basis":"unknown","height_tag":null,"levels_tag":null,"building":"apartments","source_url":"https://www.openstreetmap.org/way/537255397"},"geometry":{"type":"Polygon","coordinates":[[[121.2215123,31.0290448],[121.2215153,31.0291476],[121.2219192,31.029139],[121.2219162,31.0290363],[121.2215123,31.0290448]]]}},{"type":"Feature","id":537255398,"properties":{"osm_id":537255398,"name":"","height_m":0,"height_basis":"unknown","height_tag":null,"levels_tag":null,"building":"apartments","source_url":"https://www.openstreetmap.org/way/537255398"},"geometry":{"type":"Polygon","coordinates":[[[121.2220484,31.0291214],[121.2220475,31.0290157],[121.2225991,31.029012],[121.2226001,31.0291177],[121.2220484,31.0291214]]]}},{"type":"Feature","id":537255399,"properties":{"osm_id":537255399,"name":"","height_m":0,"height_basis":"unknown","height_tag":null,"levels_tag":null,"building":"apartments","source_url":"https://www.openstreetmap.org/way/537255399"},"geometry":{"type":"Polygon","coordinates":[[[121.2220688,31.0288045],[121.2220679,31.0286987],[121.2226195,31.028695],[121.2226205,31.0288007],[121.2220688,31.0288045]]]}},{"type":"Feature","id":537255400,"properties":{"osm_id":537255400,"name":"","height_m":0,"height_basis":"unknown","height_tag":null,"levels_tag":null,"building":"apartments","source_url":"https://www.openstreetmap.org/way/537255400"},"geometry":{"type":"Polygon","coordinates":[[[121.2213309,31.0288348],[121.2213299,31.0287291],[121.2218816,31.0287253],[121.2218826,31.0288311],[121.2213309,31.0288348]]]}},{"type":"Feature","id":537255401,"properties":{"osm_id":537255401,"name":"","height_m":0,"height_basis":"unknown","height_tag":null,"levels_tag":null,"building":"apartments","source_url":"https://www.openstreetmap.org/way/537255401"},"geometry":{"type":"Polygon","coordinates":[[[121.2209791,31.0285136],[121.2209781,31.0284134],[121.2218786,31.0284067],[121.2218797,31.0285069],[121.2209791,31.0285136]]]}},{"type":"Feature","id":537255402,"properties":{"osm_id":537255402,"name":"","height_m":0,"height_basis":"unknown","height_tag":null,"levels_tag":null,"building":"apartments","source_url":"https://www.openstreetmap.org/way/537255402"},"geometry":{"type":"Polygon","coordinates":[[[121.2209236,31.0282232],[121.2209226,31.028123],[121.2218232,31.0281163],[121.2218242,31.0282165],[121.2209236,31.0282232]]]}},{"type":"Feature","id":537255403,"properties":{"osm_id":537255403,"name":"","height_m":0,"height_basis":"unknown","height_tag":null,"levels_tag":null,"building":"apartments","source_url":"https://www.openstreetmap.org/way/537255403"},"geometry":{"type":"Polygon","coordinates":[[[121.2199007,31.0279143],[121.2198997,31.0278141],[121.2208003,31.0278074],[121.2208013,31.0279076],[121.2199007,31.0279143]]]}},{"type":"Feature","id":537255404,"properties":{"osm_id":537255404,"name":"","height_m":0,"height_basis":"unknown","height_tag":null,"levels_tag":null,"building":"apartments","source_url":"https://www.openstreetmap.org/way/537255404"},"geometry":{"type":"Polygon","coordinates":[[[121.2199038,31.0282232],[121.2199028,31.028123],[121.2208034,31.0281163],[121.2208044,31.0282165],[121.2199038,31.0282232]]]}},{"type":"Feature","id":537255405,"properties":{"osm_id":537255405,"name":"","height_m":0,"height_basis":"unknown","height_tag":null,"levels_tag":null,"building":"apartments","source_url":"https://www.openstreetmap.org/way/537255405"},"geometry":{"type":"Polygon","coordinates":[[[121.2198822,31.0285453],[121.2198812,31.0284451],[121.2207818,31.0284384],[121.2207828,31.0285386],[121.2198822,31.0285453]]]}},{"type":"Feature","id":537255406,"properties":{"osm_id":537255406,"name":"","height_m":0,"height_basis":"unknown","height_tag":null,"levels_tag":null,"building":"apartments","source_url":"https://www.openstreetmap.org/way/537255406"},"geometry":{"type":"Polygon","coordinates":[[[121.2198715,31.0275935],[121.2198704,31.0274933],[121.220771,31.0274866],[121.220772,31.0275868],[121.2198715,31.0275935]]]}},{"type":"Feature","id":537255407,"properties":{"osm_id":537255407,"name":"","height_m":0,"height_basis":"unknown","height_tag":null,"levels_tag":null,"building":"apartments","source_url":"https://www.openstreetmap.org/way/537255407"},"geometry":{"type":"Polygon","coordinates":[[[121.2209109,31.0277851],[121.2209103,31.0278831],[121.2216847,31.0278871],[121.2216854,31.0277891],[121.2209109,31.0277851]]]}},{"type":"Feature","id":537255408,"properties":{"osm_id":537255408,"name":"","height_m":0,"height_basis":"unknown","height_tag":null,"levels_tag":null,"building":"apartments","source_url":"https://www.openstreetmap.org/way/537255408"},"geometry":{"type":"Polygon","coordinates":[[[121.2209067,31.0274573],[121.220906,31.0275553],[121.2216804,31.0275593],[121.2216811,31.0274613],[121.2209067,31.0274573]]]}},{"type":"Feature","id":537255409,"properties":{"osm_id":537255409,"name":"","height_m":0,"height_basis":"unknown","height_tag":null,"levels_tag":null,"building":"apartments","source_url":"https://www.openstreetmap.org/way/537255409"},"geometry":{"type":"Polygon","coordinates":[[[121.2190445,31.0294002],[121.2190438,31.0294982],[121.2198182,31.0295022],[121.2198189,31.0294043],[121.2190445,31.0294002]]]}},{"type":"Feature","id":537255410,"properties":{"osm_id":537255410,"name":"","height_m":0,"height_basis":"unknown","height_tag":null,"levels_tag":null,"building":"apartments","source_url":"https://www.openstreetmap.org/way/537255410"},"geometry":{"type":"Polygon","coordinates":[[[121.2189954,31.0297142],[121.218994,31.0298123],[121.2198393,31.0298214],[121.2198408,31.0297234],[121.2189954,31.0297142]]]}},{"type":"Feature","id":537255411,"properties":{"osm_id":537255411,"name":"","height_m":0,"height_basis":"unknown","height_tag":null,"levels_tag":null,"building":"apartments","source_url":"https://www.openstreetmap.org/way/537255411"},"geometry":{"type":"Polygon","coordinates":[[[121.2198215,31.0290872],[121.2198229,31.0291899],[121.2191806,31.0291962],[121.2191793,31.0290934],[121.2198215,31.0290872]]]}},{"type":"Feature","id":537255412,"properties":{"osm_id":537255412,"name":"","height_m":0,"height_basis":"unknown","height_tag":null,"levels_tag":null,"building":"apartments","source_url":"https://www.openstreetmap.org/way/537255412"},"geometry":{"type":"Polygon","coordinates":[[[121.2198131,31.0287801],[121.2198145,31.0288829],[121.2191722,31.0288892],[121.2191708,31.0287864],[121.2198131,31.0287801]]]}},{"type":"Feature","id":537255413,"properties":{"osm_id":537255413,"name":"","height_m":0,"height_basis":"unknown","height_tag":null,"levels_tag":null,"building":"apartments","source_url":"https://www.openstreetmap.org/way/537255413"},"geometry":{"type":"Polygon","coordinates":[[[121.2198225,31.028464],[121.2198212,31.0285634],[121.2192004,31.0285731],[121.219199,31.0284703],[121.2198225,31.028464]]]}},{"type":"Feature","id":537255414,"properties":{"osm_id":537255414,"name":"","height_m":0,"height_basis":"unknown","height_tag":null,"levels_tag":null,"building":"apartments","source_url":"https://www.openstreetmap.org/way/537255414"},"geometry":{"type":"Polygon","coordinates":[[[121.2198275,31.0281449],[121.2198297,31.0282466],[121.2193275,31.0282543],[121.2193254,31.0281525],[121.2198275,31.0281449]]]}},{"type":"Feature","id":537255415,"properties":{"osm_id":537255415,"name":"","height_m":0,"height_basis":"unknown","height_tag":null,"levels_tag":null,"building":"apartments","source_url":"https://www.openstreetmap.org/way/537255415"},"geometry":{"type":"Polygon","coordinates":[[[121.2198035,31.0278344],[121.2198078,31.0279367],[121.2194493,31.027948],[121.219445,31.0278456],[121.2198035,31.0278344]]]}},{"type":"Feature","id":537255416,"properties":{"osm_id":537255416,"name":"","height_m":0,"height_basis":"unknown","height_tag":null,"levels_tag":null,"building":"apartments","source_url":"https://www.openstreetmap.org/way/537255416"},"geometry":{"type":"Polygon","coordinates":[[[121.2198263,31.0275297],[121.2198272,31.0276263],[121.2195856,31.027628],[121.2195847,31.0275314],[121.2198263,31.0275297]]]}},{"type":"Feature","id":537255417,"properties":{"osm_id":537255417,"name":"","height_m":0,"height_basis":"unknown","height_tag":null,"levels_tag":null,"building":"apartments","source_url":"https://www.openstreetmap.org/way/537255417"},"geometry":{"type":"Polygon","coordinates":[[[121.2205675,31.0287593],[121.2205689,31.0288621],[121.2199266,31.0288684],[121.2199252,31.0287656],[121.2205675,31.0287593]]]}},{"type":"Feature","id":537255418,"properties":{"osm_id":537255418,"name":"","height_m":0,"height_basis":"unknown","height_tag":null,"levels_tag":null,"building":"apartments","source_url":"https://www.openstreetmap.org/way/537255418"},"geometry":{"type":"Polygon","coordinates":[[[121.2203329,31.029065],[121.2203373,31.0291674],[121.2199788,31.0291786],[121.2199744,31.0290763],[121.2203329,31.029065]]]}},{"type":"Feature","id":537255419,"properties":{"osm_id":537255419,"name":"","height_m":0,"height_basis":"unknown","height_tag":null,"levels_tag":null,"building":"house","source_url":"https://www.openstreetmap.org/way/537255419"},"geometry":{"type":"Polygon","coordinates":[[[121.2322798,31.0270497],[121.2322949,31.0270496],[121.2322952,31.0270735],[121.2323752,31.0270729],[121.2324219,31.0270479],[121.232421,31.0269532],[121.2323019,31.026954],[121.2323023,31.0269947],[121.2322793,31.0269949],[121.2322798,31.0270497]]]}},{"type":"Feature","id":537255420,"properties":{"osm_id":537255420,"name":"","height_m":0,"height_basis":"unknown","height_tag":null,"levels_tag":null,"building":"house","source_url":"https://www.openstreetmap.org/way/537255420"},"geometry":{"type":"Polygon","coordinates":[[[121.2321817,31.027318],[121.2321969,31.0273179],[121.2321971,31.0273418],[121.2322771,31.0273412],[121.2323238,31.0273162],[121.2323229,31.0272215],[121.2322038,31.0272223],[121.2322042,31.027263],[121.2321812,31.0272632],[121.2321817,31.027318]]]}},{"type":"Feature","id":537255421,"properties":{"osm_id":537255421,"name":"","height_m":0,"height_basis":"unknown","height_tag":null,"levels_tag":null,"building":"house","source_url":"https://www.openstreetmap.org/way/537255421"},"geometry":{"type":"Polygon","coordinates":[[[121.231906,31.0274273],[121.2319211,31.0274272],[121.2319214,31.0274511],[121.2320013,31.0274505],[121.232048,31.0274255],[121.2320471,31.0273308],[121.2319281,31.0273316],[121.2319285,31.0273723],[121.2319054,31.0273725],[121.231906,31.0274273]]]}},{"type":"Feature","id":537255422,"properties":{"osm_id":537255422,"name":"","height_m":0,"height_basis":"unknown","height_tag":null,"levels_tag":null,"building":"house","source_url":"https://www.openstreetmap.org/way/537255422"},"geometry":{"type":"Polygon","coordinates":[[[121.2313816,31.0272446],[121.2313968,31.0272445],[121.231397,31.0272684],[121.231477,31.0272678],[121.2315237,31.0272428],[121.2315228,31.027148],[121.2314037,31.0271489],[121.2314041,31.0271896],[121.2313811,31.0271898],[121.2313816,31.0272446]]]}},{"type":"Feature","id":537255423,"properties":{"osm_id":537255423,"name":"","height_m":0,"height_basis":"unknown","height_tag":null,"levels_tag":null,"building":"house","source_url":"https://www.openstreetmap.org/way/537255423"},"geometry":{"type":"Polygon","coordinates":[[[121.2316096,31.0272584],[121.2316247,31.0272583],[121.231625,31.0272822],[121.231705,31.0272816],[121.2317517,31.0272566],[121.2317508,31.0271618],[121.2316317,31.0271627],[121.2316321,31.0272034],[121.2316091,31.0272036],[121.2316096,31.0272584]]]}},{"type":"Feature","id":537255424,"properties":{"osm_id":537255424,"name":"","height_m":0,"height_basis":"unknown","height_tag":null,"levels_tag":null,"building":"house","source_url":"https://www.openstreetmap.org/way/537255424"},"geometry":{"type":"Polygon","coordinates":[[[121.2318201,31.0271538],[121.2318353,31.0271537],[121.2318355,31.0271776],[121.2319155,31.027177],[121.2319622,31.027152],[121.2319613,31.0270573],[121.2318423,31.0270581],[121.2318427,31.0270988],[121.2318196,31.027099],[121.2318201,31.0271538]]]}},{"type":"Feature","id":537255425,"properties":{"osm_id":537255425,"name":"","height_m":0,"height_basis":"unknown","height_tag":null,"levels_tag":null,"building":"house","source_url":"https://www.openstreetmap.org/way/537255425"},"geometry":{"type":"Polygon","coordinates":[[[121.2320682,31.0270895],[121.2320834,31.0270894],[121.2320836,31.0271132],[121.2321636,31.0271127],[121.2322103,31.0270876],[121.2322094,31.0269929],[121.2320904,31.0269937],[121.2320908,31.0270345],[121.2320677,31.0270346],[121.2320682,31.0270895]]]}},{"type":"Feature","id":537255426,"properties":{"osm_id":537255426,"name":"","height_m":0,"height_basis":"unknown","height_tag":null,"levels_tag":null,"building":"house","source_url":"https://www.openstreetmap.org/way/537255426"},"geometry":{"type":"Polygon","coordinates":[[[121.2324585,31.0273032],[121.2324737,31.0273031],[121.2324739,31.027327],[121.2325539,31.0273264],[121.2326006,31.0273014],[121.2325997,31.0272067],[121.2324806,31.0272075],[121.232481,31.0272482],[121.232458,31.0272484],[121.2324585,31.0273032]]]}},{"type":"Feature","id":537255427,"properties":{"osm_id":537255427,"name":"","height_m":0,"height_basis":"unknown","height_tag":null,"levels_tag":null,"building":"house","source_url":"https://www.openstreetmap.org/way/537255427"},"geometry":{"type":"Polygon","coordinates":[[[121.2326704,31.0273032],[121.2326856,31.0273031],[121.2326858,31.027327],[121.2327658,31.0273264],[121.2328125,31.0273014],[121.2328116,31.0272067],[121.2326925,31.0272075],[121.2326929,31.0272482],[121.2326699,31.0272484],[121.2326704,31.0273032]]]}},{"type":"Feature","id":537255428,"properties":{"osm_id":537255428,"name":"","height_m":0,"height_basis":"unknown","height_tag":null,"levels_tag":null,"building":"house","source_url":"https://www.openstreetmap.org/way/537255428"},"geometry":{"type":"Polygon","coordinates":[[[121.2328917,31.0272699],[121.2329068,31.0272698],[121.2329071,31.0272936],[121.2329871,31.0272931],[121.2330338,31.0272681],[121.2330329,31.0271733],[121.2329138,31.0271742],[121.2329142,31.0272149],[121.2328911,31.027215],[121.2328917,31.0272699]]]}},{"type":"Feature","id":537255429,"properties":{"osm_id":537255429,"name":"","height_m":0,"height_basis":"unknown","height_tag":null,"levels_tag":null,"building":"house","source_url":"https://www.openstreetmap.org/way/537255429"},"geometry":{"type":"Polygon","coordinates":[[[121.2330969,31.0272193],[121.233112,31.0272192],[121.2331123,31.0272431],[121.2331922,31.0272425],[121.2332389,31.0272175],[121.233238,31.0271228],[121.233119,31.0271236],[121.2331194,31.0271643],[121.2330963,31.0271645],[121.2330969,31.0272193]]]}},{"type":"Feature","id":537255430,"properties":{"osm_id":537255430,"name":"","height_m":0,"height_basis":"unknown","height_tag":null,"levels_tag":null,"building":"house","source_url":"https://www.openstreetmap.org/way/537255430"},"geometry":{"type":"Polygon","coordinates":[[[121.2333369,31.027163],[121.2333521,31.0271629],[121.2333523,31.0271868],[121.2334323,31.0271862],[121.233479,31.0271612],[121.2334781,31.0270665],[121.2333591,31.0270673],[121.2333595,31.027108],[121.2333364,31.0271082],[121.2333369,31.027163]]]}},{"type":"Feature","id":537255431,"properties":{"osm_id":537255431,"name":"","height_m":0,"height_basis":"unknown","height_tag":null,"levels_tag":null,"building":"house","source_url":"https://www.openstreetmap.org/way/537255431"},"geometry":{"type":"Polygon","coordinates":[[[121.2335461,31.0271274],[121.2335613,31.0271273],[121.2335615,31.0271511],[121.2336415,31.0271506],[121.2336882,31.0271256],[121.2336873,31.0270308],[121.2335683,31.0270317],[121.2335687,31.0270724],[121.2335456,31.0270725],[121.2335461,31.0271274]]]}},{"type":"Feature","id":537255432,"properties":{"osm_id":537255432,"name":"","height_m":0,"height_basis":"unknown","height_tag":null,"levels_tag":null,"building":"house","source_url":"https://www.openstreetmap.org/way/537255432"},"geometry":{"type":"Polygon","coordinates":[[[121.2324907,31.0270274],[121.2325058,31.0270273],[121.2325061,31.0270512],[121.2325861,31.0270506],[121.2326328,31.0270256],[121.2326319,31.0269308],[121.2325128,31.0269317],[121.2325132,31.0269724],[121.2324902,31.0269726],[121.2324907,31.0270274]]]}},{"type":"Feature","id":537255433,"properties":{"osm_id":537255433,"name":"","height_m":0,"height_basis":"unknown","height_tag":null,"levels_tag":null,"building":"house","source_url":"https://www.openstreetmap.org/way/537255433"},"geometry":{"type":"Polygon","coordinates":[[[121.2327509,31.0269803],[121.232766,31.0269802],[121.2327663,31.027004],[121.2328462,31.0270035],[121.2328929,31.0269785],[121.232892,31.0268837],[121.232773,31.0268846],[121.2327734,31.0269253],[121.2327503,31.0269254],[121.2327509,31.0269803]]]}},{"type":"Feature","id":537255434,"properties":{"osm_id":537255434,"name":"","height_m":0,"height_basis":"unknown","height_tag":null,"levels_tag":null,"building":"house","source_url":"https://www.openstreetmap.org/way/537255434"},"geometry":{"type":"Polygon","coordinates":[[[121.2329292,31.0269631],[121.2329444,31.026963],[121.2329446,31.0269868],[121.2330246,31.0269862],[121.2330713,31.0269612],[121.2330704,31.0268665],[121.2329514,31.0268673],[121.2329518,31.026908],[121.2329287,31.0269082],[121.2329292,31.0269631]]]}},{"type":"Feature","id":537255435,"properties":{"osm_id":537255435,"name":"","height_m":0,"height_basis":"unknown","height_tag":null,"levels_tag":null,"building":"house","source_url":"https://www.openstreetmap.org/way/537255435"},"geometry":{"type":"Polygon","coordinates":[[[121.2331465,31.0269022],[121.2331616,31.026902],[121.2331619,31.0269259],[121.2332419,31.0269253],[121.2332886,31.0269003],[121.2332877,31.0268056],[121.2331686,31.0268064],[121.233169,31.0268471],[121.233146,31.0268473],[121.2331465,31.0269022]]]}},{"type":"Feature","id":537255436,"properties":{"osm_id":537255436,"name":"","height_m":0,"height_basis":"unknown","height_tag":null,"levels_tag":null,"building":"house","source_url":"https://www.openstreetmap.org/way/537255436"},"geometry":{"type":"Polygon","coordinates":[[[121.2333544,31.0268734],[121.2333695,31.0268733],[121.2333697,31.0268972],[121.2334497,31.0268966],[121.2334964,31.0268716],[121.2334955,31.0267768],[121.2333765,31.0267777],[121.2333769,31.0268184],[121.2333538,31.0268186],[121.2333544,31.0268734]]]}},{"type":"Feature","id":537255437,"properties":{"osm_id":537255437,"name":"","height_m":0,"height_basis":"unknown","height_tag":null,"levels_tag":null,"building":"house","source_url":"https://www.openstreetmap.org/way/537255437"},"geometry":{"type":"Polygon","coordinates":[[[121.233581,31.0268389],[121.2335962,31.0268388],[121.2335964,31.0268627],[121.2336764,31.0268621],[121.2337231,31.0268371],[121.2337222,31.0267424],[121.2336032,31.0267432],[121.2336035,31.0267839],[121.2335805,31.0267841],[121.233581,31.0268389]]]}},{"type":"Feature","id":537255438,"properties":{"osm_id":537255438,"name":"","height_m":0,"height_basis":"unknown","height_tag":null,"levels_tag":null,"building":"house","source_url":"https://www.openstreetmap.org/way/537255438"},"geometry":{"type":"Polygon","coordinates":[[[121.2337768,31.0268045],[121.233792,31.0268044],[121.2337922,31.0268282],[121.2338722,31.0268276],[121.2339189,31.0268026],[121.233918,31.0267079],[121.233799,31.0267087],[121.2337993,31.0267494],[121.2337763,31.0267496],[121.2337768,31.0268045]]]}},{"type":"Feature","id":537255439,"properties":{"osm_id":537255439,"name":"","height_m":0,"height_basis":"unknown","height_tag":null,"levels_tag":null,"building":"house","source_url":"https://www.openstreetmap.org/way/537255439"},"geometry":{"type":"Polygon","coordinates":[[[121.2339981,31.0267573],[121.2340132,31.0267572],[121.2340135,31.0267811],[121.2340935,31.0267805],[121.2341402,31.0267555],[121.2341393,31.0266608],[121.2340202,31.0266616],[121.2340206,31.0267023],[121.2339976,31.0267025],[121.2339981,31.0267573]]]}},{"type":"Feature","id":537255440,"properties":{"osm_id":537255440,"name":"","height_m":0,"height_basis":"unknown","height_tag":null,"levels_tag":null,"building":"house","source_url":"https://www.openstreetmap.org/way/537255440"},"geometry":{"type":"Polygon","coordinates":[[[121.2342288,31.0267171],[121.2342439,31.026717],[121.2342441,31.0267409],[121.2343241,31.0267403],[121.2343708,31.0267153],[121.2343699,31.0266206],[121.2342509,31.0266214],[121.2342513,31.0266621],[121.2342282,31.0266623],[121.2342288,31.0267171]]]}},{"type":"Feature","id":537255441,"properties":{"osm_id":537255441,"name":"","height_m":0,"height_basis":"unknown","height_tag":null,"levels_tag":null,"building":"house","source_url":"https://www.openstreetmap.org/way/537255441"},"geometry":{"type":"Polygon","coordinates":[[[121.234442,31.0266804],[121.2344572,31.0266802],[121.2344574,31.0267041],[121.2345374,31.0267035],[121.2345841,31.0266785],[121.2345832,31.0265838],[121.2344641,31.0265846],[121.2344645,31.0266253],[121.2344415,31.0266255],[121.234442,31.0266804]]]}},{"type":"Feature","id":537255442,"properties":{"osm_id":537255442,"name":"","height_m":0,"height_basis":"unknown","height_tag":null,"levels_tag":null,"building":"house","source_url":"https://www.openstreetmap.org/way/537255442"},"geometry":{"type":"Polygon","coordinates":[[[121.2346552,31.0266332],[121.2346704,31.0266331],[121.2346706,31.026657],[121.2347506,31.0266564],[121.2347973,31.0266314],[121.2347964,31.0265367],[121.2346774,31.0265375],[121.2346778,31.0265782],[121.2346547,31.0265784],[121.2346552,31.0266332]]]}},{"type":"Feature","id":537255443,"properties":{"osm_id":537255443,"name":"","height_m":0,"height_basis":"unknown","height_tag":null,"levels_tag":null,"building":"house","source_url":"https://www.openstreetmap.org/way/537255443"},"geometry":{"type":"Polygon","coordinates":[[[121.2348604,31.0266125],[121.2348756,31.0266124],[121.2348758,31.0266363],[121.2349558,31.0266357],[121.2350025,31.0266107],[121.2350016,31.026516],[121.2348826,31.0265168],[121.234883,31.0265575],[121.2348599,31.0265577],[121.2348604,31.0266125]]]}},{"type":"Feature","id":537255446,"properties":{"osm_id":537255446,"name":"","height_m":0,"height_basis":"unknown","height_tag":null,"levels_tag":null,"building":"house","source_url":"https://www.openstreetmap.org/way/537255446"},"geometry":{"type":"Polygon","coordinates":[[[121.2348631,31.0268619],[121.2348783,31.0268618],[121.2348785,31.0268857],[121.2349585,31.0268851],[121.2350052,31.0268601],[121.2350043,31.0267654],[121.2348852,31.0267662],[121.2348856,31.0268069],[121.2348626,31.0268071],[121.2348631,31.0268619]]]}},{"type":"Feature","id":537255447,"properties":{"osm_id":537255447,"name":"","height_m":0,"height_basis":"unknown","height_tag":null,"levels_tag":null,"building":"house","source_url":"https://www.openstreetmap.org/way/537255447"},"geometry":{"type":"Polygon","coordinates":[[[121.2346405,31.0268941],[121.2346556,31.026894],[121.2346559,31.0269178],[121.2347359,31.0269173],[121.2347826,31.0268923],[121.2347817,31.0267975],[121.2346626,31.0267984],[121.234663,31.0268391],[121.2346399,31.0268392],[121.2346405,31.0268941]]]}},{"type":"Feature","id":537255448,"properties":{"osm_id":537255448,"name":"","height_m":0,"height_basis":"unknown","height_tag":null,"levels_tag":null,"building":"house","source_url":"https://www.openstreetmap.org/way/537255448"},"geometry":{"type":"Polygon","coordinates":[[[121.2344165,31.02697],[121.2344317,31.0269698],[121.2344319,31.0269937],[121.2345119,31.0269931],[121.2345586,31.0269681],[121.2345577,31.0268734],[121.2344387,31.0268742],[121.234439,31.0269149],[121.234416,31.0269151],[121.2344165,31.02697]]]}},{"type":"Feature","id":537255449,"properties":{"osm_id":537255449,"name":"","height_m":0,"height_basis":"unknown","height_tag":null,"levels_tag":null,"building":"house","source_url":"https://www.openstreetmap.org/way/537255449"},"geometry":{"type":"Polygon","coordinates":[[[121.2342086,31.0270021],[121.2342238,31.027002],[121.234224,31.0270259],[121.234304,31.0270253],[121.2343507,31.0270003],[121.2343498,31.0269056],[121.2342308,31.0269064],[121.2342312,31.0269471],[121.2342081,31.0269473],[121.2342086,31.0270021]]]}},{"type":"Feature","id":537255450,"properties":{"osm_id":537255450,"name":"","height_m":0,"height_basis":"unknown","height_tag":null,"levels_tag":null,"building":"house","source_url":"https://www.openstreetmap.org/way/537255450"},"geometry":{"type":"Polygon","coordinates":[[[121.2339699,31.0270424],[121.2339851,31.0270423],[121.2339853,31.0270661],[121.2340653,31.0270655],[121.234112,31.0270405],[121.2341111,31.0269458],[121.2339921,31.0269466],[121.2339925,31.0269873],[121.2339694,31.0269875],[121.2339699,31.0270424]]]}},{"type":"Feature","id":537255451,"properties":{"osm_id":537255451,"name":"","height_m":0,"height_basis":"unknown","height_tag":null,"levels_tag":null,"building":"house","source_url":"https://www.openstreetmap.org/way/537255451"},"geometry":{"type":"Polygon","coordinates":[[[121.2337728,31.0270745],[121.2337879,31.0270744],[121.2337882,31.0270983],[121.2338682,31.0270977],[121.2339149,31.0270727],[121.233914,31.026978],[121.2337949,31.0269788],[121.2337953,31.0270195],[121.2337723,31.0270197],[121.2337728,31.0270745]]]}},{"type":"Feature","id":537255452,"properties":{"osm_id":537255452,"name":"","height_m":0,"height_basis":"unknown","height_tag":null,"levels_tag":null,"building":"house","source_url":"https://www.openstreetmap.org/way/537255452"},"geometry":{"type":"Polygon","coordinates":[[[121.2318501,31.0277337],[121.2318652,31.0277336],[121.2318655,31.0277575],[121.2319455,31.0277569],[121.2319922,31.0277319],[121.2319913,31.0276372],[121.2318722,31.027638],[121.2318726,31.0276787],[121.2318496,31.0276789],[121.2318501,31.0277337]]]}},{"type":"Feature","id":537255453,"properties":{"osm_id":537255453,"name":"","height_m":0,"height_basis":"unknown","height_tag":null,"levels_tag":null,"building":"house","source_url":"https://www.openstreetmap.org/way/537255453"},"geometry":{"type":"Polygon","coordinates":[[[121.2320856,31.027634],[121.2321008,31.0276339],[121.232101,31.0276577],[121.232181,31.0276572],[121.2322277,31.0276322],[121.2322268,31.0275374],[121.2321078,31.0275383],[121.2321082,31.027579],[121.2320851,31.0275791],[121.2320856,31.027634]]]}},{"type":"Feature","id":537255454,"properties":{"osm_id":537255454,"name":"","height_m":0,"height_basis":"unknown","height_tag":null,"levels_tag":null,"building":"house","source_url":"https://www.openstreetmap.org/way/537255454"},"geometry":{"type":"Polygon","coordinates":[[[121.2323075,31.0275931],[121.2323226,31.027593],[121.2323229,31.0276168],[121.2324029,31.0276163],[121.2324496,31.0275912],[121.2324487,31.0274965],[121.2323296,31.0274973],[121.23233,31.0275381],[121.232307,31.0275382],[121.2323075,31.0275931]]]}},{"type":"Feature","id":537255455,"properties":{"osm_id":537255455,"name":"","height_m":0,"height_basis":"unknown","height_tag":null,"levels_tag":null,"building":"house","source_url":"https://www.openstreetmap.org/way/537255455"},"geometry":{"type":"Polygon","coordinates":[[[121.2325416,31.0275548],[121.2325568,31.0275547],[121.232557,31.0275785],[121.232637,31.027578],[121.2326837,31.027553],[121.2326828,31.0274582],[121.2325638,31.0274591],[121.2325642,31.0274998],[121.2325411,31.0274999],[121.2325416,31.0275548]]]}},{"type":"Feature","id":537260620,"properties":{"osm_id":537260620,"name":"","height_m":0,"height_basis":"unknown","height_tag":null,"levels_tag":null,"building":"house","source_url":"https://www.openstreetmap.org/way/537260620"},"geometry":{"type":"Polygon","coordinates":[[[121.2327908,31.0350969],[121.2328277,31.0351071],[121.2328217,31.0351232],[121.2328812,31.0351397],[121.2328858,31.0351276],[121.2328943,31.03513],[121.2328894,31.0351425],[121.2329451,31.0351583],[121.2329809,31.0350652],[121.2329804,31.035033],[121.23294,31.0350218],[121.2329486,31.034999],[121.2328391,31.0349687],[121.2327908,31.0350969]]]}},{"type":"Feature","id":537260621,"properties":{"osm_id":537260621,"name":"","height_m":0,"height_basis":"unknown","height_tag":null,"levels_tag":null,"building":"house","source_url":"https://www.openstreetmap.org/way/537260621"},"geometry":{"type":"Polygon","coordinates":[[[121.2327022,31.0353413],[121.2327392,31.0353515],[121.2327331,31.0353676],[121.2327926,31.0353841],[121.2327972,31.035372],[121.2328057,31.0353744],[121.2328009,31.0353869],[121.2328566,31.0354027],[121.2328924,31.0353096],[121.2328919,31.0352774],[121.2328515,31.0352662],[121.23286,31.0352434],[121.2327506,31.0352131],[121.2327022,31.0353413]]]}},{"type":"Feature","id":537260622,"properties":{"osm_id":537260622,"name":"","height_m":0,"height_basis":"unknown","height_tag":null,"levels_tag":null,"building":"house","source_url":"https://www.openstreetmap.org/way/537260622"},"geometry":{"type":"Polygon","coordinates":[[[121.2329633,31.0352844],[121.2330002,31.0352947],[121.2329941,31.0353107],[121.2330536,31.0353273],[121.2330582,31.0353151],[121.2330667,31.0353175],[121.2330619,31.0353301],[121.2331176,31.0353458],[121.2331534,31.0352528],[121.2331529,31.0352205],[121.2331125,31.0352093],[121.2331211,31.0351866],[121.2330116,31.0351563],[121.2329633,31.0352844]]]}},{"type":"Feature","id":537260623,"properties":{"osm_id":537260623,"name":"","height_m":0,"height_basis":"unknown","height_tag":null,"levels_tag":null,"building":"house","source_url":"https://www.openstreetmap.org/way/537260623"},"geometry":{"type":"Polygon","coordinates":[[[121.2325067,31.0352708],[121.2325437,31.035281],[121.2325376,31.0352971],[121.2325971,31.0353136],[121.2326017,31.0353015],[121.2326102,31.0353038],[121.2326054,31.0353164],[121.232661,31.0353322],[121.2326968,31.0352391],[121.2326963,31.0352069],[121.2326559,31.0351957],[121.2326645,31.0351729],[121.2325551,31.0351426],[121.2325067,31.0352708]]]}},{"type":"Feature","id":537260624,"properties":{"osm_id":537260624,"name":"","height_m":0,"height_basis":"unknown","height_tag":null,"levels_tag":null,"building":"house","source_url":"https://www.openstreetmap.org/way/537260624"},"geometry":{"type":"Polygon","coordinates":[[[121.2333528,31.0355501],[121.2333917,31.0355512],[121.233391,31.0355681],[121.2334535,31.0355698],[121.233454,31.0355571],[121.233463,31.0355573],[121.2334624,31.0355706],[121.233521,31.0355725],[121.2335253,31.0354746],[121.2335144,31.0354437],[121.2334719,31.0354426],[121.2334728,31.0354187],[121.2333579,31.0354155],[121.2333528,31.0355501]]]}},{"type":"Feature","id":537260625,"properties":{"osm_id":537260625,"name":"","height_m":0,"height_basis":"unknown","height_tag":null,"levels_tag":null,"building":"house","source_url":"https://www.openstreetmap.org/way/537260625"},"geometry":{"type":"Polygon","coordinates":[[[121.2329482,31.0356036],[121.232987,31.0356047],[121.2329864,31.0356215],[121.2330489,31.0356233],[121.2330494,31.0356105],[121.2330583,31.0356108],[121.2330578,31.0356241],[121.2331163,31.035626],[121.2331207,31.035528],[121.2331098,31.0354972],[121.2330673,31.035496],[121.2330682,31.0354721],[121.2329532,31.035469],[121.2329482,31.0356036]]]}},{"type":"Feature","id":537260626,"properties":{"osm_id":537260626,"name":"","height_m":0,"height_basis":"unknown","height_tag":null,"levels_tag":null,"building":"house","source_url":"https://www.openstreetmap.org/way/537260626"},"geometry":{"type":"Polygon","coordinates":[[[121.2333242,31.0357878],[121.2333631,31.0357889],[121.2333624,31.0358058],[121.2334249,31.0358076],[121.2334254,31.0357948],[121.2334344,31.035795],[121.2334338,31.0358083],[121.2334924,31.0358102],[121.2334967,31.0357123],[121.2334858,31.0356814],[121.2334433,31.0356803],[121.2334442,31.0356564],[121.2333293,31.0356532],[121.2333242,31.0357878]]]}},{"type":"Feature","id":537260627,"properties":{"osm_id":537260627,"name":"","height_m":0,"height_basis":"unknown","height_tag":null,"levels_tag":null,"building":"house","source_url":"https://www.openstreetmap.org/way/537260627"},"geometry":{"type":"Polygon","coordinates":[[[121.2335446,31.0358189],[121.2335834,31.03582],[121.2335827,31.0358368],[121.2336452,31.0358386],[121.2336458,31.0358259],[121.2336547,31.0358261],[121.2336541,31.0358394],[121.2337127,31.0358413],[121.233717,31.0357434],[121.2337061,31.0357125],[121.2336637,31.0357114],[121.2336645,31.0356874],[121.2335496,31.0356843],[121.2335446,31.0358189]]]}},{"type":"Feature","id":537260628,"properties":{"osm_id":537260628,"name":"","height_m":0,"height_basis":"unknown","height_tag":null,"levels_tag":null,"building":"house","source_url":"https://www.openstreetmap.org/way/537260628"},"geometry":{"type":"Polygon","coordinates":[[[121.2337728,31.0358227],[121.2338117,31.0358238],[121.233811,31.0358406],[121.2338735,31.0358424],[121.233874,31.0358296],[121.233883,31.0358299],[121.2338824,31.0358432],[121.233941,31.0358451],[121.2339453,31.0357471],[121.2339344,31.0357163],[121.2338919,31.0357151],[121.2338928,31.0356912],[121.2337779,31.0356881],[121.2337728,31.0358227]]]}},{"type":"Feature","id":537260629,"properties":{"osm_id":537260629,"name":"","height_m":0,"height_basis":"unknown","height_tag":null,"levels_tag":null,"building":"house","source_url":"https://www.openstreetmap.org/way/537260629"},"geometry":{"type":"Polygon","coordinates":[[[121.2340356,31.0355695],[121.2340745,31.0355706],[121.2340738,31.0355874],[121.2341363,31.0355892],[121.2341368,31.0355764],[121.2341458,31.0355767],[121.2341452,31.0355899],[121.2342038,31.0355918],[121.2342081,31.0354939],[121.2341972,31.0354631],[121.2341547,31.0354619],[121.2341556,31.035438],[121.2340407,31.0354349],[121.2340356,31.0355695]]]}},{"type":"Feature","id":537260630,"properties":{"osm_id":537260630,"name":"","height_m":0,"height_basis":"unknown","height_tag":null,"levels_tag":null,"building":"house","source_url":"https://www.openstreetmap.org/way/537260630"},"geometry":{"type":"Polygon","coordinates":[[[121.2342391,31.0355733],[121.234278,31.0355744],[121.2342773,31.0355912],[121.2343398,31.035593],[121.2343403,31.0355802],[121.2343493,31.0355805],[121.2343487,31.0355937],[121.2344073,31.0355956],[121.2344116,31.0354977],[121.2344007,31.0354669],[121.2343582,31.0354657],[121.2343591,31.0354418],[121.2342442,31.0354387],[121.2342391,31.0355733]]]}},{"type":"Feature","id":537260631,"properties":{"osm_id":537260631,"name":"","height_m":0,"height_basis":"unknown","height_tag":null,"levels_tag":null,"building":"house","source_url":"https://www.openstreetmap.org/way/537260631"},"geometry":{"type":"Polygon","coordinates":[[[121.2344285,31.0355756],[121.2344673,31.0355766],[121.2344667,31.0355935],[121.2345292,31.0355953],[121.2345297,31.0355825],[121.2345386,31.0355828],[121.234538,31.035596],[121.2345966,31.0355979],[121.2346009,31.0355],[121.23459,31.0354692],[121.2345476,31.035468],[121.2345485,31.0354441],[121.2344335,31.0354409],[121.2344285,31.0355756]]]}},{"type":"Feature","id":537260632,"properties":{"osm_id":537260632,"name":"","height_m":0,"height_basis":"unknown","height_tag":null,"levels_tag":null,"building":"house","source_url":"https://www.openstreetmap.org/way/537260632"},"geometry":{"type":"Polygon","coordinates":[[[121.2344099,31.0353231],[121.2344487,31.0353242],[121.2344481,31.035341],[121.2345106,31.0353428],[121.2345111,31.03533],[121.23452,31.0353303],[121.2345195,31.0353436],[121.234578,31.0353454],[121.2345823,31.0352475],[121.2345714,31.0352167],[121.234529,31.0352155],[121.2345299,31.0351916],[121.2344149,31.0351885],[121.2344099,31.0353231]]]}},{"type":"Feature","id":537260633,"properties":{"osm_id":537260633,"name":"","height_m":0,"height_basis":"unknown","height_tag":null,"levels_tag":null,"building":"house","source_url":"https://www.openstreetmap.org/way/537260633"},"geometry":{"type":"Polygon","coordinates":[[[121.234033,31.0350555],[121.2340718,31.0350566],[121.2340712,31.0350734],[121.2341337,31.0350752],[121.2341342,31.0350624],[121.2341431,31.0350627],[121.2341425,31.0350759],[121.2342011,31.0350778],[121.2342054,31.0349799],[121.2341945,31.0349491],[121.2341521,31.0349479],[121.234153,31.034924],[121.234038,31.0349209],[121.234033,31.0350555]]]}},{"type":"Feature","id":537260634,"properties":{"osm_id":537260634,"name":"","height_m":0,"height_basis":"unknown","height_tag":null,"levels_tag":null,"building":"house","source_url":"https://www.openstreetmap.org/way/537260634"},"geometry":{"type":"Polygon","coordinates":[[[121.2342338,31.0350706],[121.2342726,31.0350717],[121.234272,31.0350886],[121.2343345,31.0350904],[121.234335,31.0350776],[121.2343439,31.0350778],[121.2343434,31.0350911],[121.234402,31.035093],[121.2344063,31.0349951],[121.2343954,31.0349642],[121.2343529,31.0349631],[121.2343538,31.0349392],[121.2342389,31.034936],[121.2342338,31.0350706]]]}},{"type":"Feature","id":537260635,"properties":{"osm_id":537260635,"name":"","height_m":0,"height_basis":"unknown","height_tag":null,"levels_tag":null,"building":"house","source_url":"https://www.openstreetmap.org/way/537260635"},"geometry":{"type":"Polygon","coordinates":[[[121.2344479,31.0350775],[121.2344868,31.0350785],[121.2344861,31.0350954],[121.2345486,31.0350972],[121.2345491,31.0350844],[121.2345581,31.0350847],[121.2345575,31.0350979],[121.2346161,31.0350998],[121.2346204,31.0350019],[121.2346095,31.0349711],[121.234567,31.0349699],[121.2345679,31.034946],[121.234453,31.0349428],[121.2344479,31.0350775]]]}},{"type":"Feature","id":537260636,"properties":{"osm_id":537260636,"name":"","height_m":0,"height_basis":"unknown","height_tag":null,"levels_tag":null,"building":"house","source_url":"https://www.openstreetmap.org/way/537260636"},"geometry":{"type":"Polygon","coordinates":[[[121.2316639,31.0355432],[121.2317028,31.0355443],[121.2317021,31.0355612],[121.2317646,31.035563],[121.2317651,31.0355502],[121.2317741,31.0355504],[121.2317735,31.0355637],[121.2318321,31.0355656],[121.2318364,31.0354677],[121.2318255,31.0354368],[121.231783,31.0354357],[121.2317839,31.0354118],[121.231669,31.0354086],[121.2316639,31.0355432]]]}},{"type":"Feature","id":537260637,"properties":{"osm_id":537260637,"name":"","height_m":0,"height_basis":"unknown","height_tag":null,"levels_tag":null,"building":"house","source_url":"https://www.openstreetmap.org/way/537260637"},"geometry":{"type":"Polygon","coordinates":[[[121.2318461,31.0355643],[121.2318849,31.0355653],[121.2318842,31.0355822],[121.2319467,31.035584],[121.2319473,31.0355712],[121.2319562,31.0355714],[121.2319556,31.0355847],[121.2320142,31.0355866],[121.2320185,31.0354887],[121.2320076,31.0354578],[121.2319652,31.0354567],[121.231966,31.0354328],[121.2318511,31.0354296],[121.2318461,31.0355643]]]}},{"type":"Feature","id":537260638,"properties":{"osm_id":537260638,"name":"","height_m":0,"height_basis":"unknown","height_tag":null,"levels_tag":null,"building":"house","source_url":"https://www.openstreetmap.org/way/537260638"},"geometry":{"type":"Polygon","coordinates":[[[121.2317083,31.0352852],[121.2317471,31.0352862],[121.2317465,31.0353031],[121.231809,31.0353049],[121.2318095,31.0352921],[121.2318184,31.0352923],[121.2318179,31.0353056],[121.2318764,31.0353075],[121.2318807,31.0352096],[121.2318698,31.0351787],[121.2318274,31.0351776],[121.2318283,31.0351537],[121.2317133,31.0351505],[121.2317083,31.0352852]]]}},{"type":"Feature","id":537260639,"properties":{"osm_id":537260639,"name":"","height_m":0,"height_basis":"unknown","height_tag":null,"levels_tag":null,"building":"house","source_url":"https://www.openstreetmap.org/way/537260639"},"geometry":{"type":"Polygon","coordinates":[[[121.2317013,31.0350421],[121.2317401,31.0350431],[121.2317395,31.03506],[121.231802,31.0350618],[121.2318025,31.035049],[121.2318114,31.0350493],[121.2318108,31.0350625],[121.2318694,31.0350644],[121.2318737,31.0349665],[121.2318628,31.0349356],[121.2318204,31.0349345],[121.2318213,31.0349106],[121.2317063,31.0349074],[121.2317013,31.0350421]]]}},{"type":"Feature","id":537260640,"properties":{"osm_id":537260640,"name":"","height_m":0,"height_basis":"unknown","height_tag":null,"levels_tag":null,"building":"house","source_url":"https://www.openstreetmap.org/way/537260640"},"geometry":{"type":"Polygon","coordinates":[[[121.2319149,31.0350531],[121.2319538,31.0350541],[121.2319531,31.035071],[121.2320156,31.0350728],[121.2320161,31.03506],[121.2320251,31.0350603],[121.2320245,31.0350735],[121.2320831,31.0350754],[121.2320874,31.0349775],[121.2320765,31.0349466],[121.232034,31.0349455],[121.2320349,31.0349216],[121.23192,31.0349184],[121.2319149,31.0350531]]]}},{"type":"Feature","id":537260641,"properties":{"osm_id":537260641,"name":"","height_m":0,"height_basis":"unknown","height_tag":null,"levels_tag":null,"building":"house","source_url":"https://www.openstreetmap.org/way/537260641"},"geometry":{"type":"Polygon","coordinates":[[[121.2321134,31.0350611],[121.2321522,31.0350621],[121.2321516,31.035079],[121.2322141,31.0350808],[121.2322146,31.035068],[121.2322235,31.0350683],[121.232223,31.0350815],[121.2322816,31.0350834],[121.2322859,31.0349855],[121.232275,31.0349547],[121.2322325,31.0349535],[121.2322334,31.0349296],[121.2321184,31.0349264],[121.2321134,31.0350611]]]}},{"type":"Feature","id":537260642,"properties":{"osm_id":537260642,"name":"","height_m":0,"height_basis":"unknown","height_tag":null,"levels_tag":null,"building":"house","source_url":"https://www.openstreetmap.org/way/537260642"},"geometry":{"type":"Polygon","coordinates":[[[121.2323077,31.0352084],[121.2323447,31.0352186],[121.2323386,31.0352347],[121.2323981,31.0352512],[121.2324027,31.0352391],[121.2324112,31.0352414],[121.2324064,31.035254],[121.2324621,31.0352698],[121.2324979,31.0351767],[121.2324973,31.0351445],[121.2324569,31.0351333],[121.2324655,31.0351105],[121.2323561,31.0350802],[121.2323077,31.0352084]]]}},{"type":"Feature","id":537260643,"properties":{"osm_id":537260643,"name":"","height_m":0,"height_basis":"unknown","height_tag":null,"levels_tag":null,"building":"house","source_url":"https://www.openstreetmap.org/way/537260643"},"geometry":{"type":"Polygon","coordinates":[[[121.2323883,31.0350003],[121.2324252,31.0350106],[121.2324192,31.0350266],[121.2324786,31.0350431],[121.2324833,31.035031],[121.2324918,31.0350334],[121.2324869,31.035046],[121.2325426,31.0350617],[121.2325784,31.0349686],[121.2325779,31.0349364],[121.2325375,31.0349252],[121.2325461,31.0349024],[121.2324366,31.0348721],[121.2323883,31.0350003]]]}},{"type":"Feature","id":537260644,"properties":{"osm_id":537260644,"name":"","height_m":0,"height_basis":"unknown","height_tag":null,"levels_tag":null,"building":"house","source_url":"https://www.openstreetmap.org/way/537260644"},"geometry":{"type":"Polygon","coordinates":[[[121.2325914,31.0350403],[121.2326284,31.0350506],[121.2326223,31.0350666],[121.2326818,31.0350832],[121.2326864,31.035071],[121.2326949,31.0350734],[121.2326901,31.035086],[121.2327458,31.0351017],[121.2327816,31.0350086],[121.2327811,31.0349764],[121.2327406,31.0349652],[121.2327492,31.0349425],[121.2326398,31.0349121],[121.2325914,31.0350403]]]}},{"type":"Feature","id":537260645,"properties":{"osm_id":537260645,"name":"","height_m":0,"height_basis":"unknown","height_tag":null,"levels_tag":null,"building":"house","source_url":"https://www.openstreetmap.org/way/537260645"},"geometry":{"type":"Polygon","coordinates":[[[121.2325202,31.0355505],[121.2325572,31.0355608],[121.2325511,31.0355768],[121.2326106,31.0355933],[121.2326152,31.0355812],[121.2326237,31.0355836],[121.2326189,31.0355962],[121.2326745,31.0356119],[121.2327103,31.0355188],[121.2327098,31.0354866],[121.2326694,31.0354754],[121.232678,31.0354527],[121.2325686,31.0354223],[121.2325202,31.0355505]]]}},{"type":"Feature","id":537260646,"properties":{"osm_id":537260646,"name":"","height_m":0,"height_basis":"unknown","height_tag":null,"levels_tag":null,"building":"house","source_url":"https://www.openstreetmap.org/way/537260646"},"geometry":{"type":"Polygon","coordinates":[[[121.232689,31.0358314],[121.2327278,31.0358324],[121.2327272,31.0358493],[121.2327897,31.0358511],[121.2327902,31.0358383],[121.2327991,31.0358385],[121.2327985,31.0358518],[121.2328571,31.0358537],[121.2328614,31.0357558],[121.2328505,31.0357249],[121.2328081,31.0357238],[121.232809,31.0356999],[121.232694,31.0356967],[121.232689,31.0358314]]]}},{"type":"Feature","id":537260647,"properties":{"osm_id":537260647,"name":"","height_m":0,"height_basis":"unknown","height_tag":null,"levels_tag":null,"building":"house","source_url":"https://www.openstreetmap.org/way/537260647"},"geometry":{"type":"Polygon","coordinates":[[[121.2329248,31.0358223],[121.2329637,31.0358234],[121.232963,31.0358403],[121.2330255,31.0358421],[121.233026,31.0358293],[121.233035,31.0358295],[121.2330344,31.0358428],[121.233093,31.0358447],[121.2330973,31.0357468],[121.2330864,31.0357159],[121.2330439,31.0357148],[121.2330448,31.0356909],[121.2329299,31.0356877],[121.2329248,31.0358223]]]}},{"type":"Feature","id":537260648,"properties":{"osm_id":537260648,"name":"","height_m":0,"height_basis":"unknown","height_tag":null,"levels_tag":null,"building":"house","source_url":"https://www.openstreetmap.org/way/537260648"},"geometry":{"type":"Polygon","coordinates":[[[121.2324648,31.0358063],[121.2325037,31.0358074],[121.232503,31.0358243],[121.2325655,31.035826],[121.232566,31.0358133],[121.232575,31.0358135],[121.2325744,31.0358268],[121.232633,31.0358287],[121.2326373,31.0357308],[121.2326264,31.0356999],[121.2325839,31.0356988],[121.2325848,31.0356749],[121.2324699,31.0356717],[121.2324648,31.0358063]]]}},{"type":"Feature","id":537260649,"properties":{"osm_id":537260649,"name":"","height_m":0,"height_basis":"unknown","height_tag":null,"levels_tag":null,"building":"house","source_url":"https://www.openstreetmap.org/way/537260649"},"geometry":{"type":"Polygon","coordinates":[[[121.2316896,31.0358314],[121.2317284,31.0358324],[121.2317278,31.0358493],[121.2317903,31.0358511],[121.2317908,31.0358383],[121.2317997,31.0358385],[121.2317992,31.0358518],[121.2318578,31.0358537],[121.2318621,31.0357558],[121.2318512,31.0357249],[121.2318087,31.0357238],[121.2318096,31.0356999],[121.2316946,31.0356967],[121.2316896,31.0358314]]]}},{"type":"Feature","id":537260650,"properties":{"osm_id":537260650,"name":"","height_m":0,"height_basis":"unknown","height_tag":null,"levels_tag":null,"building":"house","source_url":"https://www.openstreetmap.org/way/537260650"},"geometry":{"type":"Polygon","coordinates":[[[121.2320726,31.0355723],[121.2321114,31.0355733],[121.2321107,31.0355902],[121.2321732,31.035592],[121.2321737,31.0355792],[121.2321827,31.0355795],[121.2321821,31.0355927],[121.2322407,31.0355946],[121.232245,31.0354967],[121.2322341,31.0354658],[121.2321917,31.0354647],[121.2321925,31.0354408],[121.2320776,31.0354376],[121.2320726,31.0355723]]]}},{"type":"Feature","id":537260651,"properties":{"osm_id":537260651,"name":"","height_m":0,"height_basis":"unknown","height_tag":null,"levels_tag":null,"building":"house","source_url":"https://www.openstreetmap.org/way/537260651"},"geometry":{"type":"Polygon","coordinates":[[[121.2322839,31.0356873],[121.2323227,31.0356884],[121.2323221,31.0357052],[121.2323846,31.035707],[121.2323851,31.0356942],[121.232394,31.0356945],[121.2323934,31.0357077],[121.232452,31.0357096],[121.2324563,31.0356117],[121.2324454,31.0355809],[121.232403,31.0355797],[121.2324039,31.0355558],[121.2322889,31.0355527],[121.2322839,31.0356873]]]}},{"type":"Feature","id":537260652,"properties":{"osm_id":537260652,"name":"","height_m":0,"height_basis":"unknown","height_tag":null,"levels_tag":null,"building":"house","source_url":"https://www.openstreetmap.org/way/537260652"},"geometry":{"type":"Polygon","coordinates":[[[121.2323236,31.0354462],[121.2323624,31.0354473],[121.2323617,31.0354641],[121.2324242,31.0354659],[121.2324248,31.0354531],[121.2324337,31.0354534],[121.2324331,31.0354667],[121.2324917,31.0354685],[121.232496,31.0353706],[121.2324851,31.0353398],[121.2324427,31.0353386],[121.2324436,31.0353147],[121.2323286,31.0353116],[121.2323236,31.0354462]]]}},{"type":"Feature","id":537260653,"properties":{"osm_id":537260653,"name":"","height_m":0,"height_basis":"unknown","height_tag":null,"levels_tag":null,"building":"house","source_url":"https://www.openstreetmap.org/way/537260653"},"geometry":{"type":"Polygon","coordinates":[[[121.2319518,31.0358185],[121.2320448,31.0358205],[121.2320454,31.0357998],[121.2320892,31.0358007],[121.2320886,31.0358214],[121.2321962,31.0358237],[121.2321998,31.0357009],[121.2319793,31.0356963],[121.2319779,31.035746],[121.2319539,31.0357455],[121.2319518,31.0358185]]]}},{"type":"Feature","id":537260654,"properties":{"osm_id":537260654,"name":"","height_m":0,"height_basis":"unknown","height_tag":null,"levels_tag":null,"building":"house","source_url":"https://www.openstreetmap.org/way/537260654"},"geometry":{"type":"Polygon","coordinates":[[[121.2340513,31.035833],[121.2341443,31.0358349],[121.2341449,31.0358143],[121.2341887,31.0358152],[121.2341881,31.0358359],[121.2342957,31.0358382],[121.2342993,31.0357154],[121.2340789,31.0357107],[121.2340774,31.0357605],[121.2340534,31.03576],[121.2340513,31.035833]]]}},{"type":"Feature","id":537260655,"properties":{"osm_id":537260655,"name":"","height_m":0,"height_basis":"unknown","height_tag":null,"levels_tag":null,"building":"house","source_url":"https://www.openstreetmap.org/way/537260655"},"geometry":{"type":"Polygon","coordinates":[[[121.2319584,31.0352965],[121.2320514,31.0352985],[121.232052,31.0352778],[121.2320958,31.0352787],[121.2320952,31.0352994],[121.2322029,31.0353017],[121.2322064,31.0351789],[121.231986,31.0351743],[121.2319846,31.035224],[121.2319606,31.0352235],[121.2319584,31.0352965]]]}},{"type":"Feature","id":537260656,"properties":{"osm_id":537260656,"name":"","height_m":0,"height_basis":"unknown","height_tag":null,"levels_tag":null,"building":"house","source_url":"https://www.openstreetmap.org/way/537260656"},"geometry":{"type":"Polygon","coordinates":[[[121.2340926,31.0353223],[121.2341856,31.0353242],[121.2341861,31.0353036],[121.23423,31.0353045],[121.2342294,31.0353252],[121.234337,31.0353275],[121.2343405,31.0352047],[121.2341201,31.0352],[121.2341187,31.0352498],[121.2340947,31.0352493],[121.2340926,31.0353223]]]}},{"type":"Feature","id":537260657,"properties":{"osm_id":537260657,"name":"","height_m":0,"height_basis":"unknown","height_tag":null,"levels_tag":null,"building":"house","source_url":"https://www.openstreetmap.org/way/537260657"},"geometry":{"type":"Polygon","coordinates":[[[121.2327372,31.0356186],[121.2327761,31.0356197],[121.2327754,31.0356365],[121.2328379,31.0356383],[121.2328384,31.0356255],[121.2328474,31.0356258],[121.2328468,31.035639],[121.2329054,31.0356409],[121.2329097,31.035543],[121.2328988,31.0355122],[121.2328563,31.035511],[121.2328572,31.0354871],[121.2327423,31.035484],[121.2327372,31.0356186]]]}},{"type":"Feature","id":537260658,"properties":{"osm_id":537260658,"name":"","height_m":0,"height_basis":"unknown","height_tag":null,"levels_tag":null,"building":"house","source_url":"https://www.openstreetmap.org/way/537260658"},"geometry":{"type":"Polygon","coordinates":[[[121.2335828,31.0356175],[121.2337152,31.0356273],[121.2337206,31.0355735],[121.2337383,31.0355636],[121.2337444,31.0355035],[121.2336738,31.0354982],[121.2336748,31.0354886],[121.2336352,31.0354857],[121.2336329,31.0355086],[121.233594,31.0355057],[121.2335828,31.0356175]]]}},{"type":"Feature","id":537260659,"properties":{"osm_id":537260659,"name":"","height_m":0,"height_basis":"unknown","height_tag":null,"levels_tag":null,"building":"house","source_url":"https://www.openstreetmap.org/way/537260659"},"geometry":{"type":"Polygon","coordinates":[[[121.2337884,31.0356134],[121.2339208,31.0356232],[121.2339263,31.0355694],[121.233944,31.0355595],[121.2339501,31.0354994],[121.2338795,31.0354941],[121.2338804,31.0354845],[121.2338409,31.0354816],[121.2338386,31.0355045],[121.2337997,31.0355016],[121.2337884,31.0356134]]]}},{"type":"Feature","id":537260660,"properties":{"osm_id":537260660,"name":"","height_m":0,"height_basis":"unknown","height_tag":null,"levels_tag":null,"building":"house","source_url":"https://www.openstreetmap.org/way/537260660"},"geometry":{"type":"Polygon","coordinates":[[[121.2337884,31.0353646],[121.2339208,31.0353744],[121.2339263,31.0353205],[121.233944,31.0353106],[121.2339501,31.0352505],[121.2338795,31.0352453],[121.2338804,31.0352357],[121.2338409,31.0352327],[121.2338386,31.0352556],[121.2337997,31.0352528],[121.2337884,31.0353646]]]}},{"type":"Feature","id":537260661,"properties":{"osm_id":537260661,"name":"","height_m":0,"height_basis":"unknown","height_tag":null,"levels_tag":null,"building":"house","source_url":"https://www.openstreetmap.org/way/537260661"},"geometry":{"type":"Polygon","coordinates":[[[121.2339143,31.0349839],[121.2337814,31.0349831],[121.2337809,31.0350371],[121.2337642,31.0350482],[121.2337637,31.0351085],[121.2338345,31.035109],[121.2338345,31.0351186],[121.2338741,31.0351189],[121.2338743,31.0350959],[121.2339134,31.0350961],[121.2339143,31.0349839]]]}},{"type":"Feature","id":537260662,"properties":{"osm_id":537260662,"name":"","height_m":0,"height_basis":"unknown","height_tag":null,"levels_tag":null,"building":"house","source_url":"https://www.openstreetmap.org/way/537260662"},"geometry":{"type":"Polygon","coordinates":[[[121.2333179,31.0352514],[121.2333952,31.0352523],[121.2334186,31.0352384],[121.2334171,31.0351818],[121.2334362,31.0351814],[121.2334375,31.0352282],[121.2334822,31.0352273],[121.2334827,31.0352458],[121.2334933,31.0352562],[121.2335116,31.0352632],[121.2335269,31.0352593],[121.2335375,31.0352506],[121.2335695,31.0352519],[121.2335743,31.0351685],[121.2335878,31.0351691],[121.2335904,31.0351234],[121.233567,31.0351056],[121.2335299,31.0351077],[121.2335009,31.0351217],[121.2334928,31.0351374],[121.2334322,31.0351366],[121.2334327,31.0351101],[121.2333203,31.0351087],[121.2333179,31.0352514]]]}},{"type":"Feature","id":537260663,"properties":{"osm_id":537260663,"name":"","height_m":0,"height_basis":"unknown","height_tag":null,"levels_tag":null,"building":"apartments","source_url":"https://www.openstreetmap.org/way/537260663"},"geometry":{"type":"Polygon","coordinates":[[[121.2318144,31.0359622],[121.2318156,31.0360941],[121.2324766,31.0360895],[121.2324753,31.0359575],[121.2318144,31.0359622]]]}},{"type":"Feature","id":537260664,"properties":{"osm_id":537260664,"name":"","height_m":0,"height_basis":"unknown","height_tag":null,"levels_tag":null,"building":"apartments","source_url":"https://www.openstreetmap.org/way/537260664"},"geometry":{"type":"Polygon","coordinates":[[[121.2325985,31.0359601],[121.2325973,31.0360868],[121.2331475,31.0360904],[121.2331486,31.0359637],[121.2325985,31.0359601]]]}},{"type":"Feature","id":537260665,"properties":{"osm_id":537260665,"name":"","height_m":0,"height_basis":"unknown","height_tag":null,"levels_tag":null,"building":"apartments","source_url":"https://www.openstreetmap.org/way/537260665"},"geometry":{"type":"Polygon","coordinates":[[[121.2339367,31.0359449],[121.2339379,31.0360768],[121.2345989,31.0360722],[121.2345976,31.0359402],[121.2339367,31.0359449]]]}},{"type":"Feature","id":537260666,"properties":{"osm_id":537260666,"name":"","height_m":0,"height_basis":"unknown","height_tag":null,"levels_tag":null,"building":"apartments","source_url":"https://www.openstreetmap.org/way/537260666"},"geometry":{"type":"Polygon","coordinates":[[[121.2333144,31.0359633],[121.2333197,31.0360906],[121.2338599,31.0360802],[121.2338587,31.0359483],[121.2333144,31.0359633]]]}},{"type":"Feature","id":537260667,"properties":{"osm_id":537260667,"name":"","height_m":0,"height_basis":"unknown","height_tag":null,"levels_tag":null,"building":"apartments","source_url":"https://www.openstreetmap.org/way/537260667"},"geometry":{"type":"Polygon","coordinates":[[[121.2316445,31.034792],[121.2317114,31.034793],[121.2317117,31.0347796],[121.2317383,31.03478],[121.2317386,31.0347655],[121.2317584,31.0347658],[121.2317578,31.0347977],[121.2318126,31.0347985],[121.2318128,31.0347869],[121.2318442,31.0347873],[121.2318444,31.034773],[121.2318561,31.0347731],[121.2318556,31.034804],[121.2319066,31.0348046],[121.2319067,31.0347969],[121.2319677,31.0347975],[121.2319674,31.0348147],[121.2320119,31.0348151],[121.232012,31.0348016],[121.232034,31.0348018],[121.2320339,31.0348082],[121.2320659,31.0348085],[121.2320658,31.0348225],[121.2321058,31.0348227],[121.2321058,31.0348174],[121.2321699,31.0348178],[121.2321702,31.0347776],[121.2321883,31.0347648],[121.2321897,31.0346642],[121.2321488,31.0346638],[121.232149,31.0346494],[121.2320922,31.0346489],[121.2320921,31.0346572],[121.2320645,31.034657],[121.2320645,31.03465],[121.2320483,31.0346499],[121.2320484,31.0346411],[121.2319943,31.0346409],[121.2319943,31.0346489],[121.2319638,31.0346489],[121.2319638,31.0346366],[121.2319538,31.0346366],[121.2319538,31.0346241],[121.2318876,31.0346241],[121.2318881,31.0346481],[121.2318754,31.0346481],[121.2318756,31.0346319],[121.231863,31.0346317],[121.2318632,31.0346234],[121.2318501,31.0346232],[121.23185,31.0346304],[121.2318399,31.0346303],[121.2318402,31.0346138],[121.2317856,31.034613],[121.2317854,31.0346239],[121.2317736,31.0346237],[121.2317735,31.0346275],[121.2317693,31.0346275],[121.2317698,31.034603],[121.2316888,31.0346017],[121.2316883,31.0346274],[121.2316593,31.0346269],[121.2316583,31.0346761],[121.231647,31.0346759],[121.2316445,31.034792]]]}},{"type":"Feature","id":537260668,"properties":{"osm_id":537260668,"name":"","height_m":0,"height_basis":"unknown","height_tag":null,"levels_tag":null,"building":"apartments","source_url":"https://www.openstreetmap.org/way/537260668"},"geometry":{"type":"Polygon","coordinates":[[[121.2322222,31.0347961],[121.2322891,31.0347971],[121.2322894,31.0347837],[121.232316,31.0347841],[121.2323163,31.0347696],[121.2323361,31.0347699],[121.2323355,31.0348019],[121.2323903,31.0348027],[121.2323905,31.034791],[121.2324219,31.0347914],[121.2324221,31.0347771],[121.2324338,31.0347773],[121.2324333,31.0348081],[121.2324843,31.0348087],[121.2324844,31.034801],[121.2325454,31.0348017],[121.2325451,31.0348188],[121.2325896,31.0348193],[121.2325897,31.0348057],[121.2326117,31.0348059],[121.2326116,31.0348124],[121.2326436,31.0348126],[121.2326435,31.0348266],[121.2326835,31.0348269],[121.2326835,31.0348216],[121.2327476,31.034822],[121.2327479,31.0347817],[121.232766,31.034769],[121.2327674,31.0346683],[121.2327265,31.0346679],[121.2327267,31.0346536],[121.2326698,31.034653],[121.2326697,31.0346614],[121.2326422,31.0346611],[121.2326422,31.0346541],[121.232626,31.034654],[121.2326261,31.0346453],[121.232572,31.034645],[121.232572,31.0346531],[121.2325415,31.034653],[121.2325415,31.0346407],[121.2325315,31.0346407],[121.2325315,31.0346283],[121.2324653,31.0346282],[121.2324658,31.0346522],[121.2324531,31.0346522],[121.2324533,31.034636],[121.2324407,31.0346359],[121.2324409,31.0346276],[121.2324278,31.0346274],[121.2324277,31.0346346],[121.2324176,31.0346344],[121.2324179,31.0346179],[121.2323633,31.0346172],[121.2323631,31.034628],[121.2323513,31.0346278],[121.2323512,31.0346317],[121.232347,31.0346316],[121.2323475,31.0346071],[121.2322665,31.0346059],[121.232266,31.0346315],[121.232237,31.0346311],[121.2322359,31.0346803],[121.2322247,31.0346801],[121.2322222,31.0347961]]]}},{"type":"Feature","id":537260669,"properties":{"osm_id":537260669,"name":"","height_m":0,"height_basis":"unknown","height_tag":null,"levels_tag":null,"building":"apartments","source_url":"https://www.openstreetmap.org/way/537260669"},"geometry":{"type":"Polygon","coordinates":[[[121.2336091,31.0347972],[121.2336759,31.0347983],[121.2336762,31.0347849],[121.2337029,31.0347853],[121.2337032,31.0347708],[121.2337229,31.0347711],[121.2337223,31.034803],[121.2337772,31.0348038],[121.2337774,31.0347921],[121.2338087,31.0347925],[121.233809,31.0347782],[121.2338206,31.0347784],[121.2338201,31.0348093],[121.2338712,31.0348099],[121.2338713,31.0348021],[121.2339322,31.0348028],[121.233932,31.03482],[121.2339764,31.0348204],[121.2339766,31.0348069],[121.2339985,31.0348071],[121.2339984,31.0348135],[121.2340305,31.0348138],[121.2340501,31.0347786],[121.2340566,31.0346625],[121.234029,31.0346623],[121.2340291,31.0346552],[121.2340129,31.0346551],[121.234013,31.0346464],[121.2339588,31.0346462],[121.2339588,31.0346542],[121.2339283,31.0346541],[121.2339283,31.0346419],[121.2339184,31.0346418],[121.2339184,31.0346294],[121.2338522,31.0346293],[121.2338527,31.0346533],[121.2338399,31.0346533],[121.2338402,31.0346372],[121.2338276,31.034637],[121.2338277,31.0346287],[121.2338147,31.0346285],[121.2338146,31.0346357],[121.2338044,31.0346356],[121.2338048,31.034619],[121.2337501,31.0346183],[121.2337499,31.0346291],[121.2337381,31.034629],[121.2337381,31.0346328],[121.2337338,31.0346327],[121.2337343,31.0346082],[121.2336534,31.034607],[121.2336528,31.0346327],[121.2336238,31.0346322],[121.2336228,31.0346814],[121.2336115,31.0346812],[121.2336091,31.0347972]]]}},{"type":"Feature","id":537260670,"properties":{"osm_id":537260670,"name":"","height_m":0,"height_basis":"unknown","height_tag":null,"levels_tag":null,"building":"apartments","source_url":"https://www.openstreetmap.org/way/537260670"},"geometry":{"type":"Polygon","coordinates":[[[121.2340885,31.0347991],[121.2341553,31.0348002],[121.2341556,31.0347868],[121.2341822,31.0347872],[121.2341825,31.0347727],[121.2342023,31.034773],[121.2342017,31.0348049],[121.2342565,31.0348057],[121.2342567,31.034794],[121.2342881,31.0347945],[121.2342883,31.0347802],[121.2343,31.0347803],[121.2342995,31.0348112],[121.2343505,31.0348118],[121.2343507,31.0348041],[121.2344116,31.0348047],[121.2344113,31.0348219],[121.2344558,31.0348223],[121.2344559,31.0348088],[121.2344779,31.034809],[121.2344778,31.0348154],[121.2345098,31.0348157],[121.2345295,31.0347805],[121.234536,31.0346644],[121.2345084,31.0346642],[121.2345084,31.0346571],[121.2344923,31.0346571],[121.2344923,31.0346483],[121.2344382,31.0346481],[121.2344382,31.0346561],[121.2344077,31.034656],[121.2344077,31.0346438],[121.2343977,31.0346438],[121.2343977,31.0346313],[121.2343315,31.0346312],[121.234332,31.0346553],[121.2343193,31.0346553],[121.2343196,31.0346391],[121.2343069,31.0346389],[121.2343071,31.0346306],[121.234294,31.0346304],[121.2342939,31.0346376],[121.2342838,31.0346375],[121.2342841,31.034621],[121.2342295,31.0346202],[121.2342293,31.034631],[121.2342175,31.0346309],[121.2342174,31.0346347],[121.2342132,31.0346346],[121.2342137,31.0346101],[121.2341327,31.0346089],[121.2341322,31.0346346],[121.2341032,31.0346341],[121.2341022,31.0346833],[121.2340909,31.0346831],[121.2340885,31.0347991]]]}},{"type":"Feature","id":537260671,"properties":{"osm_id":537260671,"name":"","height_m":0,"height_basis":"unknown","height_tag":null,"levels_tag":null,"building":"apartments","source_url":"https://www.openstreetmap.org/way/537260671"},"geometry":{"type":"Polygon","coordinates":[[[121.2328174,31.0348013],[121.2328842,31.0348023],[121.2328845,31.0347889],[121.2329111,31.0347893],[121.2329114,31.0347748],[121.2329312,31.0347751],[121.2329306,31.0348071],[121.2329854,31.0348078],[121.2329856,31.0347962],[121.233017,31.0347966],[121.2330172,31.0347823],[121.2330289,31.0347824],[121.2330284,31.0348133],[121.2330794,31.0348139],[121.2330796,31.0348062],[121.2331405,31.0348068],[121.2331402,31.034824],[121.2331847,31.0348245],[121.2331848,31.0348109],[121.2332068,31.0348111],[121.2332067,31.0348176],[121.2332387,31.0348178],[121.2332584,31.0347826],[121.2332649,31.0346665],[121.2332373,31.0346663],[121.2332373,31.0346593],[121.2332212,31.0346592],[121.2332212,31.0346504],[121.2331671,31.0346502],[121.2331671,31.0346582],[121.2331366,31.0346582],[121.2331366,31.0346459],[121.2331266,31.0346459],[121.2331266,31.0346334],[121.2330604,31.0346334],[121.2330609,31.0346574],[121.2330482,31.0346574],[121.2330485,31.0346412],[121.2330358,31.0346411],[121.233036,31.0346327],[121.2330229,31.0346326],[121.2330228,31.0346398],[121.2330127,31.0346396],[121.233013,31.0346231],[121.2329584,31.0346224],[121.2329582,31.0346332],[121.2329464,31.034633],[121.2329463,31.0346368],[121.2329421,31.0346368],[121.2329426,31.0346123],[121.2328616,31.034611],[121.2328611,31.0346367],[121.2328321,31.0346363],[121.2328311,31.0346854],[121.2328198,31.0346853],[121.2328174,31.0348013]]]}},{"type":"Feature","id":537260672,"properties":{"osm_id":537260672,"name":"","height_m":0,"height_basis":"unknown","height_tag":null,"levels_tag":null,"building":"apartments","source_url":"https://www.openstreetmap.org/way/537260672"},"geometry":{"type":"Polygon","coordinates":[[[121.2276016,31.0298172],[121.2278776,31.0298856],[121.2278886,31.0298528],[121.227912,31.0298586],[121.2279362,31.0297866],[121.2276154,31.0297072],[121.2275919,31.0297768],[121.2276134,31.0297822],[121.2276016,31.0298172]]]}},{"type":"Feature","id":537260673,"properties":{"osm_id":537260673,"name":"","height_m":0,"height_basis":"unknown","height_tag":null,"levels_tag":null,"building":"apartments","source_url":"https://www.openstreetmap.org/way/537260673"},"geometry":{"type":"Polygon","coordinates":[[[121.2280804,31.029817],[121.2283564,31.0298853],[121.2283675,31.0298526],[121.2283908,31.0298584],[121.2284151,31.0297864],[121.2280942,31.029707],[121.2280707,31.0297766],[121.2280923,31.029782],[121.2280804,31.029817]]]}},{"type":"Feature","id":537260674,"properties":{"osm_id":537260674,"name":"","height_m":0,"height_basis":"unknown","height_tag":null,"levels_tag":null,"building":"apartments","source_url":"https://www.openstreetmap.org/way/537260674"},"geometry":{"type":"Polygon","coordinates":[[[121.2285567,31.0298143],[121.2288327,31.0298826],[121.2288437,31.0298498],[121.2288671,31.0298556],[121.2288913,31.0297837],[121.2285705,31.0297042],[121.228547,31.0297739],[121.2285685,31.0297792],[121.2285567,31.0298143]]]}},{"type":"Feature","id":537260675,"properties":{"osm_id":537260675,"name":"","height_m":0,"height_basis":"unknown","height_tag":null,"levels_tag":null,"building":"apartments","source_url":"https://www.openstreetmap.org/way/537260675"},"geometry":{"type":"Polygon","coordinates":[[[121.2290753,31.0295281],[121.2292733,31.0295762],[121.2298626,31.0295648],[121.2298599,31.0294638],[121.2293286,31.0294741],[121.2291107,31.0294211],[121.2290753,31.0295281]]]}},{"type":"Feature","id":537260676,"properties":{"osm_id":537260676,"name":"","height_m":0,"height_basis":"unknown","height_tag":null,"levels_tag":null,"building":"apartments","source_url":"https://www.openstreetmap.org/way/537260676"},"geometry":{"type":"Polygon","coordinates":[[[121.2266701,31.0298121],[121.2266688,31.0299375],[121.227444,31.0299435],[121.2274443,31.0299117],[121.2274649,31.0299118],[121.2274654,31.0298596],[121.2274505,31.0298595],[121.2274509,31.0298181],[121.2266701,31.0298121]]]}},{"type":"Feature","id":537260677,"properties":{"osm_id":537260677,"name":"","height_m":0,"height_basis":"unknown","height_tag":null,"levels_tag":null,"building":"apartments","source_url":"https://www.openstreetmap.org/way/537260677"},"geometry":{"type":"Polygon","coordinates":[[[121.2266047,31.0293757],[121.2266034,31.0295011],[121.2273786,31.029507],[121.2273789,31.0294752],[121.2273995,31.0294753],[121.2274,31.0294231],[121.2273851,31.029423],[121.2273856,31.0293816],[121.2266047,31.0293757]]]}},{"type":"Feature","id":537260678,"properties":{"osm_id":537260678,"name":"","height_m":0,"height_basis":"unknown","height_tag":null,"levels_tag":null,"building":"apartments","source_url":"https://www.openstreetmap.org/way/537260678"},"geometry":{"type":"Polygon","coordinates":[[[121.2274346,31.0286895],[121.2274376,31.0288141],[121.2283339,31.0287986],[121.2283331,31.0287659],[121.228353,31.0287655],[121.2283518,31.0287136],[121.2283364,31.0287139],[121.2283354,31.0286739],[121.2274346,31.0286895]]]}},{"type":"Feature","id":537260679,"properties":{"osm_id":537260679,"name":"","height_m":0,"height_basis":"unknown","height_tag":null,"levels_tag":null,"building":"apartments","source_url":"https://www.openstreetmap.org/way/537260679"},"geometry":{"type":"Polygon","coordinates":[[[121.2268947,31.0280508],[121.2268934,31.0281762],[121.2276686,31.0281821],[121.227669,31.0281503],[121.2276895,31.0281505],[121.2276901,31.0280982],[121.2276752,31.0280981],[121.2276756,31.0280568],[121.2268947,31.0280508]]]}},{"type":"Feature","id":537260680,"properties":{"osm_id":537260680,"name":"","height_m":0,"height_basis":"unknown","height_tag":null,"levels_tag":null,"building":"apartments","source_url":"https://www.openstreetmap.org/way/537260680"},"geometry":{"type":"Polygon","coordinates":[[[121.2269747,31.0277289],[121.2269741,31.0278533],[121.227692,31.0278555],[121.2276921,31.0278236],[121.2277126,31.0278236],[121.2277128,31.0277723],[121.2276978,31.0277723],[121.227698,31.0277311],[121.2269747,31.0277289]]]}},{"type":"Feature","id":537260681,"properties":{"osm_id":537260681,"name":"","height_m":0,"height_basis":"unknown","height_tag":null,"levels_tag":null,"building":"house","source_url":"https://www.openstreetmap.org/way/537260681"},"geometry":{"type":"Polygon","coordinates":[[[121.2285224,31.0277974],[121.228569,31.0276951],[121.2285471,31.0276877],[121.2285524,31.027676],[121.2284731,31.0276495],[121.2284757,31.0276438],[121.2284384,31.0276314],[121.2284253,31.0276601],[121.2283945,31.0276733],[121.2283762,31.0276932],[121.2283874,31.0277082],[121.2283739,31.027738],[121.228427,31.0277558],[121.2284232,31.0277643],[121.2285224,31.0277974]]]}},{"type":"Feature","id":537260682,"properties":{"osm_id":537260682,"name":"","height_m":0,"height_basis":"unknown","height_tag":null,"levels_tag":null,"building":"house","source_url":"https://www.openstreetmap.org/way/537260682"},"geometry":{"type":"Polygon","coordinates":[[[121.2282762,31.027754],[121.2283228,31.0276516],[121.2283009,31.0276443],[121.2283062,31.0276325],[121.2282269,31.027606],[121.2282295,31.0276004],[121.2281922,31.0275879],[121.2281791,31.0276166],[121.2281482,31.0276299],[121.22813,31.0276497],[121.2281412,31.0276648],[121.2281277,31.0276945],[121.2281808,31.0277123],[121.2281769,31.0277208],[121.2282762,31.027754]]]}},{"type":"Feature","id":537260683,"properties":{"osm_id":537260683,"name":"","height_m":0,"height_basis":"unknown","height_tag":null,"levels_tag":null,"building":"house","source_url":"https://www.openstreetmap.org/way/537260683"},"geometry":{"type":"Polygon","coordinates":[[[121.2287783,31.0278062],[121.2287823,31.0276963],[121.2287589,31.0276957],[121.2287593,31.0276831],[121.2286742,31.0276808],[121.2286745,31.0276747],[121.2286345,31.0276736],[121.2286333,31.0277044],[121.2286094,31.0277257],[121.2285999,31.0277497],[121.2286163,31.0277607],[121.2286151,31.0277926],[121.2286722,31.0277941],[121.2286718,31.0278033],[121.2287783,31.0278062]]]}},{"type":"Feature","id":537260684,"properties":{"osm_id":537260684,"name":"","height_m":0,"height_basis":"unknown","height_tag":null,"levels_tag":null,"building":"house","source_url":"https://www.openstreetmap.org/way/537260684"},"geometry":{"type":"Polygon","coordinates":[[[121.2290085,31.0278254],[121.2290086,31.0277155],[121.2289852,31.0277155],[121.2289852,31.0277029],[121.2289,31.0277028],[121.2289,31.0276967],[121.22886,31.0276967],[121.22886,31.0277275],[121.2288368,31.0277495],[121.2288282,31.0277736],[121.228845,31.0277842],[121.2288449,31.0278161],[121.228902,31.0278162],[121.228902,31.0278253],[121.2290085,31.0278254]]]}},{"type":"Feature","id":537260685,"properties":{"osm_id":537260685,"name":"","height_m":0,"height_basis":"unknown","height_tag":null,"levels_tag":null,"building":"house","source_url":"https://www.openstreetmap.org/way/537260685"},"geometry":{"type":"Polygon","coordinates":[[[121.2284759,31.0274249],[121.2284761,31.0273151],[121.2284526,31.027315],[121.2284526,31.0273024],[121.2283674,31.0273023],[121.2283674,31.0272963],[121.2283274,31.0272962],[121.2283274,31.0273271],[121.2283042,31.027349],[121.2282956,31.0273732],[121.2283124,31.0273837],[121.2283124,31.0274156],[121.2283694,31.0274157],[121.2283694,31.0274248],[121.2284759,31.0274249]]]}},{"type":"Feature","id":537260686,"properties":{"osm_id":537260686,"name":"","height_m":0,"height_basis":"unknown","height_tag":null,"levels_tag":null,"building":"house","source_url":"https://www.openstreetmap.org/way/537260686"},"geometry":{"type":"Polygon","coordinates":[[[121.2286936,31.0273912],[121.2286938,31.0272814],[121.2286703,31.0272813],[121.2286703,31.0272687],[121.2285851,31.0272686],[121.2285851,31.0272626],[121.2285451,31.0272625],[121.2285451,31.0272934],[121.2285219,31.0273153],[121.2285133,31.0273395],[121.2285301,31.02735],[121.22853,31.0273819],[121.2285871,31.027382],[121.2285871,31.0273911],[121.2286936,31.0273912]]]}},{"type":"Feature","id":537260687,"properties":{"osm_id":537260687,"name":"","height_m":0,"height_basis":"unknown","height_tag":null,"levels_tag":null,"building":"house","source_url":"https://www.openstreetmap.org/way/537260687"},"geometry":{"type":"Polygon","coordinates":[[[121.2289253,31.0273744],[121.2289255,31.0272645],[121.228902,31.0272645],[121.228902,31.0272519],[121.2288169,31.0272518],[121.2288169,31.0272457],[121.2287769,31.0272457],[121.2287768,31.0272765],[121.2287536,31.0272984],[121.228745,31.0273226],[121.2287618,31.0273331],[121.2287618,31.0273651],[121.2288188,31.0273651],[121.2288188,31.0273743],[121.2289253,31.0273744]]]}},{"type":"Feature","id":537260688,"properties":{"osm_id":537260688,"name":"","height_m":0,"height_basis":"unknown","height_tag":null,"levels_tag":null,"building":"house","source_url":"https://www.openstreetmap.org/way/537260688"},"geometry":{"type":"Polygon","coordinates":[[[121.2291079,31.0273587],[121.2291081,31.0272489],[121.2290846,31.0272488],[121.2290846,31.0272362],[121.2289994,31.0272361],[121.2289994,31.0272301],[121.2289594,31.02723],[121.2289594,31.0272609],[121.2289362,31.0272828],[121.2289276,31.027307],[121.2289444,31.0273175],[121.2289444,31.0273494],[121.2290014,31.0273495],[121.2290014,31.0273586],[121.2291079,31.0273587]]]}},{"type":"Feature","id":537260689,"properties":{"osm_id":537260689,"name":"","height_m":0,"height_basis":"unknown","height_tag":null,"levels_tag":null,"building":"house","source_url":"https://www.openstreetmap.org/way/537260689"},"geometry":{"type":"Polygon","coordinates":[[[121.2293691,31.0273684],[121.2293693,31.0272585],[121.2293458,31.0272585],[121.2293458,31.0272458],[121.2292607,31.0272458],[121.2292607,31.0272397],[121.2292207,31.0272397],[121.2292206,31.0272705],[121.2291974,31.0272924],[121.2291888,31.0273166],[121.2292056,31.0273271],[121.2292056,31.027359],[121.2292626,31.0273591],[121.2292626,31.0273683],[121.2293691,31.0273684]]]}},{"type":"Feature","id":537260690,"properties":{"osm_id":537260690,"name":"","height_m":0,"height_basis":"unknown","height_tag":null,"levels_tag":null,"building":"house","source_url":"https://www.openstreetmap.org/way/537260690"},"geometry":{"type":"Polygon","coordinates":[[[121.2292512,31.0277872],[121.2292513,31.0276773],[121.2292278,31.0276773],[121.2292278,31.0276647],[121.2291427,31.0276646],[121.2291427,31.0276585],[121.2291027,31.0276585],[121.2291027,31.0276893],[121.2290795,31.0277112],[121.2290708,31.0277354],[121.2290877,31.0277459],[121.2290876,31.0277779],[121.2291447,31.0277779],[121.2291447,31.0277871],[121.2292512,31.0277872]]]}},{"type":"Feature","id":537260691,"properties":{"osm_id":537260691,"name":"","height_m":0,"height_basis":"unknown","height_tag":null,"levels_tag":null,"building":"house","source_url":"https://www.openstreetmap.org/way/537260691"},"geometry":{"type":"Polygon","coordinates":[[[121.2295335,31.0278113],[121.2295336,31.0277014],[121.2295101,31.0277014],[121.2295101,31.0276887],[121.229425,31.0276887],[121.229425,31.0276826],[121.229385,31.0276826],[121.229385,31.0277134],[121.2293618,31.0277353],[121.2293531,31.0277595],[121.22937,31.02777],[121.2293699,31.0278019],[121.229427,31.027802],[121.229427,31.0278112],[121.2295335,31.0278113]]]}},{"type":"Feature","id":537260692,"properties":{"osm_id":537260692,"name":"","height_m":0,"height_basis":"unknown","height_tag":null,"levels_tag":null,"building":"house","source_url":"https://www.openstreetmap.org/way/537260692"},"geometry":{"type":"Polygon","coordinates":[[[121.2298129,31.0278101],[121.2298131,31.0277002],[121.2297896,31.0277002],[121.2297896,31.0276875],[121.2297045,31.0276875],[121.2297045,31.0276814],[121.2296645,31.0276814],[121.2296645,31.0277122],[121.2296412,31.0277341],[121.2296326,31.0277583],[121.2296494,31.0277688],[121.2296494,31.0278007],[121.2297065,31.0278008],[121.2297064,31.0278099],[121.2298129,31.0278101]]]}},{"type":"Feature","id":537260693,"properties":{"osm_id":537260693,"name":"","height_m":0,"height_basis":"unknown","height_tag":null,"levels_tag":null,"building":"house","source_url":"https://www.openstreetmap.org/way/537260693"},"geometry":{"type":"Polygon","coordinates":[[[121.2300762,31.0277575],[121.2300392,31.0276523],[121.2300167,31.0276581],[121.2300125,31.027646],[121.229931,31.0276671],[121.2299289,31.0276613],[121.2298906,31.0276712],[121.229901,31.0277007],[121.2298862,31.0277274],[121.2298861,31.0277527],[121.2299058,31.0277586],[121.2299165,31.0277892],[121.2299712,31.0277751],[121.2299742,31.0277839],[121.2300762,31.0277575]]]}},{"type":"Feature","id":537260694,"properties":{"osm_id":537260694,"name":"","height_m":0,"height_basis":"unknown","height_tag":null,"levels_tag":null,"building":"house","source_url":"https://www.openstreetmap.org/way/537260694"},"geometry":{"type":"Polygon","coordinates":[[[121.2303256,31.027678],[121.230251,31.0275886],[121.2302319,31.0276003],[121.2302233,31.02759],[121.230154,31.0276325],[121.2301499,31.0276275],[121.2301174,31.0276475],[121.2301383,31.0276725],[121.2301344,31.027702],[121.2301438,31.0277259],[121.2301646,31.0277261],[121.2301863,31.027752],[121.2302327,31.0277236],[121.2302389,31.027731],[121.2303256,31.027678]]]}},{"type":"Feature","id":537263135,"properties":{"osm_id":537263135,"name":"","height_m":0,"height_basis":"unknown","height_tag":null,"levels_tag":null,"building":"house","source_url":"https://www.openstreetmap.org/way/537263135"},"geometry":{"type":"Polygon","coordinates":[[[121.229584,31.0273636],[121.2295842,31.0272537],[121.2295607,31.0272537],[121.2295607,31.027241],[121.2294756,31.027241],[121.2294756,31.0272349],[121.2294355,31.0272349],[121.2294355,31.0272657],[121.2294123,31.0272876],[121.2294037,31.0273118],[121.2294205,31.0273223],[121.2294205,31.0273542],[121.2294775,31.0273543],[121.2294775,31.0273634],[121.229584,31.0273636]]]}},{"type":"Feature","id":537263137,"properties":{"osm_id":537263137,"name":"","height_m":0,"height_basis":"unknown","height_tag":null,"levels_tag":null,"building":"house","source_url":"https://www.openstreetmap.org/way/537263137"},"geometry":{"type":"Polygon","coordinates":[[[121.2298256,31.0273154],[121.2298257,31.0272055],[121.2298023,31.0272055],[121.2298023,31.0271929],[121.2297171,31.0271928],[121.2297171,31.0271867],[121.2296771,31.0271867],[121.2296771,31.0272175],[121.2296539,31.0272395],[121.2296453,31.0272636],[121.2296621,31.0272742],[121.229662,31.0273061],[121.2297191,31.0273062],[121.2297191,31.0273153],[121.2298256,31.0273154]]]}},{"type":"Feature","id":537263139,"properties":{"osm_id":537263139,"name":"","height_m":0,"height_basis":"unknown","height_tag":null,"levels_tag":null,"building":"house","source_url":"https://www.openstreetmap.org/way/537263139"},"geometry":{"type":"Polygon","coordinates":[[[121.2300517,31.0273287],[121.2300519,31.0272188],[121.2300284,31.0272188],[121.2300284,31.0272061],[121.2299432,31.0272061],[121.2299432,31.0272],[121.2299032,31.0272],[121.2299032,31.0272308],[121.22988,31.0272527],[121.2298714,31.0272769],[121.2298882,31.0272874],[121.2298882,31.0273193],[121.2299452,31.0273194],[121.2299452,31.0273285],[121.2300517,31.0273287]]]}},{"type":"Feature","id":537263140,"properties":{"osm_id":537263140,"name":"","height_m":0,"height_basis":"unknown","height_tag":null,"levels_tag":null,"building":"house","source_url":"https://www.openstreetmap.org/way/537263140"},"geometry":{"type":"Polygon","coordinates":[[[121.2302706,31.0273628],[121.2303242,31.0272629],[121.2303029,31.0272545],[121.230309,31.0272431],[121.2302317,31.0272126],[121.2302346,31.0272071],[121.2301983,31.0271927],[121.2301833,31.0272207],[121.2301515,31.0272324],[121.2301319,31.0272513],[121.2301421,31.0272669],[121.2301265,31.0272959],[121.2301783,31.0273163],[121.2301739,31.0273246],[121.2302706,31.0273628]]]}},{"type":"Feature","id":537263141,"properties":{"osm_id":537263141,"name":"","height_m":0,"height_basis":"unknown","height_tag":null,"levels_tag":null,"building":"apartments","source_url":"https://www.openstreetmap.org/way/537263141"},"geometry":{"type":"Polygon","coordinates":[[[121.2269318,31.0275118],[121.2275877,31.0275135],[121.2277987,31.0275685],[121.2278372,31.0274598],[121.2276044,31.0273992],[121.2269322,31.0273975],[121.2269318,31.0275118]]]}},{"type":"Feature","id":537263143,"properties":{"osm_id":537263143,"name":"","height_m":0,"height_basis":"unknown","height_tag":null,"levels_tag":null,"building":"apartments","source_url":"https://www.openstreetmap.org/way/537263143"},"geometry":{"type":"Polygon","coordinates":[[[121.2290397,31.0298815],[121.229808,31.0298955],[121.2298113,31.0297632],[121.2290429,31.0297493],[121.2290397,31.0298815]]]}},{"type":"Feature","id":537266274,"properties":{"osm_id":537266274,"name":"","height_m":0,"height_basis":"unknown","height_tag":null,"levels_tag":null,"building":"apartments","source_url":"https://www.openstreetmap.org/way/537266274"},"geometry":{"type":"Polygon","coordinates":[[[121.2313538,31.0322632],[121.2309888,31.0322603],[121.2309874,31.0323931],[121.2313523,31.0323961],[121.2313538,31.0322632]]]}},{"type":"Feature","id":537266275,"properties":{"osm_id":537266275,"name":"","height_m":0,"height_basis":"unknown","height_tag":null,"levels_tag":null,"building":"apartments","source_url":"https://www.openstreetmap.org/way/537266275"},"geometry":{"type":"Polygon","coordinates":[[[121.2317968,31.0322802],[121.2314318,31.0322772],[121.2314304,31.0324101],[121.2317953,31.032413],[121.2317968,31.0322802]]]}},{"type":"Feature","id":537266276,"properties":{"osm_id":537266276,"name":"","height_m":0,"height_basis":"unknown","height_tag":null,"levels_tag":null,"building":"apartments","source_url":"https://www.openstreetmap.org/way/537266276"},"geometry":{"type":"Polygon","coordinates":[[[121.2322719,31.0322738],[121.2319069,31.0322708],[121.2319055,31.0324037],[121.2322704,31.0324066],[121.2322719,31.0322738]]]}},{"type":"Feature","id":537266964,"properties":{"osm_id":537266964,"name":"","height_m":0,"height_basis":"unknown","height_tag":null,"levels_tag":null,"building":"apartments","source_url":"https://www.openstreetmap.org/way/537266964"},"geometry":{"type":"Polygon","coordinates":[[[121.2348756,31.0238294],[121.2348976,31.0237906],[121.2349106,31.023796],[121.2349385,31.0237468],[121.2343379,31.0234965],[121.234288,31.0235845],[121.2348756,31.0238294]]]}},{"type":"Feature","id":537266965,"properties":{"osm_id":537266965,"name":"","height_m":0,"height_basis":"unknown","height_tag":null,"levels_tag":null,"building":"apartments","source_url":"https://www.openstreetmap.org/way/537266965"},"geometry":{"type":"Polygon","coordinates":[[[121.2350916,31.0235377],[121.2351136,31.0234989],[121.2351266,31.0235043],[121.2351545,31.0234551],[121.234554,31.0232048],[121.234504,31.0232928],[121.2350916,31.0235377]]]}},{"type":"Feature","id":537266966,"properties":{"osm_id":537266966,"name":"","height_m":0,"height_basis":"unknown","height_tag":null,"levels_tag":null,"building":"apartments","source_url":"https://www.openstreetmap.org/way/537266966"},"geometry":{"type":"Polygon","coordinates":[[[121.2352184,31.0232598],[121.2352396,31.0232191],[121.2352523,31.0232239],[121.2352775,31.0231754],[121.2346139,31.0229225],[121.2345676,31.0230118],[121.2352184,31.0232598]]]}},{"type":"Feature","id":537266980,"properties":{"osm_id":537266980,"name":"","height_m":0,"height_basis":"unknown","height_tag":null,"levels_tag":null,"building":"apartments","source_url":"https://www.openstreetmap.org/way/537266980"},"geometry":{"type":"Polygon","coordinates":[[[121.2322677,31.0228324],[121.2324998,31.0228851],[121.2324936,31.0229053],[121.2329563,31.0230103],[121.2329959,31.0228824],[121.2323009,31.0227247],[121.2322677,31.0228324]]]}},{"type":"Feature","id":537266986,"properties":{"osm_id":537266986,"name":"","height_m":0,"height_basis":"unknown","height_tag":null,"levels_tag":null,"building":"apartments","source_url":"https://www.openstreetmap.org/way/537266986"},"geometry":{"type":"Polygon","coordinates":[[[121.2337014,31.0229967],[121.2343948,31.0231536],[121.2344339,31.0230266],[121.2337405,31.0228697],[121.2337014,31.0229967]]]}},{"type":"Feature","id":537266987,"properties":{"osm_id":537266987,"name":"","height_m":0,"height_basis":"unknown","height_tag":null,"levels_tag":null,"building":"apartments","source_url":"https://www.openstreetmap.org/way/537266987"},"geometry":{"type":"Polygon","coordinates":[[[121.2336108,31.0233354],[121.2342884,31.0235367],[121.2343386,31.0234126],[121.233661,31.0232114],[121.2336108,31.0233354]]]}},{"type":"Feature","id":537274433,"properties":{"osm_id":537274433,"name":"","height_m":0,"height_basis":"unknown","height_tag":null,"levels_tag":null,"building":"apartments","source_url":"https://www.openstreetmap.org/way/537274433"},"geometry":{"type":"Polygon","coordinates":[[[121.2206838,31.0261103],[121.2206847,31.0262145],[121.2198288,31.0262198],[121.219828,31.0261155],[121.2206838,31.0261103]]]}},{"type":"Feature","id":537274435,"properties":{"osm_id":537274435,"name":"","height_m":0,"height_basis":"unknown","height_tag":null,"levels_tag":null,"building":"apartments","source_url":"https://www.openstreetmap.org/way/537274435"},"geometry":{"type":"Polygon","coordinates":[[[121.2216014,31.0261136],[121.2216023,31.0262179],[121.2208627,31.0262203],[121.2208735,31.0261174],[121.2216014,31.0261136]]]}},{"type":"Feature","id":537274436,"properties":{"osm_id":537274436,"name":"","height_m":0,"height_basis":"unknown","height_tag":null,"levels_tag":null,"building":"apartments","source_url":"https://www.openstreetmap.org/way/537274436"},"geometry":{"type":"Polygon","coordinates":[[[121.2207294,31.0257763],[121.2207303,31.0258806],[121.2198745,31.0258858],[121.2198736,31.0257815],[121.2207294,31.0257763]]]}},{"type":"Feature","id":537274438,"properties":{"osm_id":537274438,"name":"","height_m":0,"height_basis":"unknown","height_tag":null,"levels_tag":null,"building":"apartments","source_url":"https://www.openstreetmap.org/way/537274438"},"geometry":{"type":"Polygon","coordinates":[[[121.2217509,31.0244725],[121.2217385,31.0245796],[121.2208494,31.0245877],[121.2208486,31.0244834],[121.2217509,31.0244725]]]}},{"type":"Feature","id":537274439,"properties":{"osm_id":537274439,"name":"","height_m":0,"height_basis":"unknown","height_tag":null,"levels_tag":null,"building":"apartments","source_url":"https://www.openstreetmap.org/way/537274439"},"geometry":{"type":"Polygon","coordinates":[[[121.2217841,31.024148],[121.221785,31.0242523],[121.2208461,31.0242575],[121.2208486,31.0241504],[121.2217841,31.024148]]]}},{"type":"Feature","id":537274440,"properties":{"osm_id":537274440,"name":"","height_m":0,"height_basis":"unknown","height_tag":null,"levels_tag":null,"building":"apartments","source_url":"https://www.openstreetmap.org/way/537274440"},"geometry":{"type":"Polygon","coordinates":[[[121.2224718,31.0244583],[121.2224826,31.0245682],[121.2218859,31.0245763],[121.221885,31.024472],[121.2224718,31.0244583]]]}},{"type":"Feature","id":537274441,"properties":{"osm_id":537274441,"name":"","height_m":0,"height_basis":"unknown","height_tag":null,"levels_tag":null,"building":"apartments","source_url":"https://www.openstreetmap.org/way/537274441"},"geometry":{"type":"Polygon","coordinates":[[[121.2224618,31.0241466],[121.2224726,31.0242565],[121.2218759,31.0242646],[121.221875,31.0241603],[121.2224618,31.0241466]]]}},{"type":"Feature","id":537274442,"properties":{"osm_id":537274442,"name":"","height_m":0,"height_basis":"unknown","height_tag":null,"levels_tag":null,"building":"apartments","source_url":"https://www.openstreetmap.org/way/537274442"},"geometry":{"type":"Polygon","coordinates":[[[121.2224902,31.0247626],[121.2224935,31.0248697],[121.2219019,31.0248829],[121.2218987,31.0247757],[121.2224902,31.0247626]]]}},{"type":"Feature","id":537274443,"properties":{"osm_id":537274443,"name":"","height_m":0,"height_basis":"unknown","height_tag":null,"levels_tag":null,"building":"apartments","source_url":"https://www.openstreetmap.org/way/537274443"},"geometry":{"type":"Polygon","coordinates":[[[121.2224473,31.0251119],[121.2224438,31.0252191],[121.2218522,31.0252049],[121.2218557,31.0250977],[121.2224473,31.0251119]]]}},{"type":"Feature","id":537274444,"properties":{"osm_id":537274444,"name":"","height_m":0,"height_basis":"unknown","height_tag":null,"levels_tag":null,"building":"apartments","source_url":"https://www.openstreetmap.org/way/537274444"},"geometry":{"type":"Polygon","coordinates":[[[121.2229391,31.0251353],[121.2229383,31.0252373],[121.2225441,31.0252349],[121.2225449,31.0251329],[121.2229391,31.0251353]]]}},{"type":"Feature","id":537274445,"properties":{"osm_id":537274445,"name":"","height_m":0,"height_basis":"unknown","height_tag":null,"levels_tag":null,"building":"apartments","source_url":"https://www.openstreetmap.org/way/537274445"},"geometry":{"type":"Polygon","coordinates":[[[121.2229831,31.0247972],[121.2229822,31.0248992],[121.222588,31.0248968],[121.2225889,31.0247948],[121.2229831,31.0247972]]]}},{"type":"Feature","id":537274446,"properties":{"osm_id":537274446,"name":"","height_m":0,"height_basis":"unknown","height_tag":null,"levels_tag":null,"building":"apartments","source_url":"https://www.openstreetmap.org/way/537274446"},"geometry":{"type":"Polygon","coordinates":[[[121.2229856,31.0244671],[121.2229847,31.0245691],[121.2225905,31.0245668],[121.2225914,31.0244647],[121.2229856,31.0244671]]]}},{"type":"Feature","id":537274447,"properties":{"osm_id":537274447,"name":"","height_m":0,"height_basis":"unknown","height_tag":null,"levels_tag":null,"building":"apartments","source_url":"https://www.openstreetmap.org/way/537274447"},"geometry":{"type":"Polygon","coordinates":[[[121.2229604,31.0241543],[121.2229596,31.0242563],[121.2225654,31.0242539],[121.2225662,31.0241519],[121.2229604,31.0241543]]]}},{"type":"Feature","id":537274448,"properties":{"osm_id":537274448,"name":"","height_m":0,"height_basis":"unknown","height_tag":null,"levels_tag":null,"building":"apartments","source_url":"https://www.openstreetmap.org/way/537274448"},"geometry":{"type":"Polygon","coordinates":[[[121.2240908,31.0251445],[121.2240899,31.0252465],[121.2236957,31.0252442],[121.2236966,31.0251421],[121.2240908,31.0251445]]]}},{"type":"Feature","id":537274449,"properties":{"osm_id":537274449,"name":"","height_m":0,"height_basis":"unknown","height_tag":null,"levels_tag":null,"building":"apartments","source_url":"https://www.openstreetmap.org/way/537274449"},"geometry":{"type":"Polygon","coordinates":[[[121.2241235,31.0248295],[121.2241227,31.0249315],[121.2237285,31.0249292],[121.2237293,31.0248272],[121.2241235,31.0248295]]]}},{"type":"Feature","id":537274450,"properties":{"osm_id":537274450,"name":"","height_m":0,"height_basis":"unknown","height_tag":null,"levels_tag":null,"building":"apartments","source_url":"https://www.openstreetmap.org/way/537274450"},"geometry":{"type":"Polygon","coordinates":[[[121.224126,31.0245081],[121.2241252,31.0246101],[121.223731,31.0246077],[121.2237318,31.0245057],[121.224126,31.0245081]]]}},{"type":"Feature","id":537274451,"properties":{"osm_id":537274451,"name":"","height_m":0,"height_basis":"unknown","height_tag":null,"levels_tag":null,"building":"apartments","source_url":"https://www.openstreetmap.org/way/537274451"},"geometry":{"type":"Polygon","coordinates":[[[121.2241008,31.0241715],[121.2241,31.0242735],[121.2237058,31.0242712],[121.2237066,31.0241692],[121.2241008,31.0241715]]]}},{"type":"Feature","id":537274452,"properties":{"osm_id":537274452,"name":"","height_m":0,"height_basis":"unknown","height_tag":null,"levels_tag":null,"building":"apartments","source_url":"https://www.openstreetmap.org/way/537274452"},"geometry":{"type":"Polygon","coordinates":[[[121.2246497,31.0241801],[121.2246488,31.0242822],[121.2242546,31.0242798],[121.2242555,31.0241778],[121.2246497,31.0241801]]]}},{"type":"Feature","id":537274453,"properties":{"osm_id":537274453,"name":"","height_m":0,"height_basis":"unknown","height_tag":null,"levels_tag":null,"building":"apartments","source_url":"https://www.openstreetmap.org/way/537274453"},"geometry":{"type":"Polygon","coordinates":[[[121.2246396,31.0244671],[121.2246388,31.0245691],[121.2242446,31.0245668],[121.2242454,31.0244647],[121.2246396,31.0244671]]]}},{"type":"Feature","id":537274454,"properties":{"osm_id":537274454,"name":"","height_m":0,"height_basis":"unknown","height_tag":null,"levels_tag":null,"building":"apartments","source_url":"https://www.openstreetmap.org/way/537274454"},"geometry":{"type":"Polygon","coordinates":[[[121.2246497,31.0248576],[121.2246488,31.0249596],[121.2242546,31.0249572],[121.2242555,31.0248552],[121.2246497,31.0248576]]]}},{"type":"Feature","id":537274455,"properties":{"osm_id":537274455,"name":"","height_m":0,"height_basis":"unknown","height_tag":null,"levels_tag":null,"building":"apartments","source_url":"https://www.openstreetmap.org/way/537274455"},"geometry":{"type":"Polygon","coordinates":[[[121.2246597,31.0251531],[121.2246589,31.0252552],[121.2242647,31.0252528],[121.2242655,31.0251508],[121.2246597,31.0251531]]]}},{"type":"Feature","id":537274456,"properties":{"osm_id":537274456,"name":"","height_m":0,"height_basis":"unknown","height_tag":null,"levels_tag":null,"building":"apartments","source_url":"https://www.openstreetmap.org/way/537274456"},"geometry":{"type":"Polygon","coordinates":[[[121.2252205,31.0254636],[121.2252197,31.0255657],[121.2248255,31.0255633],[121.2248263,31.0254613],[121.2252205,31.0254636]]]}},{"type":"Feature","id":537274457,"properties":{"osm_id":537274457,"name":"","height_m":0,"height_basis":"unknown","height_tag":null,"levels_tag":null,"building":"apartments","source_url":"https://www.openstreetmap.org/way/537274457"},"geometry":{"type":"Polygon","coordinates":[[[121.2251976,31.0257874],[121.2251968,31.0258894],[121.2248026,31.025887],[121.2248034,31.025785],[121.2251976,31.0257874]]]}},{"type":"Feature","id":538339166,"properties":{"osm_id":538339166,"name":"","height_m":0,"height_basis":"unknown","height_tag":null,"levels_tag":null,"building":"apartments","source_url":"https://www.openstreetmap.org/way/538339166"},"geometry":{"type":"Polygon","coordinates":[[[121.2331826,31.0262536],[121.2331892,31.0263429],[121.2326395,31.0263727],[121.232633,31.0262835],[121.2331826,31.0262536]]]}},{"type":"Feature","id":538339167,"properties":{"osm_id":538339167,"name":"","height_m":0,"height_basis":"unknown","height_tag":null,"levels_tag":null,"building":"apartments","source_url":"https://www.openstreetmap.org/way/538339167"},"geometry":{"type":"Polygon","coordinates":[[[121.2338628,31.0262073],[121.2338694,31.0262966],[121.2333197,31.0263264],[121.2333131,31.0262372],[121.2338628,31.0262073]]]}},{"type":"Feature","id":538339168,"properties":{"osm_id":538339168,"name":"","height_m":0,"height_basis":"unknown","height_tag":null,"levels_tag":null,"building":"apartments","source_url":"https://www.openstreetmap.org/way/538339168"},"geometry":{"type":"Polygon","coordinates":[[[121.2344928,31.0261671],[121.2344994,31.0262563],[121.2339498,31.0262862],[121.2339432,31.0261969],[121.2344928,31.0261671]]]}},{"type":"Feature","id":538339169,"properties":{"osm_id":538339169,"name":"","height_m":0,"height_basis":"unknown","height_tag":null,"levels_tag":null,"building":"apartments","source_url":"https://www.openstreetmap.org/way/538339169"},"geometry":{"type":"Polygon","coordinates":[[[121.2344636,31.0258898],[121.2344702,31.0259791],[121.2339205,31.0260089],[121.2339139,31.0259197],[121.2344636,31.0258898]]]}},{"type":"Feature","id":538339170,"properties":{"osm_id":538339170,"name":"","height_m":0,"height_basis":"unknown","height_tag":null,"levels_tag":null,"building":"apartments","source_url":"https://www.openstreetmap.org/way/538339170"},"geometry":{"type":"Polygon","coordinates":[[[121.2350721,31.0258436],[121.2350787,31.0259329],[121.234529,31.0259627],[121.2345224,31.0258735],[121.2350721,31.0258436]]]}},{"type":"Feature","id":538339171,"properties":{"osm_id":538339171,"name":"","height_m":0,"height_basis":"unknown","height_tag":null,"levels_tag":null,"building":"apartments","source_url":"https://www.openstreetmap.org/way/538339171"},"geometry":{"type":"Polygon","coordinates":[[[121.2331541,31.025969],[121.2331607,31.0260583],[121.2326111,31.0260882],[121.2326045,31.0259989],[121.2331541,31.025969]]]}},{"type":"Feature","id":538339172,"properties":{"osm_id":538339172,"name":"","height_m":0,"height_basis":"unknown","height_tag":null,"levels_tag":null,"building":"apartments","source_url":"https://www.openstreetmap.org/way/538339172"},"geometry":{"type":"Polygon","coordinates":[[[121.23314,31.0256996],[121.2331425,31.0258045],[121.2337334,31.0257944],[121.233731,31.0256895],[121.23314,31.0256996]]]}},{"type":"Feature","id":538339173,"properties":{"osm_id":538339173,"name":"","height_m":0,"height_basis":"unknown","height_tag":null,"levels_tag":null,"building":"apartments","source_url":"https://www.openstreetmap.org/way/538339173"},"geometry":{"type":"Polygon","coordinates":[[[121.2331223,31.0254321],[121.2331247,31.025537],[121.2337157,31.0255269],[121.2337132,31.025422],[121.2331223,31.0254321]]]}},{"type":"Feature","id":538339174,"properties":{"osm_id":538339174,"name":"","height_m":0,"height_basis":"unknown","height_tag":null,"levels_tag":null,"building":"apartments","source_url":"https://www.openstreetmap.org/way/538339174"},"geometry":{"type":"Polygon","coordinates":[[[121.2337998,31.0256102],[121.2338083,31.0257149],[121.234398,31.0256798],[121.2343895,31.0255751],[121.2337998,31.0256102]]]}},{"type":"Feature","id":538339175,"properties":{"osm_id":538339175,"name":"","height_m":0,"height_basis":"unknown","height_tag":null,"levels_tag":null,"building":"apartments","source_url":"https://www.openstreetmap.org/way/538339175"},"geometry":{"type":"Polygon","coordinates":[[[121.2344513,31.025565],[121.2344598,31.0256696],[121.2350495,31.0256345],[121.235041,31.0255298],[121.2344513,31.025565]]]}},{"type":"Feature","id":538339176,"properties":{"osm_id":538339176,"name":"","height_m":0,"height_basis":"unknown","height_tag":null,"levels_tag":null,"building":"apartments","source_url":"https://www.openstreetmap.org/way/538339176"},"geometry":{"type":"Polygon","coordinates":[[[121.2326451,31.0252209],[121.2331932,31.025212],[121.2331911,31.0251176],[121.232643,31.0251265],[121.2326451,31.0252209]]]}},{"type":"Feature","id":538339177,"properties":{"osm_id":538339177,"name":"","height_m":0,"height_basis":"unknown","height_tag":null,"levels_tag":null,"building":"apartments","source_url":"https://www.openstreetmap.org/way/538339177"},"geometry":{"type":"Polygon","coordinates":[[[121.2326049,31.0249145],[121.2331531,31.0249056],[121.233151,31.0248113],[121.2326028,31.0248201],[121.2326049,31.0249145]]]}},{"type":"Feature","id":538339178,"properties":{"osm_id":538339178,"name":"","height_m":0,"height_basis":"unknown","height_tag":null,"levels_tag":null,"building":"yes","source_url":"https://www.openstreetmap.org/way/538339178"},"geometry":{"type":"Polygon","coordinates":[[[121.2328733,31.0246104],[121.2328754,31.02472],[121.2331254,31.0247165],[121.233124,31.0246419],[121.2329639,31.0246442],[121.2329632,31.0246091],[121.2328733,31.0246104]]]}},{"type":"Feature","id":538339179,"properties":{"osm_id":538339179,"name":"","height_m":0,"height_basis":"unknown","height_tag":null,"levels_tag":null,"building":"yes","source_url":"https://www.openstreetmap.org/way/538339179"},"geometry":{"type":"Polygon","coordinates":[[[121.2328062,31.0245489],[121.2328095,31.0246376],[121.2326196,31.0246427],[121.2326163,31.0245541],[121.2328062,31.0245489]]]}},{"type":"Feature","id":538339180,"properties":{"osm_id":538339180,"name":"","height_m":0,"height_basis":"unknown","height_tag":null,"levels_tag":null,"building":"apartments","source_url":"https://www.openstreetmap.org/way/538339180"},"geometry":{"type":"Polygon","coordinates":[[[121.2336224,31.0248008],[121.233624,31.0248899],[121.2332538,31.0248947],[121.2332523,31.0248056],[121.2336224,31.0248008]]]}},{"type":"Feature","id":538339181,"properties":{"osm_id":538339181,"name":"","height_m":0,"height_basis":"unknown","height_tag":null,"levels_tag":null,"building":"apartments","source_url":"https://www.openstreetmap.org/way/538339181"},"geometry":{"type":"Polygon","coordinates":[[[121.2330248,31.0257051],[121.2330254,31.0258099],[121.2326538,31.0258115],[121.2326531,31.0257067],[121.2330248,31.0257051]]]}},{"type":"Feature","id":538339182,"properties":{"osm_id":538339182,"name":"","height_m":0,"height_basis":"unknown","height_tag":null,"levels_tag":null,"building":"apartments","source_url":"https://www.openstreetmap.org/way/538339182"},"geometry":{"type":"Polygon","coordinates":[[[121.2330408,31.0254406],[121.2330414,31.0255453],[121.2326698,31.0255469],[121.2326692,31.0254422],[121.2330408,31.0254406]]]}},{"type":"Feature","id":538339183,"properties":{"osm_id":538339183,"name":"","height_m":0,"height_basis":"unknown","height_tag":null,"levels_tag":null,"building":"apartments","source_url":"https://www.openstreetmap.org/way/538339183"},"geometry":{"type":"Polygon","coordinates":[[[121.2341828,31.0251641],[121.2341808,31.0250652],[121.2336266,31.0250735],[121.2336269,31.0250911],[121.2332686,31.0250965],[121.2332707,31.0251986],[121.2336391,31.0251931],[121.2336387,31.0251723],[121.2341828,31.0251641]]]}},{"type":"Feature","id":538339184,"properties":{"osm_id":538339184,"name":"","height_m":0,"height_basis":"unknown","height_tag":null,"levels_tag":null,"building":"apartments","source_url":"https://www.openstreetmap.org/way/538339184"},"geometry":{"type":"Polygon","coordinates":[[[121.2341458,31.0252849],[121.2341534,31.0253901],[121.2343612,31.025379],[121.2343631,31.0254054],[121.2345757,31.0253941],[121.234568,31.0252883],[121.2343622,31.0252993],[121.2343604,31.0252735],[121.2341458,31.0252849]]]}},{"type":"Feature","id":538339185,"properties":{"osm_id":538339185,"name":"","height_m":0,"height_basis":"unknown","height_tag":null,"levels_tag":null,"building":"apartments","source_url":"https://www.openstreetmap.org/way/538339185"},"geometry":{"type":"Polygon","coordinates":[[[121.2324538,31.0262995],[121.2324546,31.0263915],[121.2320986,31.0263936],[121.2320983,31.0263597],[121.2317738,31.0263616],[121.2317731,31.0262745],[121.2321066,31.0262725],[121.2321068,31.0263015],[121.2324538,31.0262995]]]}},{"type":"Feature","id":538339186,"properties":{"osm_id":538339186,"name":"","height_m":0,"height_basis":"unknown","height_tag":null,"levels_tag":null,"building":"apartments","source_url":"https://www.openstreetmap.org/way/538339186"},"geometry":{"type":"Polygon","coordinates":[[[121.2324641,31.0260233],[121.2324648,31.0261153],[121.2321088,31.0261175],[121.2321085,31.0260835],[121.231784,31.0260854],[121.2317833,31.0259983],[121.2321168,31.0259963],[121.232117,31.0260253],[121.2324641,31.0260233]]]}},{"type":"Feature","id":538339187,"properties":{"osm_id":538339187,"name":"","height_m":0,"height_basis":"unknown","height_tag":null,"levels_tag":null,"building":"apartments","source_url":"https://www.openstreetmap.org/way/538339187"},"geometry":{"type":"Polygon","coordinates":[[[121.2324458,31.0257472],[121.2324465,31.0258393],[121.2320905,31.0258414],[121.2320903,31.0258074],[121.2317657,31.0258093],[121.231765,31.0257222],[121.2320985,31.0257202],[121.2320987,31.0257492],[121.2324458,31.0257472]]]}},{"type":"Feature","id":538339188,"properties":{"osm_id":538339188,"name":"","height_m":0,"height_basis":"unknown","height_tag":null,"levels_tag":null,"building":"apartments","source_url":"https://www.openstreetmap.org/way/538339188"},"geometry":{"type":"Polygon","coordinates":[[[121.2324386,31.0254685],[121.2324394,31.0255605],[121.2320834,31.0255627],[121.2320831,31.0255287],[121.2317586,31.0255306],[121.2317579,31.0254435],[121.2320914,31.0254415],[121.2320916,31.0254705],[121.2324386,31.0254685]]]}},{"type":"Feature","id":538339189,"properties":{"osm_id":538339189,"name":"","height_m":0,"height_basis":"unknown","height_tag":null,"levels_tag":null,"building":"apartments","source_url":"https://www.openstreetmap.org/way/538339189"},"geometry":{"type":"Polygon","coordinates":[[[121.2316988,31.0248931],[121.231864,31.0248902],[121.231865,31.0249302],[121.2320579,31.0249267],[121.2320588,31.0249642],[121.2322045,31.0249616],[121.2322055,31.0250056],[121.2324306,31.0250016],[121.2324283,31.0249074],[121.2322318,31.024911],[121.2322308,31.0248728],[121.2320683,31.0248757],[121.2320673,31.024836],[121.2318741,31.0248394],[121.2318733,31.0248078],[121.2316968,31.024811],[121.2316988,31.0248931]]]}},{"type":"Feature","id":538339190,"properties":{"osm_id":538339190,"name":"","height_m":0,"height_basis":"unknown","height_tag":null,"levels_tag":null,"building":"apartments","source_url":"https://www.openstreetmap.org/way/538339190"},"geometry":{"type":"Polygon","coordinates":[[[121.2316778,31.0246135],[121.231843,31.0246106],[121.231844,31.0246506],[121.2320369,31.0246471],[121.2320378,31.0246846],[121.2321835,31.024682],[121.2321845,31.024726],[121.2324096,31.024722],[121.2324073,31.0246278],[121.2322108,31.0246313],[121.2322098,31.0245932],[121.2320473,31.0245961],[121.2320463,31.0245564],[121.231853,31.0245598],[121.2318523,31.0245282],[121.2316758,31.0245314],[121.2316778,31.0246135]]]}},{"type":"Feature","id":538339191,"properties":{"osm_id":538339191,"name":"","height_m":0,"height_basis":"unknown","height_tag":null,"levels_tag":null,"building":"apartments","source_url":"https://www.openstreetmap.org/way/538339191"},"geometry":{"type":"Polygon","coordinates":[[[121.2316778,31.0243354],[121.231843,31.0243324],[121.231844,31.0243725],[121.2320369,31.024369],[121.2320378,31.0244065],[121.2321835,31.0244039],[121.2321845,31.0244479],[121.2324096,31.0244439],[121.2324073,31.0243497],[121.2322108,31.0243532],[121.2322098,31.0243151],[121.2320473,31.024318],[121.2320463,31.0242783],[121.231853,31.0242817],[121.2318523,31.0242501],[121.2316758,31.0242533],[121.2316778,31.0243354]]]}},{"type":"Feature","id":538340250,"properties":{"osm_id":538340250,"name":"","height_m":0,"height_basis":"unknown","height_tag":null,"levels_tag":null,"building":"apartments","source_url":"https://www.openstreetmap.org/way/538340250"},"geometry":{"type":"Polygon","coordinates":[[[121.2315826,31.0263919],[121.2315812,31.0265153],[121.2310629,31.026508],[121.2310643,31.0264195],[121.2310648,31.0263862],[121.2315826,31.0263919]]]}},{"type":"Feature","id":538340251,"properties":{"osm_id":538340251,"name":"","height_m":0,"height_basis":"unknown","height_tag":null,"levels_tag":null,"building":"apartments","source_url":"https://www.openstreetmap.org/way/538340251"},"geometry":{"type":"Polygon","coordinates":[[[121.2315779,31.0260915],[121.2315765,31.026215],[121.2310437,31.0262105],[121.2310451,31.026087],[121.2315779,31.0260915]]]}},{"type":"Feature","id":538340253,"properties":{"osm_id":538340253,"name":"","height_m":0,"height_basis":"unknown","height_tag":null,"levels_tag":null,"building":"apartments","source_url":"https://www.openstreetmap.org/way/538340253"},"geometry":{"type":"Polygon","coordinates":[[[121.2315744,31.025786],[121.231573,31.0259094],[121.2310401,31.0259049],[121.2310416,31.0257815],[121.2315744,31.025786]]]}},{"type":"Feature","id":538340254,"properties":{"osm_id":538340254,"name":"","height_m":0,"height_basis":"unknown","height_tag":null,"levels_tag":null,"building":"apartments","source_url":"https://www.openstreetmap.org/way/538340254"},"geometry":{"type":"Polygon","coordinates":[[[121.2315691,31.0254895],[121.2315676,31.0256129],[121.2310348,31.0256085],[121.2310362,31.025485],[121.2315691,31.0254895]]]}},{"type":"Feature","id":538342840,"properties":{"osm_id":538342840,"name":"","height_m":0,"height_basis":"unknown","height_tag":null,"levels_tag":null,"building":"apartments","source_url":"https://www.openstreetmap.org/way/538342840"},"geometry":{"type":"Polygon","coordinates":[[[121.2214525,31.0251354],[121.2214558,31.0252426],[121.2208642,31.0252557],[121.2208609,31.0251486],[121.2214525,31.0251354]]]}},{"type":"Feature","id":538342841,"properties":{"osm_id":538342841,"name":"","height_m":0,"height_basis":"unknown","height_tag":null,"levels_tag":null,"building":"apartments","source_url":"https://www.openstreetmap.org/way/538342841"},"geometry":{"type":"Polygon","coordinates":[[[121.2214419,31.0248048],[121.2214451,31.024912],[121.2208536,31.0249251],[121.2208503,31.024818],[121.2214419,31.0248048]]]}},{"type":"Feature","id":538342842,"properties":{"osm_id":538342842,"name":"","height_m":0,"height_basis":"unknown","height_tag":null,"levels_tag":null,"building":"apartments","source_url":"https://www.openstreetmap.org/way/538342842"},"geometry":{"type":"Polygon","coordinates":[[[121.2214808,31.0257814],[121.2214841,31.0258886],[121.2208925,31.0259017],[121.2208893,31.0257946],[121.2214808,31.0257814]]]}},{"type":"Feature","id":538342843,"properties":{"osm_id":538342843,"name":"","height_m":0,"height_basis":"unknown","height_tag":null,"levels_tag":null,"building":"apartments","source_url":"https://www.openstreetmap.org/way/538342843"},"geometry":{"type":"Polygon","coordinates":[[[121.2207222,31.0254611],[121.2207243,31.0255652],[121.2201983,31.0255731],[121.2201961,31.0254691],[121.2207222,31.0254611]]]}},{"type":"Feature","id":538342844,"properties":{"osm_id":538342844,"name":"","height_m":0,"height_basis":"unknown","height_tag":null,"levels_tag":null,"building":"apartments","source_url":"https://www.openstreetmap.org/way/538342844"},"geometry":{"type":"Polygon","coordinates":[[[121.2207553,31.0251293],[121.2207575,31.0252357],[121.2202651,31.0252432],[121.2202629,31.0251368],[121.2207553,31.0251293]]]}},{"type":"Feature","id":538342845,"properties":{"osm_id":538342845,"name":"","height_m":0,"height_basis":"unknown","height_tag":null,"levels_tag":null,"building":"apartments","source_url":"https://www.openstreetmap.org/way/538342845"},"geometry":{"type":"Polygon","coordinates":[[[121.2207239,31.0248105],[121.2207283,31.0249193],[121.2203933,31.0249293],[121.2203889,31.0248205],[121.2207239,31.0248105]]]}},{"type":"Feature","id":538342846,"properties":{"osm_id":538342846,"name":"","height_m":0,"height_basis":"unknown","height_tag":null,"levels_tag":null,"building":"apartments","source_url":"https://www.openstreetmap.org/way/538342846"},"geometry":{"type":"Polygon","coordinates":[[[121.2212497,31.0254559],[121.2212542,31.0255647],[121.2209192,31.0255747],[121.2209147,31.0254658],[121.2212497,31.0254559]]]}},{"type":"Feature","id":538342847,"properties":{"osm_id":538342847,"name":"","height_m":0,"height_basis":"unknown","height_tag":null,"levels_tag":null,"building":"apartments","source_url":"https://www.openstreetmap.org/way/538342847"},"geometry":{"type":"Polygon","coordinates":[[[121.2231364,31.0254861],[121.2231356,31.0255881],[121.2227414,31.0255857],[121.2227422,31.0254837],[121.2231364,31.0254861]]]}},{"type":"Feature","id":538342848,"properties":{"osm_id":538342848,"name":"","height_m":0,"height_basis":"unknown","height_tag":null,"levels_tag":null,"building":"apartments","source_url":"https://www.openstreetmap.org/way/538342848"},"geometry":{"type":"Polygon","coordinates":[[[121.2238881,31.0254826],[121.2238873,31.0255846],[121.2234931,31.0255822],[121.2234939,31.0254802],[121.2238881,31.0254826]]]}},{"type":"Feature","id":538342850,"properties":{"osm_id":538342850,"name":"","height_m":0,"height_basis":"unknown","height_tag":null,"levels_tag":null,"building":"apartments","source_url":"https://www.openstreetmap.org/way/538342850"},"geometry":{"type":"Polygon","coordinates":[[[121.2231505,31.0259906],[121.2231497,31.0260926],[121.2227555,31.0260902],[121.2227563,31.0259882],[121.2231505,31.0259906]]]}},{"type":"Feature","id":538342852,"properties":{"osm_id":538342852,"name":"","height_m":0,"height_basis":"unknown","height_tag":null,"levels_tag":null,"building":"apartments","source_url":"https://www.openstreetmap.org/way/538342852"},"geometry":{"type":"Polygon","coordinates":[[[121.2238613,31.0260044],[121.2238605,31.0261064],[121.2234663,31.026104],[121.2234671,31.026002],[121.2238613,31.0260044]]]}},{"type":"Feature","id":538342854,"properties":{"osm_id":538342854,"name":"","height_m":0,"height_basis":"unknown","height_tag":null,"levels_tag":null,"building":"apartments","source_url":"https://www.openstreetmap.org/way/538342854"},"geometry":{"type":"Polygon","coordinates":[[[121.2247251,31.02546],[121.2247254,31.0255672],[121.2241336,31.0255686],[121.2241333,31.0254614],[121.2247251,31.02546]]]}},{"type":"Feature","id":538342856,"properties":{"osm_id":538342856,"name":"","height_m":0,"height_basis":"unknown","height_tag":null,"levels_tag":null,"building":"apartments","source_url":"https://www.openstreetmap.org/way/538342856"},"geometry":{"type":"Polygon","coordinates":[[[121.2247357,31.0257712],[121.224739,31.0258784],[121.2241474,31.0258915],[121.2241441,31.0257843],[121.2247357,31.0257712]]]}},{"type":"Feature","id":538342858,"properties":{"osm_id":538342858,"name":"","height_m":0,"height_basis":"unknown","height_tag":null,"levels_tag":null,"building":"yes","source_url":"https://www.openstreetmap.org/way/538342858"},"geometry":{"type":"Polygon","coordinates":[[[121.2215501,31.0254109],[121.221597,31.0254511],[121.2216828,31.0254534],[121.2216708,31.0254695],[121.2216975,31.0254924],[121.2217358,31.0255085],[121.2217804,31.0255196],[121.2218277,31.0255223],[121.2218661,31.0255163],[121.2219028,31.0255034],[121.2219403,31.025492],[121.2219779,31.0254775],[121.2219618,31.0254568],[121.2220503,31.0254603],[121.2221039,31.0254178],[121.222051,31.025387],[121.22199,31.0253586],[121.2219128,31.0253382],[121.2218357,31.0253293],[121.2217516,31.0253318],[121.2216728,31.0253528],[121.2216399,31.0253618],[121.2216079,31.0253739],[121.2215777,31.0253897],[121.2215501,31.0254109]]]}},{"type":"Feature","id":538342861,"properties":{"osm_id":538342861,"name":"","height_m":0,"height_basis":"unknown","height_tag":null,"levels_tag":null,"building":"apartments","source_url":"https://www.openstreetmap.org/way/538342861"},"geometry":{"type":"Polygon","coordinates":[[[121.2237261,31.023836],[121.2239859,31.0238816],[121.224012,31.0237725],[121.2239555,31.0237626],[121.2239588,31.023749],[121.2238976,31.0237382],[121.2238899,31.0237706],[121.2238646,31.0237662],[121.2238714,31.0237379],[121.2238202,31.0237289],[121.2238149,31.0237511],[121.2237491,31.0237395],[121.2237261,31.023836]]]}},{"type":"Feature","id":538342863,"properties":{"osm_id":538342863,"name":"","height_m":0,"height_basis":"unknown","height_tag":null,"levels_tag":null,"building":"apartments","source_url":"https://www.openstreetmap.org/way/538342863"},"geometry":{"type":"Polygon","coordinates":[[[121.2240543,31.0238854],[121.2243142,31.023931],[121.2243402,31.0238219],[121.2242838,31.023812],[121.224287,31.0237983],[121.2242259,31.0237876],[121.2242181,31.02382],[121.2241929,31.0238156],[121.2241997,31.0237872],[121.2241485,31.0237783],[121.2241432,31.0238004],[121.2240774,31.0237889],[121.2240543,31.0238854]]]}},{"type":"Feature","id":538342865,"properties":{"osm_id":538342865,"name":"","height_m":0,"height_basis":"unknown","height_tag":null,"levels_tag":null,"building":"apartments","source_url":"https://www.openstreetmap.org/way/538342865"},"geometry":{"type":"Polygon","coordinates":[[[121.2243307,31.0239495],[121.2245774,31.0240331],[121.2246252,31.0239296],[121.2245716,31.0239114],[121.2245776,31.0238984],[121.2245195,31.0238788],[121.2245053,31.0239095],[121.2244814,31.0239014],[121.2244938,31.0238745],[121.2244452,31.0238581],[121.2244355,31.0238791],[121.224373,31.0238579],[121.2243307,31.0239495]]]}},{"type":"Feature","id":538342867,"properties":{"osm_id":538342867,"name":"","height_m":0,"height_basis":"unknown","height_tag":null,"levels_tag":null,"building":"apartments","source_url":"https://www.openstreetmap.org/way/538342867"},"geometry":{"type":"Polygon","coordinates":[[[121.2237349,31.0235934],[121.2239947,31.023639],[121.2240208,31.0235299],[121.2239643,31.02352],[121.2239676,31.0235064],[121.2239064,31.0234957],[121.2238987,31.023528],[121.2238734,31.0235236],[121.2238802,31.0234953],[121.223829,31.0234863],[121.2238237,31.0235085],[121.2237579,31.0234969],[121.2237349,31.0235934]]]}},{"type":"Feature","id":538342870,"properties":{"osm_id":538342870,"name":"","height_m":0,"height_basis":"unknown","height_tag":null,"levels_tag":null,"building":"apartments","source_url":"https://www.openstreetmap.org/way/538342870"},"geometry":{"type":"Polygon","coordinates":[[[121.2240835,31.0235957],[121.2243434,31.0236413],[121.2243694,31.0235322],[121.224313,31.0235223],[121.2243162,31.0235087],[121.2242551,31.023498],[121.2242473,31.0235303],[121.2242221,31.0235259],[121.2242289,31.0234976],[121.2241777,31.0234886],[121.2241724,31.0235108],[121.2241066,31.0234992],[121.2240835,31.0235957]]]}},{"type":"Feature","id":538342872,"properties":{"osm_id":538342872,"name":"","height_m":0,"height_basis":"unknown","height_tag":null,"levels_tag":null,"building":"apartments","source_url":"https://www.openstreetmap.org/way/538342872"},"geometry":{"type":"Polygon","coordinates":[[[121.2244081,31.0236647],[121.2246679,31.0237103],[121.224694,31.0236012],[121.2246375,31.0235913],[121.2246408,31.0235776],[121.2245796,31.0235669],[121.2245719,31.0235993],[121.2245467,31.0235949],[121.2245534,31.0235666],[121.2245023,31.0235576],[121.224497,31.0235797],[121.2244311,31.0235682],[121.2244081,31.0236647]]]}},{"type":"Feature","id":538342875,"properties":{"osm_id":538342875,"name":"","height_m":0,"height_basis":"unknown","height_tag":null,"levels_tag":null,"building":"apartments","source_url":"https://www.openstreetmap.org/way/538342875"},"geometry":{"type":"Polygon","coordinates":[[[121.2246937,31.023898],[121.2249536,31.0239436],[121.2249796,31.0238345],[121.2249232,31.0238246],[121.2249265,31.0238109],[121.2248653,31.0238002],[121.2248575,31.0238326],[121.2248323,31.0238282],[121.2248391,31.0237999],[121.2247879,31.0237909],[121.2247826,31.023813],[121.2247168,31.0238015],[121.2246937,31.023898]]]}},{"type":"Feature","id":538342877,"properties":{"osm_id":538342877,"name":"","height_m":0,"height_basis":"unknown","height_tag":null,"levels_tag":null,"building":"apartments","source_url":"https://www.openstreetmap.org/way/538342877"},"geometry":{"type":"Polygon","coordinates":[[[121.2247098,31.024137],[121.2249697,31.0241826],[121.2249957,31.0240735],[121.2249393,31.0240636],[121.2249425,31.02405],[121.2248814,31.0240393],[121.2248736,31.0240716],[121.2248484,31.0240672],[121.2248552,31.0240389],[121.224804,31.0240299],[121.2247987,31.0240521],[121.2247329,31.0240405],[121.2247098,31.024137]]]}},{"type":"Feature","id":538342880,"properties":{"osm_id":538342880,"name":"","height_m":0,"height_basis":"unknown","height_tag":null,"levels_tag":null,"building":"apartments","source_url":"https://www.openstreetmap.org/way/538342880"},"geometry":{"type":"Polygon","coordinates":[[[121.2248675,31.0243839],[121.225116,31.0244633],[121.2251614,31.024359],[121.2251074,31.0243417],[121.2251131,31.0243287],[121.2250546,31.02431],[121.2250411,31.024341],[121.225017,31.0243333],[121.2250288,31.0243062],[121.2249798,31.0242905],[121.2249706,31.0243117],[121.2249077,31.0242916],[121.2248675,31.0243839]]]}},{"type":"Feature","id":538342883,"properties":{"osm_id":538342883,"name":"","height_m":0,"height_basis":"unknown","height_tag":null,"levels_tag":null,"building":"apartments","source_url":"https://www.openstreetmap.org/way/538342883"},"geometry":{"type":"Polygon","coordinates":[[[121.224848,31.0246235],[121.2250965,31.0247029],[121.2251419,31.0245986],[121.2250879,31.0245814],[121.2250936,31.0245683],[121.2250351,31.0245496],[121.2250216,31.0245806],[121.2249975,31.0245729],[121.2250093,31.0245458],[121.2249603,31.0245302],[121.2249511,31.0245513],[121.2248882,31.0245312],[121.224848,31.0246235]]]}},{"type":"Feature","id":538342885,"properties":{"osm_id":538342885,"name":"","height_m":0,"height_basis":"unknown","height_tag":null,"levels_tag":null,"building":"apartments","source_url":"https://www.openstreetmap.org/way/538342885"},"geometry":{"type":"Polygon","coordinates":[[[121.224789,31.0248821],[121.2250375,31.0249615],[121.2250829,31.0248572],[121.2250289,31.0248399],[121.2250346,31.0248269],[121.2249761,31.0248082],[121.2249626,31.0248392],[121.2249385,31.0248315],[121.2249503,31.0248044],[121.2249013,31.0247887],[121.2248921,31.0248099],[121.2248292,31.0247898],[121.224789,31.0248821]]]}},{"type":"Feature","id":538342888,"properties":{"osm_id":538342888,"name":"","height_m":0,"height_basis":"unknown","height_tag":null,"levels_tag":null,"building":"apartments","source_url":"https://www.openstreetmap.org/way/538342888"},"geometry":{"type":"Polygon","coordinates":[[[121.2248648,31.0252116],[121.22513,31.0252087],[121.2251283,31.0250974],[121.2250707,31.025098],[121.2250705,31.0250841],[121.2250081,31.0250847],[121.2250086,31.0251178],[121.2249828,31.0251181],[121.2249824,31.0250892],[121.2249302,31.0250898],[121.2249305,31.0251124],[121.2248633,31.0251131],[121.2248648,31.0252116]]]}},{"type":"Feature","id":538342890,"properties":{"osm_id":538342890,"name":"","height_m":0,"height_basis":"unknown","height_tag":null,"levels_tag":null,"building":"apartments","source_url":"https://www.openstreetmap.org/way/538342890"},"geometry":{"type":"Polygon","coordinates":[[[121.2276134,31.0290069],[121.2276135,31.0291313],[121.228218,31.029131],[121.228218,31.029099],[121.2282385,31.029099],[121.2282385,31.0290476],[121.2282235,31.0290476],[121.2282234,31.0290066],[121.2276134,31.0290069]]]}},{"type":"Feature","id":538342891,"properties":{"osm_id":538342891,"name":"","height_m":0,"height_basis":"unknown","height_tag":null,"levels_tag":null,"building":"apartments","source_url":"https://www.openstreetmap.org/way/538342891"},"geometry":{"type":"Polygon","coordinates":[[[121.2276894,31.0283384],[121.2276895,31.0284628],[121.2282941,31.0284625],[121.2282941,31.0284305],[121.2283146,31.0284305],[121.2283145,31.0283791],[121.2282995,31.0283791],[121.2282995,31.0283381],[121.2276894,31.0283384]]]}},{"type":"Feature","id":538371607,"properties":{"osm_id":538371607,"name":"","height_m":0,"height_basis":"unknown","height_tag":null,"levels_tag":null,"building":"yes","source_url":"https://www.openstreetmap.org/way/538371607"},"geometry":{"type":"Polygon","coordinates":[[[121.231609,31.0338402],[121.2317002,31.0338402],[121.2317002,31.033762],[121.231609,31.033762],[121.231609,31.0338402]]]}},{"type":"Feature","id":538371608,"properties":{"osm_id":538371608,"name":"","height_m":0,"height_basis":"unknown","height_tag":null,"levels_tag":null,"building":"yes","source_url":"https://www.openstreetmap.org/way/538371608"},"geometry":{"type":"Polygon","coordinates":[[[121.2316863,31.0337008],[121.2316863,31.0335774],[121.2316061,31.0335774],[121.2316061,31.0337008],[121.2316863,31.0337008]]]}},{"type":"Feature","id":538373321,"properties":{"osm_id":538373321,"name":"","height_m":0,"height_basis":"unknown","height_tag":null,"levels_tag":null,"building":"yes","source_url":"https://www.openstreetmap.org/way/538373321"},"geometry":{"type":"Polygon","coordinates":[[[121.2275424,31.0295019],[121.2280013,31.0295039],[121.2280014,31.0294881],[121.228232,31.0294891],[121.2282328,31.0293646],[121.2280027,31.0293636],[121.2280026,31.0293864],[121.2275431,31.0293845],[121.2275424,31.0295019]]]}},{"type":"Feature","id":540015544,"properties":{"osm_id":540015544,"name":"","height_m":0,"height_basis":"unknown","height_tag":null,"levels_tag":null,"building":"yes","source_url":"https://www.openstreetmap.org/way/540015544"},"geometry":{"type":"Polygon","coordinates":[[[121.223711,31.0336991],[121.2237355,31.0337171],[121.2237483,31.0337101],[121.2238709,31.0337951],[121.2238569,31.0338021],[121.223934,31.0338671],[121.22399,31.0339302],[121.2240075,31.0339242],[121.2240858,31.0340332],[121.2240682,31.0340412],[121.2240752,31.0340662],[121.2241441,31.0340522],[121.2241558,31.0340632],[121.224178,31.0340752],[121.2241932,31.0340722],[121.2242107,31.0340632],[121.2242235,31.0340472],[121.2242259,31.0340262],[121.2243099,31.0339922],[121.2242842,31.0339592],[121.2242691,31.0339642],[121.2242422,31.0339136],[121.2243902,31.0338438],[121.224265,31.0337074],[121.2240647,31.0335402],[121.2239796,31.0336342],[121.2238722,31.0335679],[121.2238788,31.0335561],[121.2238385,31.0335394],[121.2237956,31.0335997],[121.2237877,31.0335849],[121.2237669,31.0335777],[121.2237456,31.0335796],[121.2237359,31.0335879],[121.2237248,31.0336035],[121.2237248,31.0336224],[121.2237332,31.0336342],[121.2237496,31.0336418],[121.223762,31.0336459],[121.2237133,31.0336956],[121.223711,31.0336991]]]}},{"type":"Feature","id":540015545,"properties":{"osm_id":540015545,"name":"","height_m":0,"height_basis":"unknown","height_tag":null,"levels_tag":null,"building":"yes","source_url":"https://www.openstreetmap.org/way/540015545"},"geometry":{"type":"Polygon","coordinates":[[[121.2226453,31.0337005],[121.2226201,31.0337177],[121.2226075,31.0337103],[121.2224814,31.0337914],[121.2224951,31.0337989],[121.2224152,31.0338614],[121.2223565,31.0339226],[121.2223393,31.0339161],[121.2222564,31.0340226],[121.2222736,31.0340311],[121.2222655,31.0340559],[121.2221973,31.0340397],[121.2221851,31.0340503],[121.2221624,31.0340616],[121.2221474,31.0340581],[121.2221303,31.0340486],[121.2221181,31.0340322],[121.2221167,31.0340111],[121.2220342,31.0339745],[121.2220613,31.0339423],[121.2220762,31.0339478],[121.2221052,31.0338981],[121.2221398,31.0338533],[121.2218216,31.0336765],[121.2219604,31.0335105],[121.2221408,31.0333676],[121.2223797,31.0336271],[121.2224899,31.0335643],[121.2224838,31.0335523],[121.2225248,31.0335369],[121.222565,31.0335985],[121.2225736,31.033584],[121.2225947,31.0335775],[121.2226159,31.03358],[121.2226252,31.0335887],[121.2226356,31.0336046],[121.2226348,31.0336235],[121.2226259,31.033635],[121.2226092,31.033642],[121.2225966,31.0336458],[121.2226431,31.033697],[121.2226453,31.0337005]]]}},{"type":"Feature","id":540016928,"properties":{"osm_id":540016928,"name":"","height_m":0,"height_basis":"unknown","height_tag":null,"levels_tag":null,"building":"yes","source_url":"https://www.openstreetmap.org/way/540016928"},"geometry":{"type":"Polygon","coordinates":[[[121.2219223,31.0351498],[121.2223717,31.0352536],[121.2224172,31.0351092],[121.222218,31.0350631],[121.2221997,31.0351213],[121.2221343,31.0351062],[121.222152,31.0350501],[121.2219671,31.0350074],[121.2219223,31.0351498]]]}},{"type":"Feature","id":540016930,"properties":{"osm_id":540016930,"name":"","height_m":0,"height_basis":"unknown","height_tag":null,"levels_tag":null,"building":"yes","source_url":"https://www.openstreetmap.org/way/540016930"},"geometry":{"type":"Polygon","coordinates":[[[121.222149,31.03564],[121.2225985,31.0357439],[121.2226439,31.0355995],[121.2224447,31.0355534],[121.2224264,31.0356115],[121.2223611,31.0355964],[121.2223787,31.0355404],[121.2221938,31.0354976],[121.222149,31.03564]]]}},{"type":"Feature","id":540016932,"properties":{"osm_id":540016932,"name":"","height_m":0,"height_basis":"unknown","height_tag":null,"levels_tag":null,"building":"yes","source_url":"https://www.openstreetmap.org/way/540016932"},"geometry":{"type":"Polygon","coordinates":[[[121.223845,31.035754],[121.2242917,31.0356417],[121.2242426,31.0354982],[121.2240446,31.0355479],[121.2240643,31.0356057],[121.2239994,31.035622],[121.2239803,31.0355663],[121.2237966,31.0356125],[121.223845,31.035754]]]}},{"type":"Feature","id":540016934,"properties":{"osm_id":540016934,"name":"","height_m":0,"height_basis":"unknown","height_tag":null,"levels_tag":null,"building":"yes","source_url":"https://www.openstreetmap.org/way/540016934"},"geometry":{"type":"Polygon","coordinates":[[[121.2241315,31.0352544],[121.2245782,31.0351421],[121.2245291,31.0349985],[121.2243311,31.0350483],[121.2243509,31.0351061],[121.2242859,31.0351224],[121.2242668,31.0350667],[121.2240831,31.0351129],[121.2241315,31.0352544]]]}},{"type":"Feature","id":541148464,"properties":{"osm_id":541148464,"name":"","height_m":0,"height_basis":"unknown","height_tag":null,"levels_tag":null,"building":"yes","source_url":"https://www.openstreetmap.org/way/541148464"},"geometry":{"type":"Polygon","coordinates":[[[121.2285619,31.0317217],[121.228612,31.0317297],[121.2286105,31.0317397],[121.228613,31.0317503],[121.2286183,31.0317595],[121.2286263,31.0317669],[121.2286321,31.0317724],[121.2286399,31.0317767],[121.2286477,31.0317802],[121.2286582,31.0317838],[121.2286715,31.0317866],[121.2286848,31.0317877],[121.2286981,31.0317863],[121.2287114,31.0317838],[121.2287193,31.0317793],[121.2287272,31.0317726],[121.2287334,31.0317658],[121.2287383,31.0317574],[121.2290241,31.0318102],[121.2290472,31.0317184],[121.2285889,31.0316267],[121.2285619,31.0317217]]]}},{"type":"Feature","id":541148467,"properties":{"osm_id":541148467,"name":"","height_m":0,"height_basis":"unknown","height_tag":null,"levels_tag":null,"building":"apartments","source_url":"https://www.openstreetmap.org/way/541148467"},"geometry":{"type":"Polygon","coordinates":[[[121.2282504,31.0291703],[121.228252,31.0292956],[121.228714,31.0292913],[121.2287137,31.0292649],[121.2289158,31.029263],[121.2289142,31.0291401],[121.2286927,31.0291422],[121.228693,31.0291662],[121.2282504,31.0291703]]]}},{"type":"Feature","id":541148469,"properties":{"osm_id":541148469,"name":"","height_m":0,"height_basis":"unknown","height_tag":null,"levels_tag":null,"building":"apartments","source_url":"https://www.openstreetmap.org/way/541148469"},"geometry":{"type":"Polygon","coordinates":[[[121.229362,31.0291367],[121.2293603,31.0292578],[121.2297912,31.0292624],[121.2297929,31.0291413],[121.229362,31.0291367]]]}},{"type":"Feature","id":541148470,"properties":{"osm_id":541148470,"name":"","height_m":0,"height_basis":"unknown","height_tag":null,"levels_tag":null,"building":"apartments","source_url":"https://www.openstreetmap.org/way/541148470"},"geometry":{"type":"Polygon","coordinates":[[[121.2302531,31.0296745],[121.2302942,31.0295722],[121.2300372,31.0294964],[121.2299961,31.0295987],[121.2302531,31.0296745]]]}},{"type":"Feature","id":541148472,"properties":{"osm_id":541148472,"name":"","height_m":0,"height_basis":"unknown","height_tag":null,"levels_tag":null,"building":"apartments","source_url":"https://www.openstreetmap.org/way/541148472"},"geometry":{"type":"Polygon","coordinates":[[[121.2302638,31.0292656],[121.2303049,31.0291633],[121.2300479,31.0290875],[121.2300067,31.0291898],[121.2302638,31.0292656]]]}},{"type":"Feature","id":541148474,"properties":{"osm_id":541148474,"name":"","height_m":0,"height_basis":"unknown","height_tag":null,"levels_tag":null,"building":"apartments","source_url":"https://www.openstreetmap.org/way/541148474"},"geometry":{"type":"Polygon","coordinates":[[[121.2302549,31.0288579],[121.230296,31.0287556],[121.230039,31.0286797],[121.2299979,31.028782],[121.2302549,31.0288579]]]}},{"type":"Feature","id":541148476,"properties":{"osm_id":541148476,"name":"","height_m":0,"height_basis":"unknown","height_tag":null,"levels_tag":null,"building":"apartments","source_url":"https://www.openstreetmap.org/way/541148476"},"geometry":{"type":"Polygon","coordinates":[[[121.2295731,31.02889],[121.2295735,31.0287818],[121.2293016,31.028781],[121.2293012,31.0288893],[121.2295731,31.02889]]]}},{"type":"Feature","id":541148478,"properties":{"osm_id":541148478,"name":"","height_m":0,"height_basis":"unknown","height_tag":null,"levels_tag":null,"building":"apartments","source_url":"https://www.openstreetmap.org/way/541148478"},"geometry":{"type":"Polygon","coordinates":[[[121.229858,31.0286671],[121.2298584,31.0285589],[121.2295865,31.0285581],[121.2295861,31.0286663],[121.229858,31.0286671]]]}},{"type":"Feature","id":541148480,"properties":{"osm_id":541148480,"name":"","height_m":0,"height_basis":"unknown","height_tag":null,"levels_tag":null,"building":"apartments","source_url":"https://www.openstreetmap.org/way/541148480"},"geometry":{"type":"Polygon","coordinates":[[[121.2293536,31.0290962],[121.229354,31.028988],[121.2290822,31.0289873],[121.2290818,31.0290955],[121.2293536,31.0290962]]]}},{"type":"Feature","id":541148482,"properties":{"osm_id":541148482,"name":"","height_m":0,"height_basis":"unknown","height_tag":null,"levels_tag":null,"building":"apartments","source_url":"https://www.openstreetmap.org/way/541148482"},"geometry":{"type":"Polygon","coordinates":[[[121.2286559,31.0285236],[121.2286941,31.0284204],[121.2284351,31.0283499],[121.2283968,31.028453],[121.2286559,31.0285236]]]}},{"type":"Feature","id":541148483,"properties":{"osm_id":541148483,"name":"","height_m":0,"height_basis":"unknown","height_tag":null,"levels_tag":null,"building":"apartments","source_url":"https://www.openstreetmap.org/way/541148483"},"geometry":{"type":"Polygon","coordinates":[[[121.2286983,31.0288587],[121.2287366,31.0287555],[121.2284775,31.028685],[121.2284393,31.0287881],[121.2286983,31.0288587]]]}},{"type":"Feature","id":541148485,"properties":{"osm_id":541148485,"name":"","height_m":0,"height_basis":"unknown","height_tag":null,"levels_tag":null,"building":"apartments","source_url":"https://www.openstreetmap.org/way/541148485"},"geometry":{"type":"Polygon","coordinates":[[[121.2273482,31.0290588],[121.22734,31.0291718],[121.2268637,31.0291718],[121.2267387,31.0291608],[121.2265204,31.0290868],[121.226566,31.0289908],[121.2267831,31.0290448],[121.2268812,31.0290568],[121.2273482,31.0290588]]]}},{"type":"Feature","id":541148487,"properties":{"osm_id":541148487,"name":"","height_m":0,"height_basis":"unknown","height_tag":null,"levels_tag":null,"building":"apartments","source_url":"https://www.openstreetmap.org/way/541148487"},"geometry":{"type":"Polygon","coordinates":[[[121.2273371,31.0287472],[121.2273289,31.0288602],[121.2268526,31.0288602],[121.2267277,31.0288492],[121.2265093,31.0287752],[121.2265549,31.0286791],[121.226772,31.0287331],[121.2268701,31.0287452],[121.2273371,31.0287472]]]}},{"type":"Feature","id":541148489,"properties":{"osm_id":541148489,"name":"","height_m":0,"height_basis":"unknown","height_tag":null,"levels_tag":null,"building":"apartments","source_url":"https://www.openstreetmap.org/way/541148489"},"geometry":{"type":"Polygon","coordinates":[[[121.2269126,31.0283941],[121.2269087,31.0284951],[121.2273402,31.0285076],[121.2273442,31.0284066],[121.2269126,31.0283941]]]}},{"type":"Feature","id":541148491,"properties":{"osm_id":541148491,"name":"","height_m":0,"height_basis":"unknown","height_tag":null,"levels_tag":null,"building":"apartments","source_url":"https://www.openstreetmap.org/way/541148491"},"geometry":{"type":"Polygon","coordinates":[[[121.2284921,31.0281537],[121.2285303,31.0280506],[121.2282713,31.0279801],[121.228233,31.0280832],[121.2284921,31.0281537]]]}},{"type":"Feature","id":541148493,"properties":{"osm_id":541148493,"name":"","height_m":0,"height_basis":"unknown","height_tag":null,"levels_tag":null,"building":"apartments","source_url":"https://www.openstreetmap.org/way/541148493"},"geometry":{"type":"Polygon","coordinates":[[[121.2267756,31.0284995],[121.2268138,31.0283963],[121.2265548,31.0283258],[121.2265165,31.0284289],[121.2267756,31.0284995]]]}},{"type":"Feature","id":541148495,"properties":{"osm_id":541148495,"name":"","height_m":0,"height_basis":"unknown","height_tag":null,"levels_tag":null,"building":"apartments","source_url":"https://www.openstreetmap.org/way/541148495"},"geometry":{"type":"Polygon","coordinates":[[[121.2268003,31.0282053],[121.2268386,31.0281022],[121.2265795,31.0280316],[121.2265413,31.0281348],[121.2268003,31.0282053]]]}},{"type":"Feature","id":541148496,"properties":{"osm_id":541148496,"name":"","height_m":0,"height_basis":"unknown","height_tag":null,"levels_tag":null,"building":"apartments","source_url":"https://www.openstreetmap.org/way/541148496"},"geometry":{"type":"Polygon","coordinates":[[[121.2268269,31.0278626],[121.2268651,31.0277595],[121.2266061,31.0276889],[121.2265678,31.027792],[121.2268269,31.0278626]]]}},{"type":"Feature","id":541148498,"properties":{"osm_id":541148498,"name":"","height_m":0,"height_basis":"unknown","height_tag":null,"levels_tag":null,"building":"apartments","source_url":"https://www.openstreetmap.org/way/541148498"},"geometry":{"type":"Polygon","coordinates":[[[121.2277715,31.0279874],[121.2277675,31.0280884],[121.2281991,31.0281009],[121.228203,31.0279999],[121.2277715,31.0279874]]]}},{"type":"Feature","id":541148744,"properties":{"osm_id":541148744,"name":"","height_m":0,"height_basis":"unknown","height_tag":null,"levels_tag":null,"building":"yes","source_url":"https://www.openstreetmap.org/way/541148744"},"geometry":{"type":"Polygon","coordinates":[[[121.2290908,31.0281442],[121.2294072,31.0282072],[121.2294352,31.0281952],[121.2294551,31.0282092],[121.2294434,31.0282792],[121.2294606,31.028307],[121.2294898,31.0283325],[121.229517,31.0283465],[121.2295496,31.0283582],[121.2295467,31.0283739],[121.2295531,31.0283873],[121.2295652,31.028395],[121.22958,31.0283993],[121.2296489,31.0283733],[121.2296349,31.0283412],[121.2296769,31.0283252],[121.2296477,31.0282492],[121.2296559,31.0281592],[121.2296325,31.0281131],[121.2295335,31.0280887],[121.2294527,31.0280451],[121.2291025,31.0279961],[121.2290803,31.0281021],[121.2291002,31.0281051],[121.2290908,31.0281442]]]}},{"type":"Feature","id":541149223,"properties":{"osm_id":541149223,"name":"","height_m":0,"height_basis":"unknown","height_tag":null,"levels_tag":null,"building":"apartments","source_url":"https://www.openstreetmap.org/way/541149223"},"geometry":{"type":"Polygon","coordinates":[[[121.2244796,31.0298839],[121.2244822,31.0300063],[121.2252577,31.0299942],[121.2252551,31.0298718],[121.2244796,31.0298839]]]}},{"type":"Feature","id":541149224,"properties":{"osm_id":541149224,"name":"","height_m":0,"height_basis":"unknown","height_tag":null,"levels_tag":null,"building":"apartments","source_url":"https://www.openstreetmap.org/way/541149224"},"geometry":{"type":"Polygon","coordinates":[[[121.2229241,31.0299189],[121.2229271,31.0300375],[121.2239236,31.0300189],[121.2239206,31.0299003],[121.2229241,31.0299189]]]}},{"type":"Feature","id":541149225,"properties":{"osm_id":541149225,"name":"","height_m":0,"height_basis":"unknown","height_tag":null,"levels_tag":null,"building":"apartments","source_url":"https://www.openstreetmap.org/way/541149225"},"geometry":{"type":"Polygon","coordinates":[[[121.2228973,31.0295958],[121.2229035,31.0297182],[121.2235375,31.0296969],[121.2235348,31.029576],[121.2228973,31.0295958]]]}},{"type":"Feature","id":541149226,"properties":{"osm_id":541149226,"name":"","height_m":0,"height_basis":"unknown","height_tag":null,"levels_tag":null,"building":"apartments","source_url":"https://www.openstreetmap.org/way/541149226"},"geometry":{"type":"Polygon","coordinates":[[[121.223637,31.0295798],[121.2236397,31.0297022],[121.2240498,31.0296955],[121.2240471,31.029573],[121.223637,31.0295798]]]}},{"type":"Feature","id":541149227,"properties":{"osm_id":541149227,"name":"","height_m":0,"height_basis":"unknown","height_tag":null,"levels_tag":null,"building":"apartments","source_url":"https://www.openstreetmap.org/way/541149227"},"geometry":{"type":"Polygon","coordinates":[[[121.2243346,31.0295779],[121.2243374,31.0297003],[121.2247475,31.0296936],[121.2247447,31.0295711],[121.2243346,31.0295779]]]}},{"type":"Feature","id":541149228,"properties":{"osm_id":541149228,"name":"","height_m":0,"height_basis":"unknown","height_tag":null,"levels_tag":null,"building":"apartments","source_url":"https://www.openstreetmap.org/way/541149228"},"geometry":{"type":"Polygon","coordinates":[[[121.2248584,31.0295673],[121.2248612,31.0296897],[121.2252713,31.029683],[121.2252685,31.0295605],[121.2248584,31.0295673]]]}},{"type":"Feature","id":541149229,"properties":{"osm_id":541149229,"name":"","height_m":0,"height_basis":"unknown","height_tag":null,"levels_tag":null,"building":"apartments","source_url":"https://www.openstreetmap.org/way/541149229"},"geometry":{"type":"Polygon","coordinates":[[[121.224439,31.0292549],[121.2244418,31.0293774],[121.2248519,31.0293706],[121.2248491,31.0292482],[121.224439,31.0292549]]]}},{"type":"Feature","id":541149230,"properties":{"osm_id":541149230,"name":"","height_m":0,"height_basis":"unknown","height_tag":null,"levels_tag":null,"building":"apartments","source_url":"https://www.openstreetmap.org/way/541149230"},"geometry":{"type":"Polygon","coordinates":[[[121.2248761,31.0292473],[121.2248789,31.0293698],[121.2252889,31.029363],[121.2252862,31.0292406],[121.2248761,31.0292473]]]}},{"type":"Feature","id":541149231,"properties":{"osm_id":541149231,"name":"","height_m":0,"height_basis":"unknown","height_tag":null,"levels_tag":null,"building":"apartments","source_url":"https://www.openstreetmap.org/way/541149231"},"geometry":{"type":"Polygon","coordinates":[[[121.2248673,31.0289516],[121.22487,31.0290741],[121.2252801,31.0290673],[121.2252774,31.0289449],[121.2248673,31.0289516]]]}},{"type":"Feature","id":541149232,"properties":{"osm_id":541149232,"name":"","height_m":0,"height_basis":"unknown","height_tag":null,"levels_tag":null,"building":"apartments","source_url":"https://www.openstreetmap.org/way/541149232"},"geometry":{"type":"Polygon","coordinates":[[[121.2244408,31.0289501],[121.2244436,31.0290726],[121.2248536,31.0290658],[121.2248509,31.0289434],[121.2244408,31.0289501]]]}},{"type":"Feature","id":541149233,"properties":{"osm_id":541149233,"name":"","height_m":0,"height_basis":"unknown","height_tag":null,"levels_tag":null,"building":"apartments","source_url":"https://www.openstreetmap.org/way/541149233"},"geometry":{"type":"Polygon","coordinates":[[[121.22331,31.0292276],[121.2233128,31.0293501],[121.2237229,31.0293433],[121.2237201,31.0292209],[121.22331,31.0292276]]]}},{"type":"Feature","id":541149234,"properties":{"osm_id":541149234,"name":"","height_m":0,"height_basis":"unknown","height_tag":null,"levels_tag":null,"building":"apartments","source_url":"https://www.openstreetmap.org/way/541149234"},"geometry":{"type":"Polygon","coordinates":[[[121.2232994,31.0289107],[121.2233022,31.0290331],[121.2237122,31.0290264],[121.2237095,31.0289039],[121.2232994,31.0289107]]]}},{"type":"Feature","id":541149235,"properties":{"osm_id":541149235,"name":"","height_m":0,"height_basis":"unknown","height_tag":null,"levels_tag":null,"building":"apartments","source_url":"https://www.openstreetmap.org/way/541149235"},"geometry":{"type":"Polygon","coordinates":[[[121.2229349,31.0292792],[121.222927,31.0294031],[121.2232486,31.0293903],[121.2232459,31.0292679],[121.2229349,31.0292792]]]}},{"type":"Feature","id":541149236,"properties":{"osm_id":541149236,"name":"","height_m":0,"height_basis":"unknown","height_tag":null,"levels_tag":null,"building":"apartments","source_url":"https://www.openstreetmap.org/way/541149236"},"geometry":{"type":"Polygon","coordinates":[[[121.2229296,31.0289198],[121.2229129,31.0290483],[121.2232097,31.0290309],[121.2232069,31.0289085],[121.2229296,31.0289198]]]}},{"type":"Feature","id":541503983,"properties":{"osm_id":541503983,"name":"","height_m":0,"height_basis":"unknown","height_tag":null,"levels_tag":null,"building":"yes","source_url":"https://www.openstreetmap.org/way/541503983"},"geometry":{"type":"Polygon","coordinates":[[[121.2226895,31.0350945],[121.2228175,31.0351729],[121.2229829,31.0352333],[121.2231495,31.0352647],[121.223323,31.035264],[121.2233374,31.0352245],[121.2235657,31.03517],[121.2237986,31.0350815],[121.2238278,31.0349654],[121.2237426,31.0349764],[121.2237204,31.0349584],[121.2236935,31.0349574],[121.2236504,31.0349682],[121.2236329,31.0350011],[121.2236667,31.0350354],[121.2234881,31.0350866],[121.2233141,31.0351365],[121.2232487,31.0350995],[121.2231393,31.0351055],[121.2230286,31.0350635],[121.2228214,31.0350054],[121.2228191,31.0349854],[121.2227852,31.0349644],[121.2227432,31.0349764],[121.2226903,31.0349762],[121.2226895,31.0350945]]]}},{"type":"Feature","id":541503984,"properties":{"osm_id":541503984,"name":"","height_m":0,"height_basis":"unknown","height_tag":null,"levels_tag":null,"building":"yes","source_url":"https://www.openstreetmap.org/way/541503984"},"geometry":{"type":"Polygon","coordinates":[[[121.2231393,31.0351055],[121.2231448,31.0349554],[121.2232038,31.0349517],[121.2232662,31.0349489],[121.2233287,31.0349582],[121.2233806,31.0349704],[121.2234379,31.0350195],[121.2234881,31.0350866],[121.2233141,31.0351365],[121.2232487,31.0350995],[121.2231393,31.0351055]]]}},{"type":"Feature","id":541505179,"properties":{"osm_id":541505179,"name":"","height_m":0,"height_basis":"unknown","height_tag":null,"levels_tag":null,"building":"yes","source_url":"https://www.openstreetmap.org/way/541505179"},"geometry":{"type":"Polygon","coordinates":[[[121.2288095,31.0294973],[121.2288339,31.0296123],[121.2289191,31.0295991],[121.2288947,31.0294841],[121.2288095,31.0294973]]]}},{"type":"Feature","id":541505180,"properties":{"osm_id":541505180,"name":"","height_m":0,"height_basis":"unknown","height_tag":null,"levels_tag":null,"building":"house","source_url":"https://www.openstreetmap.org/way/541505180"},"geometry":{"type":"Polygon","coordinates":[[[121.2281868,31.0274453],[121.228187,31.0273355],[121.2281635,31.0273354],[121.2281635,31.0273228],[121.2280783,31.0273227],[121.2280783,31.0273167],[121.2280383,31.0273166],[121.2280383,31.0273475],[121.2280151,31.0273694],[121.2280065,31.0273936],[121.2280233,31.0274041],[121.2280233,31.027436],[121.2280803,31.0274361],[121.2280803,31.0274452],[121.2281868,31.0274453]]]}},{"type":"Feature","id":541505181,"properties":{"osm_id":541505181,"name":"","height_m":0,"height_basis":"unknown","height_tag":null,"levels_tag":null,"building":"house","source_url":"https://www.openstreetmap.org/way/541505181"},"geometry":{"type":"Polygon","coordinates":[[[121.2280373,31.0277299],[121.2280888,31.0276294],[121.2280673,31.0276212],[121.2280732,31.0276097],[121.2279952,31.0275803],[121.227998,31.0275748],[121.2279614,31.027561],[121.2279469,31.0275893],[121.2279155,31.0276014],[121.2278963,31.0276207],[121.2279067,31.027636],[121.2278918,31.0276653],[121.227944,31.0276849],[121.2279398,31.0276933],[121.2280373,31.0277299]]]}},{"type":"Feature","id":541505182,"properties":{"osm_id":541505182,"name":"","height_m":0,"height_basis":"unknown","height_tag":null,"levels_tag":null,"building":"yes","source_url":"https://www.openstreetmap.org/way/541505182"},"geometry":{"type":"Polygon","coordinates":[[[121.2279115,31.0278213],[121.2279455,31.0277666],[121.2278374,31.0277173],[121.2278034,31.0277721],[121.2279115,31.0278213]]]}},{"type":"Feature","id":541505183,"properties":{"osm_id":541505183,"name":"","height_m":0,"height_basis":"unknown","height_tag":null,"levels_tag":null,"building":"yes","source_url":"https://www.openstreetmap.org/way/541505183"},"geometry":{"type":"Polygon","coordinates":[[[121.2322591,31.0282219],[121.2322989,31.0282778],[121.2321852,31.0283372],[121.2321454,31.0282813],[121.2322591,31.0282219]]]}},{"type":"Feature","id":541703685,"properties":{"osm_id":541703685,"name":"","height_m":0,"height_basis":"unknown","height_tag":null,"levels_tag":null,"building":"house","source_url":"https://www.openstreetmap.org/way/541703685"},"geometry":{"type":"Polygon","coordinates":[[[121.2271082,31.0255331],[121.2271097,31.0256106],[121.2271554,31.0256099],[121.2271556,31.0256206],[121.2272221,31.0256196],[121.2272219,31.0256086],[121.2272489,31.0256082],[121.2272484,31.0255813],[121.2272554,31.0255812],[121.2272545,31.0255381],[121.2272234,31.0255385],[121.2272231,31.0255213],[121.2271364,31.0255225],[121.2271366,31.0255327],[121.2271082,31.0255331]]]}},{"type":"Feature","id":541703686,"properties":{"osm_id":541703686,"name":"","height_m":0,"height_basis":"unknown","height_tag":null,"levels_tag":null,"building":"house","source_url":"https://www.openstreetmap.org/way/541703686"},"geometry":{"type":"Polygon","coordinates":[[[121.2272118,31.0252887],[121.2272133,31.0253662],[121.227259,31.0253655],[121.2272592,31.0253762],[121.2273258,31.0253752],[121.2273256,31.0253642],[121.2273526,31.0253638],[121.227352,31.0253369],[121.227359,31.0253368],[121.2273581,31.0252937],[121.2273271,31.0252941],[121.2273267,31.0252769],[121.22724,31.0252781],[121.2272402,31.0252883],[121.2272118,31.0252887]]]}},{"type":"Feature","id":541703687,"properties":{"osm_id":541703687,"name":"","height_m":0,"height_basis":"unknown","height_tag":null,"levels_tag":null,"building":"house","source_url":"https://www.openstreetmap.org/way/541703687"},"geometry":{"type":"Polygon","coordinates":[[[121.2274824,31.0251848],[121.2274839,31.0252623],[121.2275297,31.0252617],[121.2275299,31.0252723],[121.2275964,31.0252713],[121.2275962,31.0252603],[121.2276232,31.0252599],[121.2276227,31.025233],[121.2276296,31.0252329],[121.2276288,31.0251898],[121.2275977,31.0251902],[121.2275974,31.025173],[121.2275107,31.0251743],[121.2275109,31.0251844],[121.2274824,31.0251848]]]}},{"type":"Feature","id":541703688,"properties":{"osm_id":541703688,"name":"","height_m":0,"height_basis":"unknown","height_tag":null,"levels_tag":null,"building":"house","source_url":"https://www.openstreetmap.org/way/541703688"},"geometry":{"type":"Polygon","coordinates":[[[121.2277351,31.0249814],[121.2277367,31.0250589],[121.2277824,31.0250583],[121.2277826,31.0250689],[121.2278491,31.0250679],[121.2278489,31.0250569],[121.2278759,31.0250565],[121.2278754,31.0250296],[121.2278823,31.0250295],[121.2278815,31.0249864],[121.2278504,31.0249868],[121.2278501,31.0249696],[121.2277634,31.0249709],[121.2277636,31.024981],[121.2277351,31.0249814]]]}},{"type":"Feature","id":541703689,"properties":{"osm_id":541703689,"name":"","height_m":0,"height_basis":"unknown","height_tag":null,"levels_tag":null,"building":"house","source_url":"https://www.openstreetmap.org/way/541703689"},"geometry":{"type":"Polygon","coordinates":[[[121.2279964,31.0247787],[121.2279979,31.0248563],[121.2280436,31.0248556],[121.2280438,31.0248662],[121.2281104,31.0248653],[121.2281102,31.0248542],[121.2281372,31.0248538],[121.2281367,31.024827],[121.2281436,31.0248269],[121.2281428,31.0247837],[121.2281117,31.0247842],[121.2281113,31.024767],[121.2280246,31.0247682],[121.2280248,31.0247783],[121.2279964,31.0247787]]]}},{"type":"Feature","id":541703690,"properties":{"osm_id":541703690,"name":"","height_m":0,"height_basis":"unknown","height_tag":null,"levels_tag":null,"building":"house","source_url":"https://www.openstreetmap.org/way/541703690"},"geometry":{"type":"Polygon","coordinates":[[[121.2282406,31.0245775],[121.2282421,31.0246551],[121.2282878,31.0246544],[121.228288,31.024665],[121.2283546,31.0246641],[121.2283544,31.024653],[121.2283814,31.0246526],[121.2283808,31.0246258],[121.2283878,31.0246257],[121.2283869,31.0245825],[121.2283559,31.024583],[121.2283555,31.0245658],[121.2282688,31.024567],[121.228269,31.0245771],[121.2282406,31.0245775]]]}},{"type":"Feature","id":541703691,"properties":{"osm_id":541703691,"name":"","height_m":0,"height_basis":"unknown","height_tag":null,"levels_tag":null,"building":"house","source_url":"https://www.openstreetmap.org/way/541703691"},"geometry":{"type":"Polygon","coordinates":[[[121.2285206,31.0243902],[121.2285221,31.0244678],[121.2285678,31.0244671],[121.2285681,31.0244777],[121.2286346,31.0244768],[121.2286344,31.0244657],[121.2286614,31.0244653],[121.2286609,31.0244385],[121.2286678,31.0244384],[121.228667,31.0243952],[121.2286359,31.0243957],[121.2286356,31.0243785],[121.2285489,31.0243797],[121.228549,31.0243898],[121.2285206,31.0243902]]]}},{"type":"Feature","id":541703692,"properties":{"osm_id":541703692,"name":"","height_m":0,"height_basis":"unknown","height_tag":null,"levels_tag":null,"building":"house","source_url":"https://www.openstreetmap.org/way/541703692"},"geometry":{"type":"Polygon","coordinates":[[[121.2287819,31.0244341],[121.2287834,31.0245116],[121.2288291,31.024511],[121.2288293,31.0245216],[121.2288959,31.0245207],[121.2288957,31.0245096],[121.2289227,31.0245092],[121.2289221,31.0244824],[121.2289291,31.0244823],[121.2289282,31.0244391],[121.2288972,31.0244396],[121.2288968,31.0244224],[121.2288101,31.0244236],[121.2288103,31.0244337],[121.2287819,31.0244341]]]}},{"type":"Feature","id":541703693,"properties":{"osm_id":541703693,"name":"","height_m":0,"height_basis":"unknown","height_tag":null,"levels_tag":null,"building":"house","source_url":"https://www.openstreetmap.org/way/541703693"},"geometry":{"type":"Polygon","coordinates":[[[121.2290576,31.0244363],[121.2290592,31.0245138],[121.2291049,31.0245132],[121.2291051,31.0245238],[121.2291716,31.0245229],[121.2291714,31.0245118],[121.2291984,31.0245114],[121.2291979,31.0244846],[121.2292048,31.0244845],[121.229204,31.0244413],[121.2291729,31.0244418],[121.2291726,31.0244245],[121.2290859,31.0244258],[121.2290861,31.0244359],[121.2290576,31.0244363]]]}},{"type":"Feature","id":541703694,"properties":{"osm_id":541703694,"name":"","height_m":0,"height_basis":"unknown","height_tag":null,"levels_tag":null,"building":"house","source_url":"https://www.openstreetmap.org/way/541703694"},"geometry":{"type":"Polygon","coordinates":[[[121.2287802,31.0241949],[121.2287817,31.0242724],[121.2288274,31.0242717],[121.2288276,31.0242824],[121.2288942,31.0242814],[121.2288939,31.0242704],[121.228921,31.02427],[121.2289204,31.0242431],[121.2289274,31.024243],[121.2289265,31.0241999],[121.2288954,31.0242003],[121.2288951,31.0241831],[121.2288084,31.0241843],[121.2288086,31.0241945],[121.2287802,31.0241949]]]}},{"type":"Feature","id":541703695,"properties":{"osm_id":541703695,"name":"","height_m":0,"height_basis":"unknown","height_tag":null,"levels_tag":null,"building":"house","source_url":"https://www.openstreetmap.org/way/541703695"},"geometry":{"type":"Polygon","coordinates":[[[121.2290593,31.0241854],[121.2290609,31.0242629],[121.2291066,31.0242622],[121.2291068,31.0242729],[121.2291733,31.0242719],[121.2291731,31.0242609],[121.2292001,31.0242605],[121.2291996,31.0242336],[121.2292066,31.0242335],[121.2292057,31.0241904],[121.2291746,31.0241908],[121.2291743,31.0241736],[121.2290876,31.0241748],[121.2290878,31.024185],[121.2290593,31.0241854]]]}},{"type":"Feature","id":541703696,"properties":{"osm_id":541703696,"name":"","height_m":0,"height_basis":"unknown","height_tag":null,"levels_tag":null,"building":"house","source_url":"https://www.openstreetmap.org/way/541703696"},"geometry":{"type":"Polygon","coordinates":[[[121.2293317,31.0240917],[121.2293332,31.0241692],[121.2293789,31.0241686],[121.2293791,31.0241792],[121.2294457,31.0241783],[121.2294455,31.0241672],[121.2294725,31.0241668],[121.229472,31.02414],[121.2294789,31.0241399],[121.2294781,31.0240967],[121.229447,31.0240972],[121.2294467,31.0240799],[121.2293599,31.0240812],[121.2293601,31.0240913],[121.2293317,31.0240917]]]}},{"type":"Feature","id":541703697,"properties":{"osm_id":541703697,"name":"","height_m":0,"height_basis":"unknown","height_tag":null,"levels_tag":null,"building":"house","source_url":"https://www.openstreetmap.org/way/541703697"},"geometry":{"type":"Polygon","coordinates":[[[121.2295733,31.0240961],[121.2295748,31.0241736],[121.2296205,31.024173],[121.2296208,31.0241836],[121.2296873,31.0241827],[121.2296871,31.0241716],[121.2297141,31.0241712],[121.2297136,31.0241443],[121.2297205,31.0241442],[121.2297197,31.0241011],[121.2296886,31.0241015],[121.2296883,31.0240843],[121.2296016,31.0240856],[121.2296018,31.0240957],[121.2295733,31.0240961]]]}},{"type":"Feature","id":541703698,"properties":{"osm_id":541703698,"name":"","height_m":0,"height_basis":"unknown","height_tag":null,"levels_tag":null,"building":"house","source_url":"https://www.openstreetmap.org/way/541703698"},"geometry":{"type":"Polygon","coordinates":[[[121.2298354,31.0240932],[121.2298369,31.0241707],[121.2298827,31.0241701],[121.2298829,31.0241807],[121.2299494,31.0241797],[121.2299492,31.0241687],[121.2299762,31.0241683],[121.2299757,31.0241414],[121.2299826,31.0241413],[121.2299818,31.0240982],[121.2299507,31.0240986],[121.2299504,31.0240814],[121.2298637,31.0240827],[121.2298639,31.0240928],[121.2298354,31.0240932]]]}},{"type":"Feature","id":541703699,"properties":{"osm_id":541703699,"name":"","height_m":0,"height_basis":"unknown","height_tag":null,"levels_tag":null,"building":"house","source_url":"https://www.openstreetmap.org/way/541703699"},"geometry":{"type":"Polygon","coordinates":[[[121.2300566,31.0241941],[121.2300939,31.0241943],[121.2300932,31.0242078],[121.230179,31.0242071],[121.2301778,31.0241614],[121.230201,31.024161],[121.2302004,31.0241399],[121.2301844,31.0241402],[121.2301826,31.0240703],[121.2301315,31.0240712],[121.2301319,31.0240865],[121.2300789,31.0240875],[121.2300793,31.0241255],[121.2300572,31.0241263],[121.2300566,31.0241941]]]}},{"type":"Feature","id":541726633,"properties":{"osm_id":541726633,"name":"","height_m":0,"height_basis":"unknown","height_tag":null,"levels_tag":null,"building":"apartments","source_url":"https://www.openstreetmap.org/way/541726633"},"geometry":{"type":"Polygon","coordinates":[[[121.2292104,31.0250265],[121.2292117,31.0251114],[121.2293891,31.0251094],[121.2293888,31.0250914],[121.229553,31.0250896],[121.2295529,31.0251066],[121.2297288,31.0251049],[121.2297275,31.0250177],[121.2295481,31.0250196],[121.2295478,31.0250004],[121.2293812,31.0250022],[121.2293815,31.0250246],[121.2292104,31.0250265]]]}},{"type":"Feature","id":541726634,"properties":{"osm_id":541726634,"name":"","height_m":0,"height_basis":"unknown","height_tag":null,"levels_tag":null,"building":"apartments","source_url":"https://www.openstreetmap.org/way/541726634"},"geometry":{"type":"Polygon","coordinates":[[[121.2298565,31.0250028],[121.2298578,31.0250876],[121.2300352,31.0250857],[121.2300349,31.0250677],[121.2301991,31.0250658],[121.230199,31.0250828],[121.2303749,31.0250811],[121.2303736,31.024994],[121.2301942,31.0249959],[121.2301939,31.0249766],[121.2300273,31.0249785],[121.2300276,31.0250009],[121.2298565,31.0250028]]]}},{"type":"Feature","id":609579308,"properties":{"osm_id":609579308,"name":"","height_m":0,"height_basis":"unknown","height_tag":null,"levels_tag":null,"building":"apartments","source_url":"https://www.openstreetmap.org/way/609579308"},"geometry":{"type":"Polygon","coordinates":[[[121.2298605,31.0252906],[121.2298618,31.0253754],[121.2300392,31.0253735],[121.2300389,31.0253555],[121.2302031,31.0253536],[121.230203,31.0253706],[121.2303789,31.0253689],[121.2303776,31.0252818],[121.2301982,31.0252837],[121.2301979,31.0252644],[121.2300313,31.0252663],[121.2300316,31.0252887],[121.2298605,31.0252906]]]}},{"type":"Feature","id":673517953,"properties":{"osm_id":673517953,"name":"29 - 30 phase Ⅱ","height_m":70.0,"height_basis":"osm_height","height_tag":"70","levels_tag":"25","building":"apartments","source_url":"https://www.openstreetmap.org/way/673517953"},"geometry":{"type":"Polygon","coordinates":[[[121.5018695,31.2325021],[121.5019023,31.2324577],[121.5019351,31.2324764],[121.5019802,31.2324075],[121.5019938,31.2324192],[121.5020403,31.2323724],[121.502084,31.2324028],[121.502058,31.2324308],[121.5020731,31.232446],[121.5021031,31.232446],[121.5021209,31.2324554],[121.5021277,31.2324857],[121.5022005,31.2325245],[121.5022616,31.232557],[121.5022821,31.2325512],[121.5023189,31.2325582],[121.502323,31.232592],[121.502364,31.232592],[121.5023695,31.232564],[121.502431,31.2325722],[121.5024118,31.2326236],[121.5024228,31.2326282],[121.5024118,31.2326645],[121.5023435,31.2326504],[121.5023309,31.2326868],[121.502404,31.2327115],[121.5023857,31.2327572],[121.5023432,31.2327456],[121.5023339,31.2327656],[121.5022706,31.2327673],[121.5022581,31.2327517],[121.5021162,31.2327189],[121.5021303,31.2326914],[121.5020049,31.2326216],[121.501986,31.2326377],[121.5018888,31.2325673],[121.5018966,31.2325579],[121.5018763,31.2325378],[121.5018904,31.2325211],[121.5018695,31.2325021]]]}},{"type":"Feature","id":673517954,"properties":{"osm_id":673517954,"name":"28 - 27 phase Ⅱ","height_m":70.0,"height_basis":"osm_height","height_tag":"70","levels_tag":"25","building":"apartments","source_url":"https://www.openstreetmap.org/way/673517954"},"geometry":{"type":"Polygon","coordinates":[[[121.50257,31.2327844],[121.5025523,31.2327342],[121.5025903,31.2327252],[121.5025589,31.232651],[121.5025781,31.2326498],[121.5025673,31.2325892],[121.5026227,31.2325808],[121.5026305,31.2326159],[121.5026538,31.2326162],[121.5026734,31.2325968],[121.5026933,31.2325914],[121.5027246,31.2326069],[121.5028753,31.232567],[121.5028835,31.23255],[121.5029139,31.2325307],[121.5029465,31.2325502],[121.5029733,31.2325238],[121.5029521,31.2325019],[121.5029996,31.2324675],[121.5030325,31.2325135],[121.5030438,31.2325095],[121.5030686,31.2325403],[121.5030115,31.2325752],[121.5030354,31.2326072],[121.5031051,31.2325762],[121.5031335,31.2326179],[121.5030955,31.2326378],[121.503107,31.2326569],[121.503067,31.2326989],[121.5030451,31.2326967],[121.5029232,31.232767],[121.5029081,31.2327398],[121.5027643,31.2327753],[121.5027662,31.232798],[121.5026403,31.2328147],[121.5026371,31.2328035],[121.502606,31.2328035],[121.5026004,31.2327834],[121.50257,31.2327844]]]}},{"type":"Feature","id":673517955,"properties":{"osm_id":673517955,"name":"25 - 26 phase Ⅱ","height_m":0,"height_basis":"unknown","height_tag":null,"levels_tag":null,"building":"apartments","source_url":"https://www.openstreetmap.org/way/673517955"},"geometry":{"type":"Polygon","coordinates":[[[121.5033737,31.2324006],[121.5033123,31.2324001],[121.5033136,31.2323664],[121.5032214,31.2323698],[121.5032258,31.2323538],[121.5031549,31.2323445],[121.5031622,31.2322967],[121.5032037,31.2323009],[121.5032109,31.232282],[121.5031952,31.2322601],[121.5031951,31.2322423],[121.5032218,31.2322214],[121.5032223,31.2320865],[121.5032058,31.2320747],[121.5031934,31.2320442],[121.5032249,31.2320234],[121.5032034,31.2319936],[121.5031726,31.2320044],[121.5031485,31.2319553],[121.5032097,31.2319422],[121.5032086,31.2319318],[121.5032504,31.2319208],[121.5032723,31.2319778],[121.5033151,31.2319679],[121.5033013,31.2319017],[121.5033564,31.2318911],[121.5033672,31.2319281],[121.503392,31.2319243],[121.5034269,31.2319695],[121.5034179,31.2319868],[121.5034598,31.2321073],[121.503425,31.2321115],[121.5034215,31.2322394],[121.5034474,31.2322446],[121.5034284,31.2323524],[121.503415,31.2323516],[121.5034057,31.232377],[121.5033816,31.2323755],[121.5033737,31.2324006]]]}},{"type":"Feature","id":673517956,"properties":{"osm_id":673517956,"name":"20 - 21 phase Ⅱ","height_m":0,"height_basis":"unknown","height_tag":null,"levels_tag":null,"building":"apartments","source_url":"https://www.openstreetmap.org/way/673517956"},"geometry":{"type":"Polygon","coordinates":[[[121.503662,31.2318795],[121.5036064,31.2318572],[121.503624,31.2318271],[121.5035384,31.2317974],[121.5035503,31.2317844],[121.5034903,31.2317508],[121.5035201,31.2317099],[121.5035559,31.2317285],[121.5035716,31.2317138],[121.5035679,31.2316883],[121.5035765,31.2316721],[121.5036109,31.2316625],[121.5036769,31.2315401],[121.5036676,31.2315234],[121.5036711,31.2314913],[121.5037099,31.2314836],[121.5037048,31.2314488],[121.5036716,31.2314477],[121.5036734,31.2313945],[121.5037355,31.2314043],[121.5037395,31.2313945],[121.5037829,31.2313992],[121.5037751,31.2314589],[121.5038189,31.2314651],[121.5038385,31.2314],[121.5038938,31.2314099],[121.5038857,31.2314474],[121.50391,31.2314528],[121.5039198,31.2315063],[121.5039033,31.2315188],[121.5038828,31.2316433],[121.5038492,31.2316347],[121.5037839,31.2317499],[121.5038049,31.2317638],[121.5037353,31.2318551],[121.5037234,31.2318496],[121.5037026,31.2318694],[121.5036814,31.2318595],[121.503662,31.2318795]]]}},{"type":"Feature","id":673517957,"properties":{"osm_id":673517957,"name":"","height_m":0,"height_basis":"unknown","height_tag":null,"levels_tag":null,"building":"residential","source_url":"https://www.openstreetmap.org/way/673517957"},"geometry":{"type":"Polygon","coordinates":[[[121.5016658,31.2319063],[121.5017212,31.2317747],[121.5019252,31.2318374],[121.5018699,31.2319691],[121.5016658,31.2319063]]]}},{"type":"Feature","id":673517958,"properties":{"osm_id":673517958,"name":"","height_m":0,"height_basis":"unknown","height_tag":null,"levels_tag":null,"building":"residential","source_url":"https://www.openstreetmap.org/way/673517958"},"geometry":{"type":"Polygon","coordinates":[[[121.501761,31.2316572],[121.501857,31.2315225],[121.5020412,31.2316185],[121.5019451,31.2317532],[121.501761,31.2316572]]]}},{"type":"Feature","id":673517961,"properties":{"osm_id":673517961,"name":"Club House","height_m":0,"height_basis":"unknown","height_tag":null,"levels_tag":null,"building":"residential","source_url":"https://www.openstreetmap.org/way/673517961"},"geometry":{"type":"Polygon","coordinates":[[[121.5031757,31.2314657],[121.5032171,31.2313892],[121.5032841,31.2312654],[121.5032221,31.2311086],[121.5035171,31.2310234],[121.5036074,31.2312517],[121.5035352,31.2312725],[121.5033298,31.231673],[121.5033505,31.2317151],[121.5031006,31.2317945],[121.5029904,31.2315381],[121.5031757,31.2314657]]]}},{"type":"Feature","id":694630313,"properties":{"osm_id":694630313,"name":"高博金融家俱乐部","height_m":0,"height_basis":"unknown","height_tag":null,"levels_tag":null,"building":"yes","source_url":"https://www.openstreetmap.org/way/694630313"},"geometry":{"type":"Polygon","coordinates":[[[121.4902602,31.2305625],[121.4902039,31.2305234],[121.4902428,31.2304762],[121.4901724,31.2304283],[121.4901184,31.2303926],[121.4900973,31.2303784],[121.4901474,31.230324],[121.4902362,31.2303837],[121.4902985,31.2304255],[121.4903548,31.2304633],[121.4903225,31.2304971],[121.4902602,31.2305625]]]}},{"type":"Feature","id":694630324,"properties":{"osm_id":694630324,"name":"","height_m":3.0,"height_basis":"osm_height","height_tag":"3","levels_tag":"1","building":"yes","source_url":"https://www.openstreetmap.org/way/694630324"},"geometry":{"type":"Polygon","coordinates":[[[121.4901297,31.2310072],[121.4900804,31.2309578],[121.4902191,31.2308498],[121.4902468,31.2308696],[121.4902745,31.2308518],[121.4903038,31.2308801],[121.4902614,31.2309097],[121.4901297,31.2310072]]]}},{"type":"Feature","id":754763863,"properties":{"osm_id":754763863,"name":"11-12 phase Ⅲ","height_m":0,"height_basis":"unknown","height_tag":null,"levels_tag":null,"building":"yes","source_url":"https://www.openstreetmap.org/way/754763863"},"geometry":{"type":"Polygon","coordinates":[[[121.5056008,31.2329324],[121.5055472,31.2329049],[121.5055847,31.2328407],[121.5056015,31.2328103],[121.5056303,31.2328315],[121.5056491,31.2328178],[121.5057269,31.2328522],[121.5057161,31.2328751],[121.5057993,31.2329141],[121.5058127,31.2328889],[121.5058731,31.2329187],[121.5059066,31.2329439],[121.5058637,31.2330288],[121.5058127,31.2330173],[121.5057859,31.2330288],[121.5057001,31.2330907],[121.5055847,31.2331457],[121.5055177,31.2331595],[121.5053809,31.2331847],[121.5052789,31.233187],[121.5052038,31.2331847],[121.5052146,31.2331457],[121.5051207,31.2331411],[121.5050198,31.2330854],[121.505057,31.2329934],[121.5051929,31.2328669],[121.5052838,31.2329418],[121.5052387,31.232986],[121.5053512,31.2330484],[121.5054397,31.2330435],[121.5054854,31.23304],[121.5055328,31.2330095],[121.5055619,31.2329908],[121.5056008,31.2329324]]]}},{"type":"Feature","id":754767164,"properties":{"osm_id":754767164,"name":"6 - 8 phase Ⅰ","height_m":0,"height_basis":"unknown","height_tag":null,"levels_tag":null,"building":"yes","source_url":"https://www.openstreetmap.org/way/754767164"},"geometry":{"type":"Polygon","coordinates":[[[121.5027709,31.2304371],[121.502738,31.2304525],[121.5027237,31.2304798],[121.5026969,31.2305033],[121.5028358,31.2306435],[121.5028751,31.230618],[121.5028946,31.2306185],[121.5029031,31.2306334],[121.502894,31.2306629],[121.5030947,31.2307358],[121.5031219,31.2307035],[121.5031452,31.2306863],[121.503162,31.2306953],[121.5031765,31.2307172],[121.5032546,31.2306874],[121.5032732,31.2307179],[121.5033367,31.2306952],[121.5033185,31.2306664],[121.5033872,31.2306364],[121.5033234,31.2305422],[121.5032551,31.2305685],[121.5031311,31.2306161],[121.5029191,31.230575],[121.5027709,31.2304371]]]}},{"type":"Feature","id":754767796,"properties":{"osm_id":754767796,"name":"6 - 8 phase Ⅲ","height_m":0,"height_basis":"unknown","height_tag":null,"levels_tag":null,"building":"yes","source_url":"https://www.openstreetmap.org/way/754767796"},"geometry":{"type":"Polygon","coordinates":[[[121.5045552,31.2313765],[121.5044728,31.2312954],[121.5045814,31.2311854],[121.5046866,31.2311304],[121.5047262,31.2311097],[121.5049209,31.2310499],[121.5050132,31.2310339],[121.5050682,31.2310243],[121.505248,31.2310339],[121.5053328,31.2310488],[121.5053353,31.2311609],[121.5052205,31.2311545],[121.5052105,31.2311844],[121.5050657,31.231178],[121.5050695,31.231147],[121.505016,31.2311537],[121.5049334,31.2311641],[121.5049334,31.2311897],[121.5048173,31.231226],[121.5048011,31.2312143],[121.5047572,31.2312378],[121.5046875,31.2312751],[121.5046788,31.2312986],[121.5045889,31.2313743],[121.5045552,31.2313765]]]}},{"type":"Feature","id":764096052,"properties":{"osm_id":764096052,"name":"1 - 5 phase Ⅲ","height_m":0,"height_basis":"unknown","height_tag":null,"levels_tag":null,"building":"yes","source_url":"https://www.openstreetmap.org/way/764096052"},"geometry":{"type":"Polygon","coordinates":[[[121.5052923,31.2319781],[121.5052346,31.231962],[121.5052749,31.2318347],[121.5053325,31.2318427],[121.5053446,31.2318301],[121.5054988,31.2318806],[121.5057094,31.2319953],[121.5058516,31.2321134],[121.5059427,31.2322418],[121.5060152,31.2324333],[121.5060246,31.2324654],[121.5058971,31.2325101],[121.5058744,31.2324597],[121.5058314,31.232353],[121.5057644,31.2322487],[121.5056437,31.2321294],[121.5054854,31.2320514],[121.5052869,31.2319953],[121.5052923,31.2319781]]]}},{"type":"Feature","id":799017742,"properties":{"osm_id":799017742,"name":"世纪出版大厦","height_m":0,"height_basis":"unknown","height_tag":null,"levels_tag":null,"building":"commercial","source_url":"https://www.openstreetmap.org/way/799017742"},"geometry":{"type":"Polygon","coordinates":[[[121.4769257,31.2349893],[121.4769277,31.2349615],[121.4768468,31.2349375],[121.4768348,31.2349181],[121.4768444,31.2348954],[121.4768734,31.2348789],[121.4769419,31.2349006],[121.476944,31.2348572],[121.4770131,31.2348606],[121.4770944,31.234878],[121.4771798,31.2349111],[121.4772672,31.2349528],[121.4773566,31.2350066],[121.4773363,31.2350345],[121.477381,31.2350518],[121.4774037,31.2350704],[121.4774082,31.2350965],[121.4773932,31.2351179],[121.4773657,31.2351295],[121.4773444,31.2351179],[121.4772936,31.2350901],[121.4772611,31.2351144],[121.4771838,31.2350588],[121.4770558,31.2350049],[121.4769257,31.2349893]]]}},{"type":"Feature","id":803292747,"properties":{"osm_id":803292747,"name":"浦东美术馆","height_m":30.0,"height_basis":"osm_height","height_tag":"30","levels_tag":"4","building":"museum","source_url":"https://www.openstreetmap.org/way/803292747"},"geometry":{"type":"Polygon","coordinates":[[[121.491529,31.24049],[121.4915317,31.2399993],[121.4916162,31.2400004],[121.4916149,31.2399763],[121.4916967,31.2399752],[121.4917074,31.2399396],[121.49158,31.2398869],[121.4916511,31.2397688],[121.4918134,31.2398422],[121.4918388,31.2398078],[121.4921258,31.2399488],[121.4921406,31.239927],[121.4925389,31.2401288],[121.4921822,31.2406483],[121.4920816,31.2406035],[121.4920092,31.2407102],[121.491529,31.24049]]]}},{"type":"Feature","id":803305610,"properties":{"osm_id":803305610,"name":"","height_m":0,"height_basis":"unknown","height_tag":null,"levels_tag":null,"building":"yes","source_url":"https://www.openstreetmap.org/way/803305610"},"geometry":{"type":"Polygon","coordinates":[[[121.4940626,31.2418598],[121.4940909,31.2416261],[121.4944605,31.2416589],[121.494456,31.2416954],[121.4945405,31.2417029],[121.4945128,31.2419319],[121.4941826,31.2419027],[121.4941864,31.2418708],[121.4940626,31.2418598]]]}},{"type":"Feature","id":804795620,"properties":{"osm_id":804795620,"name":"16 - 19 phase Ⅰ","height_m":0,"height_basis":"unknown","height_tag":null,"levels_tag":null,"building":"yes","source_url":"https://www.openstreetmap.org/way/804795620"},"geometry":{"type":"Polygon","coordinates":[[[121.503726,31.2310038],[121.5037268,31.2310359],[121.5037487,31.2310593],[121.5037608,31.2310904],[121.5039703,31.231049],[121.5039617,31.2310074],[121.5039712,31.2309928],[121.5039906,31.2309933],[121.504017,31.2310136],[121.5041847,31.2308944],[121.5041636,31.230859],[121.5041564,31.2308334],[121.5041735,31.2308248],[121.5042029,31.2308238],[121.5042077,31.2307508],[121.5042479,31.2307506],[121.5042534,31.2306919],[121.5042152,31.2306926],[121.5042154,31.2306266],[121.5041842,31.2306276],[121.5042195,31.230605],[121.5041941,31.2305805],[121.5042384,31.2305556],[121.5041485,31.2304309],[121.5040083,31.2304935],[121.5040882,31.2306319],[121.504077,31.230812],[121.5039372,31.2309543],[121.503726,31.2310038]]]}},{"type":"Feature","id":804795621,"properties":{"osm_id":804795621,"name":"13 - 15 phase Ⅰ","height_m":0,"height_basis":"unknown","height_tag":null,"levels_tag":null,"building":"residential","source_url":"https://www.openstreetmap.org/way/804795621"},"geometry":{"type":"Polygon","coordinates":[[[121.5035554,31.2301086],[121.5037108,31.2302508],[121.5039247,31.2302997],[121.5038975,31.2303959],[121.5038347,31.2303883],[121.5038289,31.2304094],[121.5037437,31.2304005],[121.5037356,31.2303665],[121.5036769,31.2303491],[121.5036815,31.2302975],[121.5036313,31.2303257],[121.503606,31.2303074],[121.5035861,31.2303118],[121.503568,31.2303047],[121.5035504,31.230311],[121.5034901,31.2302556],[121.5034985,31.230242],[121.503473,31.2302199],[121.5034967,31.2301982],[121.503476,31.2301835],[121.5035554,31.2301086]]]}},{"type":"Feature","id":804795622,"properties":{"osm_id":804795622,"name":"9 - 12 phase Ⅰ","height_m":0,"height_basis":"unknown","height_tag":null,"levels_tag":null,"building":"yes","source_url":"https://www.openstreetmap.org/way/804795622"},"geometry":{"type":"Polygon","coordinates":[[[121.5033501,31.2301842],[121.5033778,31.2301625],[121.503384,31.230133],[121.5034034,31.2301047],[121.503229,31.2299972],[121.5031981,31.2300301],[121.503179,31.2300336],[121.5031666,31.2300208],[121.5031671,31.2299904],[121.5029518,31.2299609],[121.5029345,31.2299979],[121.5029167,31.2300193],[121.5028979,31.2300141],[121.5028776,31.2299957],[121.5028102,31.2300407],[121.5027836,31.2300149],[121.5027283,31.2300501],[121.5027541,31.2300743],[121.5026958,31.2301175],[121.5027173,31.2301369],[121.5026741,31.2301291],[121.5026693,31.2301616],[121.5026181,31.2301495],[121.5025677,31.2302894],[121.502715,31.2303385],[121.5027843,31.2301959],[121.5029501,31.2300846],[121.5031675,31.2300808],[121.5033501,31.2301842]]]}},{"type":"Feature","id":804795623,"properties":{"osm_id":804795623,"name":"1 - 5 phase Ⅰ","height_m":0,"height_basis":"unknown","height_tag":null,"levels_tag":null,"building":"yes","source_url":"https://www.openstreetmap.org/way/804795623"},"geometry":{"type":"Polygon","coordinates":[[[121.5020483,31.2312775],[121.5020457,31.2313095],[121.5020649,31.2313346],[121.5020736,31.2313665],[121.5022867,31.231342],[121.5022826,31.2312999],[121.5022936,31.2312861],[121.5023129,31.2312881],[121.5023371,31.2313105],[121.502517,31.2312052],[121.5024998,31.2311682],[121.5024955,31.2311422],[121.5025134,31.2311349],[121.5025428,31.2311363],[121.5025556,31.231064],[121.5025956,31.231067],[121.5026074,31.231009],[121.5025693,31.2310066],[121.5025768,31.230941],[121.5025456,31.2309395],[121.5025832,31.2309198],[121.5025606,31.2308933],[121.5026075,31.2308721],[121.5025315,31.2307408],[121.5023851,31.2307919],[121.5024031,31.2308323],[121.5024495,31.2309362],[121.5024187,31.2311145],[121.502264,31.2312451],[121.5021693,31.2312593],[121.5020483,31.2312775]]]}},{"type":"Feature","id":804795624,"properties":{"osm_id":804795624,"name":"9 - 10 phase Ⅲ","height_m":0,"height_basis":"unknown","height_tag":null,"levels_tag":null,"building":"yes","source_url":"https://www.openstreetmap.org/way/804795624"},"geometry":{"type":"Polygon","coordinates":[[[121.5043533,31.2328658],[121.5043333,31.2328152],[121.5044105,31.232787],[121.5044463,31.2327732],[121.5044522,31.2328053],[121.5044769,31.2328052],[121.5045101,31.2328745],[121.5044845,31.232886],[121.5045184,31.2329618],[121.5045477,31.23295],[121.5045712,31.2330061],[121.5045776,31.2330439],[121.5044807,31.2330848],[121.5044505,31.2330478],[121.5044214,31.2330418],[121.5043091,31.2330414],[121.5042109,31.2330432],[121.5041069,31.2330119],[121.5039947,31.2329364],[121.5039152,31.2328817],[121.5038597,31.2328383],[121.5038975,31.2328146],[121.5038294,31.2327591],[121.5037947,31.2326608],[121.5038927,31.2326113],[121.504092,31.2325901],[121.5041046,31.2326975],[121.5040367,31.2327062],[121.5040752,31.232816],[121.5041839,31.2328839],[121.5042431,31.2328869],[121.5042794,31.2328888],[121.5043533,31.2328658]]]}},{"type":"Feature","id":810390875,"properties":{"osm_id":810390875,"name":"","height_m":0,"height_basis":"unknown","height_tag":null,"levels_tag":null,"building":"yes","source_url":"https://www.openstreetmap.org/way/810390875"},"geometry":{"type":"Polygon","coordinates":[[[121.5024405,31.2323458],[121.5023188,31.2320558],[121.5024637,31.2320114],[121.5025201,31.2321473],[121.5025843,31.2323017],[121.5024405,31.2323458]]]}},{"type":"Feature","id":836643370,"properties":{"osm_id":836643370,"name":"","height_m":0,"height_basis":"unknown","height_tag":null,"levels_tag":null,"building":"yes","source_url":"https://www.openstreetmap.org/way/836643370"},"geometry":{"type":"Polygon","coordinates":[[[121.5067926,31.2316464],[121.506981,31.2317159],[121.5071824,31.2313494],[121.5069921,31.2312768],[121.5067926,31.2316464]]]}},{"type":"Feature","id":836643371,"properties":{"osm_id":836643371,"name":"","height_m":0,"height_basis":"unknown","height_tag":null,"levels_tag":null,"building":"yes","source_url":"https://www.openstreetmap.org/way/836643371"},"geometry":{"type":"Polygon","coordinates":[[[121.5039449,31.2322511],[121.5040579,31.2322983],[121.5041427,31.2321376],[121.5041511,31.2321246],[121.5040399,31.2320796],[121.5039449,31.2322511]]]}},{"type":"Feature","id":836643372,"properties":{"osm_id":836643372,"name":"","height_m":0,"height_basis":"unknown","height_tag":null,"levels_tag":null,"building":"yes","source_url":"https://www.openstreetmap.org/way/836643372"},"geometry":{"type":"Polygon","coordinates":[[[121.5041427,31.2321376],[121.504185,31.2321539],[121.5040924,31.2323208],[121.5040538,31.2323061],[121.5040579,31.2322983],[121.5041427,31.2321376]]]}},{"type":"Feature","id":836643373,"properties":{"osm_id":836643373,"name":"","height_m":0,"height_basis":"unknown","height_tag":null,"levels_tag":null,"building":"yes","source_url":"https://www.openstreetmap.org/way/836643373"},"geometry":{"type":"Polygon","coordinates":[[[121.5040924,31.2323208],[121.5040843,31.2323354],[121.5041995,31.2323838],[121.5042468,31.2323008],[121.5042898,31.2323187],[121.5043689,31.2321798],[121.5044016,31.2321177],[121.5043606,31.2321011],[121.5043606,31.2320913],[121.5042951,31.2320647],[121.5042887,31.2320764],[121.5042392,31.2320563],[121.504185,31.2321539],[121.5040924,31.2323208]]]}},{"type":"Feature","id":836643375,"properties":{"osm_id":836643375,"name":"","height_m":0,"height_basis":"unknown","height_tag":null,"levels_tag":null,"building":"school","source_url":"https://www.openstreetmap.org/way/836643375"},"geometry":{"type":"Polygon","coordinates":[[[121.5041957,31.2319699],[121.5043939,31.2320327],[121.5044539,31.2319167],[121.5042656,31.2318462],[121.5041957,31.2319699]]]}},{"type":"Feature","id":836643376,"properties":{"osm_id":836643376,"name":"","height_m":0,"height_basis":"unknown","height_tag":null,"levels_tag":null,"building":"yes","source_url":"https://www.openstreetmap.org/way/836643376"},"geometry":{"type":"Polygon","coordinates":[[[121.5040131,31.2320118],[121.5041152,31.2320544],[121.5041564,31.2319822],[121.5040543,31.2319396],[121.5040131,31.2320118]]]}},{"type":"Feature","id":836643387,"properties":{"osm_id":836643387,"name":"","height_m":0,"height_basis":"unknown","height_tag":null,"levels_tag":null,"building":"yes","source_url":"https://www.openstreetmap.org/way/836643387"},"geometry":{"type":"Polygon","coordinates":[[[121.5024637,31.2320114],[121.5026559,31.2319531],[121.5026609,31.231965],[121.5027123,31.232089],[121.5025201,31.2321473],[121.5024637,31.2320114]]]}},{"type":"Feature","id":837781307,"properties":{"osm_id":837781307,"name":"31-33 phase Ⅱ","height_m":0,"height_basis":"unknown","height_tag":null,"levels_tag":null,"building":"yes","source_url":"https://www.openstreetmap.org/way/837781307"},"geometry":{"type":"Polygon","coordinates":[[[121.5013075,31.2321704],[121.5013075,31.232215],[121.5013455,31.2322116],[121.5013989,31.2322067],[121.5014837,31.2321676],[121.5015163,31.2321076],[121.5015065,31.2320895],[121.5013238,31.2320895],[121.5013891,31.2320448],[121.5012879,31.2319583],[121.5012439,31.2319932],[121.5012667,31.2320392],[121.5010611,31.2322095],[121.501053,31.2322415],[121.5009322,31.232388],[121.5010742,31.2324815],[121.5012765,31.2325708],[121.5013825,31.2325917],[121.5014853,31.2325806],[121.5014674,31.2325136],[121.5015947,31.2324745],[121.5015375,31.2324118],[121.5014413,31.2323964],[121.5014002,31.2324076],[121.5013385,31.2324243],[121.5012536,31.2324173],[121.5012472,31.2323382],[121.5012455,31.2323071],[121.501208,31.2322597],[121.5013075,31.2321704]]]}},{"type":"Feature","id":837781308,"properties":{"osm_id":837781308,"name":"","height_m":0,"height_basis":"unknown","height_tag":null,"levels_tag":null,"building":"yes","source_url":"https://www.openstreetmap.org/way/837781308"},"geometry":{"type":"Polygon","coordinates":[[[121.5014266,31.2323248],[121.5014986,31.2323174],[121.5014942,31.2322837],[121.5014886,31.2322527],[121.5014169,31.2322604],[121.5014009,31.2322451],[121.5013989,31.2322067],[121.5013455,31.2322116],[121.5013489,31.2322518],[121.5013275,31.2322602],[121.5013114,31.2322874],[121.5012455,31.2323071],[121.5012472,31.2323382],[121.5013165,31.2323238],[121.5013363,31.2323499],[121.5013696,31.2323524],[121.5014002,31.2324076],[121.5014413,31.2323964],[121.5014171,31.2323383],[121.5014266,31.2323248]]]}},{"type":"Feature","id":841161980,"properties":{"osm_id":841161980,"name":"","height_m":0,"height_basis":"unknown","height_tag":null,"levels_tag":null,"building":"yes","source_url":"https://www.openstreetmap.org/way/841161980"},"geometry":{"type":"Polygon","coordinates":[[[121.5048863,31.2300375],[121.5049735,31.2300765],[121.505007,31.2300398],[121.5051747,31.2301143],[121.5051559,31.2301579],[121.5052444,31.2302003],[121.505282,31.2302095],[121.5053785,31.2302187],[121.5053812,31.2301797],[121.5055797,31.2302049],[121.5055743,31.2302439],[121.5056655,31.2302554],[121.5056494,31.2303827],[121.5052551,31.2303333],[121.5051854,31.2303012],[121.5048246,31.2301338],[121.5048863,31.2300375]]]}},{"type":"Feature","id":841161981,"properties":{"osm_id":841161981,"name":"","height_m":0,"height_basis":"unknown","height_tag":null,"levels_tag":null,"building":"yes","source_url":"https://www.openstreetmap.org/way/841161981"},"geometry":{"type":"Polygon","coordinates":[[[121.5056846,31.2303804],[121.505671,31.2302634],[121.5057615,31.2302557],[121.505756,31.2302084],[121.5059366,31.2301931],[121.5059415,31.2302359],[121.5059859,31.2302321],[121.506,31.2303535],[121.5056846,31.2303804]]]}},{"type":"Feature","id":841161982,"properties":{"osm_id":841161982,"name":"","height_m":0,"height_basis":"unknown","height_tag":null,"levels_tag":null,"building":"yes","source_url":"https://www.openstreetmap.org/way/841161982"},"geometry":{"type":"Polygon","coordinates":[[[121.5059887,31.2302313],[121.5060839,31.2302267],[121.5061,31.2303356],[121.5060343,31.2303528],[121.5059887,31.2302313]]]}},{"type":"Feature","id":859488662,"properties":{"osm_id":859488662,"name":"","height_m":0,"height_basis":"unknown","height_tag":null,"levels_tag":null,"building":"yes","source_url":"https://www.openstreetmap.org/way/859488662"},"geometry":{"type":"Polygon","coordinates":[[[121.4791171,31.2254873],[121.4790933,31.2255561],[121.4793062,31.22561],[121.47933,31.2255412],[121.4791171,31.2254873]]]}},{"type":"Feature","id":859488663,"properties":{"osm_id":859488663,"name":"","height_m":0,"height_basis":"unknown","height_tag":null,"levels_tag":null,"building":"yes","source_url":"https://www.openstreetmap.org/way/859488663"},"geometry":{"type":"Polygon","coordinates":[[[121.4791641,31.2253279],[121.4791194,31.2254568],[121.4792807,31.2254976],[121.4793254,31.2253688],[121.4791641,31.2253279]]]}},{"type":"Feature","id":859488664,"properties":{"osm_id":859488664,"name":"","height_m":0,"height_basis":"unknown","height_tag":null,"levels_tag":null,"building":"yes","source_url":"https://www.openstreetmap.org/way/859488664"},"geometry":{"type":"Polygon","coordinates":[[[121.479266,31.2250045],[121.4791609,31.2253079],[121.4794484,31.2253807],[121.4795534,31.2250773],[121.479266,31.2250045]]]}},{"type":"Feature","id":859488665,"properties":{"osm_id":859488665,"name":"","height_m":0,"height_basis":"unknown","height_tag":null,"levels_tag":null,"building":"yes","source_url":"https://www.openstreetmap.org/way/859488665"},"geometry":{"type":"Polygon","coordinates":[[[121.4795503,31.2252064],[121.4800378,31.2253476],[121.4800627,31.2252839],[121.479981,31.2252276],[121.4795765,31.2251064],[121.4795503,31.2252064]]]}},{"type":"Feature","id":859488666,"properties":{"osm_id":859488666,"name":"","height_m":0,"height_basis":"unknown","height_tag":null,"levels_tag":null,"building":"yes","source_url":"https://www.openstreetmap.org/way/859488666"},"geometry":{"type":"Polygon","coordinates":[[[121.479494,31.2253761],[121.4799639,31.2254999],[121.4799969,31.2254013],[121.4795242,31.2252844],[121.479494,31.2253761]]]}},{"type":"Feature","id":859488667,"properties":{"osm_id":859488667,"name":"","height_m":0,"height_basis":"unknown","height_tag":null,"levels_tag":null,"building":"yes","source_url":"https://www.openstreetmap.org/way/859488667"},"geometry":{"type":"Polygon","coordinates":[[[121.4793626,31.2255263],[121.479899,31.2256662],[121.47994,31.225578],[121.4793929,31.2254289],[121.4793626,31.2255263]]]}},{"type":"Feature","id":859488668,"properties":{"osm_id":859488668,"name":"","height_m":0,"height_basis":"unknown","height_tag":null,"levels_tag":null,"building":"yes","source_url":"https://www.openstreetmap.org/way/859488668"},"geometry":{"type":"Polygon","coordinates":[[[121.4790782,31.2255756],[121.4790256,31.2257449],[121.4797206,31.2258658],[121.4797997,31.2258795],[121.4798319,31.2258652],[121.479857,31.2258332],[121.4798762,31.2257798],[121.4790782,31.2255756]]]}},{"type":"Feature","id":868525509,"properties":{"osm_id":868525509,"name":"天蟾逸夫舞台","height_m":0,"height_basis":"unknown","height_tag":null,"levels_tag":null,"building":"yes","source_url":"https://www.openstreetmap.org/way/868525509"},"geometry":{"type":"Polygon","coordinates":[[[121.4729211,31.2338576],[121.4729505,31.2338096],[121.4729278,31.2338008],[121.4729527,31.2337571],[121.4729306,31.2337485],[121.4729099,31.2336804],[121.4726909,31.2335981],[121.4726721,31.2335659],[121.4728385,31.2332459],[121.4728391,31.2332462],[121.4732009,31.2333872],[121.4731273,31.2335286],[121.4731339,31.2335697],[121.4730779,31.2336675],[121.4730922,31.2337254],[121.4730784,31.233751],[121.4731007,31.233783],[121.4731478,31.2338017],[121.4731086,31.233876],[121.473093,31.233889],[121.4730733,31.2338978],[121.4730473,31.2338997],[121.4730248,31.2338975],[121.4729211,31.2338576]]]}},{"type":"Feature","id":899205734,"properties":{"osm_id":899205734,"name":"保时捷大厦","height_m":0,"height_basis":"unknown","height_tag":null,"levels_tag":null,"building":"yes","source_url":"https://www.openstreetmap.org/way/899205734"},"geometry":{"type":"Polygon","coordinates":[[[121.5115232,31.2340201],[121.5119436,31.2340975],[121.5118191,31.2345918],[121.5113987,31.2345143],[121.5115232,31.2340201]]]}},{"type":"Feature","id":899205736,"properties":{"osm_id":899205736,"name":"L+MALL","height_m":0,"height_basis":"unknown","height_tag":null,"levels_tag":null,"building":"yes","source_url":"https://www.openstreetmap.org/way/899205736"},"geometry":{"type":"Polygon","coordinates":[[[121.5108986,31.2337791],[121.5105897,31.233674],[121.5110907,31.2324824],[121.5113507,31.2325189],[121.5113197,31.2326273],[121.5113965,31.2326419],[121.5114536,31.2324624],[121.5117659,31.232522],[121.511459,31.233894],[121.5114087,31.2338878],[121.51139,31.2339957],[121.5108858,31.2339025],[121.5108986,31.2337791]]]}},{"type":"Feature","id":948045836,"properties":{"osm_id":948045836,"name":"","height_m":0,"height_basis":"unknown","height_tag":null,"levels_tag":null,"building":"residential","source_url":"https://www.openstreetmap.org/way/948045836"},"geometry":{"type":"Polygon","coordinates":[[[121.506126,31.2336732],[121.5063074,31.2337321],[121.5063201,31.2337036],[121.5062965,31.2336959],[121.5063177,31.2336483],[121.506338,31.2336548],[121.5063615,31.233602],[121.5061819,31.2335437],[121.5061572,31.2335992],[121.5061887,31.2336094],[121.5061675,31.233657],[121.5061375,31.2336472],[121.506126,31.2336732]]]}},{"type":"Feature","id":948057320,"properties":{"osm_id":948057320,"name":"","height_m":0,"height_basis":"unknown","height_tag":null,"levels_tag":null,"building":"kindergarten","source_url":"https://www.openstreetmap.org/way/948057320"},"geometry":{"type":"Polygon","coordinates":[[[121.504566,31.2317614],[121.5043609,31.2316805],[121.5044221,31.231567],[121.5046272,31.2316479],[121.504566,31.2317614]]]}},{"type":"Feature","id":948059114,"properties":{"osm_id":948059114,"name":"","height_m":0,"height_basis":"unknown","height_tag":null,"levels_tag":null,"building":"yes","source_url":"https://www.openstreetmap.org/way/948059114"},"geometry":{"type":"Polygon","coordinates":[[[121.502191,31.2307849],[121.5022353,31.230788],[121.5022394,31.2307446],[121.5021951,31.2307415],[121.502191,31.2307849]]]}},{"type":"Feature","id":948059115,"properties":{"osm_id":948059115,"name":"","height_m":0,"height_basis":"unknown","height_tag":null,"levels_tag":null,"building":"yes","source_url":"https://www.openstreetmap.org/way/948059115"},"geometry":{"type":"Polygon","coordinates":[[[121.5019095,31.2311699],[121.50193,31.2312037],[121.5019752,31.2311836],[121.5019547,31.2311499],[121.5019095,31.2311699]]]}},{"type":"Feature","id":948878100,"properties":{"osm_id":948878100,"name":"","height_m":0,"height_basis":"unknown","height_tag":null,"levels_tag":null,"building":"yes","source_url":"https://www.openstreetmap.org/way/948878100"},"geometry":{"type":"Polygon","coordinates":[[[121.5067223,31.2320455],[121.506545,31.2319819],[121.506435,31.232206],[121.5066124,31.2322696],[121.5067223,31.2320455]]]}},{"type":"Feature","id":956369929,"properties":{"osm_id":956369929,"name":"上海浦东丽晶酒店","height_m":0,"height_basis":"unknown","height_tag":null,"levels_tag":null,"building":"yes","source_url":"https://www.openstreetmap.org/way/956369929"},"geometry":{"type":"Polygon","coordinates":[[[121.505718,31.2364089],[121.5055451,31.2359877],[121.5059222,31.2358745],[121.5060538,31.2361952],[121.5062157,31.2361466],[121.5062672,31.236272],[121.5061049,31.2363208],[121.5060947,31.2362958],[121.505718,31.2364089]]]}},{"type":"Feature","id":956369930,"properties":{"osm_id":956369930,"name":"","height_m":0,"height_basis":"unknown","height_tag":null,"levels_tag":null,"building":"residential","source_url":"https://www.openstreetmap.org/way/956369930"},"geometry":{"type":"Polygon","coordinates":[[[121.507134,31.2359875],[121.5071988,31.2358696],[121.5068081,31.2357126],[121.5067433,31.2358306],[121.507134,31.2359875]]]}},{"type":"Feature","id":956369931,"properties":{"osm_id":956369931,"name":"","height_m":0,"height_basis":"unknown","height_tag":null,"levels_tag":null,"building":"residential","source_url":"https://www.openstreetmap.org/way/956369931"},"geometry":{"type":"Polygon","coordinates":[[[121.506686,31.2357913],[121.5067473,31.2356787],[121.506235,31.2354747],[121.5061736,31.2355873],[121.506686,31.2357913]]]}},{"type":"Feature","id":956369932,"properties":{"osm_id":956369932,"name":"","height_m":0,"height_basis":"unknown","height_tag":null,"levels_tag":null,"building":"residential","source_url":"https://www.openstreetmap.org/way/956369932"},"geometry":{"type":"Polygon","coordinates":[[[121.5068851,31.235565],[121.5069187,31.2354917],[121.5072944,31.2356178],[121.5072608,31.235691],[121.5068851,31.235565]]]}},{"type":"Feature","id":956369933,"properties":{"osm_id":956369933,"name":"","height_m":0,"height_basis":"unknown","height_tag":null,"levels_tag":null,"building":"residential","source_url":"https://www.openstreetmap.org/way/956369933"},"geometry":{"type":"Polygon","coordinates":[[[121.5069817,31.2353523],[121.5070154,31.235279],[121.507391,31.2354051],[121.5073574,31.2354783],[121.5069817,31.2353523]]]}},{"type":"Feature","id":956369934,"properties":{"osm_id":956369934,"name":"","height_m":0,"height_basis":"unknown","height_tag":null,"levels_tag":null,"building":"residential","source_url":"https://www.openstreetmap.org/way/956369934"},"geometry":{"type":"Polygon","coordinates":[[[121.5075211,31.2355252],[121.5075547,31.235452],[121.5079304,31.235578],[121.5078968,31.2356512],[121.5075211,31.2355252]]]}},{"type":"Feature","id":956369935,"properties":{"osm_id":956369935,"name":"","height_m":0,"height_basis":"unknown","height_tag":null,"levels_tag":null,"building":"residential","source_url":"https://www.openstreetmap.org/way/956369935"},"geometry":{"type":"Polygon","coordinates":[[[121.5076098,31.2353159],[121.5076434,31.2352426],[121.5080191,31.2353687],[121.5079855,31.2354419],[121.5076098,31.2353159]]]}},{"type":"Feature","id":956369936,"properties":{"osm_id":956369936,"name":"","height_m":0,"height_basis":"unknown","height_tag":null,"levels_tag":null,"building":"residential","source_url":"https://www.openstreetmap.org/way/956369936"},"geometry":{"type":"Polygon","coordinates":[[[121.5077092,31.2351096],[121.5077428,31.2350363],[121.5081184,31.2351623],[121.5080848,31.2352355],[121.5077092,31.2351096]]]}},{"type":"Feature","id":956369937,"properties":{"osm_id":956369937,"name":"","height_m":0,"height_basis":"unknown","height_tag":null,"levels_tag":null,"building":"residential","source_url":"https://www.openstreetmap.org/way/956369937"},"geometry":{"type":"Polygon","coordinates":[[[121.5063604,31.2352627],[121.5063939,31.2351894],[121.5068901,31.235355],[121.5068567,31.2354283],[121.5063604,31.2352627]]]}},{"type":"Feature","id":956369938,"properties":{"osm_id":956369938,"name":"","height_m":0,"height_basis":"unknown","height_tag":null,"levels_tag":null,"building":"residential","source_url":"https://www.openstreetmap.org/way/956369938"},"geometry":{"type":"Polygon","coordinates":[[[121.5064562,31.2350337],[121.5064897,31.2349604],[121.5069859,31.235126],[121.5069525,31.2351992],[121.5064562,31.2350337]]]}},{"type":"Feature","id":956369939,"properties":{"osm_id":956369939,"name":"","height_m":0,"height_basis":"unknown","height_tag":null,"levels_tag":null,"building":"residential","source_url":"https://www.openstreetmap.org/way/956369939"},"geometry":{"type":"Polygon","coordinates":[[[121.5065662,31.2347909],[121.5065997,31.2347176],[121.5070959,31.2348832],[121.5070625,31.2349565],[121.5065662,31.2347909]]]}},{"type":"Feature","id":956369940,"properties":{"osm_id":956369940,"name":"","height_m":0,"height_basis":"unknown","height_tag":null,"levels_tag":null,"building":"residential","source_url":"https://www.openstreetmap.org/way/956369940"},"geometry":{"type":"Polygon","coordinates":[[[121.5066625,31.2345528],[121.5066959,31.2344795],[121.5071922,31.2346451],[121.5071587,31.2347183],[121.5066625,31.2345528]]]}},{"type":"Feature","id":956369941,"properties":{"osm_id":956369941,"name":"","height_m":0,"height_basis":"unknown","height_tag":null,"levels_tag":null,"building":"residential","source_url":"https://www.openstreetmap.org/way/956369941"},"geometry":{"type":"Polygon","coordinates":[[[121.5070611,31.2351366],[121.5070942,31.2350633],[121.507569,31.23522],[121.5075359,31.2352934],[121.5070611,31.2351366]]]}},{"type":"Feature","id":956369942,"properties":{"osm_id":956369942,"name":"","height_m":0,"height_basis":"unknown","height_tag":null,"levels_tag":null,"building":"residential","source_url":"https://www.openstreetmap.org/way/956369942"},"geometry":{"type":"Polygon","coordinates":[[[121.5071569,31.2349278],[121.50719,31.2348545],[121.5076648,31.2350112],[121.5076317,31.2350846],[121.5071569,31.2349278]]]}},{"type":"Feature","id":956369943,"properties":{"osm_id":956369943,"name":"","height_m":0,"height_basis":"unknown","height_tag":null,"levels_tag":null,"building":"residential","source_url":"https://www.openstreetmap.org/way/956369943"},"geometry":{"type":"Polygon","coordinates":[[[121.5072615,31.2346953],[121.5072947,31.2346219],[121.5077695,31.2347787],[121.5077364,31.234852],[121.5072615,31.2346953]]]}},{"type":"Feature","id":956369944,"properties":{"osm_id":956369944,"name":"","height_m":0,"height_basis":"unknown","height_tag":null,"levels_tag":null,"building":"residential","source_url":"https://www.openstreetmap.org/way/956369944"},"geometry":{"type":"Polygon","coordinates":[[[121.5078047,31.234876],[121.5078387,31.234803],[121.5082784,31.2349529],[121.5082444,31.2350259],[121.5078047,31.234876]]]}},{"type":"Feature","id":956369945,"properties":{"osm_id":956369945,"name":"","height_m":0,"height_basis":"unknown","height_tag":null,"levels_tag":null,"building":"residential","source_url":"https://www.openstreetmap.org/way/956369945"},"geometry":{"type":"Polygon","coordinates":[[[121.5056471,31.2346604],[121.5056903,31.2345717],[121.5060193,31.2346889],[121.5059761,31.2347775],[121.5056471,31.2346604]]]}},{"type":"Feature","id":956369946,"properties":{"osm_id":956369946,"name":"","height_m":0,"height_basis":"unknown","height_tag":null,"levels_tag":null,"building":"residential","source_url":"https://www.openstreetmap.org/way/956369946"},"geometry":{"type":"Polygon","coordinates":[[[121.5057486,31.2344625],[121.5057912,31.2343736],[121.5060892,31.2344781],[121.5060466,31.2345669],[121.5057486,31.2344625]]]}},{"type":"Feature","id":956369947,"properties":{"osm_id":956369947,"name":"","height_m":0,"height_basis":"unknown","height_tag":null,"levels_tag":null,"building":"residential","source_url":"https://www.openstreetmap.org/way/956369947"},"geometry":{"type":"Polygon","coordinates":[[[121.5061742,31.2343628],[121.5062132,31.234276],[121.5060143,31.2342106],[121.5059753,31.2342974],[121.5061742,31.2343628]]]}},{"type":"Feature","id":956369948,"properties":{"osm_id":956369948,"name":"","height_m":0,"height_basis":"unknown","height_tag":null,"levels_tag":null,"building":"residential","source_url":"https://www.openstreetmap.org/way/956369948"},"geometry":{"type":"Polygon","coordinates":[[[121.5062207,31.2349191],[121.5062597,31.2348324],[121.5060608,31.234767],[121.5060217,31.2348537],[121.5062207,31.2349191]]]}},{"type":"Feature","id":956369949,"properties":{"osm_id":956369949,"name":"","height_m":0,"height_basis":"unknown","height_tag":null,"levels_tag":null,"building":"residential","source_url":"https://www.openstreetmap.org/way/956369949"},"geometry":{"type":"Polygon","coordinates":[[[121.5061361,31.2345986],[121.5061745,31.2345135],[121.5065417,31.2346347],[121.5065033,31.2347199],[121.5061361,31.2345986]]]}},{"type":"Feature","id":956369950,"properties":{"osm_id":956369950,"name":"","height_m":0,"height_basis":"unknown","height_tag":null,"levels_tag":null,"building":"residential","source_url":"https://www.openstreetmap.org/way/956369950"},"geometry":{"type":"Polygon","coordinates":[[[121.5062428,31.2343936],[121.5062834,31.2343021],[121.5066277,31.2344136],[121.5065871,31.2345051],[121.5062428,31.2343936]]]}},{"type":"Feature","id":956369951,"properties":{"osm_id":956369951,"name":"","height_m":0,"height_basis":"unknown","height_tag":null,"levels_tag":null,"building":"residential","source_url":"https://www.openstreetmap.org/way/956369951"},"geometry":{"type":"Polygon","coordinates":[[[121.505855,31.2350467],[121.5059006,31.2349488],[121.506193,31.2350483],[121.5062032,31.2350264],[121.5063463,31.2350752],[121.5063065,31.2351606],[121.506174,31.2351155],[121.506158,31.2351499],[121.505855,31.2350467]]]}},{"type":"Feature","id":956369952,"properties":{"osm_id":956369952,"name":"","height_m":0,"height_basis":"unknown","height_tag":null,"levels_tag":null,"building":"yes","source_url":"https://www.openstreetmap.org/way/956369952"},"geometry":{"type":"Polygon","coordinates":[[[121.5087929,31.2354014],[121.5088182,31.2353461],[121.5083986,31.2352058],[121.5083797,31.2352471],[121.508242,31.2352011],[121.5083435,31.234979],[121.5088974,31.235164],[121.5088726,31.2352182],[121.5089484,31.2352436],[121.5088652,31.2354256],[121.5087929,31.2354014]]]}},{"type":"Feature","id":956369953,"properties":{"osm_id":956369953,"name":"","height_m":0,"height_basis":"unknown","height_tag":null,"levels_tag":null,"building":"yes","source_url":"https://www.openstreetmap.org/way/956369953"},"geometry":{"type":"Polygon","coordinates":[[[121.5086602,31.2356268],[121.5087192,31.2355144],[121.5085637,31.2354617],[121.508561,31.2354387],[121.5081882,31.2353745],[121.5082365,31.2352667],[121.5081587,31.2352415],[121.5080326,31.2355121],[121.5081131,31.2355373],[121.5081318,31.2354915],[121.5085261,31.2355626],[121.5085154,31.2355786],[121.5086602,31.2356268]]]}},{"type":"Feature","id":957008754,"properties":{"osm_id":957008754,"name":"","height_m":18.0,"height_basis":"levels_estimate","height_tag":null,"levels_tag":"6","building":"residential","source_url":"https://www.openstreetmap.org/way/957008754"},"geometry":{"type":"Polygon","coordinates":[[[121.5073161,31.2387963],[121.5073723,31.2387102],[121.5078293,31.2389282],[121.5077731,31.2390143],[121.5073161,31.2387963]]]}},{"type":"Feature","id":957008755,"properties":{"osm_id":957008755,"name":"","height_m":18.0,"height_basis":"levels_estimate","height_tag":null,"levels_tag":"6","building":"residential","source_url":"https://www.openstreetmap.org/way/957008755"},"geometry":{"type":"Polygon","coordinates":[[[121.5078546,31.2390482],[121.5079107,31.2389622],[121.5083677,31.2391802],[121.5083115,31.2392663],[121.5078546,31.2390482]]]}},{"type":"Feature","id":957008756,"properties":{"osm_id":957008756,"name":"","height_m":18.0,"height_basis":"levels_estimate","height_tag":null,"levels_tag":"6","building":"residential","source_url":"https://www.openstreetmap.org/way/957008756"},"geometry":{"type":"Polygon","coordinates":[[[121.5074571,31.238574],[121.5075132,31.238488],[121.5079703,31.238706],[121.5079141,31.2387921],[121.5074571,31.238574]]]}},{"type":"Feature","id":957008757,"properties":{"osm_id":957008757,"name":"","height_m":18.0,"height_basis":"levels_estimate","height_tag":null,"levels_tag":"6","building":"residential","source_url":"https://www.openstreetmap.org/way/957008757"},"geometry":{"type":"Polygon","coordinates":[[[121.5079963,31.2388348],[121.5080524,31.2387488],[121.5085095,31.2389668],[121.5084533,31.2390529],[121.5079963,31.2388348]]]}},{"type":"Feature","id":957008758,"properties":{"osm_id":957008758,"name":"","height_m":0,"height_basis":"unknown","height_tag":null,"levels_tag":null,"building":"residential","source_url":"https://www.openstreetmap.org/way/957008758"},"geometry":{"type":"Polygon","coordinates":[[[121.5082011,31.2379169],[121.5082573,31.2378308],[121.5087143,31.2380489],[121.5086581,31.238135],[121.5082011,31.2379169]]]}},{"type":"Feature","id":957008759,"properties":{"osm_id":957008759,"name":"","height_m":0,"height_basis":"unknown","height_tag":null,"levels_tag":null,"building":"residential","source_url":"https://www.openstreetmap.org/way/957008759"},"geometry":{"type":"Polygon","coordinates":[[[121.50753,31.238378],[121.5075863,31.238292],[121.5079263,31.2384546],[121.50787,31.2385406],[121.50753,31.238378]]]}},{"type":"Feature","id":957008760,"properties":{"osm_id":957008760,"name":"","height_m":0,"height_basis":"unknown","height_tag":null,"levels_tag":null,"building":"residential","source_url":"https://www.openstreetmap.org/way/957008760"},"geometry":{"type":"Polygon","coordinates":[[[121.5082307,31.2387122],[121.5082741,31.2386209],[121.508635,31.2387462],[121.5085917,31.2388375],[121.5082307,31.2387122]]]}},{"type":"Feature","id":957008761,"properties":{"osm_id":957008761,"name":"","height_m":0,"height_basis":"unknown","height_tag":null,"levels_tag":null,"building":"residential","source_url":"https://www.openstreetmap.org/way/957008761"},"geometry":{"type":"Polygon","coordinates":[[[121.5076972,31.2381956],[121.5077535,31.2381096],[121.5080658,31.2382564],[121.5080095,31.2383424],[121.5076972,31.2381956]]]}},{"type":"Feature","id":957008762,"properties":{"osm_id":957008762,"name":"","height_m":0,"height_basis":"unknown","height_tag":null,"levels_tag":null,"building":"residential","source_url":"https://www.openstreetmap.org/way/957008762"},"geometry":{"type":"Polygon","coordinates":[[[121.5083912,31.2385071],[121.5084474,31.2384211],[121.5087597,31.2385679],[121.5087034,31.2386539],[121.5083912,31.2385071]]]}},{"type":"Feature","id":957008763,"properties":{"osm_id":957008763,"name":"","height_m":0,"height_basis":"unknown","height_tag":null,"levels_tag":null,"building":"residential","source_url":"https://www.openstreetmap.org/way/957008763"},"geometry":{"type":"Polygon","coordinates":[[[121.5091693,31.2372498],[121.5091247,31.2373407],[121.508795,31.237225],[121.5088396,31.2371341],[121.5091693,31.2372498]]]}},{"type":"Feature","id":957008764,"properties":{"osm_id":957008764,"name":"","height_m":0,"height_basis":"unknown","height_tag":null,"levels_tag":null,"building":"residential","source_url":"https://www.openstreetmap.org/way/957008764"},"geometry":{"type":"Polygon","coordinates":[[[121.5083187,31.2377284],[121.5083742,31.237642],[121.5087723,31.237829],[121.5087168,31.2379154],[121.5083187,31.2377284]]]}},{"type":"Feature","id":957008765,"properties":{"osm_id":957008765,"name":"","height_m":0,"height_basis":"unknown","height_tag":null,"levels_tag":null,"building":"residential","source_url":"https://www.openstreetmap.org/way/957008765"},"geometry":{"type":"Polygon","coordinates":[[[121.5080704,31.2381118],[121.5081263,31.2380256],[121.508654,31.2382755],[121.5085981,31.2383617],[121.5080704,31.2381118]]]}},{"type":"Feature","id":957008766,"properties":{"osm_id":957008766,"name":"","height_m":0,"height_basis":"unknown","height_tag":null,"levels_tag":null,"building":"residential","source_url":"https://www.openstreetmap.org/way/957008766"},"geometry":{"type":"Polygon","coordinates":[[[121.5090622,31.2376896],[121.5090157,31.2377797],[121.5086001,31.2376229],[121.5086467,31.2375327],[121.5090622,31.2376896]]]}},{"type":"Feature","id":957008767,"properties":{"osm_id":957008767,"name":"","height_m":0,"height_basis":"unknown","height_tag":null,"levels_tag":null,"building":"residential","source_url":"https://www.openstreetmap.org/way/957008767"},"geometry":{"type":"Polygon","coordinates":[[[121.5087048,31.23742],[121.5087492,31.2373291],[121.5091393,31.2374683],[121.5090949,31.2375593],[121.5087048,31.23742]]]}},{"type":"Feature","id":957008768,"properties":{"osm_id":957008768,"name":"","height_m":18.0,"height_basis":"levels_estimate","height_tag":null,"levels_tag":"6","building":"residential","source_url":"https://www.openstreetmap.org/way/957008768"},"geometry":{"type":"Polygon","coordinates":[[[121.5086791,31.2373056],[121.5086231,31.2373917],[121.5082776,31.2372271],[121.5083337,31.237141],[121.5086791,31.2373056]]]}},{"type":"Feature","id":957008769,"properties":{"osm_id":957008769,"name":"","height_m":18.0,"height_basis":"levels_estimate","height_tag":null,"levels_tag":"6","building":"residential","source_url":"https://www.openstreetmap.org/way/957008769"},"geometry":{"type":"Polygon","coordinates":[[[121.5085451,31.2375005],[121.508489,31.2375866],[121.5081436,31.2374221],[121.5081997,31.237336],[121.5085451,31.2375005]]]}},{"type":"Feature","id":957008770,"properties":{"osm_id":957008770,"name":"","height_m":18.0,"height_basis":"levels_estimate","height_tag":null,"levels_tag":"6","building":"residential","source_url":"https://www.openstreetmap.org/way/957008770"},"geometry":{"type":"Polygon","coordinates":[[[121.5087765,31.2370938],[121.5087318,31.2371846],[121.5084277,31.2370751],[121.5084724,31.2369843],[121.5087765,31.2370938]]]}},{"type":"Feature","id":957008771,"properties":{"osm_id":957008771,"name":"","height_m":0,"height_basis":"unknown","height_tag":null,"levels_tag":null,"building":"residential","source_url":"https://www.openstreetmap.org/way/957008771"},"geometry":{"type":"Polygon","coordinates":[[[121.5077932,31.2379894],[121.5078495,31.2379034],[121.5080567,31.2380003],[121.5080004,31.2380863],[121.5077932,31.2379894]]]}},{"type":"Feature","id":957008772,"properties":{"osm_id":957008772,"name":"","height_m":18.0,"height_basis":"levels_estimate","height_tag":null,"levels_tag":"6","building":"residential","source_url":"https://www.openstreetmap.org/way/957008772"},"geometry":{"type":"Polygon","coordinates":[[[121.5079088,31.2378027],[121.5079651,31.2377167],[121.5081723,31.2378136],[121.508116,31.2378996],[121.5079088,31.2378027]]]}},{"type":"Feature","id":957008773,"properties":{"osm_id":957008773,"name":"","height_m":0,"height_basis":"unknown","height_tag":null,"levels_tag":null,"building":"residential","source_url":"https://www.openstreetmap.org/way/957008773"},"geometry":{"type":"Polygon","coordinates":[[[121.5080349,31.2376111],[121.5080912,31.2375251],[121.5082984,31.237622],[121.5082421,31.237708],[121.5080349,31.2376111]]]}},{"type":"Feature","id":957008774,"properties":{"osm_id":957008774,"name":"","height_m":0,"height_basis":"unknown","height_tag":null,"levels_tag":null,"building":"residential","source_url":"https://www.openstreetmap.org/way/957008774"},"geometry":{"type":"Polygon","coordinates":[[[121.5085775,31.2390328],[121.508624,31.2389426],[121.5092004,31.2391601],[121.5091539,31.2392503],[121.5085775,31.2390328]]]}},{"type":"Feature","id":957008775,"properties":{"osm_id":957008775,"name":"","height_m":0,"height_basis":"unknown","height_tag":null,"levels_tag":null,"building":"residential","source_url":"https://www.openstreetmap.org/way/957008775"},"geometry":{"type":"Polygon","coordinates":[[[121.5086975,31.2388029],[121.5087441,31.2387128],[121.5093204,31.2389302],[121.5092739,31.2390204],[121.5086975,31.2388029]]]}},{"type":"Feature","id":957008776,"properties":{"osm_id":957008776,"name":"","height_m":0,"height_basis":"unknown","height_tag":null,"levels_tag":null,"building":"residential","source_url":"https://www.openstreetmap.org/way/957008776"},"geometry":{"type":"Polygon","coordinates":[[[121.5087752,31.2379296],[121.5088276,31.2378487],[121.5089587,31.2379108],[121.508925,31.2379629],[121.5089663,31.2379824],[121.5089307,31.2380373],[121.5088559,31.2380019],[121.5088728,31.2379758],[121.5087752,31.2379296]]]}},{"type":"Feature","id":957008777,"properties":{"osm_id":957008777,"name":"","height_m":0,"height_basis":"unknown","height_tag":null,"levels_tag":null,"building":"residential","source_url":"https://www.openstreetmap.org/way/957008777"},"geometry":{"type":"Polygon","coordinates":[[[121.5087277,31.23815],[121.5087796,31.2380692],[121.5088867,31.2381195],[121.5088533,31.2381716],[121.5088947,31.238191],[121.5088594,31.2382459],[121.5087842,31.2382106],[121.508801,31.2381845],[121.5087277,31.23815]]]}},{"type":"Feature","id":957008778,"properties":{"osm_id":957008778,"name":"","height_m":0,"height_basis":"unknown","height_tag":null,"levels_tag":null,"building":"residential","source_url":"https://www.openstreetmap.org/way/957008778"},"geometry":{"type":"Polygon","coordinates":[[[121.5086669,31.2383717],[121.5087188,31.2382908],[121.5088259,31.2383411],[121.5087924,31.2383932],[121.5088339,31.2384127],[121.5087986,31.2384675],[121.5087234,31.2384322],[121.5087402,31.2384061],[121.5086669,31.2383717]]]}},{"type":"Feature","id":957008779,"properties":{"osm_id":957008779,"name":"陆家嘴街道老年协会","height_m":0,"height_basis":"unknown","height_tag":null,"levels_tag":null,"building":"yes","source_url":"https://www.openstreetmap.org/way/957008779"},"geometry":{"type":"Polygon","coordinates":[[[121.5079332,31.2385682],[121.5080849,31.2383377],[121.5082574,31.2384207],[121.5082251,31.2384699],[121.5082882,31.2385003],[121.5082582,31.238546],[121.5082399,31.2385372],[121.5081384,31.2386915],[121.5080946,31.2386704],[121.5081069,31.2386517],[121.5079332,31.2385682]]]}},{"type":"Feature","id":957008789,"properties":{"osm_id":957008789,"name":"","height_m":0,"height_basis":"unknown","height_tag":null,"levels_tag":null,"building":"dormitory","source_url":"https://www.openstreetmap.org/way/957008789"},"geometry":{"type":"Polygon","coordinates":[[[121.5091045,31.23801],[121.5092272,31.2376073],[121.5092989,31.2376233],[121.5091764,31.238026],[121.5091045,31.23801]]]}},{"type":"Feature","id":957008790,"properties":{"osm_id":957008790,"name":"","height_m":0,"height_basis":"unknown","height_tag":null,"levels_tag":null,"building":"dormitory","source_url":"https://www.openstreetmap.org/way/957008790"},"geometry":{"type":"Polygon","coordinates":[[[121.5094739,31.2379958],[121.5095279,31.2378258],[121.5097524,31.2378779],[121.5096984,31.2380479],[121.5094739,31.2379958]]]}},{"type":"Feature","id":957008799,"properties":{"osm_id":957008799,"name":"","height_m":0,"height_basis":"unknown","height_tag":null,"levels_tag":null,"building":"yes","source_url":"https://www.openstreetmap.org/way/957008799"},"geometry":{"type":"Polygon","coordinates":[[[121.510117,31.2362781],[121.5100875,31.2362162],[121.5105515,31.2360625],[121.5105784,31.236113],[121.5104308,31.2361864],[121.510117,31.2362781]]]}},{"type":"Feature","id":957008801,"properties":{"osm_id":957008801,"name":"","height_m":0,"height_basis":"unknown","height_tag":null,"levels_tag":null,"building":"school","source_url":"https://www.openstreetmap.org/way/957008801"},"geometry":{"type":"Polygon","coordinates":[[[121.5112799,31.2371306],[121.5113184,31.2370469],[121.5116249,31.2371499],[121.511667,31.2371379],[121.5117103,31.2371506],[121.5117277,31.2371259],[121.511765,31.23711],[121.5118024,31.2371119],[121.5118304,31.2371379],[121.5118351,31.2371758],[121.5117876,31.2372761],[121.5116818,31.2372406],[121.5116718,31.2372623],[121.5112799,31.2371306]]]}},{"type":"Feature","id":957019599,"properties":{"osm_id":957019599,"name":"","height_m":0,"height_basis":"unknown","height_tag":null,"levels_tag":null,"building":"residential","source_url":"https://www.openstreetmap.org/way/957019599"},"geometry":{"type":"Polygon","coordinates":[[[121.5093328,31.2374288],[121.5093856,31.2373221],[121.5099006,31.2375085],[121.5098478,31.2376152],[121.5093328,31.2374288]]]}},{"type":"Feature","id":957019600,"properties":{"osm_id":957019600,"name":"","height_m":0,"height_basis":"unknown","height_tag":null,"levels_tag":null,"building":"residential","source_url":"https://www.openstreetmap.org/way/957019600"},"geometry":{"type":"Polygon","coordinates":[[[121.5099145,31.2376136],[121.5099579,31.2375306],[121.510145,31.2376021],[121.5101017,31.237685],[121.5099145,31.2376136]]]}},{"type":"Feature","id":957019601,"properties":{"osm_id":957019601,"name":"","height_m":0,"height_basis":"unknown","height_tag":null,"levels_tag":null,"building":"residential","source_url":"https://www.openstreetmap.org/way/957019601"},"geometry":{"type":"Polygon","coordinates":[[[121.5104654,31.2377146],[121.5104188,31.2378047],[121.5101203,31.2376919],[121.5101669,31.2376017],[121.5104654,31.2377146]]]}},{"type":"Feature","id":957019602,"properties":{"osm_id":957019602,"name":"","height_m":0,"height_basis":"unknown","height_tag":null,"levels_tag":null,"building":"residential","source_url":"https://www.openstreetmap.org/way/957019602"},"geometry":{"type":"Polygon","coordinates":[[[121.5109061,31.2378811],[121.5108595,31.2379713],[121.5104953,31.2378337],[121.5105419,31.2377436],[121.5109061,31.2378811]]]}},{"type":"Feature","id":957019603,"properties":{"osm_id":957019603,"name":"","height_m":0,"height_basis":"unknown","height_tag":null,"levels_tag":null,"building":"residential","source_url":"https://www.openstreetmap.org/way/957019603"},"geometry":{"type":"Polygon","coordinates":[[[121.5108047,31.2380529],[121.5107547,31.238151],[121.5104677,31.238044],[121.5105177,31.2379459],[121.5108047,31.2380529]]]}},{"type":"Feature","id":957019604,"properties":{"osm_id":957019604,"name":"","height_m":0,"height_basis":"unknown","height_tag":null,"levels_tag":null,"building":"residential","source_url":"https://www.openstreetmap.org/way/957019604"},"geometry":{"type":"Polygon","coordinates":[[[121.5104032,31.2382375],[121.5104385,31.2381516],[121.5107563,31.2382469],[121.5107211,31.2383328],[121.5104032,31.2382375]]]}},{"type":"Feature","id":957019605,"properties":{"osm_id":957019605,"name":"","height_m":0,"height_basis":"unknown","height_tag":null,"levels_tag":null,"building":"residential","source_url":"https://www.openstreetmap.org/way/957019605"},"geometry":{"type":"Polygon","coordinates":[[[121.5103185,31.2384658],[121.5103495,31.23837],[121.5106987,31.2384525],[121.5106677,31.2385483],[121.5103185,31.2384658]]]}},{"type":"Feature","id":957019606,"properties":{"osm_id":957019606,"name":"","height_m":0,"height_basis":"unknown","height_tag":null,"levels_tag":null,"building":"residential","source_url":"https://www.openstreetmap.org/way/957019606"},"geometry":{"type":"Polygon","coordinates":[[[121.5098625,31.2383538],[121.5098935,31.238258],[121.5102426,31.2383405],[121.5102117,31.2384363],[121.5098625,31.2383538]]]}},{"type":"Feature","id":957019607,"properties":{"osm_id":957019607,"name":"","height_m":0,"height_basis":"unknown","height_tag":null,"levels_tag":null,"building":"residential","source_url":"https://www.openstreetmap.org/way/957019607"},"geometry":{"type":"Polygon","coordinates":[[[121.5107745,31.2385751],[121.5108055,31.2384793],[121.5111546,31.2385618],[121.5111237,31.2386576],[121.5107745,31.2385751]]]}},{"type":"Feature","id":957019608,"properties":{"osm_id":957019608,"name":"","height_m":0,"height_basis":"unknown","height_tag":null,"levels_tag":null,"building":"residential","source_url":"https://www.openstreetmap.org/way/957019608"},"geometry":{"type":"Polygon","coordinates":[[[121.5107021,31.2388001],[121.5107331,31.2387043],[121.5110822,31.2387869],[121.5110513,31.2388826],[121.5107021,31.2388001]]]}},{"type":"Feature","id":957019609,"properties":{"osm_id":957019609,"name":"","height_m":0,"height_basis":"unknown","height_tag":null,"levels_tag":null,"building":"residential","source_url":"https://www.openstreetmap.org/way/957019609"},"geometry":{"type":"Polygon","coordinates":[[[121.5097839,31.2385801],[121.5098149,31.2384844],[121.5101641,31.2385669],[121.5101331,31.2386626],[121.5097839,31.2385801]]]}},{"type":"Feature","id":957019610,"properties":{"osm_id":957019610,"name":"","height_m":0,"height_basis":"unknown","height_tag":null,"levels_tag":null,"building":"residential","source_url":"https://www.openstreetmap.org/way/957019610"},"geometry":{"type":"Polygon","coordinates":[[[121.5101618,31.2389201],[121.5101927,31.2388244],[121.5105419,31.2389069],[121.5105109,31.2390026],[121.5101618,31.2389201]]]}},{"type":"Feature","id":957019611,"properties":{"osm_id":957019611,"name":"","height_m":0,"height_basis":"unknown","height_tag":null,"levels_tag":null,"building":"residential","source_url":"https://www.openstreetmap.org/way/957019611"},"geometry":{"type":"Polygon","coordinates":[[[121.5108541,31.2383357],[121.5108891,31.2382319],[121.5112319,31.2383162],[121.5111969,31.23842],[121.5108541,31.2383357]]]}},{"type":"Feature","id":957019612,"properties":{"osm_id":957019612,"name":"","height_m":0,"height_basis":"unknown","height_tag":null,"levels_tag":null,"building":"residential","source_url":"https://www.openstreetmap.org/way/957019612"},"geometry":{"type":"Polygon","coordinates":[[[121.5105823,31.2391735],[121.5106084,31.2390922],[121.5109375,31.2391696],[121.5109114,31.2392509],[121.5105823,31.2391735]]]}},{"type":"Feature","id":957019613,"properties":{"osm_id":957019613,"name":"","height_m":0,"height_basis":"unknown","height_tag":null,"levels_tag":null,"building":"residential","source_url":"https://www.openstreetmap.org/way/957019613"},"geometry":{"type":"Polygon","coordinates":[[[121.5099888,31.2381382],[121.510022,31.2380517],[121.5103542,31.2381436],[121.5103211,31.23823],[121.5099888,31.2381382]]]}},{"type":"Feature","id":957019614,"properties":{"osm_id":957019614,"name":"","height_m":0,"height_basis":"unknown","height_tag":null,"levels_tag":null,"building":"residential","source_url":"https://www.openstreetmap.org/way/957019614"},"geometry":{"type":"Polygon","coordinates":[[[121.5100637,31.2379252],[121.5100968,31.2378387],[121.510417,31.2379283],[121.5103839,31.2380148],[121.5100637,31.2379252]]]}},{"type":"Feature","id":957019615,"properties":{"osm_id":957019615,"name":"","height_m":0,"height_basis":"unknown","height_tag":null,"levels_tag":null,"building":"residential","source_url":"https://www.openstreetmap.org/way/957019615"},"geometry":{"type":"Polygon","coordinates":[[[121.5097885,31.2380133],[121.5098219,31.2379178],[121.509985,31.2379595],[121.5099516,31.238055],[121.5097885,31.2380133]]]}},{"type":"Feature","id":957019616,"properties":{"osm_id":957019616,"name":"","height_m":0,"height_basis":"unknown","height_tag":null,"levels_tag":null,"building":"residential","source_url":"https://www.openstreetmap.org/way/957019616"},"geometry":{"type":"Polygon","coordinates":[[[121.5098637,31.2378004],[121.5098971,31.2377049],[121.5100602,31.2377466],[121.5100268,31.2378421],[121.5098637,31.2378004]]]}},{"type":"Feature","id":957019617,"properties":{"osm_id":957019617,"name":"","height_m":0,"height_basis":"unknown","height_tag":null,"levels_tag":null,"building":"residential","source_url":"https://www.openstreetmap.org/way/957019617"},"geometry":{"type":"Polygon","coordinates":[[[121.5109443,31.2380564],[121.511013,31.2379276],[121.5115288,31.2381288],[121.5114831,31.2382144],[121.5111511,31.2380848],[121.511128,31.238128],[121.5109443,31.2380564]]]}},{"type":"Feature","id":957019618,"properties":{"osm_id":957019618,"name":"","height_m":0,"height_basis":"unknown","height_tag":null,"levels_tag":null,"building":"residential","source_url":"https://www.openstreetmap.org/way/957019618"},"geometry":{"type":"Polygon","coordinates":[[[121.5112913,31.2387092],[121.5115248,31.2382367],[121.5116337,31.238276],[121.5114001,31.2387485],[121.5112913,31.2387092]]]}},{"type":"Feature","id":957019619,"properties":{"osm_id":957019619,"name":"","height_m":0,"height_basis":"unknown","height_tag":null,"levels_tag":null,"building":"residential","source_url":"https://www.openstreetmap.org/way/957019619"},"geometry":{"type":"Polygon","coordinates":[[[121.5110126,31.2392642],[121.5112461,31.2387917],[121.5113549,31.238831],[121.5113345,31.2388724],[121.5111214,31.2393035],[121.5110126,31.2392642]]]}},{"type":"Feature","id":957019620,"properties":{"osm_id":957019620,"name":"","height_m":0,"height_basis":"unknown","height_tag":null,"levels_tag":null,"building":"residential","source_url":"https://www.openstreetmap.org/way/957019620"},"geometry":{"type":"Polygon","coordinates":[[[121.5106345,31.2390065],[121.5106626,31.2389257],[121.5110123,31.2390146],[121.5109842,31.2390954],[121.5106345,31.2390065]]]}},{"type":"Feature","id":957019621,"properties":{"osm_id":957019621,"name":"","height_m":0,"height_basis":"unknown","height_tag":null,"levels_tag":null,"building":"residential","source_url":"https://www.openstreetmap.org/way/957019621"},"geometry":{"type":"Polygon","coordinates":[[[121.5097113,31.2387824],[121.5097377,31.2387012],[121.5100892,31.2387848],[121.5100627,31.238866],[121.5097113,31.2387824]]]}},{"type":"Feature","id":957019622,"properties":{"osm_id":957019622,"name":"","height_m":0,"height_basis":"unknown","height_tag":null,"levels_tag":null,"building":"residential","source_url":"https://www.openstreetmap.org/way/957019622"},"geometry":{"type":"Polygon","coordinates":[[[121.5102106,31.2386647],[121.5102365,31.2385834],[121.5106602,31.2386821],[121.5106342,31.2387635],[121.5102106,31.2386647]]]}},{"type":"Feature","id":957019623,"properties":{"osm_id":957019623,"name":"","height_m":0,"height_basis":"unknown","height_tag":null,"levels_tag":null,"building":"residential","source_url":"https://www.openstreetmap.org/way/957019623"},"geometry":{"type":"Polygon","coordinates":[[[121.5096293,31.2389514],[121.5096559,31.2388702],[121.5100417,31.2389623],[121.5100152,31.2390436],[121.5096293,31.2389514]]]}},{"type":"Feature","id":957019624,"properties":{"osm_id":957019624,"name":"","height_m":0,"height_basis":"unknown","height_tag":null,"levels_tag":null,"building":"residential","source_url":"https://www.openstreetmap.org/way/957019624"},"geometry":{"type":"Polygon","coordinates":[[[121.5100911,31.2390619],[121.5101261,31.2389549],[121.5101646,31.2389641],[121.5101449,31.2390245],[121.5104702,31.2391023],[121.5104914,31.2390374],[121.5105359,31.2390481],[121.5104995,31.2391594],[121.5100911,31.2390619]]]}},{"type":"Feature","id":957019625,"properties":{"osm_id":957019625,"name":"","height_m":18.0,"height_basis":"levels_estimate","height_tag":null,"levels_tag":"6","building":"residential","source_url":"https://www.openstreetmap.org/way/957019625"},"geometry":{"type":"Polygon","coordinates":[[[121.5096617,31.2392641],[121.509693,31.2391778],[121.510213,31.239316],[121.510181,31.2394039],[121.510117,31.2393869],[121.5101062,31.2394168],[121.5100445,31.2394004],[121.5100553,31.2393705],[121.5099505,31.2393427],[121.50994,31.2393716],[121.5098821,31.2393562],[121.509893,31.2393263],[121.5097778,31.2392957],[121.5097686,31.2393208],[121.5097197,31.2393078],[121.5097291,31.239282],[121.5096617,31.2392641]]]}},{"type":"Feature","id":957019626,"properties":{"osm_id":957019626,"name":"","height_m":18.0,"height_basis":"levels_estimate","height_tag":null,"levels_tag":"6","building":"residential","source_url":"https://www.openstreetmap.org/way/957019626"},"geometry":{"type":"Polygon","coordinates":[[[121.5102993,31.2394365],[121.5103305,31.2393523],[121.5106796,31.2394466],[121.5106477,31.239533],[121.5105877,31.2395168],[121.5105771,31.2395455],[121.5105179,31.2395295],[121.510529,31.2394995],[121.5104142,31.2394685],[121.510405,31.2394935],[121.5103568,31.2394805],[121.5103664,31.2394547],[121.5102993,31.2394365]]]}},{"type":"Feature","id":957019627,"properties":{"osm_id":957019627,"name":"","height_m":18.0,"height_basis":"levels_estimate","height_tag":null,"levels_tag":"6","building":"residential","source_url":"https://www.openstreetmap.org/way/957019627"},"geometry":{"type":"Polygon","coordinates":[[[121.5094224,31.2392043],[121.5094563,31.2391146],[121.5096248,31.2391612],[121.5095909,31.2392509],[121.5094224,31.2392043]]]}},{"type":"Feature","id":957019629,"properties":{"osm_id":957019629,"name":"","height_m":18.0,"height_basis":"levels_estimate","height_tag":null,"levels_tag":"6","building":"residential","source_url":"https://www.openstreetmap.org/way/957019629"},"geometry":{"type":"Polygon","coordinates":[[[121.5102085,31.2396692],[121.5102397,31.2395849],[121.5105889,31.2396793],[121.5105569,31.2397657],[121.5104969,31.2397495],[121.5104863,31.2397782],[121.5104271,31.2397622],[121.5104382,31.2397321],[121.5103235,31.2397012],[121.5103142,31.2397262],[121.510266,31.2397132],[121.5102756,31.2396873],[121.5102085,31.2396692]]]}},{"type":"Feature","id":957019630,"properties":{"osm_id":957019630,"name":"","height_m":18.0,"height_basis":"levels_estimate","height_tag":null,"levels_tag":"6","building":"residential","source_url":"https://www.openstreetmap.org/way/957019630"},"geometry":{"type":"Polygon","coordinates":[[[121.5098439,31.2395786],[121.5098796,31.2394843],[121.50937,31.239343],[121.5093342,31.2394374],[121.5098439,31.2395786]]]}},{"type":"Feature","id":957019631,"properties":{"osm_id":957019631,"name":"","height_m":18.0,"height_basis":"levels_estimate","height_tag":null,"levels_tag":"6","building":"residential","source_url":"https://www.openstreetmap.org/way/957019631"},"geometry":{"type":"Polygon","coordinates":[[[121.5099143,31.2395993],[121.5099516,31.2394992],[121.5101152,31.2395438],[121.5100778,31.2396439],[121.5099143,31.2395993]]]}},{"type":"Feature","id":957019632,"properties":{"osm_id":957019632,"name":"","height_m":18.0,"height_basis":"levels_estimate","height_tag":null,"levels_tag":"6","building":"residential","source_url":"https://www.openstreetmap.org/way/957019632"},"geometry":{"type":"Polygon","coordinates":[[[121.5096542,31.2397783],[121.5096918,31.2396784],[121.5100363,31.2397731],[121.5099987,31.2398731],[121.5096542,31.2397783]]]}},{"type":"Feature","id":957019633,"properties":{"osm_id":957019633,"name":"","height_m":18.0,"height_basis":"levels_estimate","height_tag":null,"levels_tag":"6","building":"residential","source_url":"https://www.openstreetmap.org/way/957019633"},"geometry":{"type":"Polygon","coordinates":[[[121.5101166,31.2399043],[121.5101542,31.2398044],[121.5104987,31.2398991],[121.5104612,31.2399991],[121.5101166,31.2399043]]]}},{"type":"Feature","id":957019634,"properties":{"osm_id":957019634,"name":"","height_m":18.0,"height_basis":"levels_estimate","height_tag":null,"levels_tag":"6","building":"residential","source_url":"https://www.openstreetmap.org/way/957019634"},"geometry":{"type":"Polygon","coordinates":[[[121.5092241,31.2396559],[121.5092619,31.239556],[121.5095903,31.239647],[121.5095524,31.2397469],[121.5092241,31.2396559]]]}},{"type":"Feature","id":957019635,"properties":{"osm_id":957019635,"name":"","height_m":18.0,"height_basis":"levels_estimate","height_tag":null,"levels_tag":"6","building":"residential","source_url":"https://www.openstreetmap.org/way/957019635"},"geometry":{"type":"Polygon","coordinates":[[[121.5095818,31.2400017],[121.5096197,31.2399019],[121.5099481,31.2399929],[121.5099102,31.2400928],[121.5095818,31.2400017]]]}},{"type":"Feature","id":957019636,"properties":{"osm_id":957019636,"name":"","height_m":18.0,"height_basis":"levels_estimate","height_tag":null,"levels_tag":"6","building":"residential","source_url":"https://www.openstreetmap.org/way/957019636"},"geometry":{"type":"Polygon","coordinates":[[[121.5091163,31.2398714],[121.5091542,31.2397715],[121.5094826,31.2398625],[121.5094447,31.2399624],[121.5091163,31.2398714]]]}},{"type":"Feature","id":957019637,"properties":{"osm_id":957019637,"name":"","height_m":18.0,"height_basis":"levels_estimate","height_tag":null,"levels_tag":"6","building":"residential","source_url":"https://www.openstreetmap.org/way/957019637"},"geometry":{"type":"Polygon","coordinates":[[[121.5100487,31.2400524],[121.5100876,31.2399528],[121.5103613,31.2400308],[121.5103225,31.2401304],[121.5100487,31.2400524]]]}},{"type":"Feature","id":957019638,"properties":{"osm_id":957019638,"name":"","height_m":18.0,"height_basis":"levels_estimate","height_tag":null,"levels_tag":"6","building":"residential","source_url":"https://www.openstreetmap.org/way/957019638"},"geometry":{"type":"Polygon","coordinates":[[[121.5100873,31.240277],[121.5101246,31.240177],[121.5102882,31.2402216],[121.5102509,31.2403216],[121.5100873,31.240277]]]}},{"type":"Feature","id":957019639,"properties":{"osm_id":957019639,"name":"","height_m":18.0,"height_basis":"levels_estimate","height_tag":null,"levels_tag":"6","building":"residential","source_url":"https://www.openstreetmap.org/way/957019639"},"geometry":{"type":"Polygon","coordinates":[[[121.5096571,31.2402364],[121.5096949,31.2401365],[121.5100233,31.2402275],[121.5099854,31.2403274],[121.5096571,31.2402364]]]}},{"type":"Feature","id":957019640,"properties":{"osm_id":957019640,"name":"国金中心2期","height_m":108.0,"height_basis":"levels_estimate","height_tag":null,"levels_tag":"36","building":"commercial","source_url":"https://www.openstreetmap.org/way/957019640"},"geometry":{"type":"Polygon","coordinates":[[[121.5095059,31.2402802],[121.5095417,31.2401859],[121.5090321,31.2400446],[121.5089962,31.240139],[121.5095059,31.2402802]]]}},{"type":"Feature","id":957019644,"properties":{"osm_id":957019644,"name":"","height_m":0,"height_basis":"unknown","height_tag":null,"levels_tag":null,"building":"residential","source_url":"https://www.openstreetmap.org/way/957019644"},"geometry":{"type":"Polygon","coordinates":[[[121.5101111,31.240919],[121.5101401,31.2408441],[121.5107589,31.241019],[121.5107299,31.241094],[121.5101111,31.240919]]]}},{"type":"Feature","id":957019645,"properties":{"osm_id":957019645,"name":"","height_m":0,"height_basis":"unknown","height_tag":null,"levels_tag":null,"building":"residential","source_url":"https://www.openstreetmap.org/way/957019645"},"geometry":{"type":"Polygon","coordinates":[[[121.5101748,31.2407738],[121.5102128,31.2406775],[121.5106794,31.2408118],[121.5106414,31.2409082],[121.5101748,31.2407738]]]}},{"type":"Feature","id":957019646,"properties":{"osm_id":957019646,"name":"","height_m":0,"height_basis":"unknown","height_tag":null,"levels_tag":null,"building":"residential","source_url":"https://www.openstreetmap.org/way/957019646"},"geometry":{"type":"Polygon","coordinates":[[[121.5103265,31.240525],[121.5103588,31.2404404],[121.51077,31.2405553],[121.5107377,31.2406399],[121.5103265,31.240525]]]}},{"type":"Feature","id":957019647,"properties":{"osm_id":957019647,"name":"","height_m":0,"height_basis":"unknown","height_tag":null,"levels_tag":null,"building":"residential","source_url":"https://www.openstreetmap.org/way/957019647"},"geometry":{"type":"Polygon","coordinates":[[[121.5104021,31.2403292],[121.5104344,31.2402445],[121.5108457,31.2403594],[121.5108133,31.240444],[121.5104021,31.2403292]]]}},{"type":"Feature","id":957019648,"properties":{"osm_id":957019648,"name":"","height_m":0,"height_basis":"unknown","height_tag":null,"levels_tag":null,"building":"residential","source_url":"https://www.openstreetmap.org/way/957019648"},"geometry":{"type":"Polygon","coordinates":[[[121.5104987,31.2401444],[121.5105307,31.2400597],[121.5108421,31.2401454],[121.5108102,31.2402301],[121.5104987,31.2401444]]]}},{"type":"Feature","id":957019649,"properties":{"osm_id":957019649,"name":"","height_m":0,"height_basis":"unknown","height_tag":null,"levels_tag":null,"building":"residential","source_url":"https://www.openstreetmap.org/way/957019649"},"geometry":{"type":"Polygon","coordinates":[[[121.5105642,31.239966],[121.5105961,31.2398813],[121.5109076,31.239967],[121.5108757,31.2400517],[121.5105642,31.239966]]]}},{"type":"Feature","id":957019650,"properties":{"osm_id":957019650,"name":"","height_m":0,"height_basis":"unknown","height_tag":null,"levels_tag":null,"building":"residential","source_url":"https://www.openstreetmap.org/way/957019650"},"geometry":{"type":"Polygon","coordinates":[[[121.5106385,31.2397693],[121.5106696,31.2396844],[121.5111353,31.239809],[121.5111042,31.2398939],[121.5106385,31.2397693]]]}},{"type":"Feature","id":957019651,"properties":{"osm_id":957019651,"name":"","height_m":0,"height_basis":"unknown","height_tag":null,"levels_tag":null,"building":"residential","source_url":"https://www.openstreetmap.org/way/957019651"},"geometry":{"type":"Polygon","coordinates":[[[121.5107035,31.2396147],[121.5107336,31.2395326],[121.5109544,31.2395918],[121.5109242,31.239674],[121.5107035,31.2396147]]]}},{"type":"Feature","id":957019652,"properties":{"osm_id":957019652,"name":"","height_m":0,"height_basis":"unknown","height_tag":null,"levels_tag":null,"building":"residential","source_url":"https://www.openstreetmap.org/way/957019652"},"geometry":{"type":"Polygon","coordinates":[[[121.5107629,31.2394501],[121.510793,31.239368],[121.5110138,31.2394272],[121.5109836,31.2395094],[121.5107629,31.2394501]]]}},{"type":"Feature","id":957019653,"properties":{"osm_id":957019653,"name":"","height_m":0,"height_basis":"unknown","height_tag":null,"levels_tag":null,"building":"residential","source_url":"https://www.openstreetmap.org/way/957019653"},"geometry":{"type":"Polygon","coordinates":[[[121.5107225,31.2409371],[121.5109922,31.2403852],[121.5110996,31.2404235],[121.51083,31.2409755],[121.5107225,31.2409371]]]}},{"type":"Feature","id":957019654,"properties":{"osm_id":957019654,"name":"鸿正商务楼","height_m":0,"height_basis":"unknown","height_tag":null,"levels_tag":null,"building":"yes","source_url":"https://www.openstreetmap.org/way/957019654"},"geometry":{"type":"Polygon","coordinates":[[[121.51085,31.2402624],[121.5108893,31.2401795],[121.5110735,31.2402434],[121.511119,31.2401474],[121.5109317,31.2400825],[121.5109694,31.240003],[121.5111611,31.2400695],[121.5111967,31.2399945],[121.5111175,31.239967],[121.5111862,31.2398224],[121.5112635,31.2398492],[121.511253,31.2398713],[121.5112789,31.2398803],[121.5112626,31.2399146],[121.511298,31.2399269],[121.511286,31.2399522],[121.5113195,31.2399638],[121.5111317,31.2403601],[121.51085,31.2402624]]]}},{"type":"Feature","id":957451683,"properties":{"osm_id":957451683,"name":"","height_m":0,"height_basis":"unknown","height_tag":null,"levels_tag":null,"building":"yes","source_url":"https://www.openstreetmap.org/way/957451683"},"geometry":{"type":"Polygon","coordinates":[[[121.5053276,31.2352653],[121.5053684,31.2351854],[121.5056731,31.2352992],[121.5056323,31.2353791],[121.5053276,31.2352653]]]}},{"type":"Feature","id":957451684,"properties":{"osm_id":957451684,"name":"","height_m":0,"height_basis":"unknown","height_tag":null,"levels_tag":null,"building":"yes","source_url":"https://www.openstreetmap.org/way/957451684"},"geometry":{"type":"Polygon","coordinates":[[[121.5056432,31.2350875],[121.505631,31.2351368],[121.5057479,31.2351579],[121.5057879,31.2349958],[121.5054294,31.2349311],[121.5054016,31.2350439],[121.5056432,31.2350875]]]}},{"type":"Feature","id":957451685,"properties":{"osm_id":957451685,"name":"","height_m":0,"height_basis":"unknown","height_tag":null,"levels_tag":null,"building":"yes","source_url":"https://www.openstreetmap.org/way/957451685"},"geometry":{"type":"Polygon","coordinates":[[[121.5058873,31.2354936],[121.5059138,31.2354429],[121.5061048,31.2355158],[121.5060783,31.2355665],[121.5058873,31.2354936]]]}},{"type":"Feature","id":957451686,"properties":{"osm_id":957451686,"name":"","height_m":0,"height_basis":"unknown","height_tag":null,"levels_tag":null,"building":"yes","source_url":"https://www.openstreetmap.org/way/957451686"},"geometry":{"type":"Polygon","coordinates":[[[121.5060906,31.2354681],[121.5061101,31.2353705],[121.50618,31.2353808],[121.5061604,31.2354783],[121.5060906,31.2354681]]]}},{"type":"Feature","id":957451687,"properties":{"osm_id":957451687,"name":"","height_m":0,"height_basis":"unknown","height_tag":null,"levels_tag":null,"building":"yes","source_url":"https://www.openstreetmap.org/way/957451687"},"geometry":{"type":"Polygon","coordinates":[[[121.5061759,31.2353433],[121.5062424,31.2352127],[121.5062954,31.2352325],[121.5062289,31.2353631],[121.5061759,31.2353433]]]}},{"type":"Feature","id":957451688,"properties":{"osm_id":957451688,"name":"自由贸易试验区览海国际广场","height_m":0,"height_basis":"unknown","height_tag":null,"levels_tag":null,"building":"yes","source_url":"https://www.openstreetmap.org/way/957451688"},"geometry":{"type":"Polygon","coordinates":[[[121.5027783,31.2353644],[121.5028227,31.2351842],[121.5029192,31.235159],[121.5032813,31.2352507],[121.5032813,31.2352897],[121.5036124,31.235374],[121.5036508,31.2353838],[121.5039385,31.2354571],[121.5039251,31.2354961],[121.5040833,31.2355397],[121.5041376,31.2355698],[121.5041825,31.2356039],[121.504239,31.2355927],[121.5042979,31.235581],[121.5043394,31.2356454],[121.5043998,31.2357392],[121.5042871,31.2357805],[121.5042861,31.2357951],[121.5042657,31.2360993],[121.5043301,31.2361612],[121.5043757,31.2362254],[121.5043703,31.2363332],[121.5043542,31.2364066],[121.5043515,31.2364708],[121.5043757,31.2365442],[121.5043649,31.2366084],[121.5043435,31.2366749],[121.5043167,31.2367483],[121.5042764,31.2368515],[121.5042791,31.2368974],[121.5042818,31.2369261],[121.5042764,31.2369593],[121.504263,31.236988],[121.5042416,31.2370121],[121.5042188,31.2370304],[121.5041892,31.2370488],[121.5041517,31.2370614],[121.5041101,31.2370648],[121.5040739,31.2370625],[121.5040404,31.2370522],[121.5040115,31.2370373],[121.5039867,31.2370166],[121.5039639,31.2369937],[121.5039519,31.2369685],[121.5039438,31.236941],[121.5039425,31.2369077],[121.5039492,31.2368756],[121.5039653,31.2368464],[121.5039894,31.2368148],[121.5040055,31.2367621],[121.5038782,31.2367227],[121.503929,31.2357612],[121.5039295,31.2356653],[121.5038888,31.2356626],[121.5037681,31.2356282],[121.50298,31.2354176],[121.5027783,31.2353644]]]}},{"type":"Feature","id":957451691,"properties":{"osm_id":957451691,"name":"","height_m":0,"height_basis":"unknown","height_tag":null,"levels_tag":null,"building":"residential","source_url":"https://www.openstreetmap.org/way/957451691"},"geometry":{"type":"Polygon","coordinates":[[[121.506308,31.2334421],[121.5064894,31.233501],[121.5065021,31.2334725],[121.5064785,31.2334649],[121.5064997,31.2334172],[121.50652,31.2334238],[121.5065435,31.233371],[121.5064891,31.2333533],[121.5063639,31.2333126],[121.5063392,31.2333681],[121.5063707,31.2333783],[121.5063495,31.2334259],[121.5063195,31.2334161],[121.506308,31.2334421]]]}},{"type":"Feature","id":957451692,"properties":{"osm_id":957451692,"name":"","height_m":0,"height_basis":"unknown","height_tag":null,"levels_tag":null,"building":"residential","source_url":"https://www.openstreetmap.org/way/957451692"},"geometry":{"type":"Polygon","coordinates":[[[121.5064824,31.2331886],[121.5066638,31.2332475],[121.5066765,31.233219],[121.5066529,31.2332114],[121.5066741,31.2331637],[121.5066944,31.2331703],[121.5067179,31.2331175],[121.5065383,31.2330591],[121.5065136,31.2331146],[121.5065451,31.2331248],[121.5065239,31.2331724],[121.5064939,31.2331626],[121.5064824,31.2331886]]]}},{"type":"Feature","id":957451693,"properties":{"osm_id":957451693,"name":"","height_m":0,"height_basis":"unknown","height_tag":null,"levels_tag":null,"building":"residential","source_url":"https://www.openstreetmap.org/way/957451693"},"geometry":{"type":"Polygon","coordinates":[[[121.5064737,31.233675],[121.5065049,31.233601],[121.5065998,31.2336302],[121.5065918,31.2336493],[121.5066786,31.2336761],[121.5066935,31.23369],[121.5066928,31.2337105],[121.5066751,31.2337273],[121.5066496,31.2337291],[121.5064737,31.233675]]]}},{"type":"Feature","id":957451694,"properties":{"osm_id":957451694,"name":"","height_m":0,"height_basis":"unknown","height_tag":null,"levels_tag":null,"building":"residential","source_url":"https://www.openstreetmap.org/way/957451694"},"geometry":{"type":"Polygon","coordinates":[[[121.5067155,31.2338677],[121.5067559,31.2337749],[121.5070755,31.2338767],[121.5070877,31.2338487],[121.507302,31.2339169],[121.5072581,31.2340176],[121.5070591,31.2339543],[121.5070504,31.2339743],[121.5067155,31.2338677]]]}},{"type":"Feature","id":957451695,"properties":{"osm_id":957451695,"name":"","height_m":0,"height_basis":"unknown","height_tag":null,"levels_tag":null,"building":"residential","source_url":"https://www.openstreetmap.org/way/957451695"},"geometry":{"type":"Polygon","coordinates":[[[121.5059714,31.2338914],[121.5060185,31.233784],[121.5061631,31.2338303],[121.5061541,31.2338509],[121.5070668,31.2341432],[121.507078,31.2341176],[121.5072239,31.2341643],[121.5071731,31.2342802],[121.507029,31.234234],[121.5070165,31.2342624],[121.5060852,31.2339638],[121.506099,31.2339323],[121.5059714,31.2338914]]]}},{"type":"Feature","id":957451696,"properties":{"osm_id":957451696,"name":"","height_m":0,"height_basis":"unknown","height_tag":null,"levels_tag":null,"building":"residential","source_url":"https://www.openstreetmap.org/way/957451696"},"geometry":{"type":"Polygon","coordinates":[[[121.5065965,31.2336151],[121.5066185,31.2335556],[121.5068668,31.2336229],[121.5068447,31.2336824],[121.5065965,31.2336151]]]}},{"type":"Feature","id":957451697,"properties":{"osm_id":957451697,"name":"","height_m":0,"height_basis":"unknown","height_tag":null,"levels_tag":null,"building":"yes","source_url":"https://www.openstreetmap.org/way/957451697"},"geometry":{"type":"Polygon","coordinates":[[[121.5068596,31.2336657],[121.506882,31.2335704],[121.5069915,31.2335893],[121.5069691,31.2336845],[121.5068596,31.2336657]]]}},{"type":"Feature","id":957451698,"properties":{"osm_id":957451698,"name":"","height_m":0,"height_basis":"unknown","height_tag":null,"levels_tag":null,"building":"residential","source_url":"https://www.openstreetmap.org/way/957451698"},"geometry":{"type":"Polygon","coordinates":[[[121.506679,31.2333117],[121.5066475,31.2334069],[121.5070481,31.2335038],[121.5070386,31.2335325],[121.5072581,31.2335856],[121.5072923,31.2334823],[121.5070882,31.233433],[121.507095,31.2334123],[121.506679,31.2333117]]]}},{"type":"Feature","id":957451699,"properties":{"osm_id":957451699,"name":"","height_m":0,"height_basis":"unknown","height_tag":null,"levels_tag":null,"building":"residential","source_url":"https://www.openstreetmap.org/way/957451699"},"geometry":{"type":"Polygon","coordinates":[[[121.5067948,31.2330723],[121.5067634,31.2331676],[121.5070977,31.2332481],[121.5070882,31.2332768],[121.5073082,31.2333298],[121.5073422,31.2332265],[121.5071379,31.2331772],[121.5071447,31.2331566],[121.5067948,31.2330723]]]}},{"type":"Feature","id":957451700,"properties":{"osm_id":957451700,"name":"","height_m":0,"height_basis":"unknown","height_tag":null,"levels_tag":null,"building":"yes","source_url":"https://www.openstreetmap.org/way/957451700"},"geometry":{"type":"Polygon","coordinates":[[[121.5069408,31.2337574],[121.5069576,31.2337113],[121.5070049,31.2337242],[121.5070437,31.2336002],[121.5072731,31.2336132],[121.5072663,31.233717],[121.5072073,31.233717],[121.5072107,31.2336593],[121.5070875,31.2336564],[121.5070605,31.2337387],[121.5070858,31.2337459],[121.507069,31.233792],[121.5069408,31.2337574]]]}},{"type":"Feature","id":957451703,"properties":{"osm_id":957451703,"name":"","height_m":0,"height_basis":"unknown","height_tag":null,"levels_tag":null,"building":"apartments","source_url":"https://www.openstreetmap.org/way/957451703"},"geometry":{"type":"Polygon","coordinates":[[[121.5079886,31.2343197],[121.5079203,31.2342946],[121.507898,31.2342451],[121.5079096,31.2342203],[121.5079358,31.2342292],[121.5079476,31.2342039],[121.5079738,31.2342128],[121.5080138,31.2341271],[121.5080516,31.2341157],[121.5081985,31.2341633],[121.5082208,31.2341956],[121.5081729,31.2342868],[121.508204,31.2342988],[121.5081763,31.2343517],[121.5081384,31.2343707],[121.5080828,31.2343517],[121.5080939,31.2343269],[121.508002,31.2342931],[121.5079886,31.2343197]]]}},{"type":"Feature","id":957451704,"properties":{"osm_id":957451704,"name":"","height_m":0,"height_basis":"unknown","height_tag":null,"levels_tag":null,"building":"apartments","source_url":"https://www.openstreetmap.org/way/957451704"},"geometry":{"type":"Polygon","coordinates":[[[121.5084015,31.2344472],[121.5083332,31.2344221],[121.5083109,31.2343726],[121.5083225,31.2343478],[121.5083487,31.2343567],[121.5083605,31.2343314],[121.5083867,31.2343403],[121.5084267,31.2342546],[121.5084645,31.2342432],[121.5086114,31.2342908],[121.5086337,31.2343231],[121.5085858,31.2344144],[121.5086169,31.2344263],[121.5085892,31.2344792],[121.5085513,31.2344982],[121.5084934,31.2344773],[121.5085068,31.2344544],[121.5084149,31.2344206],[121.5084015,31.2344472]]]}},{"type":"Feature","id":957451705,"properties":{"osm_id":957451705,"name":"","height_m":0,"height_basis":"unknown","height_tag":null,"levels_tag":null,"building":"yes","source_url":"https://www.openstreetmap.org/way/957451705"},"geometry":{"type":"Polygon","coordinates":[[[121.5073383,31.2343292],[121.5073888,31.2342132],[121.5075668,31.2342698],[121.5075551,31.2342967],[121.5077298,31.2343522],[121.5076783,31.2344706],[121.5074789,31.2344072],[121.5074916,31.234378],[121.5073383,31.2343292]]]}},{"type":"Feature","id":957451706,"properties":{"osm_id":957451706,"name":"","height_m":0,"height_basis":"unknown","height_tag":null,"levels_tag":null,"building":"yes","source_url":"https://www.openstreetmap.org/way/957451706"},"geometry":{"type":"Polygon","coordinates":[[[121.5078908,31.2345395],[121.5079828,31.2343328],[121.5086068,31.2345358],[121.5085148,31.2347425],[121.5078908,31.2345395]]]}},{"type":"Feature","id":957451707,"properties":{"osm_id":957451707,"name":"东昌大楼","height_m":0,"height_basis":"unknown","height_tag":null,"levels_tag":null,"building":"yes","source_url":"https://www.openstreetmap.org/way/957451707"},"geometry":{"type":"Polygon","coordinates":[[[121.5085391,31.234744],[121.5086014,31.2346146],[121.5090733,31.234782],[121.5092358,31.234489],[121.5094161,31.2345575],[121.5092402,31.2348658],[121.5090599,31.2349248],[121.5085391,31.234744]]]}},{"type":"Feature","id":957451708,"properties":{"osm_id":957451708,"name":"","height_m":0,"height_basis":"unknown","height_tag":null,"levels_tag":null,"building":"yes","source_url":"https://www.openstreetmap.org/way/957451708"},"geometry":{"type":"Polygon","coordinates":[[[121.5087267,31.2345273],[121.5087851,31.2344056],[121.5088572,31.2344309],[121.5087988,31.2345526],[121.5087267,31.2345273]]]}},{"type":"Feature","id":957451709,"properties":{"osm_id":957451709,"name":"","height_m":0,"height_basis":"unknown","height_tag":null,"levels_tag":null,"building":"yes","source_url":"https://www.openstreetmap.org/way/957451709"},"geometry":{"type":"Polygon","coordinates":[[[121.5088696,31.2345513],[121.5089101,31.2344769],[121.5089652,31.2344989],[121.5090557,31.2343324],[121.50917,31.2343778],[121.509039,31.2346186],[121.5088696,31.2345513]]]}},{"type":"Feature","id":957451710,"properties":{"osm_id":957451710,"name":"","height_m":0,"height_basis":"unknown","height_tag":null,"levels_tag":null,"building":"yes","source_url":"https://www.openstreetmap.org/way/957451710"},"geometry":{"type":"Polygon","coordinates":[[[121.5088364,31.2343145],[121.5088684,31.2342565],[121.5089742,31.2342992],[121.5089422,31.2343572],[121.5088364,31.2343145]]]}},{"type":"Feature","id":957451713,"properties":{"osm_id":957451713,"name":"","height_m":0,"height_basis":"unknown","height_tag":null,"levels_tag":null,"building":"residential","source_url":"https://www.openstreetmap.org/way/957451713"},"geometry":{"type":"Polygon","coordinates":[[[121.5075225,31.2338714],[121.5075519,31.2337767],[121.5078556,31.2338455],[121.5078644,31.2338173],[121.5082155,31.2338968],[121.5081861,31.2339916],[121.5078421,31.2339136],[121.5078334,31.2339419],[121.5075225,31.2338714]]]}},{"type":"Feature","id":957451714,"properties":{"osm_id":957451714,"name":"","height_m":0,"height_basis":"unknown","height_tag":null,"levels_tag":null,"building":"residential","source_url":"https://www.openstreetmap.org/way/957451714"},"geometry":{"type":"Polygon","coordinates":[[[121.50773,31.2336636],[121.5077595,31.2335689],[121.5079247,31.2336065],[121.5079335,31.2335783],[121.5082851,31.2336583],[121.5082556,31.233753],[121.5079113,31.2336747],[121.5079025,31.2337029],[121.50773,31.2336636]]]}},{"type":"Feature","id":957451715,"properties":{"osm_id":957451715,"name":"","height_m":0,"height_basis":"unknown","height_tag":null,"levels_tag":null,"building":"residential","source_url":"https://www.openstreetmap.org/way/957451715"},"geometry":{"type":"Polygon","coordinates":[[[121.5078067,31.2334297],[121.5078362,31.233335],[121.5080014,31.2333726],[121.5080102,31.2333444],[121.5083618,31.2334244],[121.5083323,31.2335191],[121.507988,31.2334408],[121.5079792,31.233469],[121.5078067,31.2334297]]]}},{"type":"Feature","id":957451716,"properties":{"osm_id":957451716,"name":"","height_m":0,"height_basis":"unknown","height_tag":null,"levels_tag":null,"building":"residential","source_url":"https://www.openstreetmap.org/way/957451716"},"geometry":{"type":"Polygon","coordinates":[[[121.5082421,31.2340063],[121.5082732,31.2339118],[121.5086254,31.2339967],[121.5085943,31.2340912],[121.5082421,31.2340063]]]}},{"type":"Feature","id":957451717,"properties":{"osm_id":957451717,"name":"","height_m":0,"height_basis":"unknown","height_tag":null,"levels_tag":null,"building":"residential","source_url":"https://www.openstreetmap.org/way/957451717"},"geometry":{"type":"Polygon","coordinates":[[[121.5083144,31.2337664],[121.5083456,31.2336718],[121.5087898,31.2337764],[121.5087587,31.2338709],[121.5083144,31.2337664]]]}},{"type":"Feature","id":957451718,"properties":{"osm_id":957451718,"name":"","height_m":0,"height_basis":"unknown","height_tag":null,"levels_tag":null,"building":"residential","source_url":"https://www.openstreetmap.org/way/957451718"},"geometry":{"type":"Polygon","coordinates":[[[121.5083886,31.2335324],[121.5084197,31.2334379],[121.5088972,31.2335469],[121.5088661,31.2336413],[121.5083886,31.2335324]]]}},{"type":"Feature","id":957451719,"properties":{"osm_id":957451719,"name":"","height_m":0,"height_basis":"unknown","height_tag":null,"levels_tag":null,"building":"residential","source_url":"https://www.openstreetmap.org/way/957451719"},"geometry":{"type":"Polygon","coordinates":[[[121.5089749,31.2341802],[121.5090251,31.2340919],[121.5095447,31.2343076],[121.5094946,31.2343959],[121.5089749,31.2341802]]]}},{"type":"Feature","id":957451720,"properties":{"osm_id":957451720,"name":"","height_m":0,"height_basis":"unknown","height_tag":null,"levels_tag":null,"building":"residential","source_url":"https://www.openstreetmap.org/way/957451720"},"geometry":{"type":"Polygon","coordinates":[[[121.5091117,31.2339496],[121.5091619,31.2338613],[121.5096815,31.234077],[121.5096314,31.2341653],[121.5091117,31.2339496]]]}},{"type":"Feature","id":957451721,"properties":{"osm_id":957451721,"name":"","height_m":0,"height_basis":"unknown","height_tag":null,"levels_tag":null,"building":"residential","source_url":"https://www.openstreetmap.org/way/957451721"},"geometry":{"type":"Polygon","coordinates":[[[121.5092396,31.2337222],[121.5092897,31.2336339],[121.5098094,31.2338496],[121.5097592,31.2339379],[121.5092396,31.2337222]]]}},{"type":"Feature","id":957451722,"properties":{"osm_id":957451722,"name":"","height_m":0,"height_basis":"unknown","height_tag":null,"levels_tag":null,"building":"kindergarten","source_url":"https://www.openstreetmap.org/way/957451722"},"geometry":{"type":"Polygon","coordinates":[[[121.5074235,31.2341396],[121.5074999,31.2339672],[121.5075494,31.2339833],[121.5074965,31.2341027],[121.5077292,31.2341781],[121.5077632,31.2341012],[121.5076987,31.2340803],[121.5077218,31.2340283],[121.5078274,31.2340625],[121.5077391,31.2342619],[121.5076609,31.2342366],[121.5076687,31.234219],[121.5074235,31.2341396]]]}},{"type":"Feature","id":957451724,"properties":{"osm_id":957451724,"name":"","height_m":0,"height_basis":"unknown","height_tag":null,"levels_tag":null,"building":"residential","source_url":"https://www.openstreetmap.org/way/957451724"},"geometry":{"type":"Polygon","coordinates":[[[121.5086393,31.2340861],[121.5086661,31.2340018],[121.5086986,31.2340093],[121.508693,31.2340267],[121.5087386,31.2340373],[121.5087505,31.2340001],[121.5088108,31.2340142],[121.508789,31.2340828],[121.5088288,31.234092],[121.5088086,31.2341557],[121.5086992,31.2341303],[121.5087081,31.2341021],[121.5086393,31.2340861]]]}},{"type":"Feature","id":957451725,"properties":{"osm_id":957451725,"name":"","height_m":0,"height_basis":"unknown","height_tag":null,"levels_tag":null,"building":"residential","source_url":"https://www.openstreetmap.org/way/957451725"},"geometry":{"type":"Polygon","coordinates":[[[121.5088097,31.2338774],[121.5088365,31.2337931],[121.508869,31.2338006],[121.5088635,31.233818],[121.508909,31.2338286],[121.5089209,31.2337914],[121.5089812,31.2338055],[121.5089594,31.2338741],[121.5089992,31.2338833],[121.508979,31.233947],[121.5088696,31.2339216],[121.5088785,31.2338935],[121.5088097,31.2338774]]]}},{"type":"Feature","id":957451726,"properties":{"osm_id":957451726,"name":"","height_m":0,"height_basis":"unknown","height_tag":null,"levels_tag":null,"building":"residential","source_url":"https://www.openstreetmap.org/way/957451726"},"geometry":{"type":"Polygon","coordinates":[[[121.508922,31.2336488],[121.5089489,31.2335644],[121.5089814,31.233572],[121.5089758,31.2335894],[121.5090214,31.2336],[121.5090333,31.2335628],[121.5090936,31.2335768],[121.5090718,31.2336454],[121.5091116,31.2336547],[121.5090914,31.2337184],[121.508982,31.2336929],[121.5089909,31.2336648],[121.508922,31.2336488]]]}},{"type":"Feature","id":957451728,"properties":{"osm_id":957451728,"name":"","height_m":0,"height_basis":"unknown","height_tag":null,"levels_tag":null,"building":"yes","source_url":"https://www.openstreetmap.org/way/957451728"},"geometry":{"type":"Polygon","coordinates":[[[121.5074978,31.2335277],[121.5075547,31.2332323],[121.5077683,31.2332624],[121.5077114,31.2335577],[121.5074978,31.2335277]]]}},{"type":"Feature","id":957456630,"properties":{"osm_id":957456630,"name":"","height_m":0,"height_basis":"unknown","height_tag":null,"levels_tag":null,"building":"yes","source_url":"https://www.openstreetmap.org/way/957456630"},"geometry":{"type":"Polygon","coordinates":[[[121.5044659,31.2341732],[121.5045518,31.2339574],[121.5048861,31.2340547],[121.5048751,31.2340824],[121.5052052,31.2341785],[121.5052384,31.2342353],[121.5051804,31.2343811],[121.5044659,31.2341732]]]}},{"type":"Feature","id":957456631,"properties":{"osm_id":957456631,"name":"","height_m":0,"height_basis":"unknown","height_tag":null,"levels_tag":null,"building":"yes","source_url":"https://www.openstreetmap.org/way/957456631"},"geometry":{"type":"Polygon","coordinates":[[[121.5044521,31.2349749],[121.5045245,31.2348007],[121.5045928,31.2348215],[121.5046057,31.2347904],[121.5046546,31.2348053],[121.5045692,31.2350105],[121.5044521,31.2349749]]]}},{"type":"Feature","id":958766046,"properties":{"osm_id":958766046,"name":"GALA MALL","height_m":0,"height_basis":"unknown","height_tag":null,"levels_tag":null,"building":"yes","source_url":"https://www.openstreetmap.org/way/958766046"},"geometry":{"type":"Polygon","coordinates":[[[121.5058069,31.2428206],[121.5058309,31.2428254],[121.5059793,31.2428553],[121.5062006,31.2428998],[121.5067204,31.2430003],[121.5066685,31.2431935],[121.5065392,31.2436747],[121.5048741,31.2433452],[121.5049885,31.2429222],[121.5051862,31.2429606],[121.5057387,31.2430707],[121.5058069,31.2428206]]]}},{"type":"Feature","id":958766051,"properties":{"osm_id":958766051,"name":"瑞苑公寓-写字楼","height_m":0,"height_basis":"unknown","height_tag":null,"levels_tag":null,"building":"yes","source_url":"https://www.openstreetmap.org/way/958766051"},"geometry":{"type":"Polygon","coordinates":[[[121.5070707,31.2417962],[121.5071776,31.2415122],[121.5076456,31.2416409],[121.5076111,31.2417326],[121.5077267,31.2417633],[121.5075512,31.2419994],[121.5071614,31.2418866],[121.5071827,31.2418305],[121.5070707,31.2417962]]]}},{"type":"Feature","id":958766052,"properties":{"osm_id":958766052,"name":"瑞苑二期办公楼","height_m":0,"height_basis":"unknown","height_tag":null,"levels_tag":null,"building":"yes","source_url":"https://www.openstreetmap.org/way/958766052"},"geometry":{"type":"Polygon","coordinates":[[[121.5074265,31.2422846],[121.5075105,31.2420704],[121.5071345,31.2419626],[121.5070505,31.2421768],[121.5074265,31.2422846]]]}},{"type":"Feature","id":958766060,"properties":{"osm_id":958766060,"name":"","height_m":0,"height_basis":"unknown","height_tag":null,"levels_tag":null,"building":"apartments","source_url":"https://www.openstreetmap.org/way/958766060"},"geometry":{"type":"Polygon","coordinates":[[[121.5084706,31.2412418],[121.5085455,31.2410352],[121.5087977,31.241102],[121.5087229,31.2413085],[121.5084706,31.2412418]]]}},{"type":"Feature","id":958766061,"properties":{"osm_id":958766061,"name":"","height_m":0,"height_basis":"unknown","height_tag":null,"levels_tag":null,"building":"apartments","source_url":"https://www.openstreetmap.org/way/958766061"},"geometry":{"type":"Polygon","coordinates":[[[121.5088907,31.2412489],[121.5089656,31.2410423],[121.5092178,31.2411091],[121.5091429,31.2413157],[121.5088907,31.2412489]]]}},{"type":"Feature","id":958766062,"properties":{"osm_id":958766062,"name":"","height_m":0,"height_basis":"unknown","height_tag":null,"levels_tag":null,"building":"apartments","source_url":"https://www.openstreetmap.org/way/958766062"},"geometry":{"type":"Polygon","coordinates":[[[121.5086044,31.2417909],[121.5086393,31.2418039],[121.5086841,31.2417161],[121.5087746,31.2417498],[121.5087664,31.2417659],[121.5088086,31.2417817],[121.5088164,31.2417663],[121.5089049,31.2417993],[121.5088605,31.2418861],[121.5088988,31.2419004],[121.5088568,31.2419826],[121.5087754,31.2419522],[121.5087871,31.2419293],[121.5086713,31.2418861],[121.5086611,31.241906],[121.5085641,31.2418699],[121.5086044,31.2417909]]]}},{"type":"Feature","id":958766063,"properties":{"osm_id":958766063,"name":"","height_m":0,"height_basis":"unknown","height_tag":null,"levels_tag":null,"building":"yes","source_url":"https://www.openstreetmap.org/way/958766063"},"geometry":{"type":"Polygon","coordinates":[[[121.508449,31.2420836],[121.5084781,31.242027],[121.5087594,31.2421325],[121.5087304,31.2421891],[121.508449,31.2420836]]]}},{"type":"Feature","id":958766067,"properties":{"osm_id":958766067,"name":"国网上海浦东供电公司","height_m":0,"height_basis":"unknown","height_tag":null,"levels_tag":null,"building":"yes","source_url":"https://www.openstreetmap.org/way/958766067"},"geometry":{"type":"Polygon","coordinates":[[[121.508244,31.2417143],[121.5083834,31.2414412],[121.5084816,31.2414778],[121.5083422,31.241751],[121.508244,31.2417143]]]}},{"type":"Feature","id":958766068,"properties":{"osm_id":958766068,"name":"","height_m":0,"height_basis":"unknown","height_tag":null,"levels_tag":null,"building":"yes","source_url":"https://www.openstreetmap.org/way/958766068"},"geometry":{"type":"Polygon","coordinates":[[[121.5083534,31.2418524],[121.5084077,31.2417412],[121.508545,31.2417903],[121.5084907,31.2419014],[121.5083534,31.2418524]]]}},{"type":"Feature","id":958766069,"properties":{"osm_id":958766069,"name":"","height_m":0,"height_basis":"unknown","height_tag":null,"levels_tag":null,"building":"yes","source_url":"https://www.openstreetmap.org/way/958766069"},"geometry":{"type":"Polygon","coordinates":[[[121.5080493,31.2419519],[121.5080775,31.2418947],[121.5082842,31.2419692],[121.5083223,31.2418919],[121.5084669,31.2419439],[121.5084007,31.2420784],[121.5080493,31.2419519]]]}},{"type":"Feature","id":958766070,"properties":{"osm_id":958766070,"name":"","height_m":0,"height_basis":"unknown","height_tag":null,"levels_tag":null,"building":"apartments","source_url":"https://www.openstreetmap.org/way/958766070"},"geometry":{"type":"Polygon","coordinates":[[[121.5076433,31.242512],[121.5078131,31.2422639],[121.5079689,31.2422246],[121.5082803,31.2422836],[121.5082785,31.2423153],[121.5084236,31.2423259],[121.5084095,31.2424273],[121.5082007,31.2424137],[121.5080326,31.242447],[121.5078928,31.2424924],[121.5077618,31.2425786],[121.5076663,31.2426981],[121.5075831,31.2426512],[121.5076769,31.2425347],[121.5076433,31.242512]]]}},{"type":"Feature","id":958766073,"properties":{"osm_id":958766073,"name":"","height_m":0,"height_basis":"unknown","height_tag":null,"levels_tag":null,"building":"yes","source_url":"https://www.openstreetmap.org/way/958766073"},"geometry":{"type":"Polygon","coordinates":[[[121.5078512,31.2430829],[121.508868,31.2434386],[121.5089156,31.2433392],[121.5078989,31.2429835],[121.5078512,31.2430829]]]}},{"type":"Feature","id":958766074,"properties":{"osm_id":958766074,"name":"","height_m":0,"height_basis":"unknown","height_tag":null,"levels_tag":null,"building":"apartments","source_url":"https://www.openstreetmap.org/way/958766074"},"geometry":{"type":"Polygon","coordinates":[[[121.5088791,31.2436297],[121.508923,31.2435488],[121.5091679,31.243646],[121.5094422,31.2436278],[121.5096799,31.2435007],[121.5097413,31.2435845],[121.5096517,31.2436324],[121.5096816,31.2436732],[121.5096112,31.2437109],[121.509578,31.2436655],[121.5094563,31.2437307],[121.5093312,31.243736],[121.5093346,31.2437948],[121.5092773,31.2437972],[121.509274,31.2437397],[121.5091643,31.2437443],[121.5090336,31.2436924],[121.5090116,31.243733],[121.5089607,31.2437128],[121.5089834,31.2436711],[121.5088791,31.2436297]]]}},{"type":"Feature","id":958766075,"properties":{"osm_id":958766075,"name":"","height_m":0,"height_basis":"unknown","height_tag":null,"levels_tag":null,"building":"yes","source_url":"https://www.openstreetmap.org/way/958766075"},"geometry":{"type":"Polygon","coordinates":[[[121.5097643,31.2434847],[121.5094891,31.2433852],[121.5095516,31.2432588],[121.5095337,31.243224],[121.5095292,31.2431823],[121.5095615,31.2431494],[121.5096045,31.2431302],[121.5096901,31.2429572],[121.5099745,31.2430601],[121.5097643,31.2434847]]]}},{"type":"Feature","id":958766084,"properties":{"osm_id":958766084,"name":"","height_m":0,"height_basis":"unknown","height_tag":null,"levels_tag":null,"building":"yes","source_url":"https://www.openstreetmap.org/way/958766084"},"geometry":{"type":"Polygon","coordinates":[[[121.5092267,31.2413282],[121.5092943,31.2411372],[121.5093798,31.2411593],[121.5093122,31.2413503],[121.5092267,31.2413282]]]}},{"type":"Feature","id":958766085,"properties":{"osm_id":958766085,"name":"","height_m":0,"height_basis":"unknown","height_tag":null,"levels_tag":null,"building":"yes","source_url":"https://www.openstreetmap.org/way/958766085"},"geometry":{"type":"Polygon","coordinates":[[[121.5093247,31.2415434],[121.5093702,31.2414183],[121.5096719,31.2414985],[121.5096265,31.2416236],[121.5093247,31.2415434]]]}},{"type":"Feature","id":958766086,"properties":{"osm_id":958766086,"name":"","height_m":0,"height_basis":"unknown","height_tag":null,"levels_tag":null,"building":"yes","source_url":"https://www.openstreetmap.org/way/958766086"},"geometry":{"type":"Polygon","coordinates":[[[121.509418,31.2413898],[121.5094591,31.2412767],[121.5096779,31.2413349],[121.5096368,31.241448],[121.509418,31.2413898]]]}},{"type":"Feature","id":958766101,"properties":{"osm_id":958766101,"name":"东海宾馆（浦东大道店）","height_m":0,"height_basis":"unknown","height_tag":null,"levels_tag":null,"building":"yes","source_url":"https://www.openstreetmap.org/way/958766101"},"geometry":{"type":"Polygon","coordinates":[[[121.5116532,31.242338],[121.5117327,31.2418511],[121.5119691,31.2418794],[121.5119669,31.2418928],[121.5119987,31.2418965],[121.511983,31.2419931],[121.5119184,31.2419854],[121.5118569,31.2423623],[121.5116532,31.242338]]]}},{"type":"Feature","id":958766131,"properties":{"osm_id":958766131,"name":"国家电网建设分公司","height_m":0,"height_basis":"unknown","height_tag":null,"levels_tag":null,"building":"yes","source_url":"https://www.openstreetmap.org/way/958766131"},"geometry":{"type":"Polygon","coordinates":[[[121.5102948,31.2434663],[121.5104171,31.2431994],[121.5105971,31.2432597],[121.5106123,31.2432267],[121.5105769,31.2432148],[121.5106527,31.2430491],[121.5111575,31.243218],[121.5110837,31.2433792],[121.5110297,31.2433611],[121.5109619,31.2435092],[121.5110085,31.2435248],[121.5109368,31.2436813],[121.5102948,31.2434663]]]}},{"type":"Feature","id":958766132,"properties":{"osm_id":958766132,"name":"","height_m":0,"height_basis":"unknown","height_tag":null,"levels_tag":null,"building":"yes","source_url":"https://www.openstreetmap.org/way/958766132"},"geometry":{"type":"Polygon","coordinates":[[[121.511257,31.2435622],[121.5112922,31.243484],[121.5113311,31.2434968],[121.5113511,31.2434525],[121.5114382,31.2434811],[121.5113831,31.2436037],[121.511257,31.2435622]]]}},{"type":"Feature","id":959649120,"properties":{"osm_id":959649120,"name":"","height_m":0,"height_basis":"unknown","height_tag":null,"levels_tag":null,"building":"yes","source_url":"https://www.openstreetmap.org/way/959649120"},"geometry":{"type":"Polygon","coordinates":[[[121.5008766,31.2443368],[121.5009674,31.2442179],[121.5010867,31.2442844],[121.5012994,31.2440056],[121.5011888,31.2439439],[121.5012693,31.2438384],[121.5016197,31.2440339],[121.5015392,31.2441393],[121.5014552,31.2440924],[121.5012434,31.2443697],[121.5013304,31.2444183],[121.5012384,31.2445388],[121.5008766,31.2443368]]]}},{"type":"Feature","id":960774471,"properties":{"osm_id":960774471,"name":"","height_m":0,"height_basis":"unknown","height_tag":null,"levels_tag":null,"building":"yes","source_url":"https://www.openstreetmap.org/way/960774471"},"geometry":{"type":"Polygon","coordinates":[[[121.5112266,31.2412225],[121.5113043,31.2410564],[121.5112002,31.2410218],[121.5112584,31.2408959],[121.5113493,31.2409264],[121.5113232,31.2409871],[121.5114142,31.2410174],[121.5113357,31.2411851],[121.5117714,31.2413034],[121.5117489,31.241364],[121.5112266,31.2412225]]]}},{"type":"Feature","id":960774472,"properties":{"osm_id":960774472,"name":"","height_m":0,"height_basis":"unknown","height_tag":null,"levels_tag":null,"building":"yes","source_url":"https://www.openstreetmap.org/way/960774472"},"geometry":{"type":"Polygon","coordinates":[[[121.5119281,31.2411728],[121.5118398,31.2414224],[121.5120071,31.2414656],[121.5120929,31.2412185],[121.5119281,31.2411728]]]}},{"type":"Feature","id":960774473,"properties":{"osm_id":960774473,"name":"","height_m":0,"height_basis":"unknown","height_tag":null,"levels_tag":null,"building":"apartments","source_url":"https://www.openstreetmap.org/way/960774473"},"geometry":{"type":"Polygon","coordinates":[[[121.5113084,31.2408138],[121.5113476,31.2407319],[121.5115129,31.2407898],[121.5114736,31.2408717],[121.5113084,31.2408138]]]}},{"type":"Feature","id":960774474,"properties":{"osm_id":960774474,"name":"","height_m":0,"height_basis":"unknown","height_tag":null,"levels_tag":null,"building":"apartments","source_url":"https://www.openstreetmap.org/way/960774474"},"geometry":{"type":"Polygon","coordinates":[[[121.5114053,31.240609],[121.5114446,31.2405272],[121.5116098,31.2405851],[121.5115705,31.240667],[121.5114053,31.240609]]]}},{"type":"Feature","id":960774475,"properties":{"osm_id":960774475,"name":"","height_m":0,"height_basis":"unknown","height_tag":null,"levels_tag":null,"building":"apartments","source_url":"https://www.openstreetmap.org/way/960774475"},"geometry":{"type":"Polygon","coordinates":[[[121.5115168,31.2404017],[121.5115561,31.2403199],[121.5117213,31.2403778],[121.511682,31.2404597],[121.5115168,31.2404017]]]}},{"type":"Feature","id":960774476,"properties":{"osm_id":960774476,"name":"","height_m":0,"height_basis":"unknown","height_tag":null,"levels_tag":null,"building":"apartments","source_url":"https://www.openstreetmap.org/way/960774476"},"geometry":{"type":"Polygon","coordinates":[[[121.5116212,31.2402066],[121.5116605,31.2401247],[121.5118257,31.2401826],[121.5117864,31.2402645],[121.5116212,31.2402066]]]}},{"type":"Feature","id":960774477,"properties":{"osm_id":960774477,"name":"","height_m":0,"height_basis":"unknown","height_tag":null,"levels_tag":null,"building":"apartments","source_url":"https://www.openstreetmap.org/way/960774477"},"geometry":{"type":"Polygon","coordinates":[[[121.511913,31.2403942],[121.5119569,31.2403079],[121.5124134,31.2404776],[121.5123694,31.240564],[121.511913,31.2403942]]]}},{"type":"Feature","id":960774478,"properties":{"osm_id":960774478,"name":"","height_m":0,"height_basis":"unknown","height_tag":null,"levels_tag":null,"building":"apartments","source_url":"https://www.openstreetmap.org/way/960774478"},"geometry":{"type":"Polygon","coordinates":[[[121.5118544,31.2401271],[121.5118985,31.2400408],[121.5125233,31.2402742],[121.5124792,31.2403605],[121.5118544,31.2401271]]]}},{"type":"Feature","id":960774495,"properties":{"osm_id":960774495,"name":"","height_m":0,"height_basis":"unknown","height_tag":null,"levels_tag":null,"building":"yes","source_url":"https://www.openstreetmap.org/way/960774495"},"geometry":{"type":"Polygon","coordinates":[[[121.5117997,31.2403428],[121.5118665,31.2402113],[121.5119508,31.2402427],[121.511884,31.2403741],[121.5117997,31.2403428]]]}},{"type":"Feature","id":961069819,"properties":{"osm_id":961069819,"name":"","height_m":0,"height_basis":"unknown","height_tag":null,"levels_tag":null,"building":"yes","source_url":"https://www.openstreetmap.org/way/961069819"},"geometry":{"type":"Polygon","coordinates":[[[121.5120673,31.2391819],[121.5118821,31.2395412],[121.5116243,31.2394441],[121.5118095,31.2390847],[121.5120673,31.2391819]]]}},{"type":"Feature","id":961069820,"properties":{"osm_id":961069820,"name":"","height_m":0,"height_basis":"unknown","height_tag":null,"levels_tag":null,"building":"yes","source_url":"https://www.openstreetmap.org/way/961069820"},"geometry":{"type":"Polygon","coordinates":[[[121.5112239,31.2395863],[121.5112653,31.2395028],[121.511402,31.2395523],[121.5113606,31.2396359],[121.5112239,31.2395863]]]}},{"type":"Feature","id":961069821,"properties":{"osm_id":961069821,"name":"","height_m":0,"height_basis":"unknown","height_tag":null,"levels_tag":null,"building":"residential","source_url":"https://www.openstreetmap.org/way/961069821"},"geometry":{"type":"Polygon","coordinates":[[[121.5112989,31.2393679],[121.5115324,31.2388954],[121.5116412,31.2389347],[121.5116208,31.2389761],[121.5114077,31.2394072],[121.5112989,31.2393679]]]}},{"type":"Feature","id":961069822,"properties":{"osm_id":961069822,"name":"","height_m":0,"height_basis":"unknown","height_tag":null,"levels_tag":null,"building":"apartments","source_url":"https://www.openstreetmap.org/way/961069822"},"geometry":{"type":"Polygon","coordinates":[[[121.511567,31.2388257],[121.5116182,31.238727],[121.5117638,31.2387823],[121.5117125,31.238881],[121.511567,31.2388257]]]}},{"type":"Feature","id":961069823,"properties":{"osm_id":961069823,"name":"","height_m":0,"height_basis":"unknown","height_tag":null,"levels_tag":null,"building":"apartments","source_url":"https://www.openstreetmap.org/way/961069823"},"geometry":{"type":"Polygon","coordinates":[[[121.5116503,31.2386645],[121.5117016,31.2385658],[121.5118471,31.2386211],[121.5117959,31.2387198],[121.5116503,31.2386645]]]}},{"type":"Feature","id":961069824,"properties":{"osm_id":961069824,"name":"","height_m":0,"height_basis":"unknown","height_tag":null,"levels_tag":null,"building":"apartments","source_url":"https://www.openstreetmap.org/way/961069824"},"geometry":{"type":"Polygon","coordinates":[[[121.511737,31.2385011],[121.5117883,31.2384024],[121.5119339,31.2384577],[121.5118826,31.2385564],[121.511737,31.2385011]]]}},{"type":"Feature","id":961069825,"properties":{"osm_id":961069825,"name":"","height_m":0,"height_basis":"unknown","height_tag":null,"levels_tag":null,"building":"apartments","source_url":"https://www.openstreetmap.org/way/961069825"},"geometry":{"type":"Polygon","coordinates":[[[121.5118202,31.2383392],[121.5118715,31.2382405],[121.512017,31.2382958],[121.5119658,31.2383945],[121.5118202,31.2383392]]]}},{"type":"Feature","id":961069839,"properties":{"osm_id":961069839,"name":"","height_m":0,"height_basis":"unknown","height_tag":null,"levels_tag":null,"building":"apartments","source_url":"https://www.openstreetmap.org/way/961069839"},"geometry":{"type":"Polygon","coordinates":[[[121.511939,31.2386148],[121.5119831,31.2385285],[121.5125686,31.2387469],[121.5125246,31.2388333],[121.511939,31.2386148]]]}},{"type":"Feature","id":961069848,"properties":{"osm_id":961069848,"name":"","height_m":0,"height_basis":"unknown","height_tag":null,"levels_tag":null,"building":"yes","source_url":"https://www.openstreetmap.org/way/961069848"},"geometry":{"type":"Polygon","coordinates":[[[121.5119376,31.2389204],[121.5119945,31.238808],[121.5122772,31.2389126],[121.5122864,31.2388946],[121.5124655,31.238961],[121.5124128,31.239065],[121.5122476,31.2390038],[121.5122342,31.2390301],[121.5119376,31.2389204]]]}},{"type":"Feature","id":961322834,"properties":{"osm_id":961322834,"name":"","height_m":0,"height_basis":"unknown","height_tag":null,"levels_tag":null,"building":"yes","source_url":"https://www.openstreetmap.org/way/961322834"},"geometry":{"type":"Polygon","coordinates":[[[121.5012967,31.2342919],[121.501361,31.2341653],[121.5014356,31.2341474],[121.5015169,31.2341353],[121.501586,31.234126],[121.5016552,31.2341253],[121.5017584,31.2341287],[121.5018076,31.2341199],[121.50185,31.2340937],[121.5019011,31.2340792],[121.5019591,31.234082],[121.5020272,31.234187],[121.5019106,31.2342452],[121.5018472,31.2342729],[121.5017837,31.2342962],[121.5017282,31.2343079],[121.5016693,31.2343195],[121.5016087,31.2343268],[121.5015463,31.2343298],[121.5014869,31.2343276],[121.5014224,31.2343195],[121.5012967,31.2342919]]]}},{"type":"Feature","id":961322837,"properties":{"osm_id":961322837,"name":"","height_m":0,"height_basis":"unknown","height_tag":null,"levels_tag":null,"building":"yes","source_url":"https://www.openstreetmap.org/way/961322837"},"geometry":{"type":"Polygon","coordinates":[[[121.4991142,31.2334933],[121.4991597,31.2335457],[121.4991814,31.2336083],[121.4991768,31.2336734],[121.4991465,31.2337333],[121.499094,31.2337807],[121.4990257,31.2338098],[121.4989499,31.2338173],[121.4988828,31.2338046],[121.4988235,31.2337748],[121.4987779,31.2337308],[121.4987504,31.2336769],[121.4987437,31.2336184],[121.4987586,31.233561],[121.4987934,31.2335103],[121.4988449,31.2334713],[121.4989079,31.2334478],[121.4989763,31.2334421],[121.4990214,31.2334514],[121.4990506,31.2334573],[121.4991142,31.2334933]]]}},{"type":"Feature","id":961322838,"properties":{"osm_id":961322838,"name":"","height_m":0,"height_basis":"unknown","height_tag":null,"levels_tag":null,"building":"yes","source_url":"https://www.openstreetmap.org/way/961322838"},"geometry":{"type":"Polygon","coordinates":[[[121.4992563,31.2329909],[121.499272,31.233018],[121.499276,31.2330481],[121.4992677,31.2330775],[121.4992481,31.2331027],[121.4992196,31.2331206],[121.4991857,31.2331292],[121.49915,31.2331284],[121.4991209,31.2331168],[121.4990967,31.2330991],[121.4990801,31.2330758],[121.4990727,31.2330493],[121.4990753,31.2330221],[121.4990875,31.232997],[121.4991082,31.2329763],[121.4991355,31.232962],[121.4991665,31.2329557],[121.4991982,31.2329579],[121.4992307,31.23297],[121.4992563,31.2329909]]]}},{"type":"Feature","id":961322841,"properties":{"osm_id":961322841,"name":"上海中粮海景壹号酒店公寓","height_m":0,"height_basis":"unknown","height_tag":null,"levels_tag":null,"building":"apartments","source_url":"https://www.openstreetmap.org/way/961322841"},"geometry":{"type":"Polygon","coordinates":[[[121.4988299,31.2341986],[121.4988277,31.2341335],[121.4987134,31.2341364],[121.4986803,31.2340314],[121.4990231,31.2340248],[121.4993377,31.2338852],[121.4993585,31.2339928],[121.4992514,31.2340387],[121.4992834,31.2340933],[121.4991823,31.2341367],[121.499151,31.2340832],[121.4990478,31.2341274],[121.4989311,31.2341304],[121.4989334,31.234196],[121.4988299,31.2341986]]]}},{"type":"Feature","id":961322842,"properties":{"osm_id":961322842,"name":"","height_m":0,"height_basis":"unknown","height_tag":null,"levels_tag":null,"building":"apartments","source_url":"https://www.openstreetmap.org/way/961322842"},"geometry":{"type":"Polygon","coordinates":[[[121.4993623,31.2335673],[121.4995013,31.2333956],[121.4994802,31.2332163],[121.4995915,31.2332067],[121.4995957,31.2332422],[121.4996151,31.2332405],[121.4996342,31.2334025],[121.4996696,31.2333994],[121.4996395,31.2334485],[121.4995976,31.2335001],[121.4995601,31.2335453],[121.4995167,31.2335881],[121.4994975,31.2335767],[121.4994492,31.2336363],[121.4993872,31.2335996],[121.4993968,31.2335877],[121.4993623,31.2335673]]]}},{"type":"Feature","id":961322843,"properties":{"osm_id":961322843,"name":"","height_m":0,"height_basis":"unknown","height_tag":null,"levels_tag":null,"building":"apartments","source_url":"https://www.openstreetmap.org/way/961322843"},"geometry":{"type":"Polygon","coordinates":[[[121.4982098,31.2338393],[121.4982338,31.2337254],[121.4982786,31.2336165],[121.4983499,31.2334912],[121.49843,31.2333735],[121.4985418,31.2334121],[121.4984764,31.2335505],[121.4985663,31.2335815],[121.4985265,31.2336657],[121.4984336,31.2336337],[121.4983187,31.233877],[121.4982098,31.2338393]]]}},{"type":"Feature","id":961322844,"properties":{"osm_id":961322844,"name":"","height_m":0,"height_basis":"unknown","height_tag":null,"levels_tag":null,"building":"apartments","source_url":"https://www.openstreetmap.org/way/961322844"},"geometry":{"type":"Polygon","coordinates":[[[121.4993553,31.2326732],[121.4995098,31.2328349],[121.4995052,31.2330151],[121.4996172,31.2330171],[121.4996181,31.2329815],[121.4996375,31.2329818],[121.4996416,31.2328191],[121.4996772,31.2328198],[121.4996426,31.2327729],[121.499596,31.2327243],[121.4995545,31.2326817],[121.4995073,31.232642],[121.4994892,31.2326547],[121.4994355,31.2325985],[121.4993771,31.2326393],[121.4993878,31.2326505],[121.4993553,31.2326732]]]}},{"type":"Feature","id":961322860,"properties":{"osm_id":961322860,"name":"","height_m":0,"height_basis":"unknown","height_tag":null,"levels_tag":null,"building":"yes","source_url":"https://www.openstreetmap.org/way/961322860"},"geometry":{"type":"Polygon","coordinates":[[[121.4988878,31.233273],[121.4987271,31.2332128],[121.498764,31.233141],[121.4988053,31.2331072],[121.4988594,31.233091],[121.4989382,31.2330844],[121.4989452,31.2331443],[121.49899,31.233181],[121.4989705,31.2332176],[121.4989179,31.2332143],[121.4988878,31.233273]]]}},{"type":"Feature","id":961634158,"properties":{"osm_id":961634158,"name":"","height_m":0,"height_basis":"unknown","height_tag":null,"levels_tag":null,"building":"yes","source_url":"https://www.openstreetmap.org/way/961634158"},"geometry":{"type":"Polygon","coordinates":[[[121.5002297,31.2354267],[121.5002161,31.2353934],[121.5002064,31.2353567],[121.5002005,31.2353226],[121.5001985,31.2352868],[121.5002021,31.2352345],[121.5002116,31.2351855],[121.5002304,31.2351387],[121.500253,31.2350952],[121.5002816,31.2350543],[121.5003142,31.2350167],[121.5003933,31.234947],[121.5004098,31.2349372],[121.5004293,31.2349316],[121.5004454,31.2349322],[121.5004576,31.2349403],[121.5004848,31.2350153],[121.5004454,31.2350367],[121.5004099,31.2350614],[121.5003802,31.2350916],[121.5003543,31.2351252],[121.5003362,31.2351612],[121.500322,31.2351971],[121.5003167,31.2352353],[121.5003154,31.2352734],[121.5003164,31.2353084],[121.5003232,31.235345],[121.5003329,31.2353784],[121.5003465,31.23541],[121.5002297,31.2354267]]]}},{"type":"Feature","id":961656405,"properties":{"osm_id":961656405,"name":"","height_m":0,"height_basis":"unknown","height_tag":null,"levels_tag":null,"building":"yes","source_url":"https://www.openstreetmap.org/way/961656405"},"geometry":{"type":"Polygon","coordinates":[[[121.4997492,31.2379212],[121.4997505,31.2378532],[121.4998646,31.2378548],[121.4998638,31.2378943],[121.4998231,31.2378937],[121.4998225,31.2379223],[121.4997492,31.2379212]]]}},{"type":"Feature","id":961656406,"properties":{"osm_id":961656406,"name":"","height_m":0,"height_basis":"unknown","height_tag":null,"levels_tag":null,"building":"yes","source_url":"https://www.openstreetmap.org/way/961656406"},"geometry":{"type":"Polygon","coordinates":[[[121.4997512,31.2374465],[121.4997536,31.2373457],[121.4999143,31.2373485],[121.4999118,31.2374493],[121.4997512,31.2374465]]]}},{"type":"Feature","id":964254608,"properties":{"osm_id":964254608,"name":"上海市浦东新区陆家嘴图书馆(浦城路)","height_m":0,"height_basis":"unknown","height_tag":null,"levels_tag":null,"building":"yes","source_url":"https://www.openstreetmap.org/way/964254608"},"geometry":{"type":"Polygon","coordinates":[[[121.5067149,31.2328941],[121.5067645,31.2327466],[121.5068606,31.2327702],[121.5068877,31.2326894],[121.5074396,31.232825],[121.5073853,31.2329866],[121.5073635,31.2330099],[121.5073294,31.2330254],[121.5072951,31.2330304],[121.5072577,31.2330276],[121.5067149,31.2328941]]]}},{"type":"Feature","id":964254609,"properties":{"osm_id":964254609,"name":"","height_m":0,"height_basis":"unknown","height_tag":null,"levels_tag":null,"building":"apartments","source_url":"https://www.openstreetmap.org/way/964254609"},"geometry":{"type":"Polygon","coordinates":[[[121.5069002,31.2325677],[121.506932,31.2324717],[121.5069751,31.2324822],[121.507012,31.2323712],[121.5070809,31.2323879],[121.5070726,31.2324128],[121.5071818,31.2324393],[121.5071894,31.2324166],[121.5072529,31.232432],[121.5072165,31.2325416],[121.5072505,31.2325498],[121.5072198,31.2326421],[121.5071077,31.2326148],[121.5071197,31.2325788],[121.5070132,31.232553],[121.5070003,31.232592],[121.5069002,31.2325677]]]}},{"type":"Feature","id":964254610,"properties":{"osm_id":964254610,"name":"","height_m":0,"height_basis":"unknown","height_tag":null,"levels_tag":null,"building":"apartments","source_url":"https://www.openstreetmap.org/way/964254610"},"geometry":{"type":"Polygon","coordinates":[[[121.5073551,31.2322307],[121.5073883,31.2321351],[121.5074312,31.2321459],[121.5074695,31.2320353],[121.5075382,31.2320527],[121.5075296,31.2320775],[121.5076385,31.2321051],[121.5076463,31.2320824],[121.5077097,31.2320985],[121.5076718,31.2322076],[121.5077057,31.2322162],[121.5076738,31.2323082],[121.507562,31.2322798],[121.5075745,31.232244],[121.5074684,31.2322171],[121.5074549,31.232256],[121.5073551,31.2322307]]]}},{"type":"Feature","id":964254611,"properties":{"osm_id":964254611,"name":"","height_m":0,"height_basis":"unknown","height_tag":null,"levels_tag":null,"building":"yes","source_url":"https://www.openstreetmap.org/way/964254611"},"geometry":{"type":"Polygon","coordinates":[[[121.5070858,31.2322197],[121.5073795,31.2316992],[121.5074291,31.2317734],[121.5072061,31.2322924],[121.5070805,31.2322666],[121.5071035,31.2322258],[121.5070858,31.2322197]]]}},{"type":"Feature","id":964254612,"properties":{"osm_id":964254612,"name":"","height_m":0,"height_basis":"unknown","height_tag":null,"levels_tag":null,"building":"yes","source_url":"https://www.openstreetmap.org/way/964254612"},"geometry":{"type":"Polygon","coordinates":[[[121.507451,31.2318682],[121.5075252,31.2316497],[121.5075937,31.2316667],[121.5075195,31.2318852],[121.507451,31.2318682]]]}},{"type":"Feature","id":964254613,"properties":{"osm_id":964254613,"name":"浦东分局陆家嘴治安派出所","height_m":0,"height_basis":"unknown","height_tag":null,"levels_tag":null,"building":"yes","source_url":"https://www.openstreetmap.org/way/964254613"},"geometry":{"type":"Polygon","coordinates":[[[121.5073828,31.2315193],[121.5074474,31.2313286],[121.5074901,31.2313392],[121.5074975,31.2313173],[121.5075796,31.2313376],[121.5075903,31.231306],[121.5080301,31.2314151],[121.5078464,31.2319569],[121.5076366,31.2319049],[121.5077554,31.2315546],[121.5075378,31.2315006],[121.50752,31.2315533],[121.5073828,31.2315193]]]}},{"type":"Feature","id":964254617,"properties":{"osm_id":964254617,"name":"","height_m":0,"height_basis":"unknown","height_tag":null,"levels_tag":null,"building":"apartments","source_url":"https://www.openstreetmap.org/way/964254617"},"geometry":{"type":"Polygon","coordinates":[[[121.5084312,31.2332595],[121.5084599,31.2331755],[121.5084923,31.2331836],[121.5084863,31.233201],[121.5085316,31.2332123],[121.5085444,31.2331753],[121.5086043,31.2331902],[121.508581,31.2332585],[121.5086206,31.2332684],[121.5085991,31.2333318],[121.5084902,31.2333045],[121.5084997,31.2332766],[121.5084312,31.2332595]]]}},{"type":"Feature","id":964254618,"properties":{"osm_id":964254618,"name":"","height_m":0,"height_basis":"unknown","height_tag":null,"levels_tag":null,"building":"apartments","source_url":"https://www.openstreetmap.org/way/964254618"},"geometry":{"type":"Polygon","coordinates":[[[121.5085088,31.2330103],[121.5085376,31.2329263],[121.5085699,31.2329345],[121.5085639,31.2329518],[121.5086093,31.2329631],[121.508622,31.2329261],[121.508682,31.2329411],[121.5086587,31.2330093],[121.5086983,31.2330192],[121.5086767,31.2330826],[121.5085679,31.2330554],[121.5085774,31.2330274],[121.5085088,31.2330103]]]}},{"type":"Feature","id":964254619,"properties":{"osm_id":964254619,"name":"","height_m":0,"height_basis":"unknown","height_tag":null,"levels_tag":null,"building":"apartments","source_url":"https://www.openstreetmap.org/way/964254619"},"geometry":{"type":"Polygon","coordinates":[[[121.5085861,31.2327583],[121.5086148,31.2326743],[121.5086471,31.2326824],[121.5086412,31.2326997],[121.5086865,31.2327111],[121.5086992,31.2326741],[121.5087592,31.232689],[121.5087359,31.2327573],[121.5087755,31.2327672],[121.5087539,31.2328306],[121.5086451,31.2328033],[121.5086546,31.2327754],[121.5085861,31.2327583]]]}},{"type":"Feature","id":964254620,"properties":{"osm_id":964254620,"name":"","height_m":0,"height_basis":"unknown","height_tag":null,"levels_tag":null,"building":"apartments","source_url":"https://www.openstreetmap.org/way/964254620"},"geometry":{"type":"Polygon","coordinates":[[[121.5086532,31.2325097],[121.5086819,31.2324258],[121.5087142,31.2324339],[121.5087082,31.2324512],[121.5087536,31.2324625],[121.5087663,31.2324255],[121.5088263,31.2324405],[121.508803,31.2325087],[121.5088426,31.2325186],[121.508821,31.232582],[121.5087122,31.2325548],[121.5087217,31.2325268],[121.5086532,31.2325097]]]}},{"type":"Feature","id":964254621,"properties":{"osm_id":964254621,"name":"","height_m":0,"height_basis":"unknown","height_tag":null,"levels_tag":null,"building":"residential","source_url":"https://www.openstreetmap.org/way/964254621"},"geometry":{"type":"Polygon","coordinates":[[[121.5081434,31.2326719],[121.5081748,31.2325775],[121.5085267,31.2326632],[121.5084953,31.2327576],[121.5081434,31.2326719]]]}},{"type":"Feature","id":964254622,"properties":{"osm_id":964254622,"name":"","height_m":0,"height_basis":"unknown","height_tag":null,"levels_tag":null,"building":"residential","source_url":"https://www.openstreetmap.org/way/964254622"},"geometry":{"type":"Polygon","coordinates":[[[121.5082287,31.2324355],[121.5082601,31.2323411],[121.5086121,31.2324268],[121.5085807,31.2325212],[121.5082287,31.2324355]]]}},{"type":"Feature","id":964254623,"properties":{"osm_id":964254623,"name":"","height_m":0,"height_basis":"unknown","height_tag":null,"levels_tag":null,"building":"residential","source_url":"https://www.openstreetmap.org/way/964254623"},"geometry":{"type":"Polygon","coordinates":[[[121.5077226,31.2325694],[121.507754,31.2324749],[121.507981,31.2325302],[121.5081059,31.2325606],[121.5080745,31.232655],[121.5077226,31.2325694]]]}},{"type":"Feature","id":964254624,"properties":{"osm_id":964254624,"name":"","height_m":0,"height_basis":"unknown","height_tag":null,"levels_tag":null,"building":"residential","source_url":"https://www.openstreetmap.org/way/964254624"},"geometry":{"type":"Polygon","coordinates":[[[121.5078019,31.232333],[121.5078333,31.2322385],[121.5081852,31.2323242],[121.5081538,31.2324187],[121.5078019,31.232333]]]}},{"type":"Feature","id":964254625,"properties":{"osm_id":964254625,"name":"","height_m":0,"height_basis":"unknown","height_tag":null,"levels_tag":null,"building":"residential","source_url":"https://www.openstreetmap.org/way/964254625"},"geometry":{"type":"Polygon","coordinates":[[[121.5080661,31.2329013],[121.5080975,31.2328069],[121.5084495,31.2328926],[121.5084181,31.232987],[121.5080661,31.2329013]]]}},{"type":"Feature","id":964254626,"properties":{"osm_id":964254626,"name":"","height_m":0,"height_basis":"unknown","height_tag":null,"levels_tag":null,"building":"residential","source_url":"https://www.openstreetmap.org/way/964254626"},"geometry":{"type":"Polygon","coordinates":[[[121.5079682,31.2331614],[121.50798,31.2331252],[121.5080122,31.2331329],[121.508031,31.2330752],[121.508363,31.2331543],[121.5083324,31.2332482],[121.5079682,31.2331614]]]}},{"type":"Feature","id":964254627,"properties":{"osm_id":964254627,"name":"","height_m":0,"height_basis":"unknown","height_tag":null,"levels_tag":null,"building":"residential","source_url":"https://www.openstreetmap.org/way/964254627"},"geometry":{"type":"Polygon","coordinates":[[[121.5084818,31.2321646],[121.5085161,31.2320709],[121.508951,31.2321873],[121.5089167,31.232281],[121.5084818,31.2321646]]]}},{"type":"Feature","id":964254628,"properties":{"osm_id":964254628,"name":"","height_m":0,"height_basis":"unknown","height_tag":null,"levels_tag":null,"building":"residential","source_url":"https://www.openstreetmap.org/way/964254628"},"geometry":{"type":"Polygon","coordinates":[[[121.5085642,31.2319365],[121.5085984,31.2318428],[121.5090334,31.2319591],[121.5089991,31.2320528],[121.5085642,31.2319365]]]}},{"type":"Feature","id":964254629,"properties":{"osm_id":964254629,"name":"","height_m":0,"height_basis":"unknown","height_tag":null,"levels_tag":null,"building":"residential","source_url":"https://www.openstreetmap.org/way/964254629"},"geometry":{"type":"Polygon","coordinates":[[[121.5079672,31.232026],[121.5080015,31.2319323],[121.5084364,31.2320486],[121.5084021,31.2321423],[121.5079672,31.232026]]]}},{"type":"Feature","id":964254630,"properties":{"osm_id":964254630,"name":"","height_m":0,"height_basis":"unknown","height_tag":null,"levels_tag":null,"building":"residential","source_url":"https://www.openstreetmap.org/way/964254630"},"geometry":{"type":"Polygon","coordinates":[[[121.508045,31.231796],[121.5080793,31.2317023],[121.5085143,31.2318187],[121.50848,31.2319123],[121.508045,31.231796]]]}},{"type":"Feature","id":964254631,"properties":{"osm_id":964254631,"name":"","height_m":0,"height_basis":"unknown","height_tag":null,"levels_tag":null,"building":"residential","source_url":"https://www.openstreetmap.org/way/964254631"},"geometry":{"type":"Polygon","coordinates":[[[121.5086375,31.2317033],[121.508667,31.2316085],[121.5091074,31.2317086],[121.5090779,31.2318034],[121.5086375,31.2317033]]]}},{"type":"Feature","id":964254632,"properties":{"osm_id":964254632,"name":"","height_m":0,"height_basis":"unknown","height_tag":null,"levels_tag":null,"building":"yes","source_url":"https://www.openstreetmap.org/way/964254632"},"geometry":{"type":"Polygon","coordinates":[[[121.508031,31.2315889],[121.5080572,31.2314733],[121.5085904,31.2315615],[121.5085643,31.2316772],[121.508031,31.2315889]]]}},{"type":"Feature","id":964254633,"properties":{"osm_id":964254633,"name":"","height_m":0,"height_basis":"unknown","height_tag":null,"levels_tag":null,"building":"apartments","source_url":"https://www.openstreetmap.org/way/964254633"},"geometry":{"type":"Polygon","coordinates":[[[121.5087333,31.233364],[121.5087494,31.2333114],[121.5087675,31.2333155],[121.5087881,31.2332486],[121.5092269,31.2333474],[121.5092066,31.2334131],[121.5092243,31.2334171],[121.5092078,31.2334707],[121.5087333,31.233364]]]}},{"type":"Feature","id":964254634,"properties":{"osm_id":964254634,"name":"","height_m":0,"height_basis":"unknown","height_tag":null,"levels_tag":null,"building":"apartments","source_url":"https://www.openstreetmap.org/way/964254634"},"geometry":{"type":"Polygon","coordinates":[[[121.5088112,31.2331034],[121.5088274,31.2330509],[121.5088455,31.233055],[121.5088661,31.232988],[121.5093048,31.2330869],[121.5092846,31.2331525],[121.5093023,31.2331565],[121.5092858,31.2332102],[121.5088112,31.2331034]]]}},{"type":"Feature","id":964254635,"properties":{"osm_id":964254635,"name":"","height_m":0,"height_basis":"unknown","height_tag":null,"levels_tag":null,"building":"apartments","source_url":"https://www.openstreetmap.org/way/964254635"},"geometry":{"type":"Polygon","coordinates":[[[121.5088975,31.2328505],[121.5089137,31.232798],[121.5089317,31.232802],[121.5089523,31.2327351],[121.5093911,31.2328339],[121.5093709,31.2328996],[121.5093885,31.2329036],[121.509372,31.2329572],[121.5088975,31.2328505]]]}},{"type":"Feature","id":964254636,"properties":{"osm_id":964254636,"name":"","height_m":0,"height_basis":"unknown","height_tag":null,"levels_tag":null,"building":"apartments","source_url":"https://www.openstreetmap.org/way/964254636"},"geometry":{"type":"Polygon","coordinates":[[[121.5089838,31.2325936],[121.5089999,31.2325411],[121.509018,31.2325452],[121.5090386,31.2324783],[121.5094774,31.2325771],[121.5094571,31.2326428],[121.5094748,31.2326467],[121.5094583,31.2327004],[121.5089838,31.2325936]]]}},{"type":"Feature","id":964254637,"properties":{"osm_id":964254637,"name":"","height_m":0,"height_basis":"unknown","height_tag":null,"levels_tag":null,"building":"residential","source_url":"https://www.openstreetmap.org/way/964254637"},"geometry":{"type":"Polygon","coordinates":[[[121.5094902,31.2324257],[121.509517,31.2323303],[121.5097963,31.2323876],[121.5097695,31.2324831],[121.5094902,31.2324257]]]}},{"type":"Feature","id":964254638,"properties":{"osm_id":964254638,"name":"","height_m":0,"height_basis":"unknown","height_tag":null,"levels_tag":null,"building":"residential","source_url":"https://www.openstreetmap.org/way/964254638"},"geometry":{"type":"Polygon","coordinates":[[[121.5095572,31.2321867],[121.5095841,31.2320912],[121.5098633,31.2321485],[121.5098365,31.232244],[121.5095572,31.2321867]]]}},{"type":"Feature","id":964254639,"properties":{"osm_id":964254639,"name":"","height_m":0,"height_basis":"unknown","height_tag":null,"levels_tag":null,"building":"residential","source_url":"https://www.openstreetmap.org/way/964254639"},"geometry":{"type":"Polygon","coordinates":[[[121.5099373,31.2319991],[121.5099631,31.2319036],[121.5096846,31.2318486],[121.5096923,31.2318202],[121.5092659,31.2317361],[121.5092401,31.2318316],[121.509659,31.2319142],[121.5096514,31.2319427],[121.5099373,31.2319991]]]}},{"type":"Feature","id":964254640,"properties":{"osm_id":964254640,"name":"","height_m":0,"height_basis":"unknown","height_tag":null,"levels_tag":null,"building":"school","source_url":"https://www.openstreetmap.org/way/964254640"},"geometry":{"type":"Polygon","coordinates":[[[121.509142,31.2323037],[121.5091774,31.2321809],[121.5093747,31.2322225],[121.5094181,31.2320721],[121.5094864,31.2320865],[121.5094802,31.2321081],[121.5095009,31.2321124],[121.5094284,31.2323641],[121.509142,31.2323037]]]}},{"type":"Feature","id":964254644,"properties":{"osm_id":964254644,"name":"东泰大楼-南楼","height_m":0,"height_basis":"unknown","height_tag":null,"levels_tag":null,"building":"yes","source_url":"https://www.openstreetmap.org/way/964254644"},"geometry":{"type":"Polygon","coordinates":[[[121.5100736,31.2321523],[121.5100992,31.2320924],[121.5101835,31.2321175],[121.5101973,31.2320838],[121.5101153,31.2320593],[121.5101329,31.232016],[121.5101781,31.2319994],[121.510192,31.232027],[121.5102225,31.2320157],[121.5102064,31.2319837],[121.5102673,31.2319613],[121.510344,31.2319825],[121.5103751,31.2320335],[121.5103412,31.2320486],[121.5103586,31.232077],[121.5103921,31.232062],[121.5104144,31.2320985],[121.5103958,31.2321438],[121.510335,31.2321256],[121.5103239,31.2321527],[121.510387,31.2321717],[121.5103598,31.2322381],[121.5100736,31.2321523]]]}},{"type":"Feature","id":964254645,"properties":{"osm_id":964254645,"name":"东泰大楼-北楼","height_m":0,"height_basis":"unknown","height_tag":null,"levels_tag":null,"building":"yes","source_url":"https://www.openstreetmap.org/way/964254645"},"geometry":{"type":"Polygon","coordinates":[[[121.5099951,31.2326033],[121.5100182,31.2325471],[121.510103,31.2325725],[121.5101166,31.2325393],[121.5100348,31.2325148],[121.5100526,31.2324714],[121.5100978,31.2324547],[121.5101117,31.2324823],[121.5101422,31.2324711],[121.5101261,31.2324391],[121.510187,31.2324166],[121.5102667,31.2324386],[121.5102969,31.2324894],[121.5102626,31.2325044],[121.5102786,31.2325314],[121.5103121,31.2325168],[121.5103341,31.2325538],[121.5103152,31.2325986],[121.510254,31.2325797],[121.5102417,31.2326088],[121.5103042,31.2326281],[121.5102784,31.2326893],[121.5099951,31.2326033]]]}},{"type":"Feature","id":964254646,"properties":{"osm_id":964254646,"name":"","height_m":0,"height_basis":"unknown","height_tag":null,"levels_tag":null,"building":"yes","source_url":"https://www.openstreetmap.org/way/964254646"},"geometry":{"type":"Polygon","coordinates":[[[121.510344,31.2319825],[121.5103727,31.2319697],[121.5104565,31.2319885],[121.5105462,31.2321683],[121.5105842,31.23218],[121.510359,31.2327142],[121.5102784,31.2326893],[121.5103042,31.2326281],[121.5102417,31.2326088],[121.510254,31.2325797],[121.5103152,31.2325986],[121.5103341,31.2325538],[121.5103121,31.2325168],[121.5102786,31.2325314],[121.5102626,31.2325044],[121.5102969,31.2324894],[121.5102667,31.2324386],[121.510187,31.2324166],[121.5101261,31.2324391],[121.5101422,31.2324711],[121.5101117,31.2324823],[121.5100978,31.2324547],[121.5100526,31.2324714],[121.5100348,31.2325148],[121.5101166,31.2325393],[121.510103,31.2325725],[121.5100182,31.2325471],[121.5099951,31.2326033],[121.5098443,31.232558],[121.5099059,31.2324078],[121.509962,31.2324246],[121.5100736,31.2321523],[121.5103598,31.2322381],[121.510387,31.2321717],[121.5103239,31.2321527],[121.510335,31.2321256],[121.5103958,31.2321438],[121.5104144,31.2320985],[121.5103921,31.232062],[121.5103586,31.232077],[121.5103412,31.2320486],[121.5103751,31.2320335],[121.510344,31.2319825]]]}},{"type":"Feature","id":964254647,"properties":{"osm_id":964254647,"name":"海光大厦","height_m":0,"height_basis":"unknown","height_tag":null,"levels_tag":null,"building":"yes","source_url":"https://www.openstreetmap.org/way/964254647"},"geometry":{"type":"Polygon","coordinates":[[[121.5095596,31.2332406],[121.5097148,31.2328708],[121.5098389,31.2329156],[121.5098629,31.232928],[121.5098811,31.2329471],[121.5098974,31.2329703],[121.5099074,31.2329902],[121.5099155,31.2330151],[121.5099182,31.2330437],[121.5099189,31.2330723],[121.5099158,31.2331009],[121.5099068,31.2331295],[121.5098098,31.2333468],[121.5096372,31.2332755],[121.5096406,31.2332672],[121.50958,31.2332473],[121.5095596,31.2332406]]]}},{"type":"Feature","id":964254648,"properties":{"osm_id":964254648,"name":"","height_m":0,"height_basis":"unknown","height_tag":null,"levels_tag":null,"building":"yes","source_url":"https://www.openstreetmap.org/way/964254648"},"geometry":{"type":"Polygon","coordinates":[[[121.50958,31.2332473],[121.5094927,31.2334581],[121.5098675,31.2335713],[121.5101894,31.2328498],[121.5098029,31.2327263],[121.5097927,31.2327251],[121.5097821,31.2327272],[121.5097749,31.2327329],[121.509769,31.2327404],[121.5097148,31.2328708],[121.5098389,31.2329156],[121.5098629,31.232928],[121.5098811,31.2329471],[121.5098974,31.2329703],[121.5099074,31.2329902],[121.5099155,31.2330151],[121.5099182,31.2330437],[121.5099189,31.2330723],[121.5099158,31.2331009],[121.5099068,31.2331295],[121.5098098,31.2333468],[121.5096372,31.2332755],[121.5096406,31.2332672],[121.50958,31.2332473]]]}},{"type":"Feature","id":964405391,"properties":{"osm_id":964405391,"name":"","height_m":0,"height_basis":"unknown","height_tag":null,"levels_tag":null,"building":"apartments","source_url":"https://www.openstreetmap.org/way/964405391"},"geometry":{"type":"Polygon","coordinates":[[[121.4976606,31.2349997],[121.4977173,31.2350297],[121.4977529,31.2349804],[121.4977803,31.2349949],[121.497828,31.234929],[121.4977971,31.2349126],[121.4978299,31.2348673],[121.4977731,31.2348373],[121.4977833,31.2348232],[121.4977951,31.2348025],[121.4977995,31.2347823],[121.4977958,31.2347597],[121.4977804,31.2347428],[121.4976907,31.2346937],[121.4976643,31.2346871],[121.4976371,31.2346919],[121.497618,31.2347041],[121.4975996,31.2347214],[121.4974452,31.2349338],[121.497439,31.2349542],[121.4974386,31.2349728],[121.4974463,31.2349919],[121.4974629,31.235008],[121.4975511,31.2350532],[121.4975647,31.235058],[121.4975794,31.2350581],[121.4976051,31.2350507],[121.4976299,31.2350362],[121.4976474,31.235018],[121.4976606,31.2349997]]]}},{"type":"Feature","id":964405392,"properties":{"osm_id":964405392,"name":"","height_m":0,"height_basis":"unknown","height_tag":null,"levels_tag":null,"building":"apartments","source_url":"https://www.openstreetmap.org/way/964405392"},"geometry":{"type":"Polygon","coordinates":[[[121.497242,31.2355047],[121.4972935,31.2355409],[121.4973365,31.2354962],[121.4973614,31.2355136],[121.497419,31.2354537],[121.4973909,31.235434],[121.4974305,31.2353928],[121.4973789,31.2353566],[121.4973912,31.2353438],[121.4974061,31.2353246],[121.4974137,31.2353052],[121.4974135,31.2352823],[121.4974009,31.2352637],[121.4973197,31.2352049],[121.4972945,31.2351954],[121.4972668,31.2351969],[121.497246,31.2352069],[121.4972251,31.2352219],[121.4970389,31.2354148],[121.4970295,31.2354343],[121.4970262,31.2354526],[121.4970309,31.2354725],[121.4970448,31.2354903],[121.4970647,31.2355039],[121.4971133,31.2355371],[121.4971251,31.2355452],[121.4971378,31.2355515],[121.4971524,31.2355532],[121.497179,31.2355489],[121.4972059,31.2355374],[121.497226,31.2355213],[121.497242,31.2355047]]]}},{"type":"Feature","id":964405396,"properties":{"osm_id":964405396,"name":"","height_m":0,"height_basis":"unknown","height_tag":null,"levels_tag":null,"building":"yes","source_url":"https://www.openstreetmap.org/way/964405396"},"geometry":{"type":"Polygon","coordinates":[[[121.4977436,31.2342865],[121.4979148,31.2341431],[121.4981866,31.2343805],[121.4981984,31.2344931],[121.4980869,31.2345864],[121.4977436,31.2342865]]]}},{"type":"Feature","id":964405397,"properties":{"osm_id":964405397,"name":"","height_m":0,"height_basis":"unknown","height_tag":null,"levels_tag":null,"building":"yes","source_url":"https://www.openstreetmap.org/way/964405397"},"geometry":{"type":"Polygon","coordinates":[[[121.4975681,31.2341455],[121.4976685,31.234061],[121.4977571,31.2341379],[121.4976567,31.2342224],[121.4975681,31.2341455]]]}},{"type":"Feature","id":964405398,"properties":{"osm_id":964405398,"name":"","height_m":0,"height_basis":"unknown","height_tag":null,"levels_tag":null,"building":"yes","source_url":"https://www.openstreetmap.org/way/964405398"},"geometry":{"type":"Polygon","coordinates":[[[121.4966233,31.2353753],[121.4966587,31.2353326],[121.4966237,31.2353083],[121.4966544,31.2352719],[121.4967854,31.2353518],[121.4968133,31.2353388],[121.4968426,31.2353364],[121.4968727,31.235346],[121.4969035,31.2353585],[121.4969258,31.2353805],[121.4969429,31.2354091],[121.496946,31.2354359],[121.4969388,31.2354571],[121.4970416,31.235529],[121.4970647,31.2355039],[121.4971133,31.2355371],[121.497035,31.2356196],[121.4968843,31.2355143],[121.4968395,31.2355624],[121.4967598,31.2354934],[121.4966233,31.2353753]]]}},{"type":"Feature","id":964405399,"properties":{"osm_id":964405399,"name":"","height_m":0,"height_basis":"unknown","height_tag":null,"levels_tag":null,"building":"yes","source_url":"https://www.openstreetmap.org/way/964405399"},"geometry":{"type":"Polygon","coordinates":[[[121.4967666,31.2350083],[121.4968092,31.2349693],[121.4968695,31.2350208],[121.4969445,31.2349567],[121.4969151,31.2349354],[121.4969283,31.2349228],[121.4969389,31.2349233],[121.4969498,31.2349222],[121.4969606,31.2349175],[121.496968,31.234909],[121.4969713,31.2348969],[121.4969689,31.234886],[121.4969642,31.2348775],[121.4969562,31.2348712],[121.4969486,31.2348675],[121.4969403,31.234867],[121.4969309,31.2348677],[121.496921,31.2348712],[121.497165,31.2346626],[121.4969665,31.2346588],[121.4967828,31.234821],[121.4967475,31.2347908],[121.4967189,31.2348148],[121.4967003,31.2348445],[121.4966917,31.2348756],[121.4966931,31.2349039],[121.4966992,31.2349355],[121.4967154,31.2349651],[121.4967371,31.2349886],[121.4967666,31.2350083]]]}},{"type":"Feature","id":964405400,"properties":{"osm_id":964405400,"name":"","height_m":0,"height_basis":"unknown","height_tag":null,"levels_tag":null,"building":"yes","source_url":"https://www.openstreetmap.org/way/964405400"},"geometry":{"type":"Polygon","coordinates":[[[121.4966884,31.234825],[121.4967372,31.2347822],[121.4967276,31.2347742],[121.4967691,31.2347378],[121.496754,31.2347252],[121.496696,31.2347761],[121.4966813,31.2347638],[121.4966585,31.2347837],[121.4966585,31.2348001],[121.4966884,31.234825]]]}},{"type":"Feature","id":964420073,"properties":{"osm_id":964420073,"name":"","height_m":0,"height_basis":"unknown","height_tag":null,"levels_tag":null,"building":"yes","source_url":"https://www.openstreetmap.org/way/964420073"},"geometry":{"type":"Polygon","coordinates":[[[121.4968284,31.2340914],[121.4969078,31.2340233],[121.4969502,31.2340594],[121.497029,31.2339918],[121.4970659,31.2340231],[121.4969076,31.2341589],[121.4968284,31.2340914]]]}},{"type":"Feature","id":964420074,"properties":{"osm_id":964420074,"name":"","height_m":0,"height_basis":"unknown","height_tag":null,"levels_tag":null,"building":"yes","source_url":"https://www.openstreetmap.org/way/964420074"},"geometry":{"type":"Polygon","coordinates":[[[121.4968981,31.2337177],[121.4971476,31.2335061],[121.4972906,31.2336294],[121.4972243,31.2336856],[121.4971632,31.2336329],[121.4970232,31.2337515],[121.4970665,31.2337888],[121.4970232,31.2338256],[121.4968981,31.2337177]]]}},{"type":"Feature","id":964420088,"properties":{"osm_id":964420088,"name":"","height_m":0,"height_basis":"unknown","height_tag":null,"levels_tag":null,"building":"yes","source_url":"https://www.openstreetmap.org/way/964420088"},"geometry":{"type":"Polygon","coordinates":[[[121.4980488,31.2328918],[121.4979457,31.2327958],[121.4986593,31.2322354],[121.4987623,31.2323313],[121.4980488,31.2328918]]]}},{"type":"Feature","id":964420090,"properties":{"osm_id":964420090,"name":"","height_m":0,"height_basis":"unknown","height_tag":null,"levels_tag":null,"building":"yes","source_url":"https://www.openstreetmap.org/way/964420090"},"geometry":{"type":"Polygon","coordinates":[[[121.4956775,31.2352264],[121.4955944,31.2351501],[121.4956315,31.2351205],[121.4955917,31.2350841],[121.495728,31.2349755],[121.4956926,31.2349431],[121.4957862,31.2348686],[121.4958229,31.2349023],[121.4958919,31.2348474],[121.4960368,31.2348798],[121.496072,31.2349121],[121.4956775,31.2352264]]]}},{"type":"Feature","id":964420091,"properties":{"osm_id":964420091,"name":"","height_m":0,"height_basis":"unknown","height_tag":null,"levels_tag":null,"building":"yes","source_url":"https://www.openstreetmap.org/way/964420091"},"geometry":{"type":"Polygon","coordinates":[[[121.4953723,31.2354801],[121.4955445,31.2353365],[121.495467,31.2352685],[121.4953852,31.2353367],[121.4954339,31.2353793],[121.4954099,31.2353993],[121.4953706,31.2353649],[121.4953042,31.2354203],[121.4953723,31.2354801]]]}},{"type":"Feature","id":964420099,"properties":{"osm_id":964420099,"name":"","height_m":0,"height_basis":"unknown","height_tag":null,"levels_tag":null,"building":"yes","source_url":"https://www.openstreetmap.org/way/964420099"},"geometry":{"type":"Polygon","coordinates":[[[121.4947933,31.2354373],[121.4948326,31.2354054],[121.4949543,31.2355152],[121.4950966,31.2353999],[121.4951603,31.2354573],[121.4949788,31.2356046],[121.4947933,31.2354373]]]}},{"type":"Feature","id":964420100,"properties":{"osm_id":964420100,"name":"","height_m":0,"height_basis":"unknown","height_tag":null,"levels_tag":null,"building":"yes","source_url":"https://www.openstreetmap.org/way/964420100"},"geometry":{"type":"Polygon","coordinates":[[[121.4947001,31.235505],[121.4947374,31.2354745],[121.4950099,31.2357177],[121.4949726,31.2357483],[121.4947001,31.235505]]]}},{"type":"Feature","id":964420103,"properties":{"osm_id":964420103,"name":"","height_m":0,"height_basis":"unknown","height_tag":null,"levels_tag":null,"building":"yes","source_url":"https://www.openstreetmap.org/way/964420103"},"geometry":{"type":"Polygon","coordinates":[[[121.4992041,31.231909],[121.4991189,31.2318311],[121.4993616,31.2316369],[121.4994469,31.2317148],[121.4992041,31.231909]]]}},{"type":"Feature","id":964420104,"properties":{"osm_id":964420104,"name":"","height_m":0,"height_basis":"unknown","height_tag":null,"levels_tag":null,"building":"yes","source_url":"https://www.openstreetmap.org/way/964420104"},"geometry":{"type":"Polygon","coordinates":[[[121.4993152,31.2315913],[121.4991951,31.2314928],[121.4995888,31.2311417],[121.4996548,31.2311958],[121.4997209,31.2311369],[121.4997751,31.2311814],[121.4993152,31.2315913]]]}},{"type":"Feature","id":964420121,"properties":{"osm_id":964420121,"name":"","height_m":0,"height_basis":"unknown","height_tag":null,"levels_tag":null,"building":"yes","source_url":"https://www.openstreetmap.org/way/964420121"},"geometry":{"type":"Polygon","coordinates":[[[121.5002553,31.2316238],[121.5001384,31.2315147],[121.5002101,31.2314522],[121.5002157,31.2314309],[121.5002288,31.231408],[121.5002467,31.2313847],[121.5002761,31.2313614],[121.500315,31.2313441],[121.5003578,31.2313332],[121.500406,31.2313268],[121.5004524,31.2313283],[121.5004366,31.2313909],[121.5004897,31.2314264],[121.5004682,31.2314485],[121.5005198,31.2314846],[121.5004223,31.2315827],[121.500365,31.2315429],[121.5002875,31.2316189],[121.500271,31.2316085],[121.5002553,31.2316238]]]}},{"type":"Feature","id":964420122,"properties":{"osm_id":964420122,"name":"","height_m":0,"height_basis":"unknown","height_tag":null,"levels_tag":null,"building":"yes","source_url":"https://www.openstreetmap.org/way/964420122"},"geometry":{"type":"Polygon","coordinates":[[[121.5005369,31.2311131],[121.5007075,31.2310408],[121.5007238,31.2310644],[121.500743,31.2310867],[121.5007671,31.2311073],[121.5007956,31.2311229],[121.5008241,31.2311355],[121.5008569,31.2311419],[121.5008854,31.231144],[121.5009182,31.2311437],[121.5009483,31.2312933],[121.500886,31.2312967],[121.5008234,31.2312951],[121.5007684,31.2312838],[121.5007132,31.2312651],[121.5006591,31.2312369],[121.5006107,31.2312038],[121.5005681,31.2311597],[121.5005369,31.2311131]]]}},{"type":"Feature","id":964420123,"properties":{"osm_id":964420123,"name":"","height_m":0,"height_basis":"unknown","height_tag":null,"levels_tag":null,"building":"yes","source_url":"https://www.openstreetmap.org/way/964420123"},"geometry":{"type":"Polygon","coordinates":[[[121.501334,31.2309165],[121.5011437,31.2309124],[121.5011421,31.230885],[121.5011374,31.2308576],[121.5011272,31.2308298],[121.5011105,31.2308046],[121.5010922,31.2307821],[121.5010667,31.2307633],[121.5010427,31.23075],[121.5010135,31.2307372],[121.5010685,31.2305929],[121.5011255,31.2306148],[121.50118,31.2306412],[121.5012224,31.2306731],[121.501261,31.2307117],[121.5012935,31.2307582],[121.5013182,31.2308068],[121.5013319,31.2308629],[121.501334,31.2309165]]]}},{"type":"Feature","id":964420124,"properties":{"osm_id":964420124,"name":"","height_m":0,"height_basis":"unknown","height_tag":null,"levels_tag":null,"building":"yes","source_url":"https://www.openstreetmap.org/way/964420124"},"geometry":{"type":"Polygon","coordinates":[[[121.5010031,31.231083],[121.5009923,31.2310668],[121.5009914,31.2310464],[121.5009972,31.2310275],[121.5010078,31.2310113],[121.5010232,31.2309966],[121.5010449,31.2309881],[121.5010668,31.2309831],[121.501091,31.230989],[121.5012138,31.231105],[121.50122,31.2311179],[121.5012167,31.2311283],[121.5011708,31.2311688],[121.5011572,31.2311738],[121.5011436,31.23117],[121.5010031,31.231083]]]}},{"type":"Feature","id":964420126,"properties":{"osm_id":964420126,"name":"","height_m":0,"height_basis":"unknown","height_tag":null,"levels_tag":null,"building":"yes","source_url":"https://www.openstreetmap.org/way/964420126"},"geometry":{"type":"Polygon","coordinates":[[[121.5016526,31.2302521],[121.5015108,31.2301673],[121.5014477,31.2302362],[121.5014238,31.2302437],[121.5013989,31.2302578],[121.5013743,31.230276],[121.5013511,31.2303039],[121.5013361,31.2303392],[121.501329,31.2303769],[121.5013278,31.2304186],[121.5013357,31.2304577],[121.5014061,31.2304362],[121.5014542,31.2304766],[121.501477,31.2304555],[121.5015257,31.2304945],[121.5016267,31.2303991],[121.501573,31.2303557],[121.5016511,31.2302801],[121.5016369,31.2302675],[121.5016526,31.2302521]]]}},{"type":"Feature","id":964420127,"properties":{"osm_id":964420127,"name":"","height_m":0,"height_basis":"unknown","height_tag":null,"levels_tag":null,"building":"yes","source_url":"https://www.openstreetmap.org/way/964420127"},"geometry":{"type":"Polygon","coordinates":[[[121.5018008,31.2300662],[121.5016839,31.2299571],[121.5017556,31.2298945],[121.5017612,31.2298733],[121.5017743,31.2298504],[121.5017922,31.2298271],[121.5018216,31.2298038],[121.5018605,31.2297865],[121.5019033,31.2297756],[121.5019515,31.2297691],[121.5019979,31.2297707],[121.5019821,31.2298332],[121.5020352,31.2298688],[121.5020137,31.2298909],[121.5020653,31.229927],[121.5019678,31.2300251],[121.5019105,31.2299853],[121.501833,31.2300613],[121.5018166,31.2300508],[121.5018008,31.2300662]]]}},{"type":"Feature","id":964420135,"properties":{"osm_id":964420135,"name":"","height_m":0,"height_basis":"unknown","height_tag":null,"levels_tag":null,"building":"yes","source_url":"https://www.openstreetmap.org/way/964420135"},"geometry":{"type":"Polygon","coordinates":[[[121.5006339,31.2303333],[121.5005746,31.2302902],[121.5006182,31.2302463],[121.5005763,31.2302159],[121.5006357,31.2301562],[121.5006743,31.2301843],[121.5006858,31.2301727],[121.5007483,31.2302181],[121.5006339,31.2303333]]]}},{"type":"Feature","id":964446742,"properties":{"osm_id":964446742,"name":"","height_m":0,"height_basis":"unknown","height_tag":null,"levels_tag":null,"building":"yes","source_url":"https://www.openstreetmap.org/way/964446742"},"geometry":{"type":"Polygon","coordinates":[[[121.4980128,31.2354523],[121.4981088,31.2353271],[121.4983735,31.2354753],[121.4982759,31.2356026],[121.4981265,31.2355189],[121.4981103,31.2355401],[121.498071,31.2355394],[121.498052,31.2355074],[121.4980698,31.2354842],[121.4980128,31.2354523]]]}},{"type":"Feature","id":964446750,"properties":{"osm_id":964446750,"name":"","height_m":0,"height_basis":"unknown","height_tag":null,"levels_tag":null,"building":"yes","source_url":"https://www.openstreetmap.org/way/964446750"},"geometry":{"type":"Polygon","coordinates":[[[121.4981801,31.2364276],[121.4979148,31.2362655],[121.4980673,31.2360145],[121.4981171,31.2360505],[121.4981964,31.2359201],[121.4982594,31.2359305],[121.4981801,31.2364276]]]}},{"type":"Feature","id":964446762,"properties":{"osm_id":964446762,"name":"","height_m":0,"height_basis":"unknown","height_tag":null,"levels_tag":null,"building":"yes","source_url":"https://www.openstreetmap.org/way/964446762"},"geometry":{"type":"Polygon","coordinates":[[[121.4943035,31.2374569],[121.4943224,31.2374165],[121.4943039,31.2373771],[121.4942924,31.2373347],[121.4942916,31.2372908],[121.4943084,31.2372468],[121.4943463,31.237205],[121.4943947,31.2371783],[121.4944485,31.2371591],[121.4944952,31.237149],[121.4945086,31.237124],[121.4945688,31.2371505],[121.4945978,31.2371036],[121.4950766,31.2373127],[121.4948925,31.2376125],[121.4957719,31.2379921],[121.4957731,31.2380404],[121.4956912,31.2380335],[121.4955039,31.2382674],[121.4954711,31.2383061],[121.4944687,31.2378704],[121.4946291,31.2375963],[121.4943035,31.2374569]]]}},{"type":"Feature","id":964446774,"properties":{"osm_id":964446774,"name":"","height_m":0,"height_basis":"unknown","height_tag":null,"levels_tag":null,"building":"yes","source_url":"https://www.openstreetmap.org/way/964446774"},"geometry":{"type":"Polygon","coordinates":[[[121.4975738,31.2376965],[121.4975456,31.2374674],[121.4977028,31.2374533],[121.497731,31.2376824],[121.4975738,31.2376965]]]}},{"type":"Feature","id":964446779,"properties":{"osm_id":964446779,"name":"","height_m":0,"height_basis":"unknown","height_tag":null,"levels_tag":null,"building":"yes","source_url":"https://www.openstreetmap.org/way/964446779"},"geometry":{"type":"Polygon","coordinates":[[[121.4990041,31.237339],[121.4990606,31.2370735],[121.4991466,31.2370869],[121.4991305,31.2371623],[121.499158,31.2371666],[121.4991239,31.2373263],[121.4990965,31.237322],[121.49909,31.2373524],[121.4990041,31.237339]]]}},{"type":"Feature","id":965004722,"properties":{"osm_id":965004722,"name":"港务大厦-北楼","height_m":0,"height_basis":"unknown","height_tag":null,"levels_tag":null,"building":"yes","source_url":"https://www.openstreetmap.org/way/965004722"},"geometry":{"type":"Polygon","coordinates":[[[121.4936267,31.2428657],[121.4936453,31.2426661],[121.4938804,31.2426821],[121.4938738,31.2427527],[121.4939694,31.2427592],[121.4939517,31.2429489],[121.4936671,31.2429295],[121.4936728,31.2428688],[121.4936267,31.2428657]]]}},{"type":"Feature","id":965004725,"properties":{"osm_id":965004725,"name":"","height_m":0,"height_basis":"unknown","height_tag":null,"levels_tag":null,"building":"yes","source_url":"https://www.openstreetmap.org/way/965004725"},"geometry":{"type":"Polygon","coordinates":[[[121.4940306,31.2420487],[121.4940356,31.2420074],[121.4940463,31.2419195],[121.4945752,31.2419664],[121.494573,31.2419932],[121.4945772,31.2420201],[121.4945919,31.2420589],[121.4946091,31.2420955],[121.4944519,31.2421827],[121.4943843,31.2421095],[121.4943519,31.2420787],[121.4940306,31.2420487]]]}},{"type":"Feature","id":965004727,"properties":{"osm_id":965004727,"name":"","height_m":0,"height_basis":"unknown","height_tag":null,"levels_tag":null,"building":"yes","source_url":"https://www.openstreetmap.org/way/965004727"},"geometry":{"type":"Polygon","coordinates":[[[121.4943218,31.2421516],[121.4943843,31.2421095],[121.4944519,31.2421827],[121.4945017,31.2422367],[121.4944391,31.2422789],[121.4943218,31.2421516]]]}},{"type":"Feature","id":965004728,"properties":{"osm_id":965004728,"name":"","height_m":0,"height_basis":"unknown","height_tag":null,"levels_tag":null,"building":"yes","source_url":"https://www.openstreetmap.org/way/965004728"},"geometry":{"type":"Polygon","coordinates":[[[121.49476,31.2413931],[121.4947175,31.2413477],[121.4947432,31.2413307],[121.4947261,31.2413098],[121.4947022,31.2413249],[121.4946862,31.2413118],[121.4945739,31.2414126],[121.4945546,31.2414349],[121.4945404,31.2414572],[121.4945275,31.2414794],[121.4945184,31.241505],[121.4945031,31.2415885],[121.4942932,31.241562],[121.4943067,31.2414838],[121.4942746,31.2414863],[121.4942701,31.2414918],[121.4942627,31.241496],[121.4942529,31.2414994],[121.4942424,31.2414997],[121.4942311,31.2414978],[121.494221,31.2414934],[121.4942138,31.2414868],[121.4942102,31.2414764],[121.4942088,31.241462],[121.4942147,31.2414476],[121.494222,31.2414369],[121.4942322,31.2414288],[121.4945476,31.2412079],[121.4945819,31.2411973],[121.4946199,31.2411898],[121.4947211,31.2411805],[121.4947385,31.2411802],[121.4947557,31.2411829],[121.4947692,31.2411852],[121.4947834,31.2411891],[121.4947938,31.241194],[121.4948002,31.2412022],[121.4948032,31.2412109],[121.4948017,31.2412191],[121.4947982,31.2412279],[121.4947915,31.2412353],[121.4947754,31.2412453],[121.4947447,31.2412628],[121.4947404,31.2413002],[121.4947621,31.241323],[121.4948106,31.2412891],[121.4948493,31.2413314],[121.49476,31.2413931]]]}},{"type":"Feature","id":965004729,"properties":{"osm_id":965004729,"name":"","height_m":0,"height_basis":"unknown","height_tag":null,"levels_tag":null,"building":"yes","source_url":"https://www.openstreetmap.org/way/965004729"},"geometry":{"type":"Polygon","coordinates":[[[121.4952534,31.2410058],[121.49519,31.2409497],[121.495238,31.2409101],[121.4953014,31.2409662],[121.4952534,31.2410058]]]}},{"type":"Feature","id":965004730,"properties":{"osm_id":965004730,"name":"","height_m":0,"height_basis":"unknown","height_tag":null,"levels_tag":null,"building":"yes","source_url":"https://www.openstreetmap.org/way/965004730"},"geometry":{"type":"Polygon","coordinates":[[[121.4962656,31.2433751],[121.4963279,31.2432919],[121.4963706,31.2433153],[121.4963953,31.2432823],[121.4966048,31.2433971],[121.4965178,31.2435132],[121.4962656,31.2433751]]]}},{"type":"Feature","id":965004734,"properties":{"osm_id":965004734,"name":"","height_m":0,"height_basis":"unknown","height_tag":null,"levels_tag":null,"building":"yes","source_url":"https://www.openstreetmap.org/way/965004734"},"geometry":{"type":"Polygon","coordinates":[[[121.4957629,31.2439126],[121.4958557,31.2438333],[121.4958235,31.2438058],[121.4958769,31.2437602],[121.4959223,31.243799],[121.4960442,31.2436947],[121.4959602,31.2436229],[121.4956921,31.243852],[121.4957629,31.2439126]]]}},{"type":"Feature","id":965004738,"properties":{"osm_id":965004738,"name":"中国金融信息中心","height_m":0,"height_basis":"unknown","height_tag":null,"levels_tag":null,"building":"yes","source_url":"https://www.openstreetmap.org/way/965004738"},"geometry":{"type":"Polygon","coordinates":[[[121.4974573,31.2436815],[121.4971838,31.2434894],[121.4969774,31.2437089],[121.4969126,31.2436643],[121.4968719,31.2437069],[121.4968458,31.2437506],[121.496834,31.2437895],[121.4968309,31.2438269],[121.4968335,31.2438648],[121.4968467,31.243898],[121.4968674,31.2439285],[121.4968958,31.2439542],[121.4969441,31.2439825],[121.4969987,31.2440019],[121.4970501,31.2440099],[121.4970953,31.2440037],[121.4971323,31.2439909],[121.4971672,31.243971],[121.497201,31.2439466],[121.4972308,31.2439188],[121.4974573,31.2436815]]]}},{"type":"Feature","id":965004744,"properties":{"osm_id":965004744,"name":"","height_m":0,"height_basis":"unknown","height_tag":null,"levels_tag":null,"building":"yes","source_url":"https://www.openstreetmap.org/way/965004744"},"geometry":{"type":"Polygon","coordinates":[[[121.4988105,31.2434744],[121.498968,31.2433048],[121.4990198,31.2433399],[121.4988624,31.2435095],[121.4988105,31.2434744]]]}},{"type":"Feature","id":965004762,"properties":{"osm_id":965004762,"name":"","height_m":0,"height_basis":"unknown","height_tag":null,"levels_tag":null,"building":"yes","source_url":"https://www.openstreetmap.org/way/965004762"},"geometry":{"type":"Polygon","coordinates":[[[121.4978928,31.2409534],[121.4978563,31.2408879],[121.4978117,31.2409044],[121.4977209,31.240818],[121.4982403,31.2406163],[121.4983298,31.2407849],[121.4978928,31.2409534]]]}},{"type":"Feature","id":965004763,"properties":{"osm_id":965004763,"name":"","height_m":0,"height_basis":"unknown","height_tag":null,"levels_tag":null,"building":"yes","source_url":"https://www.openstreetmap.org/way/965004763"},"geometry":{"type":"Polygon","coordinates":[[[121.4983614,31.2411981],[121.498228,31.2409431],[121.4984004,31.2408771],[121.4985339,31.2411321],[121.4983614,31.2411981]]]}},{"type":"Feature","id":965004764,"properties":{"osm_id":965004764,"name":"","height_m":0,"height_basis":"unknown","height_tag":null,"levels_tag":null,"building":"yes","source_url":"https://www.openstreetmap.org/way/965004764"},"geometry":{"type":"Polygon","coordinates":[[[121.4984649,31.2412864],[121.4984175,31.2412318],[121.4985233,31.2411646],[121.4985707,31.2412191],[121.4984649,31.2412864]]]}},{"type":"Feature","id":965004765,"properties":{"osm_id":965004765,"name":"","height_m":0,"height_basis":"unknown","height_tag":null,"levels_tag":null,"building":"yes","source_url":"https://www.openstreetmap.org/way/965004765"},"geometry":{"type":"Polygon","coordinates":[[[121.4982058,31.2411837],[121.498237,31.2411536],[121.4980341,31.2409997],[121.4980029,31.2410297],[121.4982058,31.2411837]]]}},{"type":"Feature","id":965004773,"properties":{"osm_id":965004773,"name":"","height_m":0,"height_basis":"unknown","height_tag":null,"levels_tag":null,"building":"yes","source_url":"https://www.openstreetmap.org/way/965004773"},"geometry":{"type":"Polygon","coordinates":[[[121.4989705,31.2426252],[121.4992772,31.2422904],[121.4995504,31.2424734],[121.4992436,31.2428081],[121.4989705,31.2426252]]]}},{"type":"Feature","id":965047353,"properties":{"osm_id":965047353,"name":"","height_m":0,"height_basis":"unknown","height_tag":null,"levels_tag":null,"building":"yes","source_url":"https://www.openstreetmap.org/way/965047353"},"geometry":{"type":"Polygon","coordinates":[[[121.5052103,31.2389341],[121.5054205,31.2386677],[121.505598,31.23877],[121.5053878,31.2390365],[121.5052103,31.2389341]]]}},{"type":"Feature","id":965049034,"properties":{"osm_id":965049034,"name":"","height_m":0,"height_basis":"unknown","height_tag":null,"levels_tag":null,"building":"yes","source_url":"https://www.openstreetmap.org/way/965049034"},"geometry":{"type":"Polygon","coordinates":[[[121.5058752,31.2421785],[121.5058979,31.2420978],[121.5055331,31.2420226],[121.5054985,31.2419739],[121.5054375,31.2419882],[121.5054518,31.242033],[121.5055078,31.2420446],[121.5054923,31.2420996],[121.5058752,31.2421785]]]}},{"type":"Feature","id":965081037,"properties":{"osm_id":965081037,"name":"","height_m":0,"height_basis":"unknown","height_tag":null,"levels_tag":null,"building":"yes","source_url":"https://www.openstreetmap.org/way/965081037"},"geometry":{"type":"Polygon","coordinates":[[[121.4947689,31.2399906],[121.4948589,31.239846],[121.4949402,31.239883],[121.4948501,31.2400275],[121.4947689,31.2399906]]]}},{"type":"Feature","id":967281057,"properties":{"osm_id":967281057,"name":"","height_m":0,"height_basis":"unknown","height_tag":null,"levels_tag":null,"building":"yes","source_url":"https://www.openstreetmap.org/way/967281057"},"geometry":{"type":"Polygon","coordinates":[[[121.5006546,31.2354285],[121.5005985,31.2354465],[121.5005706,31.2354778],[121.5005597,31.2355181],[121.5004409,31.2355365],[121.5001395,31.2355773],[121.5001589,31.2359573],[121.5001921,31.2360028],[121.5004144,31.2360554],[121.5005366,31.2360628],[121.5007738,31.2360563],[121.501113,31.2360298],[121.5011641,31.2360244],[121.5012357,31.2360155],[121.5011838,31.2359839],[121.5010465,31.2358859],[121.5008867,31.235739],[121.5007789,31.2356022],[121.5007275,31.2354993],[121.5006546,31.2354285]]]}},{"type":"Feature","id":967281058,"properties":{"osm_id":967281058,"name":"","height_m":0,"height_basis":"unknown","height_tag":null,"levels_tag":null,"building":"yes","source_url":"https://www.openstreetmap.org/way/967281058"},"geometry":{"type":"Polygon","coordinates":[[[121.5013968,31.2360115],[121.5014693,31.2359357],[121.5015721,31.2358244],[121.5016592,31.2356876],[121.5017306,31.2356953],[121.5017826,31.2357217],[121.5018122,31.2357696],[121.5017981,31.2358398],[121.5017618,31.2359103],[121.5016993,31.235946],[121.5016298,31.2359749],[121.5014793,31.2360003],[121.5013968,31.2360115]]]}},{"type":"Feature","id":967835498,"properties":{"osm_id":967835498,"name":"第一八佰伴","height_m":0,"height_basis":"unknown","height_tag":null,"levels_tag":null,"building":"yes","source_url":"https://www.openstreetmap.org/way/967835498"},"geometry":{"type":"Polygon","coordinates":[[[121.5124425,31.2309245],[121.5125051,31.2307743],[121.5125294,31.2307816],[121.5125744,31.2307165],[121.5126349,31.2306487],[121.5127,31.2305888],[121.5127743,31.230542],[121.5128556,31.2305055],[121.5129461,31.2304848],[121.5130397,31.2304832],[121.5131271,31.2304921],[121.5131435,31.2304538],[121.5132831,31.2304974],[121.513412,31.2301949],[121.5133514,31.230176],[121.5133801,31.2301087],[121.5132927,31.2300814],[121.5133072,31.2300473],[121.5130715,31.2299738],[121.5125317,31.2298053],[121.5124931,31.2297317],[121.5123434,31.2297892],[121.5123823,31.2298632],[121.5123262,31.2300249],[121.5122203,31.2301512],[121.5121298,31.2303039],[121.5120708,31.2304441],[121.5120348,31.2305969],[121.512011,31.2307497],[121.5118572,31.2307026],[121.5117709,31.2309086],[121.5120942,31.2310063],[121.5121592,31.2308424],[121.5124425,31.2309245]]]}},{"type":"Feature","id":967835500,"properties":{"osm_id":967835500,"name":"新梅联合广场","height_m":0,"height_basis":"unknown","height_tag":null,"levels_tag":null,"building":"yes","source_url":"https://www.openstreetmap.org/way/967835500"},"geometry":{"type":"Polygon","coordinates":[[[121.5113929,31.231874],[121.5120584,31.2320741],[121.5121047,31.2319616],[121.512128,31.2319349],[121.5121608,31.2319196],[121.5121956,31.2319124],[121.5122201,31.2318983],[121.5122324,31.2318703],[121.5122406,31.231761],[121.5121757,31.2316517],[121.5121215,31.2315303],[121.5120806,31.2314006],[121.5120556,31.2312709],[121.5120156,31.2312576],[121.5119756,31.2312398],[121.5119392,31.2312165],[121.5119082,31.2311887],[121.5118824,31.2311562],[121.5118613,31.2311217],[121.5118461,31.2310848],[121.5118401,31.2310466],[121.5116644,31.2309902],[121.5115833,31.2311748],[121.5116551,31.2311979],[121.5115332,31.2313247],[121.5115921,31.2314186],[121.5115643,31.2314307],[121.5115436,31.2314458],[121.5115256,31.2314677],[121.5115128,31.2314881],[121.5114584,31.2314716],[121.5113319,31.2317767],[121.5113317,31.2318055],[121.5113438,31.2318329],[121.5113622,31.231858],[121.5113929,31.231874]]]}},{"type":"Feature","id":969466751,"properties":{"osm_id":969466751,"name":"隆宇大厦","height_m":90.0,"height_basis":"levels_estimate","height_tag":null,"levels_tag":"30","building":"commercial","source_url":"https://www.openstreetmap.org/way/969466751"},"geometry":{"type":"Polygon","coordinates":[[[121.5105846,31.230869],[121.5108894,31.2309568],[121.5109032,31.2309676],[121.5109071,31.2309841],[121.5108016,31.2312534],[121.5107909,31.2312647],[121.5107747,31.2312675],[121.5104287,31.2311637],[121.5105337,31.2308969],[121.5105695,31.2309072],[121.5105846,31.230869]]]}},{"type":"Feature","id":969466766,"properties":{"osm_id":969466766,"name":"","height_m":39.0,"height_basis":"levels_estimate","height_tag":null,"levels_tag":"13","building":"apartments","source_url":"https://www.openstreetmap.org/way/969466766"},"geometry":{"type":"Polygon","coordinates":[[[121.5097855,31.2306459],[121.5098378,31.2305476],[121.5099525,31.2305924],[121.5099601,31.2305782],[121.5100024,31.2305947],[121.5099986,31.2306019],[121.5102426,31.230697],[121.5102519,31.2306794],[121.5103113,31.2307025],[121.5103034,31.2307173],[121.5104098,31.2307588],[121.510353,31.2308654],[121.5102798,31.2308369],[121.5102749,31.2308461],[121.5101014,31.2307785],[121.5101079,31.2307662],[121.5099758,31.2307148],[121.5099669,31.2307315],[121.5099127,31.2307105],[121.5099193,31.230698],[121.5097855,31.2306459]]]}},{"type":"Feature","id":969466780,"properties":{"osm_id":969466780,"name":"","height_m":0,"height_basis":"unknown","height_tag":null,"levels_tag":null,"building":"apartments","source_url":"https://www.openstreetmap.org/way/969466780"},"geometry":{"type":"Polygon","coordinates":[[[121.5080955,31.2305311],[121.5081145,31.2304874],[121.5081637,31.230503],[121.5082312,31.2303473],[121.5084261,31.230409],[121.5084003,31.2304686],[121.5084982,31.2304996],[121.5085241,31.2304397],[121.508728,31.2305043],[121.5086645,31.2306511],[121.5087078,31.2306648],[121.5086864,31.230714],[121.5087118,31.2307221],[121.5086919,31.230768],[121.508603,31.2307399],[121.5086212,31.2306977],[121.5080955,31.2305311]]]}},{"type":"Feature","id":969466781,"properties":{"osm_id":969466781,"name":"","height_m":99.0,"height_basis":"levels_estimate","height_tag":null,"levels_tag":"33","building":"apartments","source_url":"https://www.openstreetmap.org/way/969466781"},"geometry":{"type":"Polygon","coordinates":[[[121.5089263,31.2307712],[121.5088981,31.2306904],[121.5089484,31.2306775],[121.5088928,31.2305186],[121.5090931,31.2304673],[121.5091144,31.2305282],[121.5092136,31.2305028],[121.5091922,31.2304417],[121.509401,31.2303882],[121.5094536,31.2305383],[121.5094978,31.2305269],[121.5095154,31.2305772],[121.5095413,31.2305706],[121.5095578,31.2306175],[121.509467,31.2306408],[121.5094519,31.2305977],[121.5090431,31.2307024],[121.5090556,31.2307381],[121.5089263,31.2307712]]]}},{"type":"Feature","id":969466782,"properties":{"osm_id":969466782,"name":"","height_m":99.0,"height_basis":"levels_estimate","height_tag":null,"levels_tag":"33","building":"apartments","source_url":"https://www.openstreetmap.org/way/969466782"},"geometry":{"type":"Polygon","coordinates":[[[121.5094067,31.230125],[121.5093714,31.2300595],[121.5094193,31.2300406],[121.5093323,31.2298794],[121.5095077,31.2298102],[121.509539,31.2298681],[121.509627,31.2298334],[121.5095958,31.2297757],[121.5097787,31.2297035],[121.5098557,31.2298461],[121.5098975,31.2298296],[121.5099233,31.2298775],[121.5099478,31.2298678],[121.5099712,31.2299112],[121.5098869,31.2299445],[121.5098648,31.2299035],[121.5094736,31.2300578],[121.5094918,31.2300915],[121.5094067,31.230125]]]}},{"type":"Feature","id":969466783,"properties":{"osm_id":969466783,"name":"","height_m":0,"height_basis":"unknown","height_tag":null,"levels_tag":null,"building":"apartments","source_url":"https://www.openstreetmap.org/way/969466783"},"geometry":{"type":"Polygon","coordinates":[[[121.5091389,31.2312837],[121.509177,31.2311639],[121.5092181,31.2311734],[121.5092131,31.231189],[121.5093601,31.2312233],[121.5093666,31.231203],[121.5094102,31.2312132],[121.5093903,31.2312755],[121.5094164,31.2312816],[121.5094319,31.2312335],[121.5096485,31.2312843],[121.5096301,31.2313417],[121.5096711,31.2313513],[121.5096903,31.2312914],[121.509906,31.231342],[121.5098903,31.231391],[121.5099081,31.2313952],[121.509899,31.2314236],[121.5098629,31.2314152],[121.5098535,31.2314448],[121.5097807,31.2314278],[121.5097725,31.2314537],[121.5097325,31.2314444],[121.5097398,31.2314214],[121.5096805,31.2314076],[121.5096896,31.231379],[121.5096179,31.2313624],[121.5096122,31.2313803],[121.5095329,31.231362],[121.5095249,31.2313876],[121.5094928,31.2313802],[121.5095012,31.2313534],[121.5094244,31.2313357],[121.5094278,31.2313247],[121.5093909,31.2313161],[121.5093939,31.2313066],[121.5093651,31.2312999],[121.5093534,31.2313369],[121.5092708,31.2313178],[121.5092659,31.2313334],[121.5092325,31.2313257],[121.5092384,31.2313068],[121.5091389,31.2312837]]]}},{"type":"Feature","id":969466784,"properties":{"osm_id":969466784,"name":"中国石化","height_m":0,"height_basis":"unknown","height_tag":null,"levels_tag":null,"building":"yes","source_url":"https://www.openstreetmap.org/way/969466784"},"geometry":{"type":"Polygon","coordinates":[[[121.5081532,31.231227],[121.5082045,31.2310954],[121.5084111,31.2311543],[121.5083598,31.2312859],[121.5081532,31.231227]]]}},{"type":"Feature","id":969466786,"properties":{"osm_id":969466786,"name":"","height_m":0,"height_basis":"unknown","height_tag":null,"levels_tag":null,"building":"yes","source_url":"https://www.openstreetmap.org/way/969466786"},"geometry":{"type":"Polygon","coordinates":[[[121.5082618,31.2302409],[121.508329,31.2300886],[121.5082993,31.230079],[121.5083244,31.2300221],[121.5083884,31.2300428],[121.5083781,31.2300661],[121.5084254,31.2300677],[121.5084721,31.2300627],[121.5085103,31.2300497],[121.508543,31.2300351],[121.5085722,31.230016],[121.5085973,31.2299939],[121.5086855,31.2300607],[121.5086593,31.2300902],[121.5086282,31.2301161],[121.5086377,31.2301385],[121.5085955,31.2301585],[121.5085495,31.2301721],[121.5085528,31.2301969],[121.508515,31.2302068],[121.508475,31.230214],[121.5084355,31.2302189],[121.5083964,31.2302208],[121.5083718,31.2302764],[121.5082618,31.2302409]]]}},{"type":"Feature","id":969542043,"properties":{"osm_id":969542043,"name":"力宝广场","height_m":0,"height_basis":"unknown","height_tag":null,"levels_tag":null,"building":"yes","source_url":"https://www.openstreetmap.org/way/969542043"},"geometry":{"type":"Polygon","coordinates":[[[121.471485,31.2265117],[121.4711508,31.2263814],[121.4707154,31.2262118],[121.4709391,31.225792],[121.4713754,31.225962],[121.4713085,31.2260875],[121.4716418,31.2262173],[121.471485,31.2265117]]]}},{"type":"Feature","id":1156324947,"properties":{"osm_id":1156324947,"name":"","height_m":0,"height_basis":"unknown","height_tag":null,"levels_tag":null,"building":"yes","source_url":"https://www.openstreetmap.org/way/1156324947"},"geometry":{"type":"Polygon","coordinates":[[[121.4756477,31.2352579],[121.4752889,31.2351383],[121.4753572,31.234994],[121.4757119,31.2351253],[121.4756477,31.2352579]]]}},{"type":"Feature","id":1156836826,"properties":{"osm_id":1156836826,"name":"淮海中华大厦","height_m":0,"height_basis":"unknown","height_tag":null,"levels_tag":null,"building":"commercial","source_url":"https://www.openstreetmap.org/way/1156836826"},"geometry":{"type":"Polygon","coordinates":[[[121.4791359,31.2273707],[121.4788643,31.2273021],[121.4785818,31.2274341],[121.4787507,31.2276553],[121.4788024,31.2277291],[121.4788353,31.2277983],[121.478875,31.2278409],[121.4789385,31.2278531],[121.4789794,31.2278341],[121.4790155,31.2277942],[121.4791359,31.2273707]]]}},{"type":"Feature","id":1196726535,"properties":{"osm_id":1196726535,"name":"","height_m":0,"height_basis":"unknown","height_tag":null,"levels_tag":null,"building":"yes","source_url":"https://www.openstreetmap.org/way/1196726535"},"geometry":{"type":"Polygon","coordinates":[[[121.4744341,31.2341366],[121.4744988,31.2341643],[121.4745146,31.2341386],[121.4746332,31.2341886],[121.4746964,31.2340851],[121.4745162,31.2340087],[121.4744341,31.2341366]]]}},{"type":"Feature","id":1196726536,"properties":{"osm_id":1196726536,"name":"","height_m":0,"height_basis":"unknown","height_tag":null,"levels_tag":null,"building":"yes","source_url":"https://www.openstreetmap.org/way/1196726536"},"geometry":{"type":"Polygon","coordinates":[[[121.4743003,31.2343572],[121.4748486,31.234566],[121.4749119,31.2345598],[121.4749434,31.2345309],[121.4749716,31.2344827],[121.4749069,31.2344571],[121.474753,31.2343961],[121.4747359,31.2344254],[121.4744488,31.2343183],[121.4744758,31.2342789],[121.4744392,31.234264],[121.4743729,31.2342374],[121.4743003,31.2343572]]]}},{"type":"Feature","id":1196726537,"properties":{"osm_id":1196726537,"name":"","height_m":0,"height_basis":"unknown","height_tag":null,"levels_tag":null,"building":"yes","source_url":"https://www.openstreetmap.org/way/1196726537"},"geometry":{"type":"Polygon","coordinates":[[[121.4747596,31.2341226],[121.4750115,31.2342206],[121.475102,31.2342569],[121.47499,31.2344433],[121.4749716,31.2344827],[121.4749069,31.2344571],[121.4749234,31.2344201],[121.4748188,31.2343801],[121.4748657,31.2343023],[121.4746954,31.2342377],[121.4747596,31.2341226]]]}},{"type":"Feature","id":1196726538,"properties":{"osm_id":1196726538,"name":"","height_m":0,"height_basis":"unknown","height_tag":null,"levels_tag":null,"building":"yes","source_url":"https://www.openstreetmap.org/way/1196726538"},"geometry":{"type":"Polygon","coordinates":[[[121.4752498,31.233879],[121.4752933,31.2338151],[121.4753222,31.2338291],[121.4754467,31.233682],[121.4753268,31.2336329],[121.4752771,31.2336344],[121.4751389,31.2338253],[121.475167,31.2338397],[121.4752498,31.233879]]]}},{"type":"Feature","id":1196726539,"properties":{"osm_id":1196726539,"name":"浙江电影院南配楼","height_m":0,"height_basis":"unknown","height_tag":null,"levels_tag":null,"building":"yes","source_url":"https://www.openstreetmap.org/way/1196726539"},"geometry":{"type":"Polygon","coordinates":[[[121.4753546,31.2338351],[121.4754292,31.2337509],[121.4754698,31.2337749],[121.4755269,31.2338093],[121.4754539,31.2338903],[121.4753546,31.2338351]]]}},{"type":"Feature","id":1196726540,"properties":{"osm_id":1196726540,"name":"","height_m":0,"height_basis":"unknown","height_tag":null,"levels_tag":null,"building":"yes","source_url":"https://www.openstreetmap.org/way/1196726540"},"geometry":{"type":"Polygon","coordinates":[[[121.4756004,31.2337355],[121.4756122,31.2337173],[121.47562,31.2336943],[121.4756191,31.2336714],[121.4756104,31.2336486],[121.4755946,31.2336269],[121.4755663,31.2336021],[121.4755277,31.2335841],[121.475483,31.23366],[121.4755064,31.2336686],[121.4755189,31.2336858],[121.4755126,31.2336983],[121.4756004,31.2337355]]]}},{"type":"Feature","id":1196726541,"properties":{"osm_id":1196726541,"name":"","height_m":0,"height_basis":"unknown","height_tag":null,"levels_tag":null,"building":"yes","source_url":"https://www.openstreetmap.org/way/1196726541"},"geometry":{"type":"Polygon","coordinates":[[[121.4754701,31.233681],[121.4752902,31.2336074],[121.4752964,31.2335977],[121.475352,31.2335108],[121.4755277,31.2335841],[121.475483,31.23366],[121.4754701,31.233681]]]}},{"type":"Feature","id":1197031943,"properties":{"osm_id":1197031943,"name":"","height_m":0,"height_basis":"unknown","height_tag":null,"levels_tag":null,"building":"yes","source_url":"https://www.openstreetmap.org/way/1197031943"},"geometry":{"type":"Polygon","coordinates":[[[121.4778557,31.2346152],[121.4779405,31.2344555],[121.4781296,31.2344994],[121.4780787,31.2346695],[121.477955,31.2346399],[121.4778557,31.2346152]]]}},{"type":"Feature","id":1197052534,"properties":{"osm_id":1197052534,"name":"","height_m":0,"height_basis":"unknown","height_tag":null,"levels_tag":null,"building":"yes","source_url":"https://www.openstreetmap.org/way/1197052534"},"geometry":{"type":"Polygon","coordinates":[[[121.476593,31.2347822],[121.4766425,31.2346606],[121.476692,31.2344985],[121.4767218,31.2342782],[121.4765412,31.2342676],[121.4765186,31.2344658],[121.4764811,31.2346152],[121.4764372,31.2347154],[121.476593,31.2347822]]]}},{"type":"Feature","id":1197052535,"properties":{"osm_id":1197052535,"name":"","height_m":0,"height_basis":"unknown","height_tag":null,"levels_tag":null,"building":"yes","source_url":"https://www.openstreetmap.org/way/1197052535"},"geometry":{"type":"Polygon","coordinates":[[[121.4762289,31.2345985],[121.476423,31.2346825],[121.4764672,31.2345345],[121.4763112,31.2344672],[121.4762289,31.2345985]]]}},{"type":"Feature","id":1197052536,"properties":{"osm_id":1197052536,"name":"","height_m":0,"height_basis":"unknown","height_tag":null,"levels_tag":null,"building":"yes","source_url":"https://www.openstreetmap.org/way/1197052536"},"geometry":{"type":"Polygon","coordinates":[[[121.4765412,31.2342676],[121.4765573,31.2341773],[121.4765957,31.2341667],[121.4765927,31.234145],[121.4765394,31.2341185],[121.4765837,31.2340583],[121.4766699,31.234099],[121.4767108,31.2341399],[121.476727,31.2341853],[121.4767218,31.2342782],[121.4765412,31.2342676]]]}},{"type":"Feature","id":1197052537,"properties":{"osm_id":1197052537,"name":"","height_m":0,"height_basis":"unknown","height_tag":null,"levels_tag":null,"building":"yes","source_url":"https://www.openstreetmap.org/way/1197052537"},"geometry":{"type":"Polygon","coordinates":[[[121.4765837,31.2340583],[121.4765394,31.2341185],[121.4765181,31.2341455],[121.4757994,31.2338215],[121.4758751,31.2337399],[121.4765837,31.2340583]]]}},{"type":"Feature","id":1197052538,"properties":{"osm_id":1197052538,"name":"","height_m":0,"height_basis":"unknown","height_tag":null,"levels_tag":null,"building":"yes","source_url":"https://www.openstreetmap.org/way/1197052538"},"geometry":{"type":"Polygon","coordinates":[[[121.4758751,31.2337399],[121.4758324,31.2337196],[121.4757963,31.2337161],[121.4757598,31.233725],[121.4757098,31.2337612],[121.4757994,31.2338215],[121.4758751,31.2337399]]]}},{"type":"Feature","id":1197052539,"properties":{"osm_id":1197052539,"name":"","height_m":0,"height_basis":"unknown","height_tag":null,"levels_tag":null,"building":"yes","source_url":"https://www.openstreetmap.org/way/1197052539"},"geometry":{"type":"Polygon","coordinates":[[[121.4754459,31.2340272],[121.4755451,31.2340882],[121.4757994,31.2338215],[121.4757098,31.2337612],[121.4754459,31.2340272]]]}},{"type":"Feature","id":1197052540,"properties":{"osm_id":1197052540,"name":"","height_m":0,"height_basis":"unknown","height_tag":null,"levels_tag":null,"building":"yes","source_url":"https://www.openstreetmap.org/way/1197052540"},"geometry":{"type":"Polygon","coordinates":[[[121.4753122,31.2341767],[121.4754459,31.2340272],[121.4755451,31.2340882],[121.4754051,31.2342317],[121.4753122,31.2341767]]]}},{"type":"Feature","id":1197052541,"properties":{"osm_id":1197052541,"name":"","height_m":0,"height_basis":"unknown","height_tag":null,"levels_tag":null,"building":"yes","source_url":"https://www.openstreetmap.org/way/1197052541"},"geometry":{"type":"Polygon","coordinates":[[[121.4753122,31.2341767],[121.4752771,31.2342363],[121.4753815,31.2342758],[121.4754051,31.2342317],[121.4753122,31.2341767]]]}},{"type":"Feature","id":1197053242,"properties":{"osm_id":1197053242,"name":"","height_m":0,"height_basis":"unknown","height_tag":null,"levels_tag":null,"building":"yes","source_url":"https://www.openstreetmap.org/way/1197053242"},"geometry":{"type":"Polygon","coordinates":[[[121.4748547,31.2338781],[121.4750339,31.2339553],[121.4751432,31.2337862],[121.4749874,31.2337192],[121.474964,31.2337084],[121.4749212,31.2337734],[121.4748547,31.2338781]]]}},{"type":"Feature","id":1197053243,"properties":{"osm_id":1197053243,"name":"","height_m":0,"height_basis":"unknown","height_tag":null,"levels_tag":null,"building":"yes","source_url":"https://www.openstreetmap.org/way/1197053243"},"geometry":{"type":"Polygon","coordinates":[[[121.4743729,31.2342374],[121.4744341,31.2341366],[121.4744988,31.2341643],[121.4744392,31.234264],[121.4743729,31.2342374]]]}},{"type":"Feature","id":1197053244,"properties":{"osm_id":1197053244,"name":"","height_m":0,"height_basis":"unknown","height_tag":null,"levels_tag":null,"building":"yes","source_url":"https://www.openstreetmap.org/way/1197053244"},"geometry":{"type":"Polygon","coordinates":[[[121.4750176,31.2333697],[121.4749633,31.2334581],[121.4749269,31.2335196],[121.4748458,31.233485],[121.4749341,31.2333344],[121.4750176,31.2333697]]]}},{"type":"Feature","id":1197053245,"properties":{"osm_id":1197053245,"name":"","height_m":0,"height_basis":"unknown","height_tag":null,"levels_tag":null,"building":"yes","source_url":"https://www.openstreetmap.org/way/1197053245"},"geometry":{"type":"Polygon","coordinates":[[[121.4744502,31.2332559],[121.4748202,31.233404],[121.4748749,31.233311],[121.474495,31.2331592],[121.4744502,31.2332559]]]}},{"type":"Feature","id":1197053246,"properties":{"osm_id":1197053246,"name":"","height_m":0,"height_basis":"unknown","height_tag":null,"levels_tag":null,"building":"yes","source_url":"https://www.openstreetmap.org/way/1197053246"},"geometry":{"type":"Polygon","coordinates":[[[121.4741715,31.2336705],[121.4742626,31.2337076],[121.474413,31.2334517],[121.4743268,31.2334165],[121.4741715,31.2336705]]]}},{"type":"Feature","id":1197053247,"properties":{"osm_id":1197053247,"name":"","height_m":0,"height_basis":"unknown","height_tag":null,"levels_tag":null,"building":"yes","source_url":"https://www.openstreetmap.org/way/1197053247"},"geometry":{"type":"Polygon","coordinates":[[[121.4744521,31.2334248],[121.4745813,31.2334753],[121.4746493,31.2333552],[121.4745256,31.2333047],[121.4744521,31.2334248]]]}},{"type":"Feature","id":1197053248,"properties":{"osm_id":1197053248,"name":"","height_m":0,"height_basis":"unknown","height_tag":null,"levels_tag":null,"building":"yes","source_url":"https://www.openstreetmap.org/way/1197053248"},"geometry":{"type":"Polygon","coordinates":[[[121.4746226,31.2334896],[121.4747307,31.2335334],[121.474802,31.2334181],[121.4746939,31.2333752],[121.4746226,31.2334896]]]}},{"type":"Feature","id":1197053249,"properties":{"osm_id":1197053249,"name":"","height_m":0,"height_basis":"unknown","height_tag":null,"levels_tag":null,"building":"yes","source_url":"https://www.openstreetmap.org/way/1197053249"},"geometry":{"type":"Polygon","coordinates":[[[121.4743473,31.2333933],[121.474428,31.233427],[121.4745044,31.2332906],[121.4744213,31.2332565],[121.4743473,31.2333933]]]}},{"type":"Feature","id":1197065009,"properties":{"osm_id":1197065009,"name":"","height_m":0,"height_basis":"unknown","height_tag":null,"levels_tag":null,"building":"yes","source_url":"https://www.openstreetmap.org/way/1197065009"},"geometry":{"type":"Polygon","coordinates":[[[121.475284,31.2308188],[121.4751781,31.2309492],[121.4751929,31.2310343],[121.4753777,31.23113],[121.4754459,31.231045],[121.4753218,31.2309796],[121.4753983,31.230886],[121.475284,31.2308188]]]}},{"type":"Feature","id":1197065010,"properties":{"osm_id":1197065010,"name":"","height_m":0,"height_basis":"unknown","height_tag":null,"levels_tag":null,"building":"yes","source_url":"https://www.openstreetmap.org/way/1197065010"},"geometry":{"type":"Polygon","coordinates":[[[121.4753777,31.23113],[121.4756365,31.2312653],[121.4757198,31.231252],[121.4757663,31.2311883],[121.475459,31.2310272],[121.4754459,31.231045],[121.4753777,31.23113]]]}},{"type":"Feature","id":1197065011,"properties":{"osm_id":1197065011,"name":"","height_m":0,"height_basis":"unknown","height_tag":null,"levels_tag":null,"building":"yes","source_url":"https://www.openstreetmap.org/way/1197065011"},"geometry":{"type":"Polygon","coordinates":[[[121.4761391,31.2309216],[121.4763254,31.231032],[121.4764791,31.2308551],[121.4762919,31.2307413],[121.4761391,31.2309216]]]}},{"type":"Feature","id":1197065012,"properties":{"osm_id":1197065012,"name":"","height_m":0,"height_basis":"unknown","height_tag":null,"levels_tag":null,"building":"yes","source_url":"https://www.openstreetmap.org/way/1197065012"},"geometry":{"type":"Polygon","coordinates":[[[121.4763593,31.2306096],[121.4764412,31.2306531],[121.4764517,31.230643],[121.4765087,31.2306739],[121.4765293,31.2306485],[121.4765105,31.2306378],[121.4765729,31.2305657],[121.4764915,31.2305212],[121.4764266,31.230522],[121.4763593,31.2306096]]]}},{"type":"Feature","id":1197065283,"properties":{"osm_id":1197065283,"name":"","height_m":0,"height_basis":"unknown","height_tag":null,"levels_tag":null,"building":"yes","source_url":"https://www.openstreetmap.org/way/1197065283"},"geometry":{"type":"Polygon","coordinates":[[[121.4754926,31.2308387],[121.4758835,31.2310464],[121.4759651,31.2309447],[121.4755683,31.2307345],[121.4754926,31.2308387]]]}},{"type":"Feature","id":1197065284,"properties":{"osm_id":1197065284,"name":"","height_m":0,"height_basis":"unknown","height_tag":null,"levels_tag":null,"building":"yes","source_url":"https://www.openstreetmap.org/way/1197065284"},"geometry":{"type":"Polygon","coordinates":[[[121.4755817,31.2307153],[121.475983,31.2309258],[121.4760568,31.230839],[121.4756471,31.2306213],[121.4755817,31.2307153]]]}},{"type":"Feature","id":1197065285,"properties":{"osm_id":1197065285,"name":"","height_m":0,"height_basis":"unknown","height_tag":null,"levels_tag":null,"building":"yes","source_url":"https://www.openstreetmap.org/way/1197065285"},"geometry":{"type":"Polygon","coordinates":[[[121.4756736,31.2305884],[121.4760859,31.2308029],[121.47617,31.2306965],[121.4757524,31.2304801],[121.4756736,31.2305884]]]}},{"type":"Feature","id":1197065286,"properties":{"osm_id":1197065286,"name":"","height_m":0,"height_basis":"unknown","height_tag":null,"levels_tag":null,"building":"yes","source_url":"https://www.openstreetmap.org/way/1197065286"},"geometry":{"type":"Polygon","coordinates":[[[121.4757752,31.2304532],[121.4761935,31.2306708],[121.4762663,31.230582],[121.4758447,31.2303592],[121.4757752,31.2304532]]]}},{"type":"Feature","id":1197273918,"properties":{"osm_id":1197273918,"name":"","height_m":0,"height_basis":"unknown","height_tag":null,"levels_tag":null,"building":"retail","source_url":"https://www.openstreetmap.org/way/1197273918"},"geometry":{"type":"Polygon","coordinates":[[[121.476596,31.2283898],[121.4767435,31.2284657],[121.4765565,31.2287249],[121.4767009,31.228792],[121.477013,31.22839],[121.4770202,31.2283591],[121.4770057,31.2283293],[121.4767298,31.2282092],[121.476596,31.2283898]]]}},{"type":"Feature","id":1197333392,"properties":{"osm_id":1197333392,"name":"","height_m":0,"height_basis":"unknown","height_tag":null,"levels_tag":null,"building":"yes","source_url":"https://www.openstreetmap.org/way/1197333392"},"geometry":{"type":"Polygon","coordinates":[[[121.4748457,31.2327764],[121.4749645,31.2328358],[121.4750407,31.2326873],[121.474951,31.2326422],[121.4748457,31.2327764]]]}},{"type":"Feature","id":1197334329,"properties":{"osm_id":1197334329,"name":"","height_m":0,"height_basis":"unknown","height_tag":null,"levels_tag":null,"building":"yes","source_url":"https://www.openstreetmap.org/way/1197334329"},"geometry":{"type":"Polygon","coordinates":[[[121.4741514,31.2323064],[121.4746589,31.2322922],[121.4748231,31.2323573],[121.4744784,31.232992],[121.4739031,31.2327636],[121.4741514,31.2323064]]]}},{"type":"Feature","id":1197336808,"properties":{"osm_id":1197336808,"name":"","height_m":0,"height_basis":"unknown","height_tag":null,"levels_tag":null,"building":"yes","source_url":"https://www.openstreetmap.org/way/1197336808"},"geometry":{"type":"Polygon","coordinates":[[[121.4723129,31.2331976],[121.4724034,31.233251],[121.4724526,31.23328],[121.4724741,31.2332413],[121.4727558,31.2333542],[121.4728204,31.233239],[121.4725422,31.2331291],[121.4725059,31.2331176],[121.4724686,31.2331118],[121.4724345,31.2331131],[121.4724049,31.2331229],[121.4723793,31.2331352],[121.4723579,31.2331528],[121.4723355,31.2331712],[121.4723129,31.2331976]]]}},{"type":"Feature","id":1197353244,"properties":{"osm_id":1197353244,"name":"","height_m":0,"height_basis":"unknown","height_tag":null,"levels_tag":null,"building":"yes","source_url":"https://www.openstreetmap.org/way/1197353244"},"geometry":{"type":"Polygon","coordinates":[[[121.4731478,31.2338017],[121.4731007,31.233783],[121.4730784,31.233751],[121.4730922,31.2337254],[121.473172,31.233757],[121.4731478,31.2338017]]]}},{"type":"Feature","id":1197556192,"properties":{"osm_id":1197556192,"name":"","height_m":0,"height_basis":"unknown","height_tag":null,"levels_tag":null,"building":"yes","source_url":"https://www.openstreetmap.org/way/1197556192"},"geometry":{"type":"Polygon","coordinates":[[[121.4743314,31.2304267],[121.474282,31.2304033],[121.474282,31.2303552],[121.4743281,31.230329],[121.474379,31.2303522],[121.4743814,31.2303985],[121.4743314,31.2304267]]]}},{"type":"Feature","id":1197556193,"properties":{"osm_id":1197556193,"name":"","height_m":0,"height_basis":"unknown","height_tag":null,"levels_tag":null,"building":"yes","source_url":"https://www.openstreetmap.org/way/1197556193"},"geometry":{"type":"Polygon","coordinates":[[[121.4750893,31.2308305],[121.4751839,31.2307143],[121.4750889,31.2306589],[121.4749962,31.2307764],[121.4750893,31.2308305]]]}},{"type":"Feature","id":1197556194,"properties":{"osm_id":1197556194,"name":"","height_m":0,"height_basis":"unknown","height_tag":null,"levels_tag":null,"building":"yes","source_url":"https://www.openstreetmap.org/way/1197556194"},"geometry":{"type":"Polygon","coordinates":[[[121.4752713,31.230605],[121.4753518,31.2305036],[121.4752576,31.2304486],[121.4751763,31.2305495],[121.4752713,31.230605]]]}},{"type":"Feature","id":1197560024,"properties":{"osm_id":1197560024,"name":"","height_m":0,"height_basis":"unknown","height_tag":null,"levels_tag":null,"building":"yes","source_url":"https://www.openstreetmap.org/way/1197560024"},"geometry":{"type":"Polygon","coordinates":[[[121.4741794,31.2319618],[121.4743355,31.2317745],[121.4742641,31.2317553],[121.4742715,31.231735],[121.4742255,31.2317227],[121.4741868,31.2317222],[121.4741094,31.2319408],[121.4741794,31.2319618]]]}},{"type":"Feature","id":1197560025,"properties":{"osm_id":1197560025,"name":"","height_m":0,"height_basis":"unknown","height_tag":null,"levels_tag":null,"building":"yes","source_url":"https://www.openstreetmap.org/way/1197560025"},"geometry":{"type":"Polygon","coordinates":[[[121.4743355,31.2317745],[121.4743761,31.2316641],[121.4742587,31.2316325],[121.4742511,31.231653],[121.4742255,31.2317227],[121.4742715,31.231735],[121.4742641,31.2317553],[121.4743355,31.2317745]]]}},{"type":"Feature","id":1197560026,"properties":{"osm_id":1197560026,"name":"","height_m":0,"height_basis":"unknown","height_tag":null,"levels_tag":null,"building":"yes","source_url":"https://www.openstreetmap.org/way/1197560026"},"geometry":{"type":"Polygon","coordinates":[[[121.4740134,31.2318678],[121.4740361,31.2318116],[121.473924,31.2317758],[121.4739686,31.2316626],[121.4740394,31.2316834],[121.4740658,31.2316173],[121.4739229,31.2315755],[121.4738292,31.2318093],[121.4740134,31.2318678]]]}},{"type":"Feature","id":1197560027,"properties":{"osm_id":1197560027,"name":"","height_m":0,"height_basis":"unknown","height_tag":null,"levels_tag":null,"building":"yes","source_url":"https://www.openstreetmap.org/way/1197560027"},"geometry":{"type":"Polygon","coordinates":[[[121.4741868,31.2317222],[121.4741018,31.2317053],[121.4740746,31.2318205],[121.4740501,31.2318159],[121.474039,31.231888],[121.4740371,31.2319003],[121.4740511,31.2319236],[121.4741094,31.2319408],[121.4741868,31.2317222]]]}},{"type":"Feature","id":1197562472,"properties":{"osm_id":1197562472,"name":"","height_m":0,"height_basis":"unknown","height_tag":null,"levels_tag":null,"building":"yes","source_url":"https://www.openstreetmap.org/way/1197562472"},"geometry":{"type":"Polygon","coordinates":[[[121.4735526,31.2317254],[121.47357,31.2316696],[121.4735823,31.231636],[121.4736055,31.2315704],[121.4734712,31.2315332],[121.4733991,31.2316817],[121.4735526,31.2317254]]]}},{"type":"Feature","id":1197562473,"properties":{"osm_id":1197562473,"name":"","height_m":0,"height_basis":"unknown","height_tag":null,"levels_tag":null,"building":"yes","source_url":"https://www.openstreetmap.org/way/1197562473"},"geometry":{"type":"Polygon","coordinates":[[[121.4736055,31.2315704],[121.4736437,31.2314655],[121.4736573,31.231422],[121.4735292,31.2313853],[121.4734712,31.2315332],[121.4736055,31.2315704]]]}},{"type":"Feature","id":1197562476,"properties":{"osm_id":1197562476,"name":"","height_m":0,"height_basis":"unknown","height_tag":null,"levels_tag":null,"building":"yes","source_url":"https://www.openstreetmap.org/way/1197562476"},"geometry":{"type":"Polygon","coordinates":[[[121.4736985,31.2322022],[121.4735887,31.2322119],[121.4736248,31.2321297],[121.4737157,31.2321576],[121.4736985,31.2322022]]]}},{"type":"Feature","id":1197586458,"properties":{"osm_id":1197586458,"name":"基督教沐恩堂","height_m":0,"height_basis":"unknown","height_tag":null,"levels_tag":null,"building":"yes","source_url":"https://www.openstreetmap.org/way/1197586458"},"geometry":{"type":"Polygon","coordinates":[[[121.4718091,31.235179],[121.4717515,31.2353026],[121.4716161,31.2352564],[121.4715777,31.2353387],[121.4715037,31.2353135],[121.4714787,31.2353673],[121.471316,31.2353119],[121.4712569,31.2354389],[121.4709608,31.2353381],[121.4710186,31.2352139],[121.4711738,31.2352667],[121.4712452,31.2351134],[121.4711341,31.2350756],[121.4711874,31.2349611],[121.4713645,31.2350214],[121.47134,31.2350742],[121.4713849,31.2350895],[121.4713992,31.2351127],[121.4713752,31.2351642],[121.471535,31.2352187],[121.4715885,31.2351039],[121.4718091,31.235179]]]}},{"type":"Feature","id":1197604150,"properties":{"osm_id":1197604150,"name":"","height_m":0,"height_basis":"unknown","height_tag":null,"levels_tag":null,"building":"yes","source_url":"https://www.openstreetmap.org/way/1197604150"},"geometry":{"type":"Polygon","coordinates":[[[121.4733714,31.2322499],[121.4735428,31.2322315],[121.4735741,31.2321645],[121.4734147,31.2321081],[121.4733746,31.2321911],[121.473396,31.2321987],[121.4733714,31.2322499]]]}},{"type":"Feature","id":1197713702,"properties":{"osm_id":1197713702,"name":"","height_m":0,"height_basis":"unknown","height_tag":null,"levels_tag":null,"building":"yes","source_url":"https://www.openstreetmap.org/way/1197713702"},"geometry":{"type":"Polygon","coordinates":[[[121.4750396,31.2321337],[121.4742611,31.2321094],[121.4746728,31.2315781],[121.4747042,31.2315955],[121.4747664,31.2315169],[121.4752964,31.2317975],[121.4751777,31.2319516],[121.4750396,31.2321337]]]}},{"type":"Feature","id":1197715829,"properties":{"osm_id":1197715829,"name":"","height_m":0,"height_basis":"unknown","height_tag":null,"levels_tag":null,"building":"yes","source_url":"https://www.openstreetmap.org/way/1197715829"},"geometry":{"type":"Polygon","coordinates":[[[121.4800828,31.2346197],[121.4799241,31.2345959],[121.4799059,31.2346849],[121.4799254,31.2346878],[121.4799158,31.2347347],[121.4800549,31.2347556],[121.480075,31.2346577],[121.4800828,31.2346197]]]}},{"type":"Feature","id":1197715830,"properties":{"osm_id":1197715830,"name":"","height_m":0,"height_basis":"unknown","height_tag":null,"levels_tag":null,"building":"yes","source_url":"https://www.openstreetmap.org/way/1197715830"},"geometry":{"type":"Polygon","coordinates":[[[121.47903,31.2345772],[121.4789585,31.234566],[121.478984,31.234449],[121.4790554,31.2344605],[121.47903,31.2345772]]]}},{"type":"Feature","id":1197715831,"properties":{"osm_id":1197715831,"name":"","height_m":0,"height_basis":"unknown","height_tag":null,"levels_tag":null,"building":"yes","source_url":"https://www.openstreetmap.org/way/1197715831"},"geometry":{"type":"Polygon","coordinates":[[[121.4793693,31.2346312],[121.479565,31.2346627],[121.4795907,31.2345463],[121.479395,31.2345148],[121.4793693,31.2346312]]]}},{"type":"Feature","id":1197841104,"properties":{"osm_id":1197841104,"name":"","height_m":0,"height_basis":"unknown","height_tag":null,"levels_tag":null,"building":"yes","source_url":"https://www.openstreetmap.org/way/1197841104"},"geometry":{"type":"Polygon","coordinates":[[[121.4758785,31.2298414],[121.4758014,31.2299508],[121.4757535,31.2299646],[121.4756748,31.2299259],[121.4757108,31.2298758],[121.4757459,31.2298922],[121.4758075,31.2298048],[121.4758785,31.2298414]]]}},{"type":"Feature","id":1197841105,"properties":{"osm_id":1197841105,"name":"","height_m":0,"height_basis":"unknown","height_tag":null,"levels_tag":null,"building":"yes","source_url":"https://www.openstreetmap.org/way/1197841105"},"geometry":{"type":"Polygon","coordinates":[[[121.4758785,31.2298414],[121.4760608,31.2296007],[121.4760027,31.2295693],[121.4759897,31.2295869],[121.4759697,31.2295761],[121.4758075,31.2298048],[121.4758785,31.2298414]]]}},{"type":"Feature","id":1197841106,"properties":{"osm_id":1197841106,"name":"","height_m":0,"height_basis":"unknown","height_tag":null,"levels_tag":null,"building":"yes","source_url":"https://www.openstreetmap.org/way/1197841106"},"geometry":{"type":"Polygon","coordinates":[[[121.4756748,31.2299259],[121.4754374,31.2298081],[121.4754787,31.2297424],[121.4755295,31.2296701],[121.4757601,31.2297818],[121.4757528,31.2298124],[121.4757108,31.2298758],[121.4756748,31.2299259]]]}},{"type":"Feature","id":1197841107,"properties":{"osm_id":1197841107,"name":"","height_m":0,"height_basis":"unknown","height_tag":null,"levels_tag":null,"building":"yes","source_url":"https://www.openstreetmap.org/way/1197841107"},"geometry":{"type":"Polygon","coordinates":[[[121.4751408,31.2296723],[121.4749686,31.2295962],[121.4749205,31.2295404],[121.474941,31.2295075],[121.4751796,31.2296149],[121.4751408,31.2296723]]]}},{"type":"Feature","id":1197841108,"properties":{"osm_id":1197841108,"name":"","height_m":0,"height_basis":"unknown","height_tag":null,"levels_tag":null,"building":"yes","source_url":"https://www.openstreetmap.org/way/1197841108"},"geometry":{"type":"Polygon","coordinates":[[[121.4753556,31.2292768],[121.4752743,31.2292352],[121.4751511,31.229416],[121.4750641,31.2293734],[121.4750119,31.2294736],[121.4751793,31.2295541],[121.4753556,31.2292768]]]}},{"type":"Feature","id":1198528169,"properties":{"osm_id":1198528169,"name":"","height_m":0,"height_basis":"unknown","height_tag":null,"levels_tag":null,"building":"yes","source_url":"https://www.openstreetmap.org/way/1198528169"},"geometry":{"type":"Polygon","coordinates":[[[121.4764459,31.2293838],[121.4763857,31.2294635],[121.4764666,31.2295085],[121.4765032,31.22946],[121.476527,31.2294286],[121.4764459,31.2293838]]]}},{"type":"Feature","id":1198528170,"properties":{"osm_id":1198528170,"name":"","height_m":0,"height_basis":"unknown","height_tag":null,"levels_tag":null,"building":"yes","source_url":"https://www.openstreetmap.org/way/1198528170"},"geometry":{"type":"Polygon","coordinates":[[[121.4759719,31.229963],[121.4758982,31.2300591],[121.4759103,31.2301013],[121.476007,31.2301474],[121.4760208,31.2301304],[121.4760843,31.2300423],[121.4760968,31.2300252],[121.4759719,31.229963]]]}},{"type":"Feature","id":1198530144,"properties":{"osm_id":1198530144,"name":"","height_m":0,"height_basis":"unknown","height_tag":null,"levels_tag":null,"building":"yes","source_url":"https://www.openstreetmap.org/way/1198530144"},"geometry":{"type":"Polygon","coordinates":[[[121.4794631,31.230509],[121.4794541,31.2304931],[121.4792143,31.2303707],[121.4791298,31.230481],[121.4793863,31.2306144],[121.4794631,31.230509]]]}},{"type":"Feature","id":1198530147,"properties":{"osm_id":1198530147,"name":"","height_m":0,"height_basis":"unknown","height_tag":null,"levels_tag":null,"building":"yes","source_url":"https://www.openstreetmap.org/way/1198530147"},"geometry":{"type":"Polygon","coordinates":[[[121.4799459,31.2319635],[121.4799184,31.2320073],[121.4798906,31.2320465],[121.4795711,31.2319007],[121.4796292,31.2318344],[121.4797045,31.2318747],[121.4797222,31.2318552],[121.4799459,31.2319635]]]}},{"type":"Feature","id":1198910484,"properties":{"osm_id":1198910484,"name":"申金大厦","height_m":0,"height_basis":"unknown","height_tag":null,"levels_tag":null,"building":"yes","source_url":"https://www.openstreetmap.org/way/1198910484"},"geometry":{"type":"Polygon","coordinates":[[[121.5057682,31.2315195],[121.5057434,31.2314344],[121.5057747,31.2313921],[121.5057894,31.2313722],[121.5057804,31.2313279],[121.5058353,31.2313198],[121.5058634,31.2312278],[121.5061279,31.2312869],[121.5060969,31.2313885],[121.5061304,31.2314122],[121.5060764,31.2314682],[121.506093,31.2315162],[121.5060189,31.2315812],[121.5059476,31.2315216],[121.5058608,31.2314998],[121.5057682,31.2315195]]]}},{"type":"Feature","id":1198910485,"properties":{"osm_id":1198910485,"name":"紫光大厦","height_m":0,"height_basis":"unknown","height_tag":null,"levels_tag":null,"building":"yes","source_url":"https://www.openstreetmap.org/way/1198910485"},"geometry":{"type":"Polygon","coordinates":[[[121.5062754,31.2316079],[121.5063137,31.2315347],[121.5063346,31.2315427],[121.5063817,31.2314527],[121.5064123,31.2314644],[121.5064568,31.2313792],[121.5066867,31.2314672],[121.5066451,31.2315467],[121.5066706,31.2315564],[121.5066237,31.231646],[121.5066404,31.2316524],[121.5065989,31.2317317],[121.5062754,31.2316079]]]}},{"type":"Feature","id":1198910486,"properties":{"osm_id":1198910486,"name":"","height_m":0,"height_basis":"unknown","height_tag":null,"levels_tag":null,"building":"yes","source_url":"https://www.openstreetmap.org/way/1198910486"},"geometry":{"type":"Polygon","coordinates":[[[121.5057747,31.2313921],[121.5056886,31.2313689],[121.505732,31.2311987],[121.5057843,31.2311278],[121.5063597,31.231274],[121.5065638,31.2313024],[121.5067858,31.2313787],[121.5066404,31.2316524],[121.5066237,31.231646],[121.5066706,31.2315564],[121.5066451,31.2315467],[121.5066867,31.2314672],[121.5064568,31.2313792],[121.5064123,31.2314644],[121.5063817,31.2314527],[121.5063346,31.2315427],[121.5063137,31.2315347],[121.5062754,31.2316079],[121.5062015,31.2315817],[121.5061862,31.2316253],[121.5060189,31.2315812],[121.506093,31.2315162],[121.5060764,31.2314682],[121.5061304,31.2314122],[121.5060969,31.2313885],[121.5061279,31.2312869],[121.5058634,31.2312278],[121.5058353,31.2313198],[121.5057804,31.2313279],[121.5057894,31.2313722],[121.5057747,31.2313921]]]}},{"type":"Feature","id":1198910487,"properties":{"osm_id":1198910487,"name":"","height_m":0,"height_basis":"unknown","height_tag":null,"levels_tag":null,"building":"school","source_url":"https://www.openstreetmap.org/way/1198910487"},"geometry":{"type":"Polygon","coordinates":[[[121.5060987,31.2306795],[121.5061716,31.230535],[121.5066003,31.230693],[121.5065775,31.2307383],[121.50662,31.230754],[121.506559,31.2308752],[121.5065178,31.23086],[121.5065087,31.2308782],[121.5061825,31.230758],[121.5062027,31.2307178],[121.5060987,31.2306795]]]}},{"type":"Feature","id":1198910488,"properties":{"osm_id":1198910488,"name":"","height_m":0,"height_basis":"unknown","height_tag":null,"levels_tag":null,"building":"yes","source_url":"https://www.openstreetmap.org/way/1198910488"},"geometry":{"type":"Polygon","coordinates":[[[121.5067092,31.2308811],[121.5068149,31.2306531],[121.5072965,31.2308164],[121.5072606,31.230894],[121.507223,31.2308813],[121.5072039,31.2309224],[121.5071514,31.2309046],[121.5071346,31.2309408],[121.5070428,31.2309096],[121.5070258,31.2309464],[121.5069206,31.2309107],[121.5069037,31.2309471],[121.5067092,31.2308811]]]}},{"type":"Feature","id":1198910491,"properties":{"osm_id":1198910491,"name":"","height_m":0,"height_basis":"unknown","height_tag":null,"levels_tag":null,"building":"school","source_url":"https://www.openstreetmap.org/way/1198910491"},"geometry":{"type":"Polygon","coordinates":[[[121.5070761,31.2303116],[121.5067055,31.2301706],[121.5065956,31.2303818],[121.5064515,31.230327],[121.5064763,31.2302795],[121.5064127,31.2302552],[121.5065316,31.2300275],[121.5066335,31.2300665],[121.5066817,31.2299743],[121.5065304,31.2299164],[121.5065726,31.2298357],[121.5069452,31.2299782],[121.5070367,31.2298035],[121.5066524,31.2296565],[121.5067056,31.2295548],[121.5067714,31.22958],[121.5068137,31.2294991],[121.5069069,31.2295347],[121.5068936,31.2295602],[121.5072306,31.2296885],[121.5071946,31.2297576],[121.507171,31.2297487],[121.5071233,31.2298406],[121.507194,31.2298673],[121.5071046,31.2300398],[121.5070333,31.2300128],[121.5069862,31.2301036],[121.5071302,31.2301582],[121.5071015,31.2302136],[121.5071229,31.2302217],[121.5070761,31.2303116]]]}},{"type":"Feature","id":1202226026,"properties":{"osm_id":1202226026,"name":"上海中星君亭酒店","height_m":0,"height_basis":"unknown","height_tag":null,"levels_tag":null,"building":"hotel","source_url":"https://www.openstreetmap.org/way/1202226026"},"geometry":{"type":"Polygon","coordinates":[[[121.4801803,31.2292936],[121.4799814,31.2294619],[121.4802169,31.2296655],[121.4803385,31.2295626],[121.480229,31.229468],[121.4803063,31.2294026],[121.4801803,31.2292936]]]}},{"type":"Feature","id":1204348317,"properties":{"osm_id":1204348317,"name":"良友便利店","height_m":0,"height_basis":"unknown","height_tag":null,"levels_tag":null,"building":"yes","source_url":"https://www.openstreetmap.org/way/1204348317"},"geometry":{"type":"Polygon","coordinates":[[[121.4754292,31.2337509],[121.4754632,31.2337135],[121.4755721,31.2337607],[121.4755269,31.2338093],[121.4754292,31.2337509]]]}},{"type":"Feature","id":1211163026,"properties":{"osm_id":1211163026,"name":"","height_m":0,"height_basis":"unknown","height_tag":null,"levels_tag":null,"building":"retail","source_url":"https://www.openstreetmap.org/way/1211163026"},"geometry":{"type":"Polygon","coordinates":[[[121.496057,31.2409966],[121.4961643,31.2410763],[121.4961895,31.2411048],[121.4962753,31.2411934],[121.496373,31.2413238],[121.4964537,31.2412909],[121.4963642,31.2411478],[121.4962316,31.2410219],[121.4961081,31.2409275],[121.496057,31.2409966]]]}},{"type":"Feature","id":1211163027,"properties":{"osm_id":1211163027,"name":"","height_m":0,"height_basis":"unknown","height_tag":null,"levels_tag":null,"building":"retail","source_url":"https://www.openstreetmap.org/way/1211163027"},"geometry":{"type":"Polygon","coordinates":[[[121.4955157,31.2407772],[121.4956603,31.240809],[121.4956952,31.2408239],[121.49582,31.2408691],[121.4958566,31.2408875],[121.4959705,31.2409431],[121.4960221,31.240881],[121.4958915,31.2408209],[121.4958555,31.2408105],[121.4957166,31.2407638],[121.4956882,31.2407559],[121.4955343,31.2407137],[121.4955157,31.2407772]]]}},{"type":"Feature","id":1211163028,"properties":{"osm_id":1211163028,"name":"","height_m":0,"height_basis":"unknown","height_tag":null,"levels_tag":null,"building":"retail","source_url":"https://www.openstreetmap.org/way/1211163028"},"geometry":{"type":"Polygon","coordinates":[[[121.4949938,31.240989],[121.4950339,31.2409641],[121.4950612,31.2409403],[121.4951373,31.2409433],[121.4951948,31.2409214],[121.4951367,31.2408916],[121.4950432,31.2408802],[121.4949462,31.2409448],[121.4949938,31.240989]]]}},{"type":"Feature","id":1211773146,"properties":{"osm_id":1211773146,"name":"","height_m":0,"height_basis":"unknown","height_tag":null,"levels_tag":null,"building":"yes","source_url":"https://www.openstreetmap.org/way/1211773146"},"geometry":{"type":"Polygon","coordinates":[[[121.4736414,31.2350273],[121.4734778,31.2349975],[121.4734679,31.2350373],[121.4734223,31.235029],[121.4734018,31.2351115],[121.4736004,31.2351477],[121.4735926,31.2351792],[121.4737826,31.2352138],[121.4738003,31.2351428],[121.4737715,31.2351375],[121.4737838,31.2350882],[121.4736331,31.2350607],[121.4736414,31.2350273]]]}},{"type":"Feature","id":1211773150,"properties":{"osm_id":1211773150,"name":"","height_m":0,"height_basis":"unknown","height_tag":null,"levels_tag":null,"building":"apartments","source_url":"https://www.openstreetmap.org/way/1211773150"},"geometry":{"type":"Polygon","coordinates":[[[121.4726011,31.2349999],[121.4731468,31.23518],[121.4730886,31.2353089],[121.4725429,31.2351288],[121.4726011,31.2349999]]]}},{"type":"Feature","id":1211773151,"properties":{"osm_id":1211773151,"name":"","height_m":0,"height_basis":"unknown","height_tag":null,"levels_tag":null,"building":"yes","source_url":"https://www.openstreetmap.org/way/1211773151"},"geometry":{"type":"Polygon","coordinates":[[[121.4732631,31.2349622],[121.4727328,31.2347851],[121.4725065,31.2351242],[121.4730961,31.2353174],[121.4732631,31.2349622]]]}},{"type":"Feature","id":1263441704,"properties":{"osm_id":1263441704,"name":"","height_m":12.0,"height_basis":"levels_estimate","height_tag":null,"levels_tag":"4","building":"hotel","source_url":"https://www.openstreetmap.org/way/1263441704"},"geometry":{"type":"Polygon","coordinates":[[[121.479084,31.2325192],[121.4793978,31.2320192],[121.4794783,31.2319802],[121.4796231,31.2320399],[121.4792584,31.2325857],[121.479084,31.2325192]]]}},{"type":"Feature","id":1263441705,"properties":{"osm_id":1263441705,"name":"","height_m":0,"height_basis":"unknown","height_tag":null,"levels_tag":null,"building":"yes","source_url":"https://www.openstreetmap.org/way/1263441705"},"geometry":{"type":"Polygon","coordinates":[[[121.4790693,31.2325249],[121.4792423,31.2325937],[121.4791846,31.2327096],[121.4789968,31.2327119],[121.4789673,31.2326912],[121.4790693,31.2325249]]]}},{"type":"Feature","id":1274074066,"properties":{"osm_id":1274074066,"name":"上海证券交易所","height_m":180.0,"height_basis":"osm_height","height_tag":"180","levels_tag":"26","building":"commercial","source_url":"https://www.openstreetmap.org/way/1274074066"},"geometry":{"type":"Polygon","coordinates":[[[121.5063161,31.2384786],[121.506402,31.2385168],[121.5063202,31.2386429],[121.5066474,31.2387982],[121.5072485,31.2378726],[121.5069211,31.2377172],[121.5068265,31.2378629],[121.506739,31.2378235],[121.5066311,31.2378976],[121.5065691,31.2379521],[121.5065143,31.2380036],[121.5064594,31.2380603],[121.5064081,31.2381291],[121.5063692,31.2381995],[121.5063409,31.2382759],[121.5063232,31.2383788],[121.5063161,31.2384786]]]}},{"type":"Feature","id":1287048324,"properties":{"osm_id":1287048324,"name":"","height_m":0,"height_basis":"unknown","height_tag":null,"levels_tag":null,"building":"yes","source_url":"https://www.openstreetmap.org/way/1287048324"},"geometry":{"type":"Polygon","coordinates":[[[121.4672484,31.2333058],[121.4674323,31.2333406],[121.4674583,31.2332404],[121.4672743,31.2332056],[121.4672484,31.2333058]]]}},{"type":"Feature","id":1287050297,"properties":{"osm_id":1287050297,"name":"","height_m":0,"height_basis":"unknown","height_tag":null,"levels_tag":null,"building":"yes","source_url":"https://www.openstreetmap.org/way/1287050297"},"geometry":{"type":"Polygon","coordinates":[[[121.4895876,31.2320552],[121.4900438,31.2322597],[121.4902093,31.2319897],[121.4897531,31.2317853],[121.4895876,31.2320552]]]}},{"type":"Feature","id":1365510496,"properties":{"osm_id":1365510496,"name":"","height_m":0,"height_basis":"unknown","height_tag":null,"levels_tag":null,"building":"school","source_url":"https://www.openstreetmap.org/way/1365510496"},"geometry":{"type":"Polygon","coordinates":[[[121.4654322,31.2350973],[121.4652562,31.2350368],[121.4653699,31.2348019],[121.4651425,31.2346845],[121.4649773,31.2349322],[121.4647884,31.2348423],[121.4650223,31.2344973],[121.4655309,31.2347395],[121.4655631,31.2348148],[121.4654322,31.2350973]]]}},{"type":"Feature","id":1415996977,"properties":{"osm_id":1415996977,"name":"","height_m":0,"height_basis":"unknown","height_tag":null,"levels_tag":null,"building":"retail","source_url":"https://www.openstreetmap.org/way/1415996977"},"geometry":{"type":"Polygon","coordinates":[[[121.4772476,31.2340296],[121.4775457,31.2341381],[121.4776119,31.2340925],[121.4777407,31.2341397],[121.477829,31.2341224],[121.4778731,31.2340815],[121.4779265,31.2340689],[121.4779044,31.2340107],[121.4778021,31.2340114],[121.4777568,31.2340198],[121.4777217,31.2340167],[121.4777128,31.2340286],[121.4775261,31.2339563],[121.4773197,31.2338902],[121.4772476,31.2340296]]]}},{"type":"Feature","id":1427522331,"properties":{"osm_id":1427522331,"name":"","height_m":0,"height_basis":"unknown","height_tag":null,"levels_tag":null,"building":"school","source_url":"https://www.openstreetmap.org/way/1427522331"},"geometry":{"type":"Polygon","coordinates":[[[121.5102336,31.2369795],[121.5105293,31.2363846],[121.5110998,31.236592],[121.510888,31.237018],[121.5111683,31.2371199],[121.5110845,31.2372886],[121.5102336,31.2369795]]]}},{"type":"Feature","id":1427539583,"properties":{"osm_id":1427539583,"name":"","height_m":0,"height_basis":"unknown","height_tag":null,"levels_tag":null,"building":"hospital","source_url":"https://www.openstreetmap.org/way/1427539583"},"geometry":{"type":"Polygon","coordinates":[[[121.5114328,31.2360153],[121.5113424,31.2358211],[121.5116331,31.2357241],[121.51172,31.2359145],[121.5116978,31.2359824],[121.5114328,31.2360153]]]}},{"type":"Feature","id":1427539584,"properties":{"osm_id":1427539584,"name":"","height_m":0,"height_basis":"unknown","height_tag":null,"levels_tag":null,"building":"hospital","source_url":"https://www.openstreetmap.org/way/1427539584"},"geometry":{"type":"Polygon","coordinates":[[[121.5113803,31.2359904],[121.5113079,31.2358366],[121.5110674,31.2359225],[121.5112273,31.2360423],[121.5113803,31.2359904]]]}},{"type":"Feature","id":1427539585,"properties":{"osm_id":1427539585,"name":"","height_m":0,"height_basis":"unknown","height_tag":null,"levels_tag":null,"building":"hospital","source_url":"https://www.openstreetmap.org/way/1427539585"},"geometry":{"type":"Polygon","coordinates":[[[121.5117961,31.2359352],[121.5116835,31.2356985],[121.511893,31.2356257],[121.5119173,31.2356769],[121.5120691,31.2356759],[121.5120915,31.2356385],[121.5124592,31.235799],[121.5123787,31.2359338],[121.5123088,31.2359033],[121.512277,31.2359567],[121.5120364,31.2358516],[121.5117961,31.2359352]]]}},{"type":"Feature","id":1427539586,"properties":{"osm_id":1427539586,"name":"陆家嘴富汇大厦","height_m":0,"height_basis":"unknown","height_tag":null,"levels_tag":null,"building":"commercial","source_url":"https://www.openstreetmap.org/way/1427539586"},"geometry":{"type":"Polygon","coordinates":[[[121.5092151,31.2369444],[121.5089952,31.2368412],[121.5089335,31.2366807],[121.5089697,31.2366176],[121.5099936,31.2362995],[121.5100922,31.2365316],[121.5101348,31.2365404],[121.5100859,31.236714],[121.5100397,31.2367044],[121.5092151,31.2369444]]]}},{"type":"Feature","id":1467947086,"properties":{"osm_id":1467947086,"name":"6号望江驿","height_m":0,"height_basis":"unknown","height_tag":null,"levels_tag":null,"building":"yes","source_url":"https://www.openstreetmap.org/way/1467947086"},"geometry":{"type":"Polygon","coordinates":[[[121.4937892,31.2434166],[121.4939542,31.2434822],[121.4939267,31.2435326],[121.4938985,31.2435845],[121.4937336,31.2435189],[121.4937892,31.2434166]]]}},{"type":"Feature","id":1486422270,"properties":{"osm_id":1486422270,"name":"","height_m":0,"height_basis":"unknown","height_tag":null,"levels_tag":null,"building":"apartments","source_url":"https://www.openstreetmap.org/way/1486422270"},"geometry":{"type":"Polygon","coordinates":[[[121.5118878,31.2372416],[121.5119364,31.2371581],[121.5121107,31.2372324],[121.5120621,31.2373159],[121.5118878,31.2372416]]]}},{"type":"Feature","id":1486422271,"properties":{"osm_id":1486422271,"name":"","height_m":0,"height_basis":"unknown","height_tag":null,"levels_tag":null,"building":"apartments","source_url":"https://www.openstreetmap.org/way/1486422271"},"geometry":{"type":"Polygon","coordinates":[[[121.5119349,31.2370003],[121.511985,31.2369174],[121.5121881,31.2370074],[121.512138,31.2370902],[121.5119349,31.2370003]]]}},{"type":"Feature","id":1486422272,"properties":{"osm_id":1486422272,"name":"","height_m":0,"height_basis":"unknown","height_tag":null,"levels_tag":null,"building":"apartments","source_url":"https://www.openstreetmap.org/way/1486422272"},"geometry":{"type":"Polygon","coordinates":[[[121.5119639,31.2367403],[121.5120096,31.2366655],[121.5122572,31.2367762],[121.5122115,31.236851],[121.5119639,31.2367403]]]}},{"type":"Feature","id":1486422274,"properties":{"osm_id":1486422274,"name":"","height_m":0,"height_basis":"unknown","height_tag":null,"levels_tag":null,"building":"apartments","source_url":"https://www.openstreetmap.org/way/1486422274"},"geometry":{"type":"Polygon","coordinates":[[[121.5119904,31.2364492],[121.5120321,31.2363768],[121.5121899,31.2364433],[121.5121753,31.2364688],[121.5123241,31.2365315],[121.5122819,31.2366047],[121.5121181,31.2365357],[121.5121333,31.2365094],[121.5119904,31.2364492]]]}},{"type":"Feature","id":1518555763,"properties":{"osm_id":1518555763,"name":"","height_m":0,"height_basis":"unknown","height_tag":null,"levels_tag":null,"building":"yes","source_url":"https://www.openstreetmap.org/way/1518555763"},"geometry":{"type":"Polygon","coordinates":[[[121.4922099,31.2377467],[121.4922523,31.2377091],[121.4921668,31.2376439],[121.4921244,31.237683],[121.4922099,31.2377467]]]}},{"type":"Feature","id":1533181378,"properties":{"osm_id":1533181378,"name":"上海海洋水族馆管理楼","height_m":0,"height_basis":"unknown","height_tag":null,"levels_tag":null,"building":"yes","source_url":"https://www.openstreetmap.org/way/1533181378"},"geometry":{"type":"Polygon","coordinates":[[[121.4978311,31.2429261],[121.4979026,31.2429758],[121.4979654,31.2429097],[121.4980007,31.2429342],[121.4979576,31.2429795],[121.498081,31.2430653],[121.4978075,31.2433528],[121.4975773,31.2431928],[121.4978311,31.2429261]]]}}]}