{"type":"FeatureCollection","features":[{"type":"Feature","properties":{"name":"亚热带常绿阔叶林","vegetation_zone":"亚热带常绿阔叶林","region_code":"CN_VEGETATION_ZONE_亚热","source_year":"approximated","source_name":"按省级区划归并的教学示意","license":"derived educational geometry","__fillColor":"#65a30d","__fillOpacity":0.45,"__strokeColor":"#0f172a","__strokeWidth":0.6},"geometry":{"type":"MultiPolygon","coordinates":[[[[110.5862,20.3812],[110.5936,20.3604],[110.5566,20.3273],[110.5862,20.3812]]],[[[110.4051,20.6782],[110.4144,20.7102],[110.4378,20.6777],[110.4051,20.6782]]],[[[110.5628,20.8612],[110.5486,20.9088],[110.5844,20.949],[110.6447,20.9356],[110.6115,20.8601],[110.5628,20.8612]]],[[[110.306,21.0881],[110.5603,21.0613],[110.5357,20.9227],[110.5117,20.9166],[110.4729,20.9831],[110.4076,20.9904],[110.2013,20.9384],[110.306,21.0881]]],[[[109.1388,21.0674],[109.1443,21.0412],[109.0882,21.0149],[109.0926,21.0574],[109.1388,21.0674]]],[[[110.4994,21.2131],[110.5252,21.1902],[110.6324,21.2109],[110.5825,21.0948],[110.5449,21.0836],[110.5086,21.1406],[110.4335,21.1713],[110.4994,21.2131]]],[[[112.535,21.6287],[112.5923,21.6933],[112.6638,21.7144],[112.6391,21.6727],[112.6656,21.6426],[112.5307,21.5837],[112.535,21.6287]]],[[[112.4353,21.6638],[112.4587,21.6899],[112.4562,21.6488],[112.4353,21.6638]]],[[[112.8763,21.7728],[112.8048,21.6866],[112.8171,21.5903],[112.7753,21.5642],[112.7309,21.6137],[112.7802,21.6716],[112.7057,21.6794],[112.7241,21.7199],[112.8763,21.7728]]],[[[113.204,21.8611],[113.143,21.8317],[113.1368,21.8689],[113.204,21.8611]]],[[[113.0253,21.8478],[113.0075,21.8694],[113.0457,21.8828],[113.0253,21.8478]]],[[[113.7429,21.9505],[113.7232,21.9222],[113.7189,21.9516],[113.7429,21.9505]]],[[[113.7651,21.9621],[113.7417,21.9916],[113.7743,21.9982],[113.7651,21.9621]]],[[[114.1537,21.9749],[114.1242,21.9855],[114.1716,22.0004],[114.1537,21.9749]]],[[[114.2295,21.9954],[114.1901,21.9866],[114.1808,22.0099],[114.2295,21.9954]]],[[[114.24,22.0354],[114.3114,22.0415],[114.2313,22.0165],[114.24,22.0354]]],[[[113.5674,22.0753],[113.3302,21.9616],[113.3198,21.9094],[113.2668,21.8716],[113.1516,21.9799],[113.0919,22.0653],[113.0869,22.1263],[113.0321,22.0459],[113.0475,21.9566],[112.9896,21.8694],[112.9299,21.8389],[112.8935,21.8444],[112.8412,21.9205],[112.7925,21.9211],[112.6471,21.7583],[112.5357,21.7539],[112.4457,21.8033],[112.4156,21.735],[112.3533,21.7072],[112.2388,21.7022],[112.1969,21.7366],[112.1926,21.7894],[112.1365,21.7939],[111.9561,21.7105],[111.9542,21.6677],[112.0269,21.6337],[111.9727,21.6031],[111.8101,21.5553],[111.8323,21.5787],[111.7947,21.6115],[111.7368,21.6098],[111.6506,21.5124],[111.4442,21.5141],[111.2859,21.4188],[111.2576,21.415],[111.2502,21.4512],[111.2761,21.4434],[111.2828,21.4857],[111.0346,21.4389],[110.9293,21.3759],[110.7685,21.3648],[110.6262,21.2159],[110.5012,21.2176],[110.4224,21.1908],[110.391,21.1249],[110.2967,21.0937],[110.2419,21.0161],[110.2086,21.0507],[110.184,20.892],[110.2099,20.8601],[110.3934,20.8165],[110.3922,20.6827],[110.4113,20.671],[110.4661,20.6805],[110.5505,20.4726],[110.5413,20.4205],[110.4526,20.3111],[110.3491,20.2589],[110.2203,20.2516],[110.1686,20.2196],[110.1181,20.2196],[110.0824,20.2589],[109.9937,20.2544],[109.929,20.2117],[109.9161,20.3167],[109.8613,20.3767],[109.8884,20.4754],[109.8397,20.4894],[109.7935,20.6155],[109.7448,20.6211],[109.6555,20.9294],[109.6746,21.1367],[109.7639,21.2265],[109.7578,21.347],[109.8686,21.3659],[109.8945,21.4422],[109.7042,21.4629],[109.6124,21.557],[109.5299,21.4372],[109.2459,21.4255],[109.1388,21.3888],[109.0464,21.4244],[109.0396,21.4578],[109.1425,21.5119],[109.1388,21.5675],[108.938,21.5898],[108.8813,21.6271],[108.7458,21.6026],[108.6263,21.6799],[108.5918,21.6771],[108.4926,21.5547],[108.33,21.5403],[108.2302,21.4913],[108.2105,21.5057],[108.25,21.5614],[108.2413,21.5998],[108.1563,21.5508],[108.1939,21.5197],[108.1083,21.5085],[108.0344,21.5458],[107.958,21.5341],[107.8638,21.651],[107.5847,21.6148],[107.5472,21.5864],[107.4868,21.5959],[107.4776,21.6599],[107.3636,21.602],[107.3106,21.7338],[107.2423,21.7033],[107.0938,21.8033],[107.0181,21.8194],[107.06,21.915],[106.9996,21.9477],[106.9743,21.9233],[106.9263,21.9677],[106.7384,22.0082],[106.6984,21.9599],[106.683,21.9999],[106.7156,22.0897],[106.7064,22.1607],[106.6732,22.1823],[106.7021,22.2073],[106.6885,22.2604],[106.6633,22.3308],[106.5629,22.3457],[106.5888,22.3745],[106.5604,22.4558],[106.5882,22.473],[106.614,22.6023],[106.712,22.5752],[106.7803,22.7089],[106.7686,22.7393],[106.8388,22.8033],[106.7748,22.8126],[106.7169,22.8816],[106.675,22.8915],[106.6571,22.8634],[106.606,22.9257],[106.5259,22.9466],[106.5044,22.9103],[106.3664,22.8579],[106.287,22.8672],[106.2069,22.9786],[106.1539,22.9885],[106.0196,22.9907],[105.9944,22.9378],[105.8792,22.9169],[105.8392,22.9874],[105.7246,23.0623],[105.5749,23.0662],[105.5589,23.1779],[105.5023,23.2026],[105.4456,23.2928],[105.3729,23.3176],[105.3255,23.3901],[105.238,23.2642],[105.0933,23.2609],[104.959,23.1889],[104.9491,23.152],[104.9128,23.1757],[104.8746,23.1234],[104.8044,23.1102],[104.8604,22.9709],[104.8463,22.9262],[104.7329,22.8524],[104.7379,22.8259],[104.5962,22.8463],[104.3757,22.6901],[104.2728,22.7382],[104.2617,22.8419],[104.1176,22.8088],[104.0456,22.7282],[104.0092,22.5177],[103.9649,22.5023],[103.6421,22.795],[103.5294,22.5929],[103.4364,22.6973],[103.4413,22.7531],[103.3231,22.8077],[103.283,22.6785],[103.1956,22.6482],[103.1611,22.5901],[103.1832,22.5586],[103.0718,22.4884],[103.0816,22.4542],[103.0305,22.4414],[102.9307,22.4824],[102.8802,22.5868],[102.8235,22.6233],[102.6073,22.731],[102.5698,22.7012],[102.5106,22.7746],[102.4595,22.763],[102.4367,22.6995],[102.3844,22.6796],[102.4047,22.6299],[102.2562,22.4575],[102.2704,22.4199],[102.1793,22.4304],[102.1454,22.3977],[102.1312,22.4309],[102.0462,22.458],[101.9076,22.437],[101.9015,22.3844],[101.8232,22.4271],[101.7746,22.5061],[101.6723,22.4752],[101.6483,22.4005],[101.6717,22.3728],[101.6255,22.2826],[101.5473,22.2383],[101.5966,22.1613],[101.5738,22.1153],[101.6261,22.006],[101.6064,21.9677],[101.7013,21.9388],[101.7001,21.8972],[101.7715,21.8333],[101.7475,21.73],[101.7801,21.641],[101.8288,21.6171],[101.8048,21.5775],[101.7549,21.5848],[101.7727,21.513],[101.7413,21.4829],[101.7302,21.3369],[101.7456,21.2973],[101.8337,21.2527],[101.8343,21.2048],[101.7949,21.2081],[101.7647,21.1478],[101.7031,21.1462],[101.6723,21.1947],[101.6058,21.1724],[101.6015,21.2332],[101.5325,21.2522],[101.2905,21.1785],[101.2221,21.2343],[101.2449,21.3024],[101.1839,21.3347],[101.1426,21.4094],[101.195,21.425],[101.1931,21.474],[101.2252,21.4991],[101.2092,21.5575],[101.1469,21.5603],[101.1691,21.5903],[101.1531,21.6693],[101.1168,21.691],[101.1235,21.7716],[101.0151,21.7072],[100.8704,21.6727],[100.7306,21.5185],[100.579,21.4517],[100.483,21.459],[100.4374,21.533],[100.3493,21.5286],[100.2988,21.4779],[100.2354,21.4668],[100.2064,21.5096],[100.1688,21.4829],[100.1313,21.5041],[100.1079,21.5853],[100.1694,21.6632],[100.1319,21.6999],[100.0493,21.6699],[99.9914,21.7038],[99.944,21.8211],[100.0001,21.9732],[99.9723,22.0531],[99.8713,22.067],[99.8701,22.0293],[99.649,22.1008],[99.5166,22.0997],[99.487,22.1286],[99.3546,22.0958],[99.2197,22.1108],[99.1562,22.1596],[99.1883,22.1629],[99.1753,22.1856],[99.2782,22.3463],[99.2517,22.3933],[99.3823,22.4934],[99.3595,22.5354],[99.386,22.5714],[99.3151,22.7376],[99.3854,22.7619],[99.4014,22.8264],[99.463,22.8446],[99.447,22.9345],[99.5313,22.897],[99.5634,22.9257],[99.5172,23.0067],[99.5283,23.0656],[99.3484,23.1289],[99.2554,23.0777],[99.1063,23.0865],[99.0484,23.1146],[99.0577,23.1647],[98.8895,23.2092],[98.937,23.3099],[98.8729,23.3297],[98.9209,23.361],[98.9123,23.4263],[98.8747,23.4834],[98.8261,23.4703],[98.8039,23.5405],[98.8821,23.62],[98.847,23.6321],[98.7848,23.7817],[98.669,23.8009],[98.7017,23.8343],[98.701,23.9464],[98.6733,23.9606],[98.7275,23.9705],[98.8951,24.0989],[98.8766,24.1514],[98.5939,24.0804],[98.5471,24.1284],[98.0913,24.0858],[97.9022,24.0142],[97.896,23.9743],[97.7956,23.9519],[97.718,23.8676],[97.6841,23.8769],[97.6472,23.8408],[97.6182,23.8884],[97.5283,23.9267],[97.7543,24.1639],[97.7297,24.2273],[97.7673,24.2584],[97.665,24.2965],[97.6626,24.3391],[97.7162,24.3587],[97.67,24.453],[97.5301,24.4432],[97.5708,24.6027],[97.5474,24.7392],[97.6804,24.8272],[97.7975,24.8457],[97.7297,24.9087],[97.7199,25.0806],[97.7962,25.156],[97.8393,25.2707],[97.9404,25.215],[98.0069,25.2983],[98.0697,25.3119],[98.1011,25.3887],[98.1375,25.3816],[98.1578,25.4573],[98.1313,25.5102],[98.1898,25.5691],[98.1707,25.6204],[98.2477,25.608],[98.3149,25.5432],[98.4023,25.5939],[98.4097,25.6641],[98.4578,25.683],[98.4768,25.7773],[98.5292,25.8409],[98.6407,25.7989],[98.706,25.8554],[98.6869,25.926],[98.6142,25.9685],[98.5754,26.1185],[98.6561,26.14],[98.661,26.0879],[98.7201,26.1271],[98.7355,26.1851],[98.7134,26.2313],[98.6727,26.2399],[98.6813,26.308],[98.7337,26.3509],[98.7817,26.6209],[98.7306,26.8513],[98.7571,26.8779],[98.7325,27.0023],[98.7657,27.0508],[98.7128,27.0758],[98.6961,27.2111],[98.7232,27.2212],[98.7411,27.3302],[98.6869,27.4254],[98.7066,27.5533],[98.6622,27.5867],[98.5834,27.5714],[98.5545,27.6461],[98.5354,27.6207],[98.4442,27.6652],[98.4294,27.5491],[98.3888,27.5151],[98.3173,27.5193],[98.2834,27.6546],[98.2342,27.6906],[98.2157,27.8109],[98.1695,27.8511],[98.2052,27.8897],[98.1874,27.9394],[98.143,27.9489],[98.1603,28.1011],[98.1393,28.1423],[98.1744,28.1634],[98.1695,28.2061],[98.2668,28.2425],[98.2089,28.3584],[98.3013,28.3842],[98.3777,28.2462],[98.3894,28.1148],[98.4288,28.1048],[98.4645,28.1512],[98.5594,28.1829],[98.6259,28.1655],[98.7121,28.2293],[98.7405,28.3484],[98.6739,28.4789],[98.6259,28.4895],[98.6376,28.552],[98.5945,28.6676],[98.6838,28.7401],[98.6241,28.9586],[98.786,28.999],[98.8526,28.7983],[98.9727,28.8324],[98.9739,28.8649],[98.9179,28.8869],[98.9259,28.9785],[99.0133,29.0366],[98.961,29.1658],[98.9813,29.205],[99.0244,29.1888],[99.1143,29.2436],[99.0755,29.3162],[99.0521,29.5637],[98.9924,29.6772],[99.0681,29.9316],[99.0447,30.0798],[98.9813,30.1828],[98.9653,30.4499],[98.9074,30.6983],[98.9634,30.7281],[98.9579,30.7652],[98.7971,30.8793],[98.7743,30.908],[98.8064,30.9958],[98.6752,31.1542],[98.6025,31.1921],[98.6438,31.3389],[98.6918,31.3333],[98.7731,31.2494],[98.8871,31.3746],[98.6191,31.5916],[98.5538,31.6603],[98.5458,31.7174],[98.4146,31.8324],[98.3992,31.8959],[98.4325,31.9228],[98.435,32.0076],[98.2188,32.2347],[98.2188,32.3424],[97.9404,32.4824],[97.7008,32.5349],[97.4236,32.7047],[97.3762,32.8864],[97.3478,32.8959],[97.3755,32.9567],[97.524,32.9888],[97.5,33.0114],[97.5425,33.036],[97.487,33.1072],[97.4876,33.1683],[97.6078,33.264],[97.6225,33.337],[97.6761,33.341],[97.7543,33.41],[97.5523,33.4659],[97.5117,33.5208],[97.5234,33.5772],[97.4156,33.6056],[97.423,33.755],[97.3731,33.8177],[97.3953,33.8892],[97.6293,33.9195],[97.6527,33.9984],[97.7026,34.0366],[97.6657,34.1269],[97.7667,34.1586],[97.8104,34.2076],[97.8985,34.2095],[98.0284,34.1229],[98.2064,34.0842],[98.3999,34.0852],[98.4405,33.9816],[98.4072,33.8674],[98.4633,33.8485],[98.4941,33.7689],[98.5828,33.7316],[98.6567,33.6474],[98.6173,33.6375],[98.6228,33.6101],[98.6524,33.5951],[98.6481,33.5487],[98.7423,33.4779],[98.7362,33.407],[98.7799,33.3705],[98.7596,33.277],[98.8021,33.2705],[98.8587,33.1508],[99.1963,33.0355],[99.2689,32.8783],[99.3761,32.8999],[99.5584,32.8391],[99.5892,32.7893],[99.7007,32.7667],[99.718,32.7324],[99.7605,32.7697],[99.7919,32.8833],[99.7642,32.9245],[99.7882,32.9567],[99.851,32.9416],[99.8775,33.0455],[99.9563,32.9482],[100.0383,32.9291],[100.0296,32.8959],[100.1233,32.8371],[100.1393,32.7244],[100.0881,32.669],[100.1097,32.6403],[100.2083,32.6065],[100.2588,32.7425],[100.3394,32.7194],[100.3992,32.7561],[100.3783,32.6987],[100.4201,32.7319],[100.5452,32.5697],[100.6456,32.5263],[100.6616,32.6161],[100.7102,32.61],[100.6905,32.6781],[100.932,32.6004],[101.0773,32.6826],[101.1574,32.6614],[101.2233,32.7259],[101.2375,32.825],[101.1242,32.91],[101.1291,32.9893],[101.1839,32.9843],[101.1845,33.0415],[101.1463,33.0566],[101.1697,33.1002],[101.1248,33.2214],[101.1827,33.2695],[101.2972,33.2625],[101.3816,33.1533],[101.4032,33.2254],[101.4876,33.2269],[101.6335,33.1012],[101.7358,33.28],[101.6496,33.323],[101.6637,33.384],[101.6957,33.4339],[101.769,33.4559],[101.769,33.5388],[101.8313,33.5547],[101.8442,33.6026],[101.8842,33.5782],[101.9064,33.4819],[101.9464,33.4429],[101.8873,33.384],[101.8774,33.3145],[101.7697,33.269],[101.8417,33.1849],[101.8257,33.1192],[101.8657,33.1032],[101.9353,33.1869],[102.0893,33.2049],[102.117,33.2885],[102.2008,33.2234],[102.1922,33.337],[102.2581,33.4095],[102.393,33.4045],[102.4626,33.4494],[102.4466,33.5323],[102.478,33.5433],[102.3468,33.6056],[102.3154,33.6654],[102.3425,33.7256],[102.2846,33.7192],[102.3246,33.7545],[102.2433,33.7868],[102.2532,33.8614],[102.1361,33.9652],[102.316,33.994],[102.3924,33.9717],[102.4373,34.0872],[102.6492,34.0803],[102.656,34.1135],[102.5987,34.1477],[102.9116,34.3129],[102.9775,34.2526],[102.9732,34.2056],[103.1001,34.1818],[103.1216,34.1125],[103.1789,34.0798],[103.1198,34.0347],[103.1475,34.0366],[103.1574,33.9989],[103.1204,33.9533],[103.1814,33.9006],[103.1654,33.8057],[103.2498,33.8142],[103.3545,33.7435],[103.4345,33.753],[103.4647,33.8022],[103.5183,33.8072],[103.5454,33.7196],[103.5202,33.6783],[103.5522,33.6714],[103.5935,33.7162],[103.7782,33.6589],[104.0462,33.6863],[104.1767,33.5996],[104.1552,33.5428],[104.2205,33.4045],[104.2722,33.3915],[104.2925,33.3365],[104.42,33.327],[104.3862,33.2985],[104.3036,33.3045],[104.3782,33.1092],[104.3375,33.038],[104.4262,33.0109],[104.3837,32.9943],[104.3782,32.9532],[104.2882,32.9426],[104.2944,32.8356],[104.364,32.8225],[104.4588,32.7486],[104.5827,32.7224],[104.643,32.6619],[104.6966,32.6735],[104.7397,32.6352],[104.8204,32.6629],[104.882,32.601],[105.0267,32.6503],[105.1111,32.5939],[105.185,32.6176],[105.2195,32.6665],[105.2978,32.6569],[105.4487,32.7329],[105.3809,32.8763],[105.4142,32.922],[105.4678,32.9301],[105.5965,32.6992],[105.7191,32.7596],[105.8225,32.7702],[105.825,32.8245],[105.9691,32.8492],[106.0116,32.8296],[106.0443,32.8647],[106.0936,32.824],[106.0714,32.7581],[106.12,32.7199],[106.3479,32.671],[106.4212,32.6166],[106.4514,32.6599],[106.627,32.6821],[106.7335,32.7395],[106.8234,32.7053],[107.0125,32.7214],[107.0667,32.7088],[107.0988,32.6493],[107.0803,32.5424],[107.1271,32.4824],[107.2638,32.4031],[107.3821,32.5404],[107.4363,32.5298],[107.4566,32.4177],[107.4899,32.4253],[107.5275,32.3824],[107.5983,32.4117],[107.6808,32.397],[107.7079,32.3318],[107.7535,32.3384],[107.8644,32.2013],[107.8902,32.2144],[107.9796,32.1461],[108.0245,32.1775],[108.0184,32.2119],[108.1797,32.2215],[108.2407,32.2747],[108.3109,32.2322],[108.4698,32.2706],[108.5074,32.2458],[108.5099,32.2013],[108.6768,32.103],[108.7341,32.1065],[108.9022,31.9848],[109.0858,31.9294],[109.1911,31.8558],[109.1954,31.8176],[109.2761,31.7993],[109.2539,31.7596],[109.2817,31.7169],[109.3814,31.7052],[109.5859,31.7265],[109.5921,31.7891],[109.634,31.8044],[109.5847,31.9005],[109.6315,31.9624],[109.5909,32.0127],[109.6217,32.1065],[109.5872,32.1613],[109.6044,32.1992],[109.4954,32.3005],[109.5028,32.389],[109.5755,32.5066],[109.6371,32.5409],[109.6315,32.5999],[109.9105,32.5929],[110.0177,32.547],[110.0842,32.5808],[110.0904,32.6171],[110.1538,32.5934],[110.2062,32.6332],[110.1569,32.6831],[110.1594,32.7672],[110.1052,32.8326],[109.9074,32.9039],[109.7898,32.8823],[109.7645,32.9095],[109.7947,33.0671],[109.6882,33.1167],[109.5761,33.1102],[109.4387,33.1523],[109.5145,33.238],[109.6069,33.2359],[109.6198,33.2755],[109.7325,33.2314],[109.852,33.248],[110.0313,33.1919],[110.1649,33.2094],[110.2185,33.1633],[110.338,33.1603],[110.3725,33.1864],[110.471,33.1714],[110.5413,33.2555],[110.5776,33.2505],[110.5942,33.1683],[110.6509,33.1573],[110.7026,33.0972],[110.7531,33.1503],[110.8246,33.1583],[110.8289,33.2014],[110.9219,33.2039],[110.9847,33.2555],[111.0469,33.2029],[111.0457,33.1698],[111.0888,33.1819],[111.1794,33.1152],[111.1929,33.0716],[111.1529,33.0395],[111.2219,33.0425],[111.2588,33.0064],[111.2551,32.8838],[111.2761,32.9034],[111.2933,32.8592],[111.3802,32.829],[111.4134,32.7571],[111.4756,32.7601],[111.4584,32.7264],[111.5779,32.5934],[111.6407,32.6347],[111.6462,32.606],[111.7134,32.6065],[111.8902,32.5031],[111.9487,32.5172],[112.0146,32.4501],[112.0639,32.4743],[112.0811,32.4258],[112.1556,32.3773],[112.1501,32.4117],[112.3281,32.3217],[112.3601,32.3657],[112.4488,32.343],[112.5455,32.4041],[112.7358,32.3561],[112.8609,32.396],[112.9921,32.3783],[113.0259,32.4253],[113.1559,32.3809],[113.212,32.4319],[113.3536,32.2949],[113.4288,32.2706],[113.6246,32.3612],[113.6505,32.4127],[113.7355,32.4107],[113.7675,32.3702],[113.7386,32.2559],[113.7823,32.1846],[113.7503,32.1161],[113.7226,32.1243],[113.7287,32.0832],[113.7916,32.036],[113.7577,31.9899],[113.8174,31.9645],[113.8057,31.9294],[113.8544,31.843],[113.9147,31.8771],[113.9579,31.8527],[113.9523,31.7937],[113.9887,31.75],[114.1919,31.8522],[114.2929,31.7525],[114.4438,31.7281],[114.5861,31.7622],[114.5479,31.6237],[114.5609,31.561],[114.6416,31.5824],[114.6964,31.5258],[114.7789,31.5207],[114.83,31.4589],[114.9625,31.4946],[114.9951,31.4712],[115.0228,31.5278],[115.0961,31.5084],[115.1251,31.5992],[115.1645,31.6048],[115.2359,31.5554],[115.2113,31.4421],[115.2507,31.392],[115.3012,31.3838],[115.3739,31.4058],[115.3714,31.4957],[115.4854,31.6089],[115.4952,31.6731],[115.6763,31.7785],[115.8864,31.7764],[115.9147,31.8146],[115.895,31.8649],[115.9418,32.1663],[115.8654,32.4587],[115.8833,32.4879],[115.8457,32.5016],[115.9104,32.5672],[115.7891,32.4688],[115.7718,32.5051],[115.7422,32.4763],[115.7047,32.495],[115.6677,32.4097],[115.6579,32.4289],[115.6264,32.4051],[115.523,32.442],[115.4115,32.5752],[115.3049,32.553],[115.3055,32.5833],[115.2008,32.5919],[115.1971,32.8562],[115.1392,32.8979],[115.0296,32.907],[115.0351,32.9326],[114.9434,32.9351],[114.883,32.9903],[114.8916,33.0204],[114.9255,33.0169],[114.9027,33.1298],[114.9662,33.1473],[115.0413,33.0867],[115.1682,33.0887],[115.1947,33.1207],[115.2895,33.1318],[115.3351,33.298],[115.3616,33.2985],[115.3653,33.336],[115.3135,33.377],[115.3456,33.5028],[115.3949,33.5063],[115.4226,33.5572],[115.64,33.5851],[115.563,33.7729],[115.6141,33.7759],[115.632,33.8698],[115.5476,33.8748],[115.6073,34.0302],[115.6585,34.0614],[115.7361,34.0768],[115.8094,34.0624],[115.85,34.0049],[115.8765,34.0287],[115.9578,34.0079],[116.0003,33.9652],[115.9825,33.917],[116.0594,33.8609],[116.0558,33.8047],[116.1555,33.7097],[116.437,33.8012],[116.4376,33.8465],[116.5584,33.8813],[116.567,33.9081],[116.6434,33.8967],[116.6415,33.9781],[116.5282,34.1229],[116.5658,34.1694],[116.5454,34.2417],[116.5824,34.2664],[116.5165,34.2961],[116.3723,34.2659],[116.3576,34.3198],[116.2134,34.3821],[116.1623,34.4596],[116.2042,34.5084],[116.1968,34.576],[116.2479,34.5518],[116.2861,34.609],[116.3249,34.6011],[116.3742,34.64],[116.3921,34.7104],[116.3637,34.7153],[116.3693,34.7492],[116.4031,34.7561],[116.4081,34.851],[116.445,34.8957],[116.6224,34.9398],[116.7813,34.9168],[116.7893,34.9751],[116.8158,34.9653],[116.822,34.9295],[116.9224,34.8947],[116.9292,34.8431],[116.9661,34.8446],[116.9692,34.7719],[117.0702,34.7138],[117.0733,34.639],[117.1041,34.6489],[117.1515,34.5592],[117.1663,34.4344],[117.2482,34.4512],[117.2679,34.5326],[117.3036,34.5425],[117.2729,34.5568],[117.3708,34.5848],[117.465,34.4848],[117.5383,34.467],[117.5925,34.4626],[117.6843,34.5474],[117.8019,34.5188],[117.7939,34.6518],[117.903,34.6444],[117.9516,34.6784],[118.084,34.6558],[118.1148,34.6144],[118.0791,34.5696],[118.1851,34.5439],[118.1327,34.4833],[118.1777,34.4532],[118.1795,34.3796],[118.2177,34.3791],[118.2202,34.4058],[118.2904,34.4246],[118.4049,34.4275],[118.4394,34.5079],[118.4247,34.5952],[118.4739,34.6233],[118.461,34.6563],[118.546,34.706],[118.6901,34.6784],[118.7837,34.7232],[118.7191,34.7453],[118.8607,34.9442],[118.8626,35.0256],[119.1145,35.055],[119.1379,35.0962],[119.287,35.1153],[119.3073,35.033],[119.2851,35.0683],[119.2383,35.0487],[119.2112,34.9815],[119.2026,34.8903],[119.2383,34.7994],[119.3787,34.7645],[119.4397,34.7851],[119.497,34.7542],[119.3818,34.7522],[119.526,34.7335],[119.4656,34.673],[119.6411,34.5691],[120.3119,34.307],[120.3673,34.0917],[120.6802,33.5203],[120.7412,33.3375],[120.8336,33.275],[120.8194,33.238],[120.8718,33.047],[120.9328,33.0059],[120.9814,32.8597],[120.9531,32.7143],[120.9161,32.7012],[120.9636,32.6826],[120.9617,32.612],[121.4255,32.4309],[121.4502,32.2823],[121.4939,32.2635],[121.4994,32.2114],[121.4588,32.1775],[121.7594,32.0594],[121.8561,31.9553],[121.97,31.7189],[121.9959,31.4931],[121.8905,31.4288],[121.4341,31.5905],[121.3953,31.5854],[121.3436,31.512],[121.7224,31.3036],[121.9466,31.066],[121.9909,30.9686],[121.994,30.8628],[121.9546,30.8258],[121.9928,30.6952],[122.1332,30.5953],[121.9971,30.6587],[121.9047,30.814],[121.6811,30.8186],[121.5173,30.7755],[121.3621,30.6798],[121.2746,30.6772],[121.0584,30.5639],[121.2253,30.4045],[121.3719,30.371],[121.7212,29.9928],[121.784,29.9933],[121.9195,29.9207],[121.9712,29.9555],[122.007,29.8917],[122.14,29.9015],[122.0033,29.7624],[121.9374,29.7484],[121.8333,29.6532],[121.9663,29.6361],[122.0002,29.5825],[121.9688,29.5158],[121.9934,29.4523],[121.938,29.384],[121.9447,29.2843],[122.002,29.2603],[121.9669,29.2499],[121.9719,29.1935],[121.9484,29.1935],[121.9792,29.16],[121.9866,29.1548],[121.9663,29.0529],[121.8844,29.1057],[121.8598,29.0863],[121.8111,29.1099],[121.7803,29.1099],[121.768,29.1668],[121.7156,29.125],[121.6084,29.1689],[121.7723,28.8984],[121.7748,28.8638],[121.6873,28.8633],[121.6891,28.7191],[121.5407,28.6555],[121.6343,28.5625],[121.6713,28.4726],[121.6928,28.4074],[121.6343,28.3479],[121.6694,28.3331],[121.6275,28.252],[121.5801,28.2404],[121.5715,28.2794],[121.489,28.3015],[121.3738,28.1333],[121.3282,28.1343],[121.2611,28.0346],[121.1409,28.0314],[121.1083,28.1391],[121.059,28.0963],[120.9919,27.95],[121.0559,27.9003],[121.1625,27.9072],[121.1921,27.8225],[121.1342,27.786],[121.152,27.8156],[121.0276,27.8326],[120.942,27.8966],[120.8404,27.759],[120.7775,27.7749],[120.6346,27.5772],[120.703,27.4785],[120.6654,27.3579],[120.5804,27.3212],[120.546,27.1568],[120.4616,27.1424],[120.392,27.0811],[120.2829,27.0897],[120.2959,27.0358],[120.2331,26.9078],[120.1265,26.9206],[120.1179,26.8828],[120.0544,26.8635],[120.1037,26.7946],[120.1364,26.7978],[120.1068,26.753],[120.1511,26.7508],[120.1622,26.7177],[120.1105,26.6926],[120.1382,26.638],[119.9676,26.5979],[119.8672,26.509],[119.8284,26.524],[119.8518,26.5952],[119.9491,26.6246],[119.9941,26.7204],[120.0618,26.769],[119.9429,26.7845],[119.8992,26.6931],[119.9085,26.6615],[119.874,26.6428],[119.8339,26.691],[119.7114,26.6867],[119.6645,26.7262],[119.5777,26.6225],[119.6054,26.5957],[119.6701,26.6182],[119.7883,26.5834],[119.8358,26.434],[119.8937,26.3558],[119.946,26.3745],[119.9547,26.3525],[119.9041,26.3086],[119.8068,26.3075],[119.8025,26.2688],[119.6762,26.2629],[119.6645,26.2023],[119.6042,26.169],[119.606,26.1529],[119.619,26.1196],[119.6547,26.09],[119.6689,26.026],[119.7237,26.0115],[119.6953,25.9044],[119.6282,25.8721],[119.6029,25.6851],[119.473,25.6625],[119.4785,25.6317],[119.5414,25.6247],[119.5346,25.5853],[119.5869,25.5923],[119.6344,25.4751],[119.675,25.4751],[119.7157,25.5119],[119.6836,25.5929],[119.7859,25.6679],[119.7902,25.6144],[119.8838,25.5464],[119.8111,25.507],[119.8666,25.4551],[119.7643,25.4335],[119.7736,25.3957],[119.675,25.4681],[119.6227,25.4341],[119.6701,25.4357],[119.6491,25.3427],[119.5974,25.3346],[119.5777,25.446],[119.5487,25.366],[119.4865,25.3697],[119.4915,25.4433],[119.4385,25.4124],[119.4527,25.4935],[119.359,25.5216],[119.3535,25.4119],[119.263,25.4281],[119.2562,25.4886],[119.2198,25.4687],[119.2322,25.4422],[119.1515,25.4265],[119.1447,25.3881],[119.2186,25.3681],[119.2408,25.3167],[119.2993,25.3286],[119.3806,25.2502],[119.295,25.2372],[119.3147,25.1901],[119.2691,25.1597],[119.1318,25.2231],[119.1083,25.1939],[119.1656,25.1457],[119.1194,25.0129],[119.1071,25.0752],[119.1342,25.1061],[119.0757,25.0996],[119.0289,25.1397],[119.0745,25.2112],[118.9901,25.202],[118.9969,25.2664],[118.9156,25.2567],[118.9002,25.2426],[118.9852,25.169],[118.9519,25.1516],[118.9747,25.1153],[118.8922,25.0926],[118.9451,25.0286],[119.024,25.0438],[118.9895,24.9738],[119.0326,24.9619],[119.0141,24.9413],[118.9186,24.9326],[118.9889,24.8788],[118.8644,24.8875],[118.8343,24.8544],[118.6476,24.8435],[118.6507,24.8088],[118.7862,24.7767],[118.7037,24.6653],[118.6704,24.68],[118.6526,24.6539],[118.6612,24.6223],[118.687,24.6337],[118.6803,24.582],[118.6144,24.5216],[118.5583,24.5124],[118.5571,24.5728],[118.5127,24.6082],[118.4444,24.6147],[118.3637,24.5679],[118.3754,24.5363],[118.243,24.5124],[118.1506,24.5837],[118.1216,24.5701],[118.0933,24.5407],[118.084,24.5287],[118.0489,24.4181],[118.0884,24.4089],[118.0816,24.3565],[118.1124,24.3571],[118.1586,24.2698],[118.0194,24.1972],[117.9362,24.1],[117.9103,24.012],[117.8648,24.0049],[117.7927,23.9065],[117.672,23.878],[117.6603,23.7894],[117.6018,23.7017],[117.5014,23.7045],[117.4934,23.6425],[117.4546,23.6283],[117.4638,23.5849],[117.3874,23.5553],[117.2913,23.5712],[117.045,23.54],[117.0105,23.5026],[116.9285,23.5301],[116.7826,23.3137],[116.8214,23.2406],[116.8066,23.201],[116.745,23.2153],[116.5664,23.1344],[116.5768,23.0144],[116.5054,22.9306],[116.3828,22.9191],[116.3027,22.9516],[116.1044,22.8165],[116.0564,22.8446],[115.8833,22.7856],[115.8291,22.7348],[115.7964,22.7393],[115.7601,22.8347],[115.6542,22.8656],[115.5839,22.8286],[115.5414,22.7553],[115.6092,22.7531],[115.5753,22.6509],[115.4718,22.6979],[115.3813,22.684],[115.3382,22.7768],[115.2304,22.7768],[115.2366,22.8253],[115.1904,22.8187],[115.191,22.7735],[115.1546,22.8016],[115.0764,22.7884],[115.0395,22.7139],[114.928,22.6216],[114.9224,22.5493],[114.8855,22.5388],[114.8664,22.5918],[114.7463,22.5819],[114.75,22.7641],[114.7099,22.7878],[114.5153,22.6553],[114.6034,22.6388],[114.559,22.5835],[114.6145,22.5454],[114.6114,22.4818],[114.5067,22.4387],[114.4272,22.589],[114.3816,22.6017],[114.2326,22.5399],[114.341,22.5034],[114.2529,22.4453],[114.2055,22.4497],[114.2203,22.4276],[114.3256,22.479],[114.4063,22.4337],[114.3946,22.3618],[114.357,22.3402],[114.3225,22.3856],[114.2831,22.3867],[114.2782,22.3285],[114.317,22.2986],[114.3133,22.2643],[114.2621,22.2948],[114.2486,22.2748],[114.2658,22.2006],[114.1648,22.2266],[114.1205,22.2721],[114.1457,22.3009],[114.07,22.3269],[113.9967,22.2061],[113.9813,22.23],[113.8495,22.1912],[113.8433,22.2294],[113.8981,22.3086],[113.9696,22.3213],[113.9554,22.2986],[114.0262,22.3479],[113.9203,22.3678],[113.9184,22.4182],[114.0318,22.5039],[113.9763,22.5106],[113.8938,22.4425],[113.7337,22.7365],[113.6782,22.726],[113.7404,22.5343],[113.5735,22.4116],[113.6659,22.4387],[113.6049,22.3396],[113.5945,22.2289],[113.5587,22.2122],[113.6037,22.1324],[113.5544,22.1075],[113.5674,22.0753]]],[[[113.5865,22.2012],[113.576,22.1945],[113.576,22.2012],[113.5865,22.2012]]],[[[114.1667,22.205],[114.1205,22.1779],[114.1236,22.2388],[114.1667,22.205]]],[[[113.8199,22.3961],[113.7866,22.4138],[113.8137,22.4199],[113.8199,22.3961]]],[[[116.761,20.7505],[116.886,20.7756],[116.9341,20.6766],[116.8626,20.5886],[116.7961,20.5825],[116.7493,20.601],[116.8491,20.6284],[116.8897,20.6833],[116.8725,20.7381],[116.761,20.7505]]],[[[115.9991,20.9227],[115.9701,20.9194],[115.9264,20.9814],[115.9541,20.9998],[115.9991,20.9227]]],[[[115.9535,21.0641],[115.9652,21.1238],[116.0243,21.1244],[116.0675,21.0406],[116.0404,21.0205],[115.9535,21.0641]]],[[[114.3237,22.2975],[114.3237,22.2981],[114.3243,22.2975],[114.3237,22.2975]]],[[[114.3724,22.323],[114.3724,22.3236],[114.373,22.3236],[114.3724,22.323]]],[[[114.3139,22.3407],[114.3059,22.3723],[114.3053,22.3728],[114.333,22.3535],[114.3139,22.3407]]],[[[115.8346,22.7221],[115.8346,22.7232],[115.8352,22.7227],[115.8346,22.7221]]],[[[119.436,23.1861],[119.4212,23.2169],[119.4533,23.2164],[119.436,23.1861]]],[[[119.4952,23.35],[119.4976,23.3868],[119.5167,23.35],[119.4952,23.35]]],[[[116.9446,23.4401],[117.1293,23.4834],[117.1429,23.4005],[116.9446,23.4401]]],[[[119.691,23.5471],[119.6461,23.5509],[119.5789,23.5026],[119.5666,23.5849],[119.6781,23.6003],[119.691,23.5471]]],[[[119.4724,23.557],[119.5062,23.5773],[119.5062,23.6255],[119.5253,23.625],[119.5192,23.5597],[119.4724,23.557]]],[[[119.5574,23.6666],[119.6153,23.6612],[119.6085,23.62],[119.5574,23.6666]]],[[[118.2738,24.441],[118.2306,24.4012],[118.2337,24.4459],[118.2738,24.441]]],[[[118.477,24.4377],[118.4579,24.4121],[118.3532,24.4154],[118.3298,24.3822],[118.2824,24.4132],[118.3119,24.4247],[118.2984,24.4775],[118.3748,24.459],[118.4123,24.5145],[118.4518,24.5069],[118.477,24.4377]]],[[[118.1432,24.4208],[118.0686,24.4633],[118.0924,24.5379],[118.145,24.5608],[118.2042,24.5047],[118.1432,24.4208]]],[[[119.5013,25.2172],[119.5666,25.2101],[119.5494,25.1619],[119.444,25.202],[119.4434,25.2388],[119.4736,25.2599],[119.5013,25.2172]]],[[[119.6116,25.6695],[119.5802,25.6274],[119.5808,25.6501],[119.6116,25.6695]]],[[[119.7187,25.635],[119.6738,25.6328],[119.6621,25.6468],[119.7169,25.6646],[119.7187,25.635]]],[[[119.6097,26.1505],[119.627,26.1733],[119.6652,26.1556],[119.643,26.1292],[119.6097,26.1505]]],[[[119.9602,26.147],[119.9294,26.1341],[119.9195,26.1722],[119.9602,26.147]]],[[[119.9707,26.2179],[120.0162,26.2173],[119.9768,26.191],[119.9707,26.2179]]],[[[120.0717,26.5213],[120.0341,26.4887],[120.036,26.516],[120.0717,26.5213]]],[[[119.8185,26.6166],[119.7766,26.6],[119.7606,26.6134],[119.7964,26.6305],[119.8185,26.6166]]],[[[119.6682,26.6284],[119.6738,26.6808],[119.7489,26.6813],[119.7588,26.6594],[119.6682,26.6284]]],[[[119.9269,26.6648],[119.9066,26.6899],[119.951,26.6926],[119.9269,26.6648]]],[[[121.5758,22.0842],[121.5752,22.0371],[121.6048,22.0226],[121.5943,21.9954],[121.5074,22.0487],[121.5105,22.087],[121.5758,22.0842]]],[[[120.3957,22.3424],[120.355,22.3274],[120.3833,22.3557],[120.3957,22.3424]]],[[[121.468,22.6769],[121.5148,22.6763],[121.5136,22.6316],[121.4748,22.6437],[121.468,22.6769]]],[[[120.0187,23.0733],[120.1216,23.5048],[120.1025,23.7012],[120.1752,23.8074],[120.246,23.8403],[120.6889,24.6005],[120.8921,24.7675],[120.9149,24.8647],[121.0245,25.0405],[121.2093,25.1272],[121.3719,25.1597],[121.4446,25.2707],[121.5352,25.3075],[121.6232,25.2946],[121.7452,25.1619],[121.917,25.1381],[121.9472,25.0318],[122.0125,25.0015],[121.845,24.8365],[121.8856,24.5298],[121.8092,24.3391],[121.6436,24.0978],[121.6596,24.0071],[121.4797,23.3225],[121.415,23.196],[121.4304,23.1372],[121.3707,23.0843],[121.3245,22.9455],[121.2105,22.7707],[121.0332,22.6509],[120.9814,22.5282],[120.9149,22.3025],[120.9075,22.0332],[120.8662,21.9843],[120.8545,21.8833],[120.7018,21.9272],[120.6679,21.9832],[120.6408,22.2416],[120.57,22.3618],[120.2743,22.5603],[120.2004,22.721],[120.1333,23.0006],[120.0187,23.0733]]],[[[120.1671,26.5717],[120.1357,26.5508],[120.1179,26.569],[120.1536,26.6048],[120.1671,26.5717]]],[[[120.14,26.7952],[120.1616,26.8032],[120.1635,26.7984],[120.14,26.7952]]],[[[120.3606,26.9169],[120.3193,26.9447],[120.3279,26.9639],[120.3944,26.934],[120.3606,26.9169]]],[[[121.0664,27.4615],[121.067,27.4785],[121.1071,27.444],[121.0664,27.4615]]],[[[121.1988,27.617],[121.2013,27.6233],[121.2038,27.626],[121.1988,27.617]]],[[[121.0381,27.9489],[121.0695,27.9844],[121.1527,27.9616],[121.0984,27.9373],[121.0381,27.9489]]],[[[121.1859,27.9632],[121.1976,28.0007],[121.2377,27.9881],[121.1859,27.9632]]],[[[121.0442,27.9791],[121.0738,28.0076],[121.0898,27.9986],[121.0442,27.9791]]],[[[121.8899,28.451],[121.9109,28.44],[121.8696,28.4237],[121.8899,28.451]]],[[[121.8819,28.5026],[121.9189,28.4973],[121.8893,28.4716],[121.8819,28.5026]]],[[[121.8628,28.782],[121.8376,28.7705],[121.8616,28.814],[121.8628,28.782]]],[[[121.7908,29.0821],[121.8431,29.0821],[121.8326,29.0502],[121.7908,29.0821]]],[[[121.9538,29.188],[121.9768,29.1919],[121.9791,29.1625],[121.9538,29.188]]],[[[122.0298,29.7167],[122.0113,29.7463],[122.0384,29.7593],[122.0298,29.7167]]],[[[122.0587,29.956],[122.0439,29.9306],[122.0291,29.955],[122.0587,29.956]]],[[[121.8505,29.9773],[121.84,30.0472],[121.8487,30.1011],[121.9244,30.0524],[121.933,29.9949],[121.8505,29.9773]]],[[[121.9103,30.0892],[121.9404,30.1145],[121.9626,30.1062],[121.946,30.0643],[121.9103,30.0892]]],[[[122.0174,30.1865],[122.0655,30.1797],[122.0254,30.1616],[122.0174,30.1865]]],[[[121.9213,30.3074],[121.9891,30.34],[122.0008,30.3085],[121.9577,30.2878],[121.9213,30.3074]]],[[[121.9959,31.1608],[121.9595,31.1593],[121.9509,31.2289],[122.0088,31.2212],[121.9959,31.1608]]],[[[121.909,31.1951],[121.8825,31.2407],[121.9238,31.234],[121.909,31.1951]]],[[[122.0975,31.2555],[121.8407,31.2954],[121.7926,31.3777],[122.1228,31.3072],[122.0975,31.2555]]],[[[121.5857,31.4548],[121.7421,31.4073],[121.7926,31.3634],[121.7852,31.3113],[121.5099,31.4824],[121.5672,31.4834],[121.5857,31.4548]]],[[[121.5795,31.4798],[121.6319,31.4569],[121.6269,31.4451],[121.5795,31.4798]]],[[[122.1104,25.466],[122.0975,25.5],[122.1221,25.4957],[122.1104,25.466]]],[[[122.087,25.6107],[122.0667,25.6247],[122.0926,25.6393],[122.087,25.6107]]],[[[123.4458,25.7498],[123.5123,25.7552],[123.5086,25.7229],[123.4698,25.7126],[123.4458,25.7498]]],[[[124.5847,25.9087],[124.5428,25.9039],[124.5668,25.9416],[124.5847,25.9087]]],[[[123.707,25.9152],[123.6669,25.9141],[123.6897,25.9399],[123.707,25.9152]]],[[[122.0365,29.2076],[122.0759,29.1762],[122.0131,29.1517],[122.0261,29.1783],[122.0365,29.2076]]],[[[122.2108,29.7006],[122.2293,29.712],[122.27,29.6855],[122.2108,29.7006]]],[[[122.1314,29.7889],[122.2115,29.6922],[122.1825,29.6506],[122.0476,29.7198],[122.084,29.7832],[122.1314,29.7889]]],[[[122.2133,29.7718],[122.3014,29.7484],[122.2878,29.7239],[122.2133,29.7718]]],[[[122.3192,29.8294],[122.31,29.7666],[122.2213,29.8325],[122.3192,29.8294]]],[[[122.2829,29.8605],[122.3433,29.8829],[122.3433,29.8605],[122.2829,29.8605]]],[[[122.339,29.9119],[122.3519,29.9591],[122.4116,29.9518],[122.4332,29.9192],[122.4018,29.8699],[122.4159,29.8289],[122.339,29.9119]]],[[[122.4708,29.9259],[122.4726,29.9275],[122.4732,29.9254],[122.4708,29.9259]]],[[[122.4603,29.9472],[122.456,29.9264],[122.4517,29.943],[122.4603,29.9472]]],[[[122.2336,29.9467],[122.2004,29.9695],[122.2737,29.9321],[122.2336,29.9467]]],[[[122.448,29.956],[122.4591,29.9508],[122.448,29.9477],[122.448,29.956]]],[[[122.193,29.9653],[122.1523,29.971],[122.1634,29.9881],[122.193,29.9653]]],[[[122.4116,30.026],[122.3913,29.9705],[122.3679,29.9804],[122.3784,30.0239],[122.4116,30.026]]],[[[122.3439,30.0203],[122.3223,29.9404],[122.1067,30.0058],[122.0279,29.9912],[121.9349,30.1616],[121.9552,30.1839],[122.0488,30.1471],[122.0957,30.158],[122.1529,30.1135],[122.294,30.1006],[122.3439,30.0203]]],[[[122.7603,30.142],[122.7781,30.1368],[122.7843,30.1301],[122.7603,30.142]]],[[[122.1683,30.1383],[122.1529,30.1911],[122.2139,30.1865],[122.1683,30.1383]]],[[[122.254,30.2371],[122.3001,30.2713],[122.3155,30.2501],[122.278,30.2428],[122.254,30.2371]]],[[[122.3174,30.2496],[122.4073,30.2728],[122.4172,30.2387],[122.2802,30.2427],[122.3174,30.2496]]],[[[122.0581,30.2919],[122.1763,30.3519],[122.2281,30.3297],[122.2318,30.2346],[122.0581,30.2919]]],[[[122.4301,30.4087],[122.2817,30.4185],[122.278,30.4716],[122.4326,30.4453],[122.4301,30.4087]]],[[[122.5465,30.652],[122.5595,30.6798],[122.5705,30.6442],[122.5465,30.652]]],[[[122.7787,30.7297],[122.7812,30.6942],[122.7572,30.7137],[122.7787,30.7297]]],[[[122.8077,30.7142],[122.8311,30.7286],[122.836,30.6988],[122.8077,30.7142]]],[[[122.533,30.6967],[122.427,30.6978],[122.4276,30.7384],[122.528,30.725],[122.533,30.6967]]]]}},{"type":"Feature","properties":{"name":"温带草原","vegetation_zone":"温带草原","region_code":"CN_VEGETATION_ZONE_温带","source_year":"approximated","source_name":"按省级区划归并的教学示意","license":"derived educational geometry","__fillColor":"#facc15","__fillOpacity":0.45,"__strokeColor":"#0f172a","__strokeWidth":0.6},"geometry":{"type":"Polygon","coordinates":[[[131.31873,43.499539],[131.295941,43.441774],[131.314419,43.392653],[131.275615,43.369165],[131.255289,43.265099],[131.206014,43.237202],[131.207861,43.1316],[131.102536,43.021002],[131.145652,42.9365],[131.034167,42.929051],[131.043406,42.862848],[130.949783,42.876884],[130.890653,42.852758],[130.801957,42.879515],[130.784095,42.842227],[130.665835,42.847932],[130.40714,42.731548],[130.464423,42.688453],[130.521089,42.702089],[130.592538,42.671295],[130.633806,42.603494],[130.570364,42.557224],[130.565437,42.506509],[130.645509,42.426603],[130.581451,42.435437],[130.522937,42.622433],[130.482285,42.626837],[130.476125,42.570007],[130.435474,42.553257],[130.44656,42.607459],[130.388046,42.603054],[130.257467,42.710884],[130.245148,42.799209],[130.277793,42.892232],[130.10225,42.922916],[130.144134,42.976357],[130.10841,42.989929],[130.027106,42.9676],[129.963664,42.978547],[129.954425,43.010938],[129.897143,43.001748],[129.903918,42.968475],[129.868193,42.97373],[129.874969,42.923792],[129.846636,42.918533],[129.78381,42.762752],[129.767179,42.707806],[129.796744,42.681854],[129.754245,42.645768],[129.786889,42.615387],[129.746237,42.58455],[129.748701,42.471204],[129.704354,42.427045],[129.651999,42.426603],[129.627361,42.462816],[129.591021,42.447803],[129.601492,42.415116],[129.546057,42.361632],[129.452434,42.441179],[129.366203,42.428811],[129.368051,42.459284],[129.30892,42.403628],[129.326167,42.389927],[129.240551,42.376223],[129.260261,42.335536],[129.208522,42.293052],[129.215914,42.265157],[129.183269,42.262056],[129.215914,42.208442],[129.113668,42.140583],[129.048378,42.137476],[129.008958,42.09175],[128.971386,42.097079],[128.952908,42.025545],[128.737945,42.050435],[128.598127,42.007315],[128.294468,42.026434],[128.033926,42.000199],[128.106607,41.949923],[128.112766,41.793504],[128.147875,41.78101],[128.163889,41.721628],[128.30186,41.627756],[128.317874,41.575844],[128.238418,41.497898],[128.203925,41.410882],[128.114614,41.364186],[128.090593,41.374516],[128.110919,41.393375],[128.040085,41.393375],[128.000049,41.442741],[127.991426,41.421204],[127.882405,41.448124],[127.86947,41.4037],[127.636645,41.413575],[127.563964,41.432871],[127.547334,41.477276],[127.419835,41.460235],[127.253531,41.486691],[127.28864,41.501932],[127.11864,41.540018],[127.178386,41.600015],[127.135887,41.600463],[127.037952,41.676944],[127.050887,41.744852],[126.940018,41.773423],[126.931395,41.812687],[126.848243,41.734134],[126.809439,41.749317],[126.8002,41.702865],[126.694874,41.751103],[126.724439,41.710907],[126.688099,41.674262],[126.608027,41.669345],[126.564295,41.608965],[126.582773,41.563307],[126.497158,41.406842],[126.539041,41.366881],[126.524259,41.349362],[126.497158,41.374965],[126.437411,41.353405],[126.295129,41.171661],[126.124514,41.092327],[126.1085,41.011995],[126.066,40.997542],[126.08263,40.976762],[126.041362,40.928851],[126.008102,40.936537],[125.959442,40.88181],[125.875059,40.908501],[125.817161,40.866877],[125.778356,40.897645],[125.707523,40.866877],[125.652089,40.91619],[125.584335,40.891764],[125.589263,40.931112],[125.674879,40.974503],[125.739552,41.08917],[125.712451,41.095485],[125.791291,41.167607],[125.73832,41.178418],[125.749407,41.245499],[125.646545,41.264396],[125.62006,41.318355],[125.637306,41.34442],[125.547995,41.401006],[125.533212,41.479069],[125.493176,41.509103],[125.507343,41.534195],[125.450061,41.597777],[125.446981,41.67605],[125.317018,41.676944],[125.336112,41.768067],[125.294844,41.822945],[125.307779,41.924548],[125.35151,41.92811],[125.291764,41.958825],[125.369989,42.002868],[125.414336,42.101964],[125.490097,42.136145],[125.368141,42.182726],[125.357054,42.145464],[125.305931,42.146351],[125.312706,42.197359],[125.280677,42.175187],[125.312706,42.219966],[125.27575,42.231045],[125.299156,42.289953],[125.175352,42.308102],[125.167345,42.351903],[125.203685,42.366938],[125.186439,42.427928],[125.068794,42.499449],[125.097127,42.622433],[125.010896,42.63212],[124.968396,42.722756],[124.996729,42.745174],[124.975171,42.802722],[124.92836,42.819844],[124.874157,42.789987],[124.84952,42.882585],[124.869846,42.988178],[124.840897,43.032377],[124.88894,43.074796],[124.882781,43.13422],[124.785462,43.117185],[124.686912,43.051185],[124.658579,42.972854],[124.586514,42.905384],[124.466406,42.847054],[124.435609,42.880831],[124.371551,42.880831],[124.442384,42.958841],[124.333363,42.997371],[124.425754,43.076107],[124.273617,43.17875],[124.27608,43.233278],[124.114088,43.247229],[124.099306,43.292983],[124.032784,43.280786],[123.896046,43.361333],[123.852314,43.406133],[123.857858,43.459153],[123.79688,43.489988],[123.710032,43.417001],[123.698329,43.272071],[123.664453,43.264663],[123.676771,43.223684],[123.645974,43.208855],[123.666916,43.179623],[123.572678,43.003498],[123.474743,43.042438],[123.259165,42.993431],[123.18402,42.925983],[123.169853,42.859777],[123.227752,42.831695],[123.058368,42.768903],[122.887137,42.770221],[122.848949,42.712203],[122.733152,42.786034],[122.624747,42.773296],[122.556378,42.827745],[122.436886,42.843105],[122.35127,42.830378],[122.371596,42.776371],[122.460907,42.755282],[122.396234,42.684054],[122.338951,42.669975],[122.204676,42.732867],[122.204676,42.685374],[122.062394,42.723635],[121.939207,42.688453],[121.889931,42.556784],[121.69899,42.438529],[121.66573,42.437204],[121.607831,42.516214],[121.570875,42.487093],[121.386093,42.474294],[121.070732,42.254083],[120.883487,42.269585],[120.883487,42.242565],[120.8299,42.252755],[120.466496,42.105516],[120.493597,42.073539],[120.450481,42.057101],[120.456641,42.016208],[120.271859,41.925439],[120.286641,41.880005],[120.188707,41.848361],[120.096316,41.697056],[120.035954,41.708226],[120.041498,41.818932],[119.845629,42.097079],[119.841933,42.215534],[119.617115,42.252755],[119.539507,42.297922],[119.572152,42.359421],[119.502551,42.388159],[119.432949,42.317396],[119.280197,42.260728],[119.237697,42.200905],[119.384906,42.08953],[119.375667,42.023322],[119.324544,41.969505],[119.334399,41.871539],[119.292515,41.790827],[119.317769,41.764049],[119.307914,41.657273],[119.420015,41.567785],[119.362116,41.566442],[119.406464,41.503276],[119.376283,41.422102],[119.309762,41.405944],[119.330704,41.385293],[119.296211,41.325097],[119.197661,41.282837],[118.949437,41.317906],[118.890923,41.300823],[118.843496,41.374516],[118.741866,41.324198],[118.528135,41.355202],[118.380309,41.312062],[118.348896,41.342622],[118.348896,41.428384],[118.271904,41.471446],[118.315636,41.512688],[118.302701,41.55256],[118.215237,41.59554],[118.206614,41.650566],[118.132702,41.733241],[118.178281,41.814917],[118.29223,41.772976],[118.335346,41.845241],[118.340273,41.87243],[118.268824,41.930336],[118.306396,41.940131],[118.313788,41.98819],[118.239875,42.024655],[118.296541,42.057545],[118.239259,42.092639],[118.194296,42.031324],[118.116687,42.037102],[118.155491,42.081091],[118.097593,42.105072],[118.106216,42.172082],[117.977485,42.229716],[118.060021,42.298364],[118.008898,42.346595],[118.024296,42.385064],[117.779768,42.61847],[117.667051,42.582347],[117.475494,42.602613],[117.387415,42.517537],[117.410205,42.519743],[117.413284,42.471645],[117.390495,42.461933],[117.09546,42.484004],[116.921765,42.403628],[116.886656,42.366496],[116.903287,42.190708],[116.789338,42.200462],[116.890352,42.092639],[116.879881,42.018431],[116.796113,41.977958],[116.553433,41.928555],[116.510933,41.974399],[116.393289,41.942802],[116.414231,41.982407],[116.373579,42.009983],[116.310137,41.997086],[116.223906,41.932562],[116.194341,41.861734],[116.122892,41.861734],[116.129051,41.805996],[116.09887,41.776547],[116.007095,41.79752],[115.916552,41.945027],[115.834632,41.93835],[115.654162,41.829189],[115.346808,41.712247],[115.319091,41.691693],[115.377605,41.603148],[115.310468,41.592854],[115.290142,41.622835],[115.20391,41.571367],[115.195287,41.602253],[115.0992,41.62373],[114.860832,41.60091],[114.902716,41.695715],[114.868839,41.813579],[114.939056,41.846132],[114.86268,42.097967],[114.79431,42.149457],[114.75489,42.115727],[114.560254,42.132595],[114.480181,42.064654],[114.467863,42.025989],[114.511594,41.981962],[114.478334,41.951704],[114.352066,41.953484],[114.200545,41.789934],[114.237501,41.698843],[114.215328,41.68499],[114.259059,41.623282],[114.226414,41.616572],[114.230726,41.513584],[114.032394,41.529715],[113.933227,41.487139],[113.871017,41.413126],[113.94493,41.392477],[113.899351,41.316108],[113.971416,41.239649],[113.992357,41.269794],[114.016379,41.231999],[113.996669,41.19238],[113.819279,41.09774],[113.994821,40.938798],[114.057647,40.925234],[114.073661,40.857372],[114.044712,40.830661],[114.104458,40.797597],[114.134639,40.737314],[114.063806,40.706925],[114.041633,40.608861],[114.076741,40.575686],[114.061959,40.52885],[113.948626,40.514747],[113.850691,40.460583],[113.794641,40.517932],[113.763228,40.473787],[113.500222,40.334335],[113.316672,40.319736],[113.251382,40.413211],[113.03334,40.368997],[112.898449,40.329317],[112.848558,40.206937],[112.744464,40.167161],[112.456205,40.300112],[112.310227,40.256281],[111.970229,39.796638],[111.959758,39.692642],[111.925265,39.66731],[111.9382,39.623071],[111.783599,39.58895],[111.659179,39.641507],[111.497187,39.661781],[111.445448,39.640124],[111.431282,39.508656],[111.337043,39.420872],[111.171971,39.423183],[111.125776,39.366297],[111.087588,39.376013],[111.058639,39.447681],[111.148566,39.531277],[111.136863,39.587106],[110.891103,39.509118],[110.702626,39.273701],[110.626249,39.266751],[110.524003,39.382952],[110.482735,39.360745],[110.434692,39.381101],[110.385417,39.310291],[110.243751,39.423645],[110.152592,39.45415],[110.12549,39.432891],[110.136577,39.39174],[110.217881,39.281113],[109.962267,39.212056],[109.90252,39.271848],[109.871723,39.243581],[109.961035,39.191651],[109.893897,39.141075],[109.92223,39.107183],[109.851397,39.122971],[109.762086,39.057476],[109.665384,38.981687],[109.672159,38.928167],[109.624116,38.85457],[109.549587,38.805618],[109.511399,38.833595],[109.404226,38.720689],[109.338936,38.701542],[109.329081,38.66043],[109.367269,38.627711],[109.331545,38.597783],[109.276726,38.623035],[109.054372,38.433892],[108.938575,38.207582],[108.964445,38.154894],[109.069155,38.091336],[109.06977,38.023008],[108.93488,37.922521],[108.883141,38.01405],[108.797525,38.04799],[108.82709,37.989056],[108.777815,37.683728],[108.628142,37.651988],[108.532671,37.690832],[108.301078,37.640616],[108.24626,37.665728],[108.134159,37.622131],[108.025137,37.649619],[107.982022,37.787378],[107.411662,37.948009],[107.440611,37.995659],[107.19054,38.153953],[106.942316,38.132302],[106.627571,38.232501],[106.482209,38.319417],[106.599854,38.389812],[106.709491,38.718821],[106.954019,38.941202],[106.971881,39.026333],[106.96757,39.054688],[106.859164,39.107648],[106.795723,39.214375],[106.806809,39.318625],[106.781556,39.371849],[106.602318,39.37555],[106.511774,39.272311],[106.402753,39.291767],[106.280181,39.262118],[106.285109,39.146181],[106.145907,39.153142],[106.060907,38.96866],[105.97098,38.909077],[105.992538,38.857366],[105.909386,38.791159],[105.852719,38.641735],[105.874277,38.593105],[105.821307,38.366824],[105.86627,38.296406],[105.775111,38.186887],[105.76772,38.121474],[105.840401,38.004147],[105.760944,37.799674],[105.622358,37.777919],[105.598952,37.699356],[105.315004,37.702197],[105.027977,37.580881],[104.433595,37.515402],[104.407726,37.464592],[104.183524,37.406618],[103.874938,37.604117],[103.683381,37.777919],[103.40744,37.860651],[103.362477,38.037621],[103.368636,38.08898],[103.53494,38.156776],[103.507838,38.280905],[103.416063,38.404821],[103.85954,38.64454],[104.044322,38.895105],[104.173053,38.94446],[104.196459,38.9882],[104.207546,39.083495],[104.171205,39.160567],[104.047401,39.297788],[104.089901,39.419947],[103.85338,39.461543],[103.344615,39.331588],[103.007696,39.099753],[102.616574,39.171703],[102.45335,39.255167],[101.902701,39.111827],[101.833715,39.08907],[102.075164,38.891378],[101.777049,38.66043],[101.672955,38.6908],[101.601506,38.65529],[101.562702,38.713218],[101.331109,38.777164],[101.307087,38.80282],[101.33542,38.847113],[101.24303,38.860628],[101.198682,38.943064],[101.228863,39.020754],[100.969553,38.946788],[100.961545,39.005874],[100.835278,39.025869],[100.829118,39.075133],[100.864227,39.106719],[100.842053,39.405614],[100.498975,39.400527],[100.500823,39.481408],[100.326512,39.509118],[100.314193,39.606935],[100.250135,39.685274],[99.904593,39.785601],[99.822058,39.860063],[99.440791,39.885783],[99.533182,39.891753],[99.751225,40.006909],[99.841152,40.013326],[99.927383,40.063727],[100.007455,40.20008],[100.169447,40.277743],[100.169447,40.541131],[100.242744,40.618855],[100.237201,40.716905],[100.107853,40.875475],[100.057346,40.908049],[99.673,40.93292],[99.565827,40.846961],[99.174705,40.858278],[99.172858,40.747289],[99.102025,40.676522],[99.041662,40.693767],[98.984996,40.782644],[98.790975,40.705564],[98.802678,40.607043],[98.689345,40.691952],[98.668403,40.773128],[98.569853,40.746836],[98.627751,40.677884],[98.344419,40.568413],[98.333332,40.918903],[97.971776,41.09774],[97.629314,41.440498],[97.613915,41.477276],[97.84674,41.656379],[97.172903,42.795257],[98.195362,42.653251],[99.51224,42.568244],[99.969267,42.647969],[100.272309,42.636523],[100.32528,42.690213],[100.862995,42.671295],[101.803534,42.503861],[102.070236,42.232374],[102.449039,42.144133],[102.712045,42.153007],[103.418527,41.882233],[103.868779,41.802427],[104.080046,41.805104],[104.530298,41.875104],[104.524138,41.661745],[104.923267,41.654143],[105.009498,41.583007],[105.230621,41.751103],[105.291599,41.749763],[105.74185,41.949033],[106.785867,42.291281],[107.271844,42.364285],[107.303872,42.412465],[107.46648,42.458842],[107.57427,42.412907],[107.939522,42.403628],[108.238252,42.460167],[108.845569,42.395673],[109.026039,42.458401],[109.291509,42.435879],[109.544044,42.472528],[109.733753,42.579262],[109.906216,42.635643],[110.108244,42.642687],[110.437156,42.781203],[110.469801,42.839156],[110.631177,42.936061],[110.736502,43.089657],[111.02045,43.329998],[111.456535,43.494329],[111.564325,43.490422],[111.79407,43.672068],[111.951135,43.693275],[111.959758,43.823382],[111.870447,43.940279],[111.662875,44.061247],[111.559397,44.171238],[111.534144,44.26217],[111.428818,44.319573],[111.415883,44.35724],[111.478709,44.488884],[111.569868,44.57634],[111.560629,44.647062],[111.624687,44.778477],[111.764505,44.969325],[112.002874,45.090713],[112.438959,45.071697],[112.599719,44.930783],[112.850406,44.840466],[113.631417,44.745333],[113.861778,44.863377],[113.907358,44.915104],[114.116777,44.957045],[114.459855,45.21353],[114.519602,45.283893],[114.551014,45.387383],[114.745035,45.438217],[114.983404,45.379397],[115.36467,45.392427],[115.699741,45.45963],[116.035428,45.685013],[116.17463,45.688775],[116.286731,45.775247],[116.288579,45.839074],[116.243,45.876169],[116.271949,45.966926],[116.585462,46.292504],[116.745606,46.327642],[116.834302,46.384229],[117.372017,46.36028],[117.392343,46.463023],[117.447777,46.528117],[117.42006,46.582029],[117.596218,46.603414],[117.704008,46.516587],[117.748355,46.521941],[117.870927,46.549935],[117.914659,46.607936],[118.316252,46.73934],[118.446831,46.704467],[118.586033,46.692975],[118.639004,46.721291],[118.788061,46.687227],[118.845343,46.771731],[118.914329,46.77501],[118.912481,46.733188],[119.011647,46.745902],[119.123132,46.642872],[119.26295,46.649034],[119.374435,46.603414],[119.431718,46.638763],[119.557985,46.633832],[119.656535,46.625612],[119.677477,46.584908],[119.783419,46.626023],[119.804361,46.68189],[119.911534,46.669572],[119.93494,46.712674],[119.926933,46.903963],[119.859795,46.917046],[119.716282,47.195518],[119.56784,47.248357],[119.559217,47.303172],[119.32208,47.42721],[119.365812,47.47739],[119.152081,47.540453],[119.134219,47.664335],[118.773278,47.771034],[118.568171,47.992187],[118.124694,48.047427],[118.052014,48.01421],[117.813645,48.016212],[117.384335,47.641356],[117.094844,47.8241],[116.791186,47.89758],[116.453035,47.837358],[116.26579,47.876711],[116.130283,47.823296],[115.939342,47.683275],[115.580249,47.921649],[115.529126,48.155336],[115.822929,48.259432],[115.799523,48.514982],[116.077928,48.822471],[116.048363,48.873274],[116.717889,49.847288],[117.068974,49.695389],[117.278394,49.636512],[117.485349,49.633024],[117.809333,49.521263],[117.866,49.591532],[118.082811,49.616741],[118.129622,49.669446],[118.211542,49.690744],[118.220781,49.729831],[118.384005,49.783958],[118.385853,49.827217],[118.483787,49.830691],[118.485019,49.866194],[118.574946,49.931342],[119.090487,49.985629],[119.163168,50.027554],[119.190269,50.087877],[119.236465,50.075204],[119.309762,50.161161],[119.350414,50.166145],[119.358421,50.197953],[119.319001,50.220933],[119.381827,50.324208],[119.358421,50.358965],[119.188422,50.347509],[119.125596,50.389118],[119.165016,50.422683],[119.217371,50.414675],[119.295595,50.573814],[119.281428,50.601551],[119.361501,50.632689],[119.385522,50.682769],[119.450196,50.695281],[119.506862,50.763846],[119.491464,50.87878],[119.764325,51.092017],[119.788346,51.174636],[119.760629,51.212516],[119.821607,51.21439],[119.811136,51.281071],[119.946643,51.360736],[119.910918,51.390994],[119.97128,51.40033],[120.002693,51.459283],[119.985447,51.505125],[120.052584,51.560967],[120.035954,51.583657],[120.100628,51.649058],[120.087077,51.678013],[120.172693,51.679868],[120.40059,51.833605],[120.480046,51.855049],[120.481278,51.885719],[120.656821,51.926333],[120.717799,52.015556],[120.690698,52.047221],[120.753523,52.085483],[120.786784,52.15787],[120.745516,52.20594],[120.755371,52.258355],[120.627256,52.323878],[120.62356,52.361172],[120.688234,52.427637],[120.687002,52.511489],[120.734429,52.536977],[120.462184,52.64532],[120.396895,52.616261],[120.289721,52.623527],[120.194866,52.578819],[120.07599,52.586092],[120.035338,52.646409],[120.071063,52.70628],[120.031642,52.773674],[120.297112,52.869872],[120.452945,53.01017],[120.643886,53.106923],[120.690698,53.174771],[120.838523,53.239648],[120.820661,53.269007],[120.882871,53.294411],[121.098449,53.306929],[121.129246,53.277238],[121.227797,53.280459],[121.336818,53.325877],[121.589969,53.350891],[121.875765,53.426556],[122.111054,53.426913],[122.161561,53.468614],[122.350038,53.505647],[122.435038,53.444739],[122.894528,53.462914],[123.052209,53.506715],[123.137209,53.498172],[123.274563,53.563269],[123.454417,53.536602],[123.499381,53.497816],[123.490758,53.542648],[123.517243,53.558292],[123.557895,53.531978],[123.53141,53.507071],[123.620721,53.550115],[123.698329,53.498528],[123.865249,53.489627],[124.125791,53.348033],[124.239124,53.379817],[124.435609,53.223886],[124.678905,53.207043],[124.720789,53.192344],[124.734339,53.146783],[124.832889,53.145347],[124.87231,53.099018],[124.909266,53.118059],[124.887708,53.164368],[125.142091,53.204175],[125.503647,53.095424],[125.530749,53.0512],[125.613901,53.083564],[125.684118,53.00801],[125.742632,52.993964],[125.737088,52.943504],[125.665023,52.913561],[125.678574,52.86084],[125.827631,52.899123],[125.966834,52.759914],[126.052449,52.800095],[126.116507,52.768243],[126.044442,52.739628],[126.061688,52.673271],[125.995783,52.675085],[125.968682,52.630429],[126.030891,52.576273],[126.066616,52.603905],[126.147304,52.573],[126.213209,52.525327],[126.205202,52.466302],[126.268644,52.475051],[126.353644,52.389304],[126.327774,52.310342],[126.4331,52.298632],[126.436795,52.277034],[126.312992,52.235271],[126.306832,52.205574],[126.556288,52.136203],[126.514404,52.037282],[126.450962,52.027709],[126.462665,51.948471],[126.6727,51.73179],[126.734294,51.711399],[126.741069,51.642374],[126.67886,51.602246],[126.837156,51.536033],[126.791577,51.432428],[126.908605,51.407423],[126.930163,51.359241],[126.837156,51.345038],[126.820526,51.281071],[126.908605,51.246619],[126.887047,51.321856],[126.98375,51.318863],[126.899982,51.200518],[126.922772,51.061937],[127.113713,50.93765],[127.236285,50.781256],[127.295415,50.755139],[127.294799,50.663426],[127.370559,50.581415],[127.293567,50.46575],[127.3644,50.438314],[127.332371,50.340634],[127.371791,50.29669],[127.603385,50.239309],[127.58737,50.137768],[127.501755,50.056764],[127.495595,49.994479],[127.547334,49.928645],[127.531936,49.826059],[127.674833,49.764247],[127.677913,49.697712],[127.815268,49.593859],[128.001281,49.592307],[128.185447,49.53952],[128.287077,49.566309],[128.343128,49.544956],[128.389939,49.58998],[128.537764,49.604332],[128.715155,49.564756],[128.744104,49.595023],[128.813089,49.558157],[128.76135,49.482009],[128.871604,49.492506],[129.013886,49.457119],[129.084719,49.359769],[129.215298,49.399122],[129.358196,49.355871],[129.390224,49.432605],[129.51834,49.423652],[129.562687,49.299706],[129.730223,49.288387],[129.761636,49.25754],[129.753629,49.208692],[129.847867,49.181316],[129.937179,49.040285],[130.020946,49.021058],[130.237757,48.868551],[130.412068,48.905148],[130.471198,48.905541],[130.501995,48.865795],[130.680617,48.881146],[130.689856,48.849651],[130.622103,48.783842],[130.538335,48.612016],[130.605473,48.594207],[130.620871,48.49595],[130.767465,48.507846],[130.747755,48.404256],[130.845073,48.296473],[130.666451,48.105007],[130.699711,48.044227],[130.891269,47.927263],[130.961486,47.828118],[130.983659,47.713081],[131.115471,47.689721],[131.236811,47.733211],[131.456085,47.747297],[131.543548,47.736028],[131.59036,47.660707],[131.690142,47.707041],[131.976554,47.673201],[132.000575,47.712276],[132.242639,47.70986],[132.371987,47.765402],[132.558,47.718316],[132.687348,47.88514],[132.661478,47.944905],[132.723072,47.962941],[132.819159,47.936887],[132.883216,48.002599],[132.992238,48.035424],[133.053216,48.110202],[133.130208,48.134971],[133.302055,48.103009],[133.545967,48.121389],[133.573068,48.182078],[133.693177,48.186866],[133.740604,48.254651],[134.116327,48.333089],[134.20379,48.3824],[134.501905,48.418954],[134.704549,48.405448],[134.764295,48.370076],[134.927519,48.451513],[135.09567,48.437618],[135.090743,48.403461],[135.009439,48.365703],[134.679295,48.256245],[134.67252,48.170505],[134.551796,48.032622],[134.55426,47.982173],[134.607846,47.909214],[134.677448,47.884738],[134.678679,47.819278],[134.772918,47.763391],[134.779694,47.7159],[134.689766,47.63813],[134.678064,47.588507],[134.576434,47.519036],[134.568426,47.478199],[134.307268,47.428829],[134.177305,47.326299],[134.156979,47.248357],[134.230276,47.182097],[134.222268,47.105164],[134.142812,47.093349],[134.063972,46.979962],[134.011001,46.637941],[133.919842,46.596012],[133.849625,46.475389],[133.948791,46.401153],[133.869335,46.338386],[133.922922,46.330948],[133.909987,46.254447],[133.867487,46.250722],[133.849625,46.203939],[133.814517,46.230854],[133.764626,46.17328],[133.706111,46.163333],[133.690713,46.133896],[133.745531,46.075389],[133.676546,45.94321],[133.614952,45.942794],[133.583539,45.868669],[133.51209,45.887001],[133.467743,45.834905],[133.469591,45.799451],[133.505315,45.785681],[133.469591,45.777751],[133.486837,45.740173],[133.445569,45.705077],[133.484989,45.691702],[133.485605,45.658667],[133.448649,45.647372],[133.471438,45.631053],[133.412924,45.618079],[133.423395,45.584163],[133.203505,45.516689],[133.143759,45.430658],[133.095715,45.246827],[133.139447,45.127459],[132.954049,45.023072],[132.003655,45.25441],[131.887858,45.342393],[131.82996,45.311677],[131.79362,45.211844],[131.721555,45.234606],[131.681519,45.215217],[131.650722,45.159962],[131.695685,45.132104],[131.484418,44.99557],[131.501664,44.977793],[131.355071,44.990068],[131.274999,44.919766],[131.207861,44.913833],[131.16105,44.948151],[131.090217,44.924427],[131.07913,44.881614],[130.965181,44.85065],[131.016304,44.789521],[131.064348,44.786973],[131.111775,44.710042],[131.310723,44.046623],[131.26576,44.034578],[131.254057,43.893289],[131.2171,43.836334],[131.239274,43.670337],[131.20047,43.532089],[131.31873,43.499539]]]}},{"type":"Feature","properties":{"name":"温带荒漠","vegetation_zone":"温带荒漠","region_code":"CN_VEGETATION_ZONE_温带","source_year":"approximated","source_name":"按省级区划归并的教学示意","license":"derived educational geometry","__fillColor":"#f59e0b","__fillOpacity":0.45,"__strokeColor":"#0f172a","__strokeWidth":0.6},"geometry":{"type":"Polygon","coordinates":[[[104.407726,37.464592],[104.433595,37.515402],[105.027977,37.580881],[105.315004,37.702197],[105.598952,37.699356],[105.622358,37.777919],[105.760944,37.799674],[105.840401,38.004147],[105.76772,38.121474],[105.775111,38.186887],[105.86627,38.296406],[105.821307,38.366824],[105.874277,38.593105],[105.852719,38.641735],[105.909386,38.791159],[105.992538,38.857366],[105.97098,38.909077],[106.060907,38.96866],[106.145907,39.153142],[106.285109,39.146181],[106.280181,39.262118],[106.402753,39.291767],[106.511774,39.272311],[106.602318,39.37555],[106.683622,39.357506],[106.751375,39.381564],[106.806809,39.318625],[106.795723,39.214375],[106.859164,39.107648],[106.96757,39.054688],[106.954019,38.941202],[106.709491,38.718821],[106.647897,38.470917],[106.599854,38.389812],[106.482209,38.319417],[106.627571,38.232501],[106.942316,38.132302],[107.19054,38.153953],[107.440611,37.995659],[107.411662,37.948009],[107.49235,37.944706],[107.659269,37.844112],[107.620465,37.776026],[107.499125,37.765619],[107.484959,37.706458],[107.387024,37.691305],[107.422133,37.665254],[107.311264,37.609806],[107.369162,37.58752],[107.345756,37.518725],[107.284162,37.481691],[107.257677,37.337179],[107.309416,37.239095],[107.270612,37.229089],[107.336517,37.165687],[107.306952,37.100799],[107.281083,37.127047],[107.268764,37.099367],[107.310032,36.912502],[107.478183,36.908196],[107.540393,36.828718],[107.670356,36.83303],[107.907493,36.750118],[107.938906,36.655594],[108.006659,36.683435],[108.02329,36.647912],[108.001732,36.639269],[108.060862,36.592194],[108.079956,36.614294],[108.163724,36.563839],[108.222854,36.631105],[108.210535,36.577296],[108.262274,36.549417],[108.340498,36.559032],[108.460606,36.422871],[108.495099,36.422389],[108.510498,36.47438],[108.618903,36.433946],[108.651548,36.384818],[108.646004,36.254143],[108.712526,36.138716],[108.652164,35.94806],[108.593649,35.950967],[108.499411,35.872444],[108.527744,35.82442],[108.539447,35.605761],[108.625678,35.537124],[108.605968,35.503028],[108.631222,35.418698],[108.583178,35.294724],[108.48894,35.275184],[108.345426,35.300586],[108.239484,35.256127],[108.221622,35.296678],[108.174811,35.304981],[107.949993,35.245375],[107.960464,35.263457],[107.867457,35.256127],[107.745501,35.311819],[107.737494,35.267366],[107.652494,35.244886],[107.769523,35.064333],[107.846515,35.024646],[107.842203,34.979056],[107.638943,34.935402],[107.564415,34.968757],[107.523763,34.909886],[107.286626,34.931968],[107.252749,34.880925],[107.119707,34.950119],[107.08275,35.024156],[107.012533,35.029547],[106.990975,35.068252],[106.901664,35.094698],[106.541956,35.083925],[106.484673,34.983959],[106.575216,34.769897],[106.456956,34.703996],[106.442173,34.675455],[106.471122,34.634102],[106.419384,34.643458],[106.314058,34.578934],[106.341159,34.568093],[106.334384,34.517811],[106.514238,34.511894],[106.610941,34.454177],[106.638042,34.391481],[106.717498,34.369255],[106.691013,34.337635],[106.705179,34.299575],[106.652825,34.24369],[106.526557,34.292159],[106.496376,34.238248],[106.5321,34.254079],[106.55797,34.229837],[106.585071,34.149641],[106.560434,34.109514],[106.501919,34.105055],[106.474202,33.970659],[106.41076,33.909093],[106.428007,33.866368],[106.475434,33.875809],[106.482825,33.707203],[106.534564,33.695254],[106.58076,33.576169],[106.540108,33.512822],[106.456956,33.532779],[106.447101,33.613058],[106.35163,33.587137],[106.303587,33.604585],[106.187174,33.546746],[106.108334,33.569686],[106.117573,33.602591],[106.086776,33.617045],[105.971596,33.613058],[105.842248,33.489866],[105.827466,33.379993],[105.709822,33.382991],[105.799133,33.258471],[105.965436,33.204407],[105.968516,33.154318],[105.93156,33.178365],[105.897067,33.146803],[105.934639,33.112221],[105.917393,32.993841],[105.861959,32.939112],[105.82685,32.950663],[105.638373,32.879323],[105.414171,32.922034],[105.38091,32.876307],[105.448663,32.732946],[105.297758,32.656897],[105.219534,32.666469],[105.215222,32.63674],[105.111128,32.593893],[105.026745,32.650346],[104.881999,32.600951],[104.820405,32.662943],[104.739717,32.635228],[104.696601,32.673522],[104.643015,32.661935],[104.582653,32.722374],[104.458849,32.748551],[104.363994,32.822511],[104.294393,32.835586],[104.288234,32.942628],[104.378161,32.953174],[104.383704,32.994343],[104.426204,33.010906],[104.337509,33.038002],[104.378161,33.109214],[104.303632,33.304499],[104.386168,33.298497],[104.420045,33.327004],[104.292545,33.336505],[104.272219,33.391486],[104.22048,33.404477],[104.155191,33.542755],[104.176749,33.5996],[104.046169,33.686291],[103.778236,33.658898],[103.593454,33.716164],[103.552186,33.671351],[103.520157,33.678323],[103.545411,33.719649],[103.518309,33.807213],[103.464723,33.80224],[103.434542,33.752993],[103.35447,33.743539],[103.24976,33.814175],[103.165376,33.805721],[103.181391,33.900649],[103.120413,33.953286],[103.157369,33.998944],[103.147514,34.036644],[103.119797,34.03466],[103.178927,34.079779],[103.121644,34.112487],[103.100087,34.181828],[102.973203,34.205588],[102.977515,34.252595],[102.911609,34.312923],[102.598712,34.14766],[102.655994,34.113478],[102.649219,34.080275],[102.437336,34.087214],[102.392372,33.971651],[102.315996,33.993983],[102.136142,33.965199],[102.25317,33.861399],[102.243315,33.786823],[102.324619,33.754486],[102.284583,33.719151],[102.342481,33.725622],[102.31538,33.665374],[102.346793,33.605582],[102.477988,33.543254],[102.446575,33.53228],[102.462589,33.449429],[102.392988,33.404477],[102.258098,33.409472],[102.192192,33.337005],[102.200815,33.223434],[102.117047,33.288492],[102.08933,33.204908],[101.935345,33.186879],[101.865744,33.103198],[101.825708,33.119239],[101.841723,33.184876],[101.769658,33.26898],[101.877447,33.314502],[101.887302,33.383991],[101.946432,33.442937],[101.906396,33.48188],[101.884222,33.578163],[101.844186,33.602591],[101.831252,33.554726],[101.783208,33.556721],[101.748716,33.505337],[101.622448,33.502343],[101.58426,33.674339],[101.501724,33.702723],[101.385312,33.644949],[101.23687,33.685793],[101.166653,33.659894],[101.190675,33.791796],[101.153718,33.8445],[100.994806,33.891707],[100.870386,34.083744],[100.764445,34.178857],[100.821727,34.317371],[100.951074,34.38358],[101.054552,34.322808],[101.193754,34.336646],[101.327413,34.24468],[101.6206,34.178857],[101.736397,34.080275],[101.764114,34.122892],[101.836795,34.124378],[101.851578,34.153108],[101.955055,34.109514],[101.965526,34.167469],[102.003099,34.162022],[102.030816,34.190739],[102.01357,34.218456],[102.062229,34.227858],[102.067772,34.293642],[102.149692,34.271885],[102.186649,34.352952],[102.259329,34.355917],[102.155852,34.507456],[102.001867,34.538519],[101.934729,34.58731],[101.916867,34.873561],[102.068388,34.887798],[102.048062,34.910868],[102.094874,34.986901],[102.29567,35.071681],[102.310452,35.128967],[102.404075,35.179366],[102.370199,35.263946],[102.280887,35.303028],[102.317844,35.343067],[102.287663,35.36552],[102.293822,35.424063],[102.408387,35.409431],[102.447807,35.437229],[102.503241,35.585322],[102.743458,35.494745],[102.782878,35.527871],[102.729291,35.523487],[102.808747,35.560496],[102.686175,35.771996],[102.787189,35.862745],[102.94487,35.829757],[102.968276,36.044414],[102.882044,36.082632],[102.941174,36.104877],[102.986754,36.193312],[103.066826,36.216974],[102.896827,36.331803],[102.845704,36.331803],[102.771791,36.47438],[102.793349,36.497957],[102.734219,36.562396],[102.761936,36.568645],[102.630741,36.650793],[102.601176,36.710307],[102.720052,36.767858],[102.56114,36.91968],[102.450271,36.968467],[102.506321,37.019134],[102.488459,37.078362],[102.642444,37.099845],[102.599944,37.174748],[102.490307,37.223371],[102.428097,37.308624],[102.299981,37.391404],[102.103497,37.482641],[102.131214,37.54625],[102.035128,37.627819],[102.036359,37.685149],[101.998787,37.724921],[101.946432,37.728235],[101.815853,37.654357],[101.791832,37.696041],[101.659405,37.733441],[101.670491,37.754264],[101.598427,37.827569],[101.459224,37.86632],[101.362522,37.791162],[101.202994,37.84742],[101.103211,37.946593],[100.895024,38.013107],[100.93814,38.16007],[100.913502,38.17889],[100.860531,38.148305],[100.71517,38.253652],[100.619083,38.26587],[100.595061,38.242372],[100.474953,38.288891],[100.432453,38.275267],[100.424446,38.307208],[100.318505,38.329276],[100.301874,38.388405],[100.259374,38.366355],[100.24028,38.441861],[100.064122,38.518694],[100.025933,38.507923],[100.001296,38.467169],[100.022238,38.432017],[100.093071,38.407166],[100.163904,38.328337],[100.182998,38.222158],[100.126332,38.231561],[100.071513,38.284663],[99.65945,38.449361],[99.52887,38.546314],[99.501769,38.612281],[99.450646,38.60433],[99.361951,38.718354],[99.068764,38.896968],[99.107568,38.951907],[98.951735,38.987735],[98.816845,39.085818],[98.743548,39.086747],[98.584635,38.93003],[98.457752,38.952838],[98.383839,39.029588],[98.280977,39.027263],[98.242173,38.880664],[98.091884,38.786495],[98.009348,38.85923],[97.701379,38.963076],[97.679205,39.010524],[97.347213,39.167528],[96.962251,39.198144],[97.012142,39.142004],[96.969643,39.097895],[96.940693,38.90768],[97.023229,38.755699],[97.009063,38.702477],[97.057722,38.67258],[97.055874,38.594508],[96.961019,38.558015],[96.7941,38.608072],[96.780549,38.504177],[96.6666,38.483567],[96.707868,38.459203],[96.626564,38.356031],[96.665369,38.23015],[96.378341,38.277146],[96.335841,38.246132],[96.313051,38.161952],[96.264392,38.145952],[96.06606,38.173245],[95.89606,38.2903],[95.852945,38.287481],[95.83693,38.344298],[95.703887,38.400131],[95.51849,38.294997],[95.487693,38.314721],[95.455664,38.291709],[95.259179,38.302981],[95.122441,38.417014],[94.973999,38.430142],[94.56132,38.351807],[94.527443,38.365416],[94.527443,38.425922],[94.370379,38.7627],[93.885018,38.720689],[93.800019,38.750566],[93.756287,38.807484],[93.884403,38.826136],[93.884403,38.867618],[93.729186,38.924443],[93.274007,38.896036],[93.179152,38.923977],[93.198246,39.045857],[93.131725,39.108112],[93.142196,39.160567],[93.115094,39.17959],[93.043029,39.146645],[92.938936,39.169848],[92.489916,39.099753],[92.459119,39.042604],[92.380279,38.999828],[92.263866,39.002153],[91.87952,38.884391],[91.446515,38.813546],[91.298689,38.746365],[90.724634,38.658094],[90.65996,38.674449],[90.619308,38.664636],[90.645794,38.635191],[90.608837,38.594508],[90.463476,38.556611],[90.427135,38.493873],[90.130868,38.494341],[90.111774,38.418889],[90.179528,38.396848],[90.137644,38.340543],[90.280542,38.238142],[90.352607,38.233441],[90.361846,38.300163],[90.531229,38.319886],[90.519526,37.730601],[90.777605,37.648672],[90.882314,37.575664],[90.865684,37.53059],[90.958075,37.477891],[91.073256,37.475992],[91.134849,37.324331],[91.194596,37.273868],[91.1909,37.205737],[91.280211,37.163779],[91.303617,37.012444],[91.181045,37.025345],[91.126842,36.978507],[91.051698,36.96751],[91.036915,36.929727],[90.853981,36.915373],[90.732025,36.825844],[90.754815,36.721341],[90.706156,36.658955],[90.730793,36.655594],[90.741264,36.585947],[91.035683,36.529703],[91.028292,36.443093],[91.051698,36.433946],[91.026444,36.323607],[91.07264,36.299012],[91.051698,36.238215],[91.096045,36.219871],[91.124994,36.115514],[91.081263,36.088436],[90.979017,36.106811],[90.922966,36.028927],[90.850285,36.016827],[90.776373,36.086501],[90.659344,36.13485],[90.23681,36.160462],[90.130252,36.2078],[90.145651,36.239181],[90.003369,36.278752],[90.019999,36.213594],[89.944855,36.140649],[89.941159,36.067637],[89.766848,36.073925],[89.490291,36.151281],[89.375727,36.228078],[89.292575,36.231457],[89.232213,36.295636],[89.198952,36.260417],[89.126887,36.254626],[88.964279,36.318785],[88.926091,36.36458],[88.802903,36.33807],[88.766563,36.292259],[88.623665,36.389636],[88.573158,36.461386],[88.498629,36.446463],[88.470912,36.48208],[88.356963,36.477268],[88.366202,36.458016],[88.241782,36.468605],[88.134609,36.427205],[87.983088,36.437797],[87.919646,36.39349],[87.570409,36.342409],[87.470626,36.354459],[87.460155,36.409868],[87.426895,36.42576],[87.363453,36.420463],[87.292004,36.358797],[87.193454,36.349158],[87.149106,36.297565],[86.996353,36.308658],[86.887332,36.262829],[86.86331,36.299977],[86.746282,36.291777],[86.69947,36.24449],[86.392733,36.206834],[86.35824,36.168676],[86.187625,36.130983],[86.199944,36.047801],[86.090306,35.876809],[85.949256,35.778794],[85.691178,35.751114],[85.612953,35.651486],[85.566142,35.6403],[85.518715,35.680658],[85.373969,35.700101],[85.271107,35.788989],[85.146071,35.742371],[85.053065,35.752086],[84.729081,35.613546],[84.448828,35.550272],[84.475929,35.516181],[84.45314,35.473303],[84.160569,35.359663],[84.095895,35.362592],[84.077417,35.400163],[84.005968,35.422599],[83.906186,35.40309],[83.885244,35.367472],[83.622238,35.335256],[83.251442,35.417722],[83.127022,35.398699],[83.067892,35.46258],[82.998907,35.484512],[82.967494,35.667532],[82.795031,35.688436],[82.731589,35.637868],[82.628727,35.692324],[82.468583,35.717595],[82.424852,35.712736],[82.392823,35.656349],[82.336156,35.651486],[82.328149,35.559523],[82.034346,35.451855],[82.05344,35.35039],[82.030034,35.321585],[81.955506,35.307423],[81.927789,35.271275],[81.68634,35.235599],[81.513261,35.23511],[81.441196,35.333303],[81.363588,35.354783],[81.219458,35.319144],[81.191741,35.36552],[81.142466,35.365032],[81.09935,35.40748],[81.031597,35.380648],[81.030981,35.337209],[81.002648,35.334768],[81.026053,35.31133],[80.963844,35.310842],[80.844351,35.345508],[80.689135,35.339162],[80.65649,35.393821],[80.514824,35.391869],[80.432904,35.449418],[80.375006,35.387966],[80.321419,35.38699],[80.267832,35.295701],[80.362687,35.20871],[80.257977,35.203331],[80.23026,35.147565],[80.031311,35.034447],[80.034391,34.902033],[79.996819,34.856375],[79.926602,34.849499],[79.947544,34.821008],[79.898268,34.732035],[79.906892,34.683821],[79.866856,34.671517],[79.88595,34.642965],[79.84345,34.55725],[79.861312,34.528166],[79.801566,34.478847],[79.699936,34.477861],[79.675914,34.451216],[79.545335,34.476381],[79.241677,34.415183],[79.161605,34.441345],[79.039033,34.421601],[79.0107,34.399877],[79.039649,34.33467],[78.958961,34.386049],[78.899831,34.354929],[78.742766,34.45467],[78.758781,34.481807],[78.708274,34.522249],[78.634977,34.538026],[78.58139,34.505483],[78.542586,34.574499],[78.436029,34.543942],[78.427405,34.594207],[78.280812,34.623269],[78.267261,34.705472],[78.213059,34.717771],[78.237696,34.882398],[78.182262,34.936874],[78.201972,34.974642],[78.123131,35.036897],[78.150849,35.069721],[78.124979,35.108407],[78.062769,35.114772],[78.060306,35.180344],[78.01719,35.228267],[78.013494,35.366008],[78.140378,35.494745],[78.029509,35.469404],[77.917408,35.490847],[77.914944,35.465017],[77.816394,35.518616],[77.690742,35.448443],[77.657481,35.477689],[77.639619,35.45478],[77.518895,35.482075],[77.396939,35.467942],[77.307628,35.540533],[77.195527,35.519103],[77.072339,35.591162],[76.906651,35.615005],[76.848753,35.668018],[76.769297,35.653917],[76.69292,35.747714],[76.593754,35.771996],[76.566037,35.819082],[76.59745,35.895718],[76.55803,35.923347],[76.431762,35.851589],[76.369552,35.86323],[76.365857,35.82442],[76.160133,35.82442],[76.16506,35.908807],[76.097307,36.022635],[75.982742,36.031347],[75.949482,36.070056],[75.936547,36.13485],[76.016619,36.165294],[76.011691,36.229044],[76.060967,36.225182],[75.991365,36.35205],[76.035097,36.409386],[75.991981,36.505654],[75.924228,36.566242],[75.947018,36.590752],[75.871257,36.666636],[75.634121,36.771693],[75.537418,36.773131],[75.536802,36.729975],[75.458578,36.720861],[75.425933,36.778883],[75.430245,36.873255],[75.396368,36.904367],[75.413614,36.954599],[75.032348,37.016745],[74.893762,36.939772],[74.84695,37.056873],[74.739161,37.028212],[74.70898,37.084569],[74.56793,37.032512],[74.530357,37.082182],[74.498944,37.072155],[74.465068,37.147085],[74.511263,37.240048],[74.642458,37.261485],[74.665864,37.23576],[74.727458,37.282916],[74.816153,37.216699],[74.911008,37.233378],[74.927022,37.277678],[75.125971,37.322427],[75.140137,37.355258],[75.129666,37.459367],[75.078543,37.511129],[75.002167,37.511604],[74.940573,37.559061],[74.891914,37.668097],[75.006478,37.770823],[74.917167,37.845057],[74.92579,38.01735],[74.879595,38.021122],[74.80445,38.167128],[74.789668,38.324581],[74.868508,38.403883],[74.862965,38.484035],[74.639995,38.599653],[74.421952,38.647812],[74.147859,38.676785],[74.068403,38.585621],[74.090577,38.542102],[74.011736,38.52478],[73.926121,38.536016],[73.89902,38.579071],[73.799237,38.610878],[73.757353,38.719755],[73.769056,38.775765],[73.699455,38.857832],[73.742571,38.933754],[73.826339,38.916993],[73.839889,39.008199],[73.820179,39.041674],[73.743187,39.029588],[73.639709,39.220402],[73.542391,39.269531],[73.554094,39.350102],[73.502355,39.383877],[73.592898,39.412087],[73.61076,39.465702],[73.868223,39.482794],[73.916266,39.586644],[73.953838,39.600018],[73.924273,39.722108],[73.841737,39.756163],[73.845433,39.831115],[73.907027,39.873843],[73.910722,39.934443],[73.980324,40.004617],[73.943367,40.016076],[74.023439,40.085251],[74.26304,40.125074],[74.356662,40.089371],[74.577169,40.260391],[74.673255,40.278656],[74.700357,40.346195],[74.908544,40.338897],[74.795211,40.443278],[74.844486,40.521117],[74.995392,40.455119],[75.242383,40.448743],[75.599628,40.659727],[75.636584,40.624306],[75.646439,40.516567],[75.733287,40.474242],[75.669845,40.363982],[75.709265,40.280939],[75.831221,40.327492],[75.921764,40.291439],[75.986438,40.381763],[76.026474,40.355317],[76.081293,40.39635],[76.176147,40.381307],[76.279625,40.439179],[76.333212,40.343459],[76.539551,40.464226],[76.556798,40.542495],[76.657196,40.620218],[76.676906,40.696036],[76.646725,40.759983],[76.731724,40.818887],[76.761905,40.954167],[76.85368,40.97631],[76.885709,41.027347],[77.002122,41.073381],[77.091433,41.062553],[77.169041,41.009285],[77.236795,41.027798],[77.296541,41.004769],[77.363062,41.04089],[77.591576,40.992122],[77.780669,41.022832],[77.829328,41.059394],[77.807155,41.091876],[77.836104,41.153189],[78.129291,41.228398],[78.163783,41.383497],[78.385522,41.394721],[78.580774,41.481759],[78.650375,41.467411],[78.696571,41.54181],[78.825302,41.560173],[78.957729,41.65146],[79.21704,41.725648],[79.326061,41.809565],[79.776313,41.89248],[79.852689,42.015319],[79.923522,42.042436],[80.14218,42.03488],[80.193303,42.081535],[80.139717,42.151232],[80.163738,42.152563],[80.168666,42.200462],[80.28631,42.233261],[80.29247,42.259842],[80.206238,42.431462],[80.265368,42.502097],[80.163738,42.629919],[80.228412,42.692852],[80.262289,42.828623],[80.407034,42.834767],[80.602903,42.894424],[80.378701,43.031502],[80.593048,43.133347],[80.79446,43.137277],[80.804315,43.178314],[80.777214,43.308227],[80.686055,43.333916],[80.761199,43.446554],[80.75504,43.494329],[80.522215,43.816473],[80.449534,44.078017],[80.3941,44.127009],[80.413194,44.264741],[80.350368,44.484615],[80.400259,44.628751],[80.200695,44.756808],[80.169898,44.84471],[79.999283,44.793768],[79.953703,44.849377],[79.969102,44.877797],[79.887798,44.90917],[80.111999,45.052675],[80.24381,45.031532],[80.328194,45.070007],[80.358375,45.040836],[80.493882,45.127037],[80.599207,45.105921],[80.731634,45.156164],[80.897938,45.127459],[80.93551,45.160384],[81.080872,45.182745],[81.111669,45.218168],[81.437501,45.28263],[81.462754,45.264099],[81.575471,45.30789],[81.582863,45.336503],[81.78797,45.3836],[81.921013,45.233342],[82.052824,45.255674],[82.09594,45.249776],[82.109491,45.211422],[82.294272,45.247669],[82.487061,45.181058],[82.562822,45.204676],[82.60101,45.346178],[82.546808,45.426038],[82.281954,45.53891],[82.266555,45.620172],[82.289961,45.71636],[82.340468,45.772742],[82.342932,45.935303],[82.461808,45.97982],[82.518474,46.153798],[82.726662,46.494756],[82.829524,46.772551],[82.878183,46.797138],[83.02724,47.21544],[83.15474,47.236168],[83.257602,47.173147],[83.370318,47.178436],[83.418978,47.119012],[83.463325,47.132042],[83.576042,47.059114],[83.932671,46.970161],[84.425422,47.008943],[84.506726,46.97302],[84.748175,47.009759],[84.95513,46.861013],[84.987159,46.918272],[85.082014,46.939933],[85.276651,47.068898],[85.325926,47.044842],[85.545816,47.057891],[85.582772,47.142626],[85.682555,47.222757],[85.701649,47.384275],[85.614801,47.498015],[85.531649,48.046227],[85.587084,48.191654],[85.678243,48.266205],[85.758315,48.403064],[85.916612,48.438015],[86.225813,48.432456],[86.305269,48.491984],[86.416138,48.481671],[86.579978,48.538763],[86.640956,48.629027],[86.780774,48.731369],[86.754289,48.78463],[86.821426,48.850439],[86.757985,48.894919],[86.732115,48.994757],[86.836209,49.051269],[86.887948,49.132001],[87.112766,49.15549],[87.43675,49.075188],[87.511894,49.10184],[87.517438,49.145704],[87.793379,49.18249],[87.867291,49.108892],[87.835263,49.054406],[87.911639,48.979833],[87.760118,48.925992],[87.742256,48.881146],[87.78106,48.872094],[87.826639,48.800795],[88.090877,48.71992],[87.96153,48.599353],[87.973233,48.575997],[88.318159,48.478497],[88.438267,48.393528],[88.523267,48.403461],[88.605803,48.337863],[88.575006,48.277757],[88.638447,48.183674],[88.700657,48.180881],[88.824461,48.107005],[88.939026,48.115396],[89.078228,47.98698],[89.231597,47.98017],[89.38127,48.046227],[89.569132,48.037825],[89.651052,47.913627],[89.735435,47.89758],[89.761921,47.835751],[89.957789,47.842982],[89.960253,47.885942],[90.066195,47.883534],[90.07605,47.777469],[90.13518,47.723147],[90.384635,47.644179],[90.346447,47.637324],[90.468403,47.497611],[90.468403,47.404937],[90.526301,47.379007],[90.488113,47.317374],[90.56141,47.206903],[90.767134,46.992617],[90.901408,46.960768],[90.958075,46.879425],[90.942676,46.82581],[91.054161,46.717598],[91.017821,46.58244],[91.079415,46.558989],[90.983328,46.374734],[90.900177,46.31235],[91.021517,46.121038],[91.028292,46.023054],[90.714779,45.728895],[90.676591,45.582488],[90.671047,45.487747],[90.772677,45.432338],[90.804706,45.29484],[90.897713,45.249776],[90.881698,45.192025],[91.129922,45.21606],[91.242023,45.13717],[91.37753,45.11099],[91.448978,45.156586],[91.561695,45.075501],[92.056911,45.086911],[92.240461,45.015881],[92.501003,45.001072],[92.884117,45.046756],[92.932776,45.017573],[93.509296,44.968055],[94.215162,44.667921],[94.329727,44.582734],[94.359292,44.515775],[94.470777,44.509373],[94.606283,44.448311],[94.722696,44.34055],[94.945666,44.292592],[94.998637,44.253169],[95.41378,44.298589],[95.43041,44.281882],[95.376208,44.227444],[95.326932,44.028554],[95.527113,44.007466],[95.857872,43.417436],[95.880046,43.28035],[96.363558,42.900562],[96.386348,42.727592],[96.968411,42.756161],[97.172903,42.795257],[97.84674,41.656379],[97.613915,41.477276],[97.629314,41.440498],[97.971776,41.09774],[98.333332,40.918903],[98.344419,40.568413],[98.627751,40.677884],[98.569853,40.746836],[98.668403,40.773128],[98.689345,40.691952],[98.802678,40.607043],[98.790975,40.705564],[98.984996,40.782644],[99.041662,40.693767],[99.102025,40.676522],[99.172858,40.747289],[99.174705,40.858278],[99.565827,40.846961],[99.673,40.93292],[100.057346,40.908049],[100.237201,40.716905],[100.242744,40.618855],[100.169447,40.541131],[100.169447,40.277743],[100.007455,40.20008],[99.927383,40.063727],[99.841152,40.013326],[99.751225,40.006909],[99.533182,39.891753],[99.440791,39.885783],[99.822058,39.860063],[99.904593,39.785601],[100.250135,39.685274],[100.314193,39.606935],[100.326512,39.509118],[100.500823,39.481408],[100.498975,39.400527],[100.842053,39.405614],[100.864227,39.106719],[100.829118,39.075133],[100.835278,39.025869],[100.961545,39.005874],[100.969553,38.946788],[101.228863,39.020754],[101.198682,38.943064],[101.24303,38.860628],[101.33542,38.847113],[101.307087,38.80282],[101.331109,38.777164],[101.562702,38.713218],[101.601506,38.65529],[101.672955,38.6908],[101.777049,38.66043],[102.075164,38.891378],[101.833715,39.08907],[101.902701,39.111827],[102.45335,39.255167],[102.616574,39.171703],[103.007696,39.099753],[103.344615,39.331588],[103.85338,39.461543],[104.089901,39.419947],[104.047401,39.297788],[104.171205,39.160567],[104.207546,39.083495],[104.196459,38.9882],[104.173053,38.94446],[104.044322,38.895105],[103.85954,38.64454],[103.416063,38.404821],[103.507838,38.280905],[103.53494,38.156776],[103.368636,38.08898],[103.362477,38.037621],[103.40744,37.860651],[103.683381,37.777919],[103.874938,37.604117],[104.183524,37.406618],[104.407726,37.464592]]]}},{"type":"Feature","properties":{"name":"温带落叶阔叶林","vegetation_zone":"温带落叶阔叶林","region_code":"CN_VEGETATION_ZONE_温带","source_year":"approximated","source_name":"按省级区划归并的教学示意","license":"derived educational geometry","__fillColor":"#eab308","__fillOpacity":0.45,"__strokeColor":"#0f172a","__strokeWidth":0.6},"geometry":{"type":"MultiPolygon","coordinates":[[[[113.6246,32.3612],[113.4288,32.2706],[113.3536,32.2949],[113.212,32.4319],[113.1559,32.3809],[113.0259,32.4253],[112.9921,32.3783],[112.8609,32.396],[112.7358,32.3561],[112.5455,32.4041],[112.4488,32.343],[112.3601,32.3657],[112.3281,32.3217],[112.1501,32.4117],[112.1556,32.3773],[112.0811,32.4258],[112.0639,32.4743],[112.0146,32.4501],[111.9487,32.5172],[111.8902,32.5031],[111.7134,32.6065],[111.6462,32.606],[111.6407,32.6347],[111.5779,32.5934],[111.5304,32.6282],[111.4584,32.7264],[111.4756,32.7601],[111.4134,32.7571],[111.3802,32.829],[111.2933,32.8592],[111.2761,32.9034],[111.2551,32.8838],[111.2588,33.0064],[111.2219,33.0425],[111.1529,33.0395],[111.1929,33.0716],[111.1794,33.1152],[111.0888,33.1819],[111.0457,33.1698],[111.0469,33.2029],[110.9847,33.2555],[110.9219,33.2039],[110.8289,33.2014],[110.8246,33.1583],[110.7531,33.1503],[110.7026,33.0972],[110.6509,33.1573],[110.5942,33.1683],[110.5776,33.2505],[110.5413,33.2555],[110.471,33.1714],[110.2185,33.1633],[110.1649,33.2094],[110.0313,33.1919],[109.852,33.248],[109.7325,33.2314],[109.6198,33.2755],[109.6069,33.2359],[109.5145,33.238],[109.4387,33.1523],[109.5761,33.1102],[109.6882,33.1167],[109.7947,33.0671],[109.7645,32.9095],[109.7898,32.8823],[109.9074,32.9039],[110.1052,32.8326],[110.1594,32.7672],[110.1569,32.6831],[110.2062,32.6332],[110.1538,32.5934],[110.0904,32.6171],[110.0842,32.5808],[110.0177,32.547],[109.9105,32.5929],[109.6315,32.5999],[109.6371,32.5409],[109.5755,32.5066],[109.5028,32.389],[109.4954,32.3005],[109.6044,32.1992],[109.5872,32.1613],[109.6217,32.1065],[109.5909,32.0127],[109.6315,31.9624],[109.5847,31.9005],[109.634,31.8044],[109.5921,31.7891],[109.5859,31.7265],[109.3814,31.7052],[109.2817,31.7169],[109.2539,31.7596],[109.2761,31.7993],[109.1954,31.8176],[109.1911,31.8558],[109.0858,31.9294],[108.9022,31.9848],[108.7341,32.1065],[108.6768,32.103],[108.5099,32.2013],[108.5074,32.2458],[108.4698,32.2706],[108.3109,32.2322],[108.2407,32.2747],[108.1797,32.2215],[108.0184,32.2119],[108.0245,32.1775],[107.9796,32.1461],[107.8902,32.2144],[107.8644,32.2013],[107.7535,32.3384],[107.7079,32.3318],[107.6808,32.397],[107.5983,32.4117],[107.5275,32.3824],[107.4899,32.4253],[107.4566,32.4177],[107.4363,32.5298],[107.3821,32.5404],[107.2638,32.4031],[107.0803,32.5424],[107.108,32.601],[107.0667,32.7088],[106.8234,32.7053],[106.7335,32.7395],[106.627,32.6821],[106.4514,32.6599],[106.4212,32.6166],[106.3479,32.671],[106.12,32.7199],[106.0714,32.7581],[106.0936,32.824],[106.0443,32.8647],[106.0116,32.8296],[105.9691,32.8492],[105.825,32.8245],[105.8225,32.7702],[105.7794,32.7501],[105.7191,32.7596],[105.5965,32.6992],[105.5638,32.7249],[105.4992,32.912],[105.6384,32.8793],[105.8268,32.9507],[105.862,32.9391],[105.9174,32.9938],[105.9346,33.1122],[105.8971,33.1468],[105.9316,33.1784],[105.9685,33.1543],[105.9654,33.2044],[105.7991,33.2585],[105.7098,33.383],[105.8275,33.38],[105.8422,33.4899],[105.9026,33.5562],[105.9716,33.6131],[106.0868,33.617],[106.1176,33.6026],[106.1083,33.5697],[106.1872,33.5467],[106.3036,33.6046],[106.3516,33.5871],[106.4471,33.6131],[106.457,33.5328],[106.5401,33.5128],[106.5808,33.5762],[106.5346,33.6953],[106.4828,33.7072],[106.4754,33.8758],[106.428,33.8664],[106.4108,33.9091],[106.4742,33.9707],[106.5019,34.1051],[106.5604,34.1095],[106.5851,34.1496],[106.558,34.2298],[106.5321,34.2541],[106.4964,34.2382],[106.5266,34.2922],[106.6528,34.2437],[106.7052,34.2996],[106.691,34.3376],[106.7175,34.3693],[106.638,34.3915],[106.6109,34.4542],[106.5142,34.5119],[106.3344,34.5178],[106.3412,34.5681],[106.3141,34.5789],[106.4194,34.6435],[106.4711,34.6341],[106.4422,34.6755],[106.457,34.704],[106.5752,34.7699],[106.4847,34.984],[106.542,35.0839],[106.9017,35.0947],[106.991,35.0683],[107.0125,35.0295],[107.0828,35.0242],[107.1197,34.9501],[107.2527,34.8809],[107.2866,34.932],[107.5238,34.9099],[107.5644,34.9688],[107.6389,34.9354],[107.8631,34.9992],[107.7695,35.0643],[107.6525,35.2449],[107.7375,35.2674],[107.7455,35.3118],[107.8675,35.2561],[107.9605,35.2635],[107.95,35.2454],[108.1748,35.305],[108.2216,35.2967],[108.2395,35.2561],[108.3454,35.3006],[108.4889,35.2752],[108.6146,35.3289],[108.6257,35.5371],[108.5394,35.6058],[108.5277,35.8244],[108.4994,35.8724],[108.5936,35.951],[108.6522,35.9481],[108.6885,36.0212],[108.7125,36.1387],[108.646,36.2541],[108.6515,36.3848],[108.6189,36.4339],[108.5105,36.4744],[108.4951,36.4224],[108.4606,36.4229],[108.3405,36.559],[108.2623,36.5494],[108.2105,36.5773],[108.2229,36.6311],[108.1637,36.5638],[108.08,36.6143],[108.0609,36.5922],[108.0017,36.6393],[108.0233,36.6479],[108.0067,36.6834],[107.9389,36.6556],[107.9075,36.7501],[107.6704,36.833],[107.5404,36.8287],[107.4782,36.9082],[107.31,36.9125],[107.2688,37.0994],[107.2811,37.127],[107.307,37.1008],[107.3365,37.1657],[107.2706,37.2291],[107.3094,37.2391],[107.2577,37.3372],[107.2842,37.4817],[107.3458,37.5187],[107.3692,37.5875],[107.3113,37.6098],[107.4221,37.6653],[107.387,37.6913],[107.485,37.7065],[107.4991,37.7656],[107.6205,37.776],[107.6845,37.8885],[107.7326,37.8493],[107.982,37.7874],[108.0251,37.6496],[108.1342,37.6221],[108.2463,37.6657],[108.3011,37.6406],[108.5327,37.6908],[108.6281,37.652],[108.7778,37.6837],[108.8271,37.9891],[108.7975,38.048],[108.8831,38.014],[108.9349,37.9225],[109.0698,38.023],[109.0692,38.0913],[108.9644,38.1549],[108.9386,38.2076],[109.0544,38.4339],[109.2767,38.623],[109.3315,38.5978],[109.3673,38.6277],[109.3291,38.6604],[109.3389,38.7015],[109.4042,38.7207],[109.5114,38.8336],[109.5496,38.8056],[109.6241,38.8546],[109.6722,38.9282],[109.6654,38.9817],[109.7621,39.0575],[109.8514,39.123],[109.9222,39.1072],[109.8939,39.1411],[109.961,39.1917],[109.8717,39.2436],[109.9025,39.2718],[109.9623,39.2121],[110.2179,39.2811],[110.1366,39.3917],[110.1255,39.4329],[110.1526,39.4541],[110.2438,39.4236],[110.3854,39.3103],[110.4347,39.3811],[110.4827,39.3607],[110.524,39.383],[110.6262,39.2668],[110.7026,39.2737],[110.8911,39.5091],[111.1369,39.5871],[111.1486,39.5313],[111.0586,39.4477],[111.0876,39.376],[111.1258,39.3663],[111.172,39.4232],[111.337,39.4209],[111.4313,39.5087],[111.4454,39.6401],[111.4972,39.6618],[111.6592,39.6415],[111.7836,39.5889],[111.9382,39.6231],[111.9253,39.6673],[111.9598,39.6926],[111.9702,39.7966],[112.3102,40.2563],[112.4562,40.3001],[112.7445,40.1672],[112.8486,40.2069],[112.8984,40.3293],[113.0333,40.369],[113.2514,40.4132],[113.3167,40.3197],[113.5002,40.3343],[113.7632,40.4738],[113.7946,40.5179],[113.8507,40.4606],[113.9486,40.5147],[114.062,40.5288],[114.0767,40.5757],[114.0416,40.6089],[114.0638,40.7069],[114.1346,40.7373],[114.1045,40.7976],[114.0447,40.8307],[114.0737,40.8574],[114.0576,40.9252],[113.9948,40.9388],[113.8193,41.0977],[113.9967,41.1924],[114.0164,41.232],[113.9924,41.2698],[113.9714,41.2396],[113.8994,41.3161],[113.9449,41.3925],[113.871,41.4131],[113.9332,41.4871],[114.0324,41.5297],[114.2307,41.5136],[114.2264,41.6166],[114.2591,41.6233],[114.2153,41.685],[114.2375,41.6988],[114.2005,41.7899],[114.3521,41.9535],[114.4783,41.9517],[114.5116,41.982],[114.4679,42.026],[114.4802,42.0647],[114.5603,42.1326],[114.7549,42.1157],[114.7943,42.1495],[114.8627,42.098],[114.9391,41.8461],[114.8688,41.8136],[114.9027,41.6957],[114.8608,41.6009],[115.0992,41.6237],[115.1953,41.6023],[115.2039,41.5714],[115.2901,41.6228],[115.3105,41.5929],[115.3776,41.6031],[115.3191,41.6917],[115.3468,41.7122],[115.6542,41.8292],[115.8346,41.9383],[115.9166,41.945],[116.0071,41.7975],[116.0989,41.7765],[116.1291,41.806],[116.1229,41.8617],[116.1943,41.8617],[116.2239,41.9326],[116.3101,41.9971],[116.3736,42.01],[116.4142,41.9824],[116.3933,41.9428],[116.5109,41.9744],[116.5534,41.9286],[116.7961,41.978],[116.8799,42.0184],[116.8904,42.0926],[116.7893,42.2005],[116.9033,42.1907],[116.8867,42.3665],[116.9218,42.4036],[117.0955,42.484],[117.3905,42.4619],[117.4133,42.4716],[117.4102,42.5197],[117.3874,42.5175],[117.4755,42.6026],[117.6671,42.5823],[117.7798,42.6185],[118.0243,42.3851],[118.0089,42.3466],[118.06,42.2984],[117.9775,42.2297],[118.1062,42.1721],[118.0976,42.1051],[118.1555,42.0811],[118.1167,42.0371],[118.1943,42.0313],[118.2393,42.0926],[118.2965,42.0575],[118.2399,42.0247],[118.3138,41.9882],[118.3064,41.9401],[118.2688,41.9303],[118.3403,41.8724],[118.3353,41.8452],[118.2922,41.773],[118.1783,41.8149],[118.1327,41.7332],[118.2066,41.6506],[118.2152,41.5955],[118.3027,41.5526],[118.3156,41.5127],[118.2719,41.4714],[118.3489,41.4284],[118.3489,41.3426],[118.3803,41.3121],[118.5281,41.3552],[118.7419,41.3242],[118.8435,41.3745],[118.8909,41.3008],[118.9494,41.3179],[119.1977,41.2828],[119.2962,41.3251],[119.3307,41.3853],[119.3098,41.4059],[119.3763,41.4221],[119.4065,41.5033],[119.3621,41.5664],[119.42,41.5678],[119.3079,41.6573],[119.3178,41.764],[119.2925,41.7908],[119.3344,41.8715],[119.3245,41.9695],[119.3757,42.0233],[119.3849,42.0895],[119.2377,42.2009],[119.2802,42.2607],[119.4329,42.3174],[119.5026,42.3882],[119.5722,42.3594],[119.5395,42.2979],[119.6171,42.2528],[119.8419,42.2155],[119.8456,42.0971],[120.0415,41.8189],[120.036,41.7082],[120.0963,41.6971],[120.1887,41.8484],[120.2866,41.88],[120.2719,41.9254],[120.4566,42.0162],[120.4505,42.0571],[120.4936,42.0735],[120.4665,42.1055],[120.8299,42.2528],[120.8835,42.2426],[120.8835,42.2696],[121.0707,42.2541],[121.3861,42.4743],[121.5709,42.4871],[121.6078,42.5162],[121.6657,42.4372],[121.699,42.4385],[121.8899,42.5568],[121.9392,42.6885],[122.0624,42.7236],[122.2047,42.6854],[122.2047,42.7329],[122.339,42.67],[122.3962,42.6841],[122.4609,42.7553],[122.3716,42.7764],[122.3513,42.8304],[122.4369,42.8431],[122.5564,42.8277],[122.6247,42.7733],[122.7332,42.786],[122.8489,42.7122],[122.8871,42.7702],[123.0584,42.7689],[123.2278,42.8317],[123.1699,42.8598],[123.184,42.926],[123.2592,42.9934],[123.4747,43.0424],[123.5727,43.0035],[123.6669,43.1796],[123.646,43.2089],[123.6768,43.2237],[123.6645,43.2647],[123.6983,43.2721],[123.71,43.417],[123.7969,43.49],[123.8579,43.4592],[123.8523,43.4061],[123.896,43.3613],[124.0328,43.2808],[124.0993,43.293],[124.1141,43.2472],[124.2761,43.2333],[124.2736,43.1788],[124.4258,43.0761],[124.3334,42.9974],[124.4424,42.9588],[124.3716,42.8808],[124.4356,42.8808],[124.4664,42.8471],[124.5865,42.9054],[124.6586,42.9729],[124.6869,43.0512],[124.7855,43.1172],[124.8828,43.1342],[124.8889,43.0748],[124.8409,43.0324],[124.8698,42.9882],[124.8495,42.8826],[124.8742,42.79],[124.9284,42.8198],[124.9752,42.8027],[124.9967,42.7452],[124.9684,42.7228],[125.0109,42.6321],[125.0971,42.6224],[125.0688,42.4994],[125.1864,42.4279],[125.2037,42.3669],[125.1673,42.3519],[125.1754,42.3081],[125.2992,42.29],[125.2758,42.231],[125.3127,42.22],[125.2807,42.1752],[125.3127,42.1974],[125.3059,42.1464],[125.3571,42.1455],[125.3681,42.1827],[125.4901,42.1361],[125.4143,42.102],[125.37,42.0029],[125.2918,41.9588],[125.3515,41.9281],[125.3078,41.9245],[125.2948,41.8229],[125.3361,41.7681],[125.317,41.6769],[125.447,41.676],[125.4501,41.5978],[125.5073,41.5342],[125.4932,41.5091],[125.5332,41.4791],[125.548,41.401],[125.6373,41.3444],[125.6201,41.3184],[125.6465,41.2644],[125.7494,41.2455],[125.7383,41.1784],[125.7913,41.1676],[125.7125,41.0955],[125.7396,41.0892],[125.6749,40.9745],[125.5893,40.9311],[125.5843,40.8918],[125.6521,40.9162],[125.7075,40.8669],[125.641,40.7985],[125.6853,40.769],[125.5856,40.7885],[125.5449,40.7296],[125.4186,40.6733],[125.4223,40.6357],[125.2794,40.6552],[125.2628,40.6202],[125.0158,40.5339],[125.0047,40.4961],[125.0442,40.4665],[124.9456,40.456],[124.9136,40.482],[124.7393,40.3717],[124.7226,40.3216],[124.5151,40.2202],[124.3469,40.0798],[124.3364,40.05],[124.3722,40.0216],[124.2884,39.9629],[124.2866,39.9317],[124.2416,39.9285],[124.1732,39.8412],[124.151,39.7456],[124.0993,39.7773],[124.103,39.8233],[124.0026,39.8003],[123.8123,39.8311],[123.6454,39.8238],[123.6127,39.775],[123.5468,39.7562],[123.5345,39.7884],[123.3928,39.7239],[123.3885,39.7474],[123.2746,39.7539],[123.2869,39.7042],[123.2154,39.6968],[123.213,39.6659],[123.0109,39.6553],[122.9728,39.5949],[122.8607,39.6046],[122.8089,39.5599],[122.6494,39.5165],[122.533,39.4199],[122.4129,39.4116],[122.2749,39.3223],[122.2429,39.2677],[122.1172,39.2139],[122.124,39.1726],[122.1671,39.1587],[122.0482,39.1011],[122.0618,39.0603],[121.853,39.0356],[121.9207,38.9696],[121.8634,38.9426],[121.8049,38.971],[121.7901,39.0226],[121.6713,39.0101],[121.6626,38.9663],[121.6189,38.95],[121.7193,38.9203],[121.7088,38.8727],[121.5647,38.8746],[121.5099,38.8177],[121.3596,38.8224],[121.2598,38.7865],[121.1988,38.7216],[121.1379,38.723],[121.112,38.7762],[121.1299,38.8793],[121.0892,38.9221],[121.128,38.9589],[121.2044,38.9412],[121.3411,38.9808],[121.3171,39.0124],[121.3707,39.0603],[121.4311,39.0273],[121.508,39.0342],[121.5992,39.0988],[121.5623,39.1271],[121.5906,39.155],[121.6423,39.1197],[121.606,39.0807],[121.6319,39.0779],[121.6824,39.1179],[121.6041,39.1661],[121.5912,39.2287],[121.6312,39.2264],[121.5894,39.263],[121.6725,39.2756],[121.6676,39.3108],[121.7187,39.3205],[121.7249,39.3644],[121.5154,39.2867],[121.4329,39.3575],[121.3079,39.3913],[121.2703,39.3742],[121.2457,39.4569],[121.3017,39.4763],[121.2247,39.5193],[121.2266,39.5548],[121.2992,39.606],[121.4502,39.6249],[121.5025,39.7032],[121.4594,39.7479],[121.4871,39.7603],[121.4723,39.8022],[121.5419,39.8743],[121.7791,39.9427],[121.8246,40.0257],[121.9565,40.1333],[121.9953,40.1283],[122.0033,40.1722],[121.9404,40.2421],[122.0267,40.2449],[122.0402,40.322],[122.1104,40.3156],[122.1357,40.3749],[122.1985,40.3822],[122.1868,40.4228],[122.2509,40.4456],[122.2219,40.4811],[122.265,40.4802],[122.1338,40.6143],[122.1486,40.672],[122.0661,40.6488],[121.9515,40.6806],[121.9343,40.7981],[121.8431,40.8316],[121.816,40.8949],[121.683,40.8298],[121.553,40.8175],[121.5549,40.8497],[121.4994,40.88],[121.4403,40.8818],[121.4391,40.8302],[121.1262,40.8691],[121.0867,40.7981],[120.9716,40.8058],[121.0325,40.7092],[120.8299,40.6711],[120.8225,40.5943],[120.6667,40.4674],[120.6192,40.4601],[120.6026,40.3608],[120.5219,40.3047],[120.4917,40.2001],[119.9473,40.0404],[119.9183,39.9899],[119.8543,39.9886],[119.8721,39.9606],[119.8204,39.9794],[119.5407,39.8881],[119.5364,39.8091],[119.4742,39.8132],[119.3664,39.735],[119.2697,39.4985],[119.3172,39.4107],[119.2728,39.3635],[119.1853,39.3422],[118.926,39.1234],[118.8903,39.1188],[118.9513,39.1787],[118.8145,39.1388],[118.6372,39.1573],[118.5786,39.1309],[118.5885,39.1076],[118.5331,39.0909],[118.6045,38.9715],[118.5398,38.91],[118.4912,38.9091],[118.3778,38.9719],[118.3661,39.0161],[118.2251,39.0347],[118.1253,39.1828],[118.0329,39.2199],[117.8715,39.1225],[117.8377,39.057],[117.8555,38.9575],[117.898,38.9486],[117.8475,38.8555],[117.7785,38.869],[117.6461,38.8289],[117.6467,38.7888],[117.741,38.7538],[117.741,38.7001],[117.6566,38.6604],[117.6381,38.5449],[117.6855,38.5393],[117.6449,38.5276],[117.781,38.3739],[117.9578,38.3762],[117.8968,38.2795],[118.0188,38.2024],[118.1124,38.2104],[118.2171,38.1469],[118.5047,38.1139],[118.5522,38.0555],[118.6261,38.1384],[118.9082,38.1394],[118.9741,38.0942],[119.0018,37.9961],[119.1108,37.9216],[119.1613,37.8191],[119.2402,37.8781],[119.2919,37.8696],[119.3091,37.8053],[119.2623,37.6605],[119.024,37.642],[118.9396,37.5273],[119.0012,37.3186],[119.04,37.3043],[119.0541,37.2548],[119.1281,37.2548],[119.1367,37.231],[119.2044,37.2801],[119.2069,37.2234],[119.2987,37.1972],[119.3276,37.1156],[119.6787,37.1581],[119.7403,37.1337],[119.8924,37.2639],[119.8438,37.3767],[120.1444,37.4817],[120.2466,37.5567],[120.2084,37.5885],[120.2152,37.6212],[120.2725,37.6368],[120.2275,37.6937],[120.3679,37.6979],[120.4548,37.7576],[120.5909,37.7642],[120.7332,37.8337],[120.8749,37.8332],[120.9408,37.8195],[120.9432,37.7855],[121.0375,37.7188],[121.136,37.7235],[121.1742,37.5975],[121.3048,37.5828],[121.3584,37.5975],[121.3491,37.6354],[121.391,37.6254],[121.4354,37.5927],[121.3959,37.5899],[121.4009,37.5576],[121.4773,37.476],[121.5715,37.4413],[121.6355,37.494],[121.9238,37.4731],[121.9977,37.4945],[122.0174,37.5311],[122.1505,37.5572],[122.1634,37.5192],[122.132,37.4993],[122.1665,37.4389],[122.2527,37.4679],[122.3371,37.4142],[122.7017,37.4185],[122.7141,37.3924],[122.6075,37.3643],[122.5736,37.2962],[122.5675,37.2596],[122.5927,37.2615],[122.6241,37.191],[122.5736,37.1762],[122.581,37.1476],[122.4843,37.129],[122.4671,37.0373],[122.5835,37.0373],[122.5447,37.0048],[122.5324,36.9015],[122.4892,36.8867],[122.4831,36.9139],[122.4344,36.9144],[122.4547,36.879],[122.3445,36.8282],[122.1745,36.8426],[122.1757,36.8943],[122.1197,36.8919],[122.1412,36.9383],[122.0519,36.9048],[122.0427,36.8718],[122.0088,36.9622],[121.6319,36.8009],[121.6516,36.7237],[121.5561,36.7645],[121.5752,36.74],[121.5321,36.7362],[121.4865,36.7847],[121.3941,36.7381],[121.4009,36.7012],[121.2986,36.7022],[121.0288,36.573],[120.8471,36.6186],[120.9833,36.5461],[120.9654,36.4662],[120.9087,36.4503],[120.918,36.4176],[120.8718,36.367],[120.8287,36.4667],[120.7597,36.4628],[120.6944,36.3901],[120.7443,36.3279],[120.663,36.3318],[120.7123,36.1266],[120.286,36.0473],[120.3624,36.1962],[120.3199,36.2324],[120.2971,36.2257],[120.31,36.1851],[120.1813,36.2039],[120.1086,36.1276],[120.1166,36.1029],[120.2392,36.0623],[120.1986,35.9955],[120.2571,36.0251],[120.2491,35.9921],[120.3162,36.0023],[120.3051,35.9718],[120.2023,35.8918],[120.1696,35.8884],[120.2078,35.9476],[120.0643,35.8734],[120.0138,35.7142],[119.9263,35.7599],[119.9503,35.7297],[119.9251,35.6374],[119.8684,35.6087],[119.8241,35.6461],[119.7723,35.579],[119.7514,35.6179],[119.6621,35.5892],[119.5795,35.4065],[119.59,35.3728],[119.5438,35.3479],[119.5383,35.2967],[119.4933,35.3187],[119.4508,35.2854],[119.3978,35.1378],[119.428,35.1211],[119.3738,35.0785],[119.3061,35.0766],[119.25,35.1246],[119.1379,35.0962],[119.1145,35.055],[118.8626,35.0256],[118.8607,34.9442],[118.7191,34.7453],[118.7837,34.7232],[118.6901,34.6784],[118.546,34.706],[118.461,34.6563],[118.4739,34.6233],[118.4247,34.5952],[118.4394,34.5079],[118.3797,34.4152],[118.2904,34.4246],[118.1795,34.3796],[118.1777,34.4532],[118.1327,34.4833],[118.1851,34.5439],[118.0791,34.5696],[118.1148,34.6144],[118.084,34.6558],[117.9516,34.6784],[117.903,34.6444],[117.7939,34.6518],[117.8019,34.5188],[117.6843,34.5474],[117.5925,34.4626],[117.5383,34.467],[117.465,34.4848],[117.3708,34.5848],[117.2729,34.5568],[117.3036,34.5425],[117.2679,34.5326],[117.2482,34.4512],[117.1663,34.4344],[117.1515,34.5592],[117.1041,34.6489],[117.0733,34.639],[117.0702,34.7138],[116.9692,34.7719],[116.9661,34.8446],[116.9292,34.8431],[116.9224,34.8947],[116.822,34.9295],[116.8158,34.9653],[116.7893,34.9751],[116.7813,34.9168],[116.6224,34.9398],[116.445,34.8957],[116.4081,34.851],[116.4031,34.7561],[116.3693,34.7492],[116.3637,34.7153],[116.3921,34.7104],[116.3742,34.64],[116.3249,34.6011],[116.2861,34.609],[116.2479,34.5518],[116.1968,34.576],[116.2042,34.5084],[116.1623,34.4596],[116.2134,34.3821],[116.3576,34.3198],[116.3723,34.2659],[116.5165,34.2961],[116.5824,34.2664],[116.5454,34.2417],[116.5658,34.1694],[116.5282,34.1229],[116.6415,33.9781],[116.6434,33.8967],[116.567,33.9081],[116.5584,33.8813],[116.4376,33.8465],[116.437,33.8012],[116.1555,33.7097],[116.0558,33.8047],[116.0594,33.8609],[115.9825,33.917],[116.0003,33.9652],[115.9578,34.0079],[115.8765,34.0287],[115.85,34.0049],[115.8094,34.0624],[115.7361,34.0768],[115.6585,34.0614],[115.6073,34.0302],[115.5476,33.8748],[115.632,33.8698],[115.6141,33.7759],[115.563,33.7729],[115.64,33.5851],[115.4226,33.5572],[115.3949,33.5063],[115.3456,33.5028],[115.3135,33.377],[115.3653,33.336],[115.3616,33.2985],[115.3351,33.298],[115.2895,33.1318],[115.1947,33.1207],[115.1682,33.0887],[115.0413,33.0867],[114.9662,33.1473],[114.9027,33.1298],[114.9255,33.0169],[114.8916,33.0204],[114.883,32.9903],[114.9434,32.9351],[115.0351,32.9326],[115.0296,32.907],[115.1392,32.8979],[115.1971,32.8562],[115.2008,32.5919],[115.3055,32.5833],[115.3049,32.553],[115.4115,32.5752],[115.523,32.442],[115.6264,32.4051],[115.6579,32.4289],[115.6677,32.4097],[115.7047,32.495],[115.7422,32.4763],[115.7718,32.5051],[115.7891,32.4688],[115.8913,32.5762],[115.9104,32.5672],[115.8457,32.5016],[115.8833,32.4879],[115.8654,32.4587],[115.9418,32.1663],[115.895,31.8649],[115.9147,31.8146],[115.8864,31.7764],[115.6763,31.7785],[115.4952,31.6731],[115.4854,31.6089],[115.3714,31.4957],[115.3739,31.4058],[115.2507,31.392],[115.2113,31.4421],[115.2359,31.5554],[115.1645,31.6048],[115.1251,31.5992],[115.0961,31.5084],[115.0228,31.5278],[114.9951,31.4712],[114.9625,31.4946],[114.83,31.4589],[114.7789,31.5207],[114.6964,31.5258],[114.6416,31.5824],[114.5726,31.5538],[114.5479,31.6237],[114.5861,31.7622],[114.4438,31.7281],[114.2929,31.7525],[114.1919,31.8522],[113.9887,31.75],[113.9523,31.7937],[113.9579,31.8527],[113.9147,31.8771],[113.8544,31.843],[113.8057,31.9294],[113.8174,31.9645],[113.7577,31.9899],[113.7916,32.036],[113.7287,32.0832],[113.7226,32.1243],[113.7503,32.1161],[113.7823,32.1846],[113.7386,32.2559],[113.7675,32.3702],[113.7355,32.4107],[113.6505,32.4127],[113.6246,32.3612]],[[121.4892,36.7874],[121.4853,36.7861],[121.4865,36.7847],[121.4892,36.7874]],[[121.5487,36.8076],[121.5653,36.8306],[121.4892,36.7874],[121.5487,36.8076]]],[[[120.193,35.7569],[120.1696,35.7404],[120.1721,35.7856],[120.193,35.7569]]],[[[120.7646,37.8951],[120.7215,37.9173],[120.7295,37.9471],[120.7646,37.9239],[120.7646,37.8951]]],[[[120.6316,37.981],[120.6266,37.9457],[120.602,37.9787],[120.6316,37.981]]],[[[120.7326,37.9617],[120.6925,37.9839],[120.7246,37.9876],[120.7326,37.9617]]],[[[120.7424,38.1991],[120.7874,38.1587],[120.7504,38.1502],[120.7424,38.1991]]],[[[118.8694,39.1429],[118.8577,39.0988],[118.8201,39.1086],[118.8694,39.1429]]],[[[120.9783,36.4286],[120.99,36.4132],[120.9506,36.4147],[120.9783,36.4286]]],[[[121.4896,37.5776],[121.489,37.578],[121.4896,37.5785],[121.4896,37.5776]]],[[[121.489,37.5785],[121.4877,37.578],[121.4859,37.5785],[121.489,37.5785]]],[[[120.8484,38.3058],[120.8022,38.2842],[120.8163,38.318],[120.8484,38.3058]]],[[[120.9149,38.3734],[120.9186,38.3452],[120.8952,38.3631],[120.9149,38.3734]]],[[[122.7387,39.0347],[122.7578,39.0096],[122.7048,39.0445],[122.7387,39.0347]]],[[[123.1606,39.0254],[123.1458,39.0919],[123.2006,39.0779],[123.1606,39.0254]]],[[[122.3932,39.2134],[122.3987,39.162],[122.3661,39.175],[122.3451,39.1448],[122.3186,39.1708],[122.3932,39.2134]]],[[[122.7516,39.2297],[122.6968,39.2065],[122.69,39.2348],[122.6284,39.232],[122.7405,39.2487],[122.7516,39.2297]]],[[[122.5034,39.2413],[122.5478,39.2292],[122.5022,39.2241],[122.5034,39.2413]]],[[[122.679,39.2686],[122.5089,39.2904],[122.5391,39.3084],[122.679,39.2686]]],[[[123.0867,39.4269],[123.0541,39.4578],[123.0904,39.4509],[123.0867,39.4269]]],[[[123.0362,39.5331],[122.9955,39.4953],[122.945,39.5202],[122.9611,39.5511],[123.0362,39.5331]]],[[[123.7168,39.7451],[123.7199,39.7631],[123.7568,39.7543],[123.7168,39.7451]]],[[[120.7745,40.4802],[120.8053,40.5257],[120.8299,40.5161],[120.833,40.492],[120.7745,40.4802]]]]}},{"type":"Feature","properties":{"name":"热带季雨林","vegetation_zone":"热带季雨林","region_code":"CN_VEGETATION_ZONE_热带","source_year":"approximated","source_name":"按省级区划归并的教学示意","license":"derived educational geometry","__fillColor":"#16a34a","__fillOpacity":0.45,"__strokeColor":"#0f172a","__strokeWidth":0.6},"geometry":{"type":"MultiPolygon","coordinates":[[[[112.0737,3.866],[112.0645,3.8302],[111.9973,3.8481],[112.0337,3.8923],[112.0737,3.866]]],[[[112.2603,3.9179],[112.28,3.8678],[112.2419,3.8457],[112.2086,3.8761],[112.2603,3.9179]]],[[[112.2924,3.9466],[112.2419,3.9424],[112.2542,3.9794],[112.2924,3.9466]]],[[[112.3854,5.6432],[112.386,5.6158],[112.3503,5.6217],[112.3854,5.6432]]],[[[109.9389,7.5046],[109.7091,7.5111],[109.5132,7.32],[109.464,7.3153],[109.536,7.4488],[109.6531,7.5597],[109.8163,7.5728],[109.905,7.5514],[109.9389,7.5046]]],[[[111.6124,7.5924],[111.5834,7.5431],[111.5428,7.5247],[111.5668,7.606],[111.6124,7.5924]]],[[[111.7263,7.73],[111.7497,7.7039],[111.7072,7.6487],[111.6703,7.6511],[111.7263,7.73]]],[[[110.5117,7.8059],[110.4606,7.7999],[110.4852,7.8278],[110.5117,7.8059]]],[[[111.5853,7.7715],[111.5539,7.8077],[111.6037,7.8616],[111.6198,7.8403],[111.5853,7.7715]]],[[[109.9364,7.8237],[109.953,7.8889],[110.0781,7.9493],[110.0503,7.8462],[109.9881,7.8124],[109.9364,7.8237]]],[[[111.7134,7.9274],[111.7128,7.8871],[111.6389,7.9073],[111.6518,7.9327],[111.7134,7.9274]]],[[[110.6429,7.989],[110.609,8.011],[110.6226,8.0412],[110.6416,8.0311],[110.6429,7.989]]],[[[111.9548,8.1064],[112.0133,8.0933],[112.0189,8.0655],[111.9493,8.0507],[111.9253,8.0708],[111.9548,8.1064]]],[[[110.4618,8.1283],[110.5684,8.1727],[110.5998,8.1567],[110.5542,8.0939],[110.471,8.072],[110.4618,8.1283]]],[[[111.5095,8.5505],[111.4972,8.5239],[111.4633,8.525],[111.5095,8.5505]]],[[[111.666,8.6227],[111.6579,8.673],[111.6974,8.6789],[111.7177,8.6499],[111.666,8.6227]]],[[[112.2412,8.8528],[112.2357,8.8274],[112.208,8.8356],[112.2412,8.8528]]],[[[112.2887,8.8859],[112.2813,8.8551],[112.2443,8.8747],[112.2887,8.8859]]],[[[112.1803,8.8622],[112.2061,8.8877],[112.2166,8.8664],[112.1803,8.8622]]],[[[112.2406,15.7411],[112.2339,15.6961],[112.2037,15.714],[112.2406,15.7411]]],[[[111.7916,16.0289],[111.7614,16.0616],[111.8298,16.0708],[111.8286,16.0496],[111.7916,16.0289]]],[[[111.5779,16.2082],[111.6493,16.2559],[111.6814,16.2623],[111.5988,16.1985],[111.6068,16.1778],[111.6906,16.2111],[111.6111,16.1565],[111.568,16.1628],[111.5779,16.2082]]],[[[111.8169,16.2243],[111.7343,16.1973],[111.7904,16.2203],[111.7898,16.2502],[111.7165,16.249],[111.8132,16.2617],[111.8169,16.2243]]],[[[111.9745,16.3237],[112.0472,16.3605],[112.0762,16.3237],[112.0023,16.3065],[111.9745,16.3237]]],[[[111.4953,16.4374],[111.5385,16.4615],[111.5458,16.4345],[111.4953,16.4374]]],[[[111.6142,16.4403],[111.5729,16.4701],[111.5927,16.4908],[111.6142,16.4403]]],[[[111.7596,16.5459],[111.7867,16.52],[111.7393,16.4529],[111.7657,16.4954],[111.7596,16.5459]]],[[[111.7171,16.594],[111.7245,16.5602],[111.6906,16.5877],[111.7171,16.594]]],[[[112.2622,16.7781],[112.2265,16.7591],[112.2111,16.7958],[112.2622,16.7781]]],[[[112.3342,16.9625],[112.349,16.9121],[112.3022,16.963],[112.3342,16.9625]]],[[[112.293,16.9676],[112.2228,16.9608],[112.208,16.9871],[112.2665,16.9939],[112.293,16.9676]]],[[[111.5422,17.1198],[111.5594,17.0878],[111.4861,17.058],[111.5366,17.1049],[111.4522,17.0929],[111.5422,17.1198]]],[[[110.5265,20.0752],[110.6878,20.1639],[110.7445,20.074],[110.8086,20.0358],[110.9662,20.0184],[111.0716,19.6288],[110.9207,19.5527],[110.8443,19.45],[110.7297,19.3789],[110.6195,19.1523],[110.5782,18.7845],[110.4994,18.7516],[110.4994,18.6518],[110.2462,18.6099],[110.1169,18.5066],[110.0707,18.376],[109.7855,18.3397],[109.7498,18.1936],[109.5847,18.1436],[109.3556,18.2152],[109.2878,18.2647],[109.1388,18.2681],[109.1086,18.3238],[108.9447,18.3141],[108.8813,18.4163],[108.6891,18.4476],[108.6448,18.4867],[108.6639,18.6734],[108.6528,18.7403],[108.593,18.8094],[108.5955,18.8723],[108.638,18.9243],[108.5912,19.1416],[108.609,19.2767],[108.6448,19.3495],[108.7655,19.4009],[109.0488,19.6198],[109.0938,19.6897],[109.1474,19.7049],[109.1591,19.7905],[109.2595,19.8986],[109.3007,19.9177],[109.4985,19.8732],[109.5268,19.9436],[109.658,20.0116],[109.7122,20.0173],[109.7615,19.9813],[109.9974,19.9801],[110.1446,20.0746],[110.2893,20.056],[110.3183,20.1089],[110.3873,20.1134],[110.5265,20.0752]]],[[[111.204,19.9256],[111.2034,19.9256],[111.204,19.9261],[111.204,19.9256]]],[[[112.9434,4.9919],[112.9071,4.9931],[112.9108,5.0384],[112.9527,5.0479],[112.9434,4.9919]]],[[[112.7192,5.0759],[112.6558,5.0557],[112.6508,5.1069],[112.6786,5.1212],[112.7192,5.0759]]],[[[112.5689,5.0718],[112.5572,5.1093],[112.6016,5.1201],[112.6108,5.0914],[112.5689,5.0718]]],[[[112.6909,5.4067],[112.6404,5.3477],[112.612,5.368],[112.6237,5.4019],[112.6909,5.4067]]],[[[112.6428,5.4895],[112.6145,5.4657],[112.5831,5.5616],[112.6163,5.5687],[112.6428,5.4895]]],[[[112.5615,5.6771],[112.5658,5.6307],[112.5449,5.6164],[112.5289,5.6873],[112.5615,5.6771]]],[[[112.4981,5.7754],[112.4969,5.7367],[112.4722,5.7397],[112.4981,5.7754]]],[[[112.5628,5.7593],[112.5277,5.7944],[112.5621,5.8206],[112.5628,5.7593]]],[[[112.5757,5.9712],[112.5535,5.9427],[112.5541,5.9784],[112.5757,5.9712]]],[[[113.244,6.3259],[113.2304,6.2854],[113.2175,6.3062],[113.244,6.3259]]],[[[113.6234,6.9423],[113.5803,6.9203],[113.6,6.9619],[113.6234,6.9423]]],[[[113.8291,7.3835],[113.8285,7.3621],[113.7922,7.3734],[113.8291,7.3835]]],[[[113.7737,7.6019],[113.7694,7.6369],[113.8316,7.6446],[113.815,7.6031],[113.7737,7.6019]]],[[[112.9317,7.8675],[112.9299,7.8278],[112.8923,7.8444],[112.9317,7.8675]]],[[[113.236,8.0685],[113.2699,8.12],[113.2834,8.1111],[113.236,8.0685]]],[[[113.289,8.1194],[113.3432,8.1935],[113.2662,8.1259],[113.3536,8.2379],[113.3542,8.3042],[113.3863,8.2894],[113.3863,8.2385],[113.289,8.1194]]],[[[112.9496,8.4327],[112.9853,8.4291],[112.9453,8.4102],[112.9496,8.4327]]],[[[112.5708,8.8155],[112.5375,8.8463],[112.5985,8.8593],[112.6398,8.8185],[112.5708,8.8155]]],[[[113.9123,8.8889],[113.9394,8.8753],[113.9166,8.838],[113.8938,8.8628],[113.9123,8.8889]]],[[[112.8732,8.9084],[112.8596,8.8894],[112.8233,8.9107],[112.8732,8.9084]]],[[[112.3848,8.9468],[112.3928,8.9196],[112.346,8.9261],[112.3848,8.9468]]],[[[113.7195,9.0201],[113.6548,8.9622],[113.6382,8.9769],[113.645,8.9894],[113.7195,9.0201]]],[[[113.6973,9.2257],[113.677,9.2027],[113.6604,9.231],[113.6973,9.2257]]],[[[112.5689,9.5168],[112.5123,9.5446],[112.5671,9.554],[112.5689,9.5168]]],[[[113.8655,10.0034],[113.8458,10.0187],[113.8722,10.123],[113.8655,10.0034]]],[[[113.6382,10.2432],[113.6179,10.222],[113.5969,10.2408],[113.6382,10.2432]]],[[[113.8901,15.4909],[113.8938,15.4638],[113.8605,15.4771],[113.8901,15.4909]]],[[[112.4488,16.0053],[112.4624,16.0438],[112.588,16.0708],[112.612,16.0392],[112.4488,16.0053]]],[[[112.3835,16.2657],[112.5092,16.3174],[112.5369,16.3122],[112.5313,16.2858],[112.3835,16.2657]]],[[[112.6779,16.3593],[112.7013,16.3318],[112.6718,16.3318],[112.6779,16.3593]]],[[[112.6816,16.4007],[112.6465,16.3857],[112.6601,16.4265],[112.6816,16.4007]]],[[[112.5073,16.4661],[112.4993,16.4936],[112.5868,16.5258],[112.5073,16.4661]]],[[[113.8322,19.1586],[113.807,19.223],[113.9203,19.2236],[113.9147,19.1721],[113.8322,19.1586]]],[[[112.9933,19.472],[112.9933,19.5262],[113.0481,19.5064],[112.9933,19.472]]],[[[114.8695,7.1989],[114.8196,7.193],[114.8541,7.2446],[114.8695,7.1989]]],[[[115.0124,7.485],[114.9489,7.5087],[115.0136,7.5259],[115.0124,7.485]]],[[[114.6717,7.5639],[114.6656,7.59],[114.7038,7.6149],[114.7216,7.5918],[114.6717,7.5639]]],[[[114.4728,7.9689],[114.5405,7.9458],[114.5553,7.8912],[114.4198,7.7656],[114.3687,7.6386],[114.0589,7.5378],[113.9197,7.5669],[113.8969,7.6072],[113.9215,7.6392],[114.0293,7.6701],[114.2116,7.7869],[114.2683,7.8705],[114.4728,7.9689]]],[[[113.94,8.0181],[113.9708,7.9446],[113.9049,7.9636],[113.895,8.0051],[113.94,8.0181]]],[[[114.9076,7.9511],[114.8682,7.9837],[114.883,8.0116],[114.9144,8.0074],[114.9076,7.9511]]],[[[114.6243,8.1496],[114.5301,8.1034],[114.5079,8.12],[114.596,8.1579],[114.6243,8.1496]]],[[[114.7771,8.1141],[114.7918,8.1609],[114.8183,8.1413],[114.8122,8.1105],[114.7771,8.1141]]],[[[114.6914,8.1852],[114.6699,8.21],[114.7413,8.1893],[114.6914,8.1852]]],[[[114.2012,8.728],[114.1944,8.7647],[114.2221,8.7848],[114.2486,8.7244],[114.2012,8.728]]],[[[113.9751,8.7931],[113.956,8.8404],[114.0121,8.7984],[113.9751,8.7931]]],[[[113.977,8.8729],[114.0601,8.8161],[114.0355,8.7836],[113.977,8.8729]]],[[[114.6656,8.9001],[114.6822,8.8812],[114.6459,8.8445],[114.5991,8.8463],[114.6656,8.9001]]],[[[114.1753,9.3421],[114.1667,9.3846],[114.1944,9.3917],[114.1956,9.3509],[114.1753,9.3421]]],[[[114.681,9.7074],[114.7149,9.7369],[114.705,9.7003],[114.681,9.7074]]],[[[114.6422,9.9174],[114.6175,9.9657],[114.6859,9.9792],[114.6724,9.928],[114.6422,9.9174]]],[[[114.2652,10.2756],[114.3262,10.2844],[114.2424,10.242],[114.2652,10.2756]]],[[[114.7475,10.3721],[114.7259,10.3192],[114.7025,10.3127],[114.6896,10.3456],[114.7173,10.3804],[114.7475,10.3721]]],[[[114.5627,10.7781],[114.4931,10.7175],[114.5393,10.7933],[114.5627,10.7781]]],[[[114.4753,10.8145],[114.5547,10.9009],[114.5874,10.9091],[114.5935,10.8562],[114.5652,10.8363],[114.5134,10.8486],[114.4753,10.8145]]],[[[114.931,10.8416],[114.9107,10.8633],[114.96,10.9021],[114.931,10.8416]]],[[[114.0644,10.9044],[114.0749,10.9291],[114.0965,10.9479],[114.11,10.9185],[114.0644,10.9044]]],[[[114.697,11.0043],[114.7666,11.11],[114.7999,11.1048],[114.697,11.0043]]],[[[115.0216,11.086],[115.0136,11.0631],[114.9853,11.0783],[115.0216,11.086]]],[[[114.7222,11.4293],[114.689,11.4692],[114.7204,11.4921],[114.7376,11.4639],[114.7222,11.4293]]],[[[114.6526,11.437],[114.62,11.4323],[114.6212,11.5185],[114.6619,11.5226],[114.6526,11.437]]],[[[114.4919,15.5935],[114.4666,15.5768],[114.4574,15.5993],[114.4919,15.5935]]],[[[114.6108,15.6154],[114.5812,15.6252],[114.6101,15.6494],[114.6108,15.6154]]],[[[113.9708,15.8395],[113.9733,15.8056],[113.9388,15.8355],[113.9708,15.8395]]],[[[114.1106,15.9782],[114.1057,16.0041],[114.1322,16.0076],[114.1106,15.9782]]],[[[114.8953,16.0363],[114.9261,16.0369],[114.9107,16.0018],[114.8953,16.0363]]],[[[114.312,16.0346],[114.2129,16.0409],[114.3065,16.0576],[114.312,16.0346]]],[[[114.5214,16.0565],[114.4482,16.034],[114.4654,16.0674],[114.5214,16.0565]]],[[[114.8165,16.1985],[114.7032,16.1703],[114.7044,16.199],[114.8165,16.1985]]],[[[115.1676,8.3865],[115.2027,8.3954],[115.3154,8.3563],[115.2852,8.3149],[115.2359,8.322],[115.1811,8.3457],[115.1676,8.3865]]],[[[115.5143,8.5191],[115.5587,8.5233],[115.5544,8.4611],[115.5217,8.4605],[115.5143,8.5191]]],[[[115.2963,8.5108],[115.271,8.4771],[115.2581,8.5097],[115.2963,8.5108]]],[[[116.2941,8.8581],[116.2732,8.8794],[116.3058,8.9172],[116.3323,8.9013],[116.2941,8.8581]]],[[[116.6994,9.0491],[116.7493,9.0567],[116.7407,9.0284],[116.6994,9.0491]]],[[[116.5005,9.1643],[116.4771,9.1371],[116.4573,9.1743],[116.5005,9.1643]]],[[[115.9991,9.2936],[115.943,9.2694],[115.9264,9.3114],[115.9775,9.322],[115.9991,9.2936]]],[[[115.4503,9.345],[115.4361,9.3934],[115.4564,9.4171],[115.47,9.3592],[115.4503,9.345]]],[[[116.1876,9.5953],[116.1894,9.5652],[116.1525,9.5794],[116.1876,9.5953]]],[[[115.8377,9.7098],[115.871,9.7788],[115.9258,9.7817],[115.9012,9.6708],[115.8673,9.6502],[115.8377,9.7098]]],[[[116.5935,9.7239],[116.5664,9.7186],[116.5571,9.7452],[116.5935,9.7239]]],[[[116.5085,9.7912],[116.4697,9.81],[116.4906,9.8212],[116.5085,9.7912]]],[[[115.5852,9.8961],[115.5482,9.869],[115.5002,9.8979],[115.518,9.9339],[115.5852,9.8961]]],[[[117.3542,10.0629],[117.3739,10.1065],[117.3856,10.0635],[117.3542,10.0629]]],[[[116.0675,10.0659],[116.0453,10.0953],[116.0705,10.1289],[116.0958,10.0936],[116.0675,10.0659]]],[[[115.2883,10.1725],[115.2889,10.2114],[115.3333,10.2002],[115.2883,10.1725]]],[[[117.2993,10.3139],[117.2581,10.3203],[117.2747,10.358],[117.3,10.3433],[117.2993,10.3139]]],[[[116.6446,10.3351],[116.4672,10.3091],[116.4617,10.3492],[116.5263,10.4269],[116.5146,10.3492],[116.6378,10.3651],[116.6446,10.3351]]],[[[115.802,10.4634],[115.7761,10.4345],[115.7583,10.461],[115.802,10.4634]]],[[[116.8688,10.4957],[116.8552,10.4687],[116.8325,10.4769],[116.8688,10.4957]]],[[[116.6532,10.491],[116.6994,10.5175],[116.7087,10.4928],[116.6532,10.491]]],[[[115.8051,10.5246],[115.7952,10.4999],[115.7823,10.541],[115.8051,10.5246]]],[[[117.2932,10.7351],[117.3696,10.7422],[117.4182,10.7028],[117.4047,10.671],[117.2667,10.6916],[117.2932,10.7351]]],[[[117.2069,10.7075],[117.1872,10.7416],[117.2137,10.7351],[117.2069,10.7075]]],[[[117.7755,10.8092],[117.8019,10.8398],[117.8315,10.8386],[117.7989,10.7534],[117.7755,10.8092]]],[[[117.656,11.0249],[117.6911,11.049],[117.6905,11.0167],[117.656,11.0249]]],[[[117.2642,11.0631],[117.2993,11.0777],[117.3043,11.0272],[117.2846,11.0255],[117.2642,11.0631]]],[[[116.7721,11.4458],[116.7271,11.5015],[116.7382,11.515],[116.7721,11.4458]]],[[[115.4232,13.9774],[115.4386,13.9438],[115.3973,13.9252],[115.3616,13.949],[115.4232,13.9774]]],[[[117.725,15.1313],[117.8278,15.1117],[117.7126,15.1186],[117.7151,15.2226],[117.7484,15.2301],[117.8389,15.159],[117.7847,15.1689],[117.7447,15.2179],[117.725,15.1313]]],[[[116.7388,16.3036],[116.708,16.2996],[116.7179,16.3737],[116.7475,16.3605],[116.7388,16.3036]]]]}},{"type":"Feature","properties":{"name":"高寒植被","vegetation_zone":"高寒植被","region_code":"CN_VEGETATION_ZONE_高寒","source_year":"approximated","source_name":"按省级区划归并的教学示意","license":"derived educational geometry","__fillColor":"#06b6d4","__fillOpacity":0.45,"__strokeColor":"#0f172a","__strokeWidth":0.6},"geometry":{"type":"Polygon","coordinates":[[[97.700763,32.53488],[97.940363,32.482393],[98.218768,32.342444],[98.218768,32.234683],[98.434962,32.007613],[98.432498,31.922825],[98.399238,31.895899],[98.414636,31.832365],[98.545831,31.717383],[98.553839,31.660349],[98.619128,31.591555],[98.887062,31.37465],[98.773113,31.249382],[98.691809,31.333253],[98.643766,31.338876],[98.602498,31.192062],[98.675179,31.15417],[98.806374,30.995783],[98.774345,30.908019],[98.797135,30.87926],[98.957895,30.765166],[98.963438,30.728134],[98.907388,30.698292],[98.965286,30.449937],[98.9813,30.182843],[99.044742,30.079842],[99.068148,29.931621],[98.992387,29.677163],[99.052133,29.563748],[99.075539,29.316186],[99.113727,29.221171],[99.024416,29.188783],[98.9813,29.204978],[98.960974,29.165792],[99.013329,29.036632],[98.925866,28.978536],[98.917859,28.886877],[98.973909,28.864867],[98.972677,28.832367],[98.852569,28.798283],[98.786048,28.998952],[98.624056,28.95864],[98.683802,28.740054],[98.594491,28.667615],[98.637606,28.552029],[98.625903,28.489455],[98.673947,28.478934],[98.740468,28.348395],[98.712135,28.229296],[98.625903,28.165475],[98.559382,28.182885],[98.464527,28.151229],[98.428803,28.104785],[98.389383,28.114814],[98.37768,28.246167],[98.301303,28.384204],[98.208913,28.358401],[98.266811,28.242477],[98.169492,28.206093],[98.17442,28.163365],[98.139311,28.142259],[98.090036,28.195544],[98.03337,28.187105],[98.020435,28.253548],[97.907718,28.363141],[97.801161,28.326798],[97.68598,28.519958],[97.569567,28.541515],[97.521524,28.495766],[97.485184,28.38631],[97.518445,28.327852],[97.461162,28.26778],[97.422358,28.297293],[97.398336,28.238786],[97.349677,28.235623],[97.352757,28.149646],[97.305945,28.071522],[97.375547,28.062545],[97.413119,28.01342],[97.379242,27.970087],[97.386634,27.882839],[97.324424,27.880723],[97.303482,27.913516],[97.253591,27.891832],[97.103301,27.780697],[97.097758,27.740979],[97.062649,27.742568],[97.049099,27.81405],[97.008447,27.807698],[96.972722,27.861149],[96.810114,27.890245],[96.538485,28.075218],[96.499681,28.067297],[96.426384,28.161782],[96.398667,28.118509],[96.298269,28.140148],[96.275479,28.228241],[95.989067,28.198181],[95.907763,28.241422],[95.874502,28.29782],[95.832003,28.295186],[95.39715,28.142259],[95.28628,27.939955],[94.88592,27.743098],[94.524979,27.596282],[94.277372,27.58143],[93.849294,27.168499],[93.817265,27.025183],[93.56781,26.938252],[93.111399,26.880082],[92.909371,26.914241],[92.802813,26.895028],[92.64698,26.952656],[92.109265,26.854991],[92.124664,26.960124],[92.02673,27.108318],[92.071077,27.237694],[92.125896,27.273339],[92.010715,27.474758],[91.71876,27.467324],[91.585101,27.540578],[91.562311,27.627569],[91.642383,27.7664],[91.610355,27.819343],[91.544449,27.820401],[91.561079,27.855329],[91.618978,27.856916],[91.611586,27.891303],[91.486551,27.937311],[91.464993,28.002852],[91.309776,28.057791],[91.251878,27.970615],[91.162567,27.968501],[91.155175,27.894476],[91.113292,27.846333],[91.025828,27.857445],[90.96485,27.900294],[90.96177,27.9537],[90.896481,27.946299],[90.802242,28.040362],[90.701844,28.076274],[90.591591,28.021345],[90.513983,28.062016],[90.384019,28.06096],[90.297172,28.153868],[90.231882,28.144897],[90.124709,28.190797],[90.103151,28.141731],[90.03355,28.136981],[89.976268,28.189215],[89.901739,28.18183],[89.789638,28.240895],[89.779167,28.197127],[89.605472,28.161782],[89.511233,28.086307],[89.375727,27.875962],[89.238988,27.796581],[89.184786,27.673689],[89.131815,27.633402],[89.163228,27.574534],[89.109025,27.537925],[89.095474,27.471572],[89.182938,27.373829],[89.152757,27.319076],[89.077612,27.287168],[89.067757,27.240354],[88.984605,27.208957],[88.911924,27.272807],[88.920548,27.325456],[88.809063,27.405711],[88.783193,27.467324],[88.797976,27.521473],[88.770874,27.563924],[88.852178,27.671039],[88.888519,27.846863],[88.842939,28.006023],[88.764099,28.068353],[88.67602,28.068353],[88.645223,28.111119],[88.565151,28.083139],[88.554064,28.027684],[88.498013,28.04089],[88.401311,27.976958],[88.357579,27.986471],[88.254101,27.939426],[88.242398,27.967444],[88.156783,27.957929],[88.111819,27.864852],[88.037291,27.901881],[87.982472,27.884426],[87.826639,27.927794],[87.727473,27.802933],[87.668343,27.809815],[87.670191,27.832045],[87.598126,27.814579],[87.58088,27.859562],[87.45954,27.820931],[87.418272,27.825694],[87.421967,27.856916],[87.364069,27.824106],[87.280917,27.845275],[87.227946,27.812991],[87.118309,27.840512],[87.035157,27.946299],[86.935375,27.955286],[86.864542,28.022401],[86.756753,28.032967],[86.768456,28.06941],[86.700086,28.101617],[86.647732,28.06941],[86.568891,28.103201],[86.514689,27.954757],[86.414906,27.904526],[86.231972,27.974315],[86.19132,28.167058],[86.128495,28.086835],[86.086611,28.090002],[86.125415,27.923035],[86.002227,27.90717],[85.949256,27.937311],[85.980053,27.984357],[85.901213,28.053566],[85.854402,28.172334],[85.753388,28.227714],[85.720743,28.372093],[85.682555,28.375779],[85.650526,28.283592],[85.601251,28.254075],[85.602483,28.295712],[85.520563,28.326798],[85.415853,28.321003],[85.379512,28.274105],[85.113427,28.344708],[85.108499,28.461047],[85.189803,28.544669],[85.195963,28.624022],[85.126361,28.676016],[85.05676,28.674441],[84.981616,28.586193],[84.857196,28.567798],[84.698284,28.633478],[84.699515,28.671816],[84.620059,28.732182],[84.483321,28.735331],[84.408176,28.85386],[84.234481,28.889497],[84.248648,29.030353],[84.194445,29.045004],[84.20738,29.118749],[84.176583,29.133909],[84.17104,29.19453],[84.203068,29.239972],[84.130388,29.239972],[84.116837,29.286438],[83.911729,29.323491],[83.82057,29.294267],[83.800244,29.249372],[83.727563,29.244672],[83.656114,29.16736],[83.596368,29.174153],[83.463941,29.285916],[83.415898,29.420496],[83.383253,29.42206],[83.325355,29.502826],[83.27608,29.505951],[83.266841,29.571035],[83.12887,29.623593],[83.088834,29.604863],[83.011226,29.667804],[82.966878,29.658963],[82.9484,29.704718],[82.830756,29.687562],[82.757459,29.761881],[82.691553,29.766037],[82.737749,29.80655],[82.703872,29.847566],[82.6238,29.834588],[82.64351,29.868846],[82.560974,29.955476],[82.498148,29.947698],[82.333693,30.045138],[82.17786,30.06793],[82.207425,30.143519],[82.114418,30.226806],[82.132896,30.30434],[82.104563,30.346182],[81.99123,30.322939],[81.63029,30.446842],[81.613044,30.412784],[81.566232,30.428782],[81.555761,30.369421],[81.418407,30.420525],[81.432573,30.379231],[81.399929,30.319323],[81.427646,30.305373],[81.393769,30.199396],[81.335871,30.149729],[81.269349,30.153351],[81.293371,30.094859],[81.256415,30.011978],[81.131995,30.016124],[81.034677,30.246971],[80.81725,30.321389],[80.633084,30.458707],[80.549316,30.448905],[80.43044,30.515952],[80.357759,30.520592],[80.322035,30.564403],[80.214245,30.586044],[80.143412,30.55822],[80.04363,30.603559],[79.970333,30.685941],[79.961094,30.771337],[79.900732,30.7991],[79.913051,30.833022],[79.835443,30.851006],[79.75845,30.936769],[79.668523,30.980392],[79.59769,30.925989],[79.505915,31.027584],[79.427075,31.018353],[79.404901,31.071678],[79.316206,31.01784],[79.33222,30.969103],[79.227511,30.949088],[79.181931,31.015788],[79.096931,30.992192],[79.010084,31.043994],[78.97436,31.115751],[78.997765,31.158779],[78.865338,31.312804],[78.859179,31.289281],[78.795121,31.301043],[78.755085,31.355742],[78.792041,31.435944],[78.729832,31.478316],[78.740303,31.532912],[78.845628,31.609905],[78.798817,31.675629],[78.763092,31.668499],[78.654687,31.819144],[78.739687,31.885228],[78.762476,31.947203],[78.60726,32.023851],[78.509941,32.147065],[78.469905,32.127808],[78.430485,32.212407],[78.508709,32.297939],[78.458818,32.379853],[78.472985,32.435431],[78.395377,32.530339],[78.741534,32.703743],[78.781571,32.608009],[78.760629,32.563635],[78.782186,32.480373],[78.970664,32.331826],[79.005772,32.375304],[79.103091,32.369744],[79.135736,32.472295],[79.252148,32.516715],[79.308199,32.596918],[79.27309,32.678056],[79.301423,32.728919],[79.275554,32.778746],[79.225047,32.784281],[79.255844,32.942628],[79.162837,33.01191],[79.152366,33.184375],[79.072294,33.22844],[79.022403,33.323504],[78.84994,33.419963],[78.74215,33.55323],[78.755085,33.623025],[78.684868,33.654415],[78.779723,33.73259],[78.744614,33.980585],[78.656535,34.030196],[78.661462,34.086718],[78.9257,34.155584],[78.981751,34.31836],[79.019939,34.313417],[79.048888,34.348506],[79.0107,34.399877],[79.039033,34.421601],[79.161605,34.441345],[79.241677,34.415183],[79.545335,34.476381],[79.675914,34.451216],[79.699936,34.477861],[79.801566,34.478847],[79.861312,34.528166],[79.84345,34.55725],[79.88595,34.642965],[79.866856,34.671517],[79.906892,34.683821],[79.898268,34.732035],[79.947544,34.821008],[79.926602,34.849499],[79.996819,34.856375],[80.034391,34.902033],[80.031311,35.034447],[80.23026,35.147565],[80.257977,35.203331],[80.362687,35.20871],[80.267832,35.295701],[80.321419,35.38699],[80.375006,35.387966],[80.432904,35.449418],[80.514824,35.391869],[80.65649,35.393821],[80.689135,35.339162],[80.844351,35.345508],[80.963844,35.310842],[81.026053,35.31133],[81.002648,35.334768],[81.030981,35.337209],[81.031597,35.380648],[81.09935,35.40748],[81.142466,35.365032],[81.191741,35.36552],[81.219458,35.319144],[81.363588,35.354783],[81.441196,35.333303],[81.513261,35.23511],[81.68634,35.235599],[81.927789,35.271275],[81.955506,35.307423],[82.030034,35.321585],[82.05344,35.35039],[82.034346,35.451855],[82.328149,35.559523],[82.336156,35.651486],[82.392823,35.656349],[82.424852,35.712736],[82.468583,35.717595],[82.628727,35.692324],[82.731589,35.637868],[82.795031,35.688436],[82.967494,35.667532],[82.998907,35.484512],[83.067892,35.46258],[83.127022,35.398699],[83.251442,35.417722],[83.622238,35.335256],[83.885244,35.367472],[83.906186,35.40309],[84.005968,35.422599],[84.077417,35.400163],[84.095895,35.362592],[84.160569,35.359663],[84.45314,35.473303],[84.475929,35.516181],[84.448828,35.550272],[84.729081,35.613546],[85.053065,35.752086],[85.146071,35.742371],[85.271107,35.788989],[85.373969,35.700101],[85.518715,35.680658],[85.566142,35.6403],[85.612953,35.651486],[85.691178,35.751114],[85.949256,35.778794],[86.05335,35.842857],[86.199944,36.047801],[86.187625,36.130983],[86.2794,36.170608],[86.69947,36.24449],[86.746282,36.291777],[86.86331,36.299977],[86.887332,36.262829],[86.996353,36.308658],[87.149106,36.297565],[87.193454,36.349158],[87.292004,36.358797],[87.363453,36.420463],[87.426895,36.42576],[87.460155,36.409868],[87.470626,36.354459],[87.570409,36.342409],[87.919646,36.39349],[87.983088,36.437797],[88.134609,36.427205],[88.241782,36.468605],[88.470912,36.48208],[88.498629,36.446463],[88.573158,36.461386],[88.623665,36.389636],[88.766563,36.292259],[88.802903,36.33807],[88.926091,36.36458],[88.964279,36.318785],[89.126887,36.254626],[89.198952,36.260417],[89.232213,36.295636],[89.292575,36.231457],[89.375727,36.228078],[89.490291,36.151281],[89.766848,36.073925],[89.941159,36.067637],[89.944855,36.140649],[90.019999,36.213594],[90.003369,36.278752],[90.145651,36.239181],[90.130252,36.2078],[90.23681,36.160462],[90.659344,36.13485],[90.776373,36.086501],[90.850285,36.016827],[90.922966,36.028927],[90.979017,36.106811],[91.081263,36.088436],[91.124994,36.115514],[91.096045,36.219871],[91.051698,36.238215],[91.07264,36.299012],[91.026444,36.323607],[91.051698,36.433946],[91.028292,36.443093],[91.035683,36.529703],[90.741264,36.585947],[90.730793,36.655594],[90.706156,36.658955],[90.754815,36.721341],[90.732025,36.825844],[90.853981,36.915373],[91.036915,36.929727],[91.051698,36.96751],[91.126842,36.978507],[91.181045,37.025345],[91.303617,37.012444],[91.280211,37.163779],[91.1909,37.205737],[91.194596,37.273868],[91.134849,37.324331],[91.073256,37.475992],[90.958075,37.477891],[90.865684,37.53059],[90.882314,37.575664],[90.777605,37.648672],[90.519526,37.730601],[90.531229,38.319886],[90.361846,38.300163],[90.352607,38.233441],[90.280542,38.238142],[90.137644,38.340543],[90.179528,38.396848],[90.111774,38.418889],[90.111774,38.477945],[90.427135,38.493873],[90.463476,38.556611],[90.608837,38.594508],[90.645794,38.635191],[90.619308,38.664636],[90.65996,38.674449],[90.724634,38.658094],[91.298689,38.746365],[91.446515,38.813546],[91.87952,38.884391],[92.263866,39.002153],[92.380279,38.999828],[92.459119,39.042604],[92.489916,39.099753],[92.938936,39.169848],[93.043029,39.146645],[93.115094,39.17959],[93.142196,39.160567],[93.131725,39.108112],[93.198246,39.045857],[93.179152,38.923977],[93.274007,38.896036],[93.729186,38.924443],[93.884403,38.867618],[93.884403,38.826136],[93.756287,38.807484],[93.800019,38.750566],[93.885018,38.720689],[94.370379,38.7627],[94.527443,38.425922],[94.527443,38.365416],[94.56132,38.351807],[94.973999,38.430142],[95.122441,38.417014],[95.259179,38.302981],[95.455664,38.291709],[95.487693,38.314721],[95.51849,38.294997],[95.703887,38.400131],[95.83693,38.344298],[95.852945,38.287481],[95.89606,38.2903],[96.06606,38.173245],[96.264392,38.145952],[96.313051,38.161952],[96.335841,38.246132],[96.378341,38.277146],[96.665369,38.23015],[96.626564,38.356031],[96.707868,38.459203],[96.6666,38.483567],[96.780549,38.504177],[96.7941,38.608072],[96.961019,38.558015],[97.055874,38.594508],[97.057722,38.67258],[97.009063,38.702477],[97.023229,38.755699],[96.940693,38.90768],[96.969643,39.097895],[97.012142,39.142004],[96.962251,39.198144],[97.347213,39.167528],[97.679205,39.010524],[97.701379,38.963076],[98.009348,38.85923],[98.091884,38.786495],[98.242173,38.880664],[98.280977,39.027263],[98.383839,39.029588],[98.457752,38.952838],[98.584635,38.93003],[98.743548,39.086747],[98.816845,39.085818],[98.951735,38.987735],[99.107568,38.951907],[99.068764,38.896968],[99.361951,38.718354],[99.450646,38.60433],[99.501769,38.612281],[99.52887,38.546314],[99.65945,38.449361],[100.071513,38.284663],[100.126332,38.231561],[100.182998,38.222158],[100.163904,38.328337],[100.093071,38.407166],[100.022238,38.432017],[100.001296,38.467169],[100.025933,38.507923],[100.064122,38.518694],[100.24028,38.441861],[100.259374,38.366355],[100.301874,38.388405],[100.318505,38.329276],[100.424446,38.307208],[100.432453,38.275267],[100.474953,38.288891],[100.595061,38.242372],[100.619083,38.26587],[100.71517,38.253652],[100.860531,38.148305],[100.913502,38.17889],[100.93814,38.16007],[100.895024,38.013107],[101.103211,37.946593],[101.202994,37.84742],[101.362522,37.791162],[101.459224,37.86632],[101.598427,37.827569],[101.670491,37.754264],[101.659405,37.733441],[101.791832,37.696041],[101.815853,37.654357],[101.946432,37.728235],[101.998787,37.724921],[102.036359,37.685149],[102.035128,37.627819],[102.131214,37.54625],[102.103497,37.482641],[102.299981,37.391404],[102.428097,37.308624],[102.490307,37.223371],[102.599944,37.174748],[102.642444,37.099845],[102.488459,37.078362],[102.506321,37.019134],[102.450271,36.968467],[102.56114,36.91968],[102.720052,36.767858],[102.601176,36.710307],[102.630741,36.650793],[102.761936,36.568645],[102.734219,36.562396],[102.793349,36.497957],[102.771791,36.47438],[102.845704,36.331803],[102.896827,36.331803],[103.066826,36.216974],[102.986754,36.193312],[102.941174,36.104877],[102.882044,36.082632],[102.968276,36.044414],[102.94487,35.829757],[102.787189,35.862745],[102.686175,35.771996],[102.808747,35.560496],[102.729291,35.523487],[102.782878,35.527871],[102.743458,35.494745],[102.503241,35.585322],[102.447807,35.437229],[102.408387,35.409431],[102.293822,35.424063],[102.287663,35.36552],[102.317844,35.343067],[102.280887,35.303028],[102.370199,35.263946],[102.404075,35.179366],[102.310452,35.128967],[102.29567,35.071681],[102.094874,34.986901],[102.048062,34.910868],[102.068388,34.887798],[101.916867,34.873561],[101.934729,34.58731],[102.001867,34.538519],[102.155852,34.507456],[102.259329,34.355917],[102.186649,34.352952],[102.149692,34.271885],[102.067772,34.293642],[102.062229,34.227858],[102.01357,34.218456],[102.030816,34.190739],[102.003099,34.162022],[101.965526,34.167469],[101.955055,34.109514],[101.851578,34.153108],[101.836795,34.124378],[101.764114,34.122892],[101.736397,34.080275],[101.6206,34.178857],[101.327413,34.24468],[101.193754,34.336646],[101.054552,34.322808],[100.951074,34.38358],[100.821727,34.317371],[100.764445,34.178857],[100.870386,34.083744],[100.994806,33.891707],[101.153718,33.8445],[101.190675,33.791796],[101.166653,33.659894],[101.23687,33.685793],[101.385312,33.644949],[101.501724,33.702723],[101.58426,33.674339],[101.622448,33.502343],[101.718535,33.494857],[101.777665,33.533776],[101.769042,33.45592],[101.695745,33.433948],[101.663716,33.383991],[101.64955,33.323004],[101.735781,33.279987],[101.633535,33.101193],[101.487557,33.226938],[101.403174,33.225436],[101.381616,33.153316],[101.297232,33.262475],[101.182668,33.26948],[101.11553,33.194893],[101.169733,33.10019],[101.146327,33.056563],[101.184515,33.041514],[101.183899,32.984304],[101.129081,32.989324],[101.124153,32.909976],[101.223935,32.855698],[101.22332,32.725898],[101.157414,32.661431],[101.077342,32.68259],[100.93198,32.600447],[100.690532,32.678056],[100.710242,32.610026],[100.661583,32.616075],[100.645568,32.526303],[100.54517,32.569687],[100.420135,32.73194],[100.378251,32.698707],[100.399193,32.756101],[100.339447,32.719353],[100.258759,32.742511],[100.208252,32.606497],[100.109701,32.640268],[100.088143,32.668988],[100.139266,32.724388],[100.123252,32.837095],[100.029629,32.895907],[100.038252,32.929066],[99.956332,32.948152],[99.877492,33.045527],[99.851007,32.941623],[99.788181,32.956689],[99.764159,32.924545],[99.791877,32.883344],[99.760464,32.769689],[99.717964,32.732443],[99.700718,32.76667],[99.589233,32.789312],[99.558436,32.839106],[99.376118,32.899927],[99.268944,32.878318],[99.196263,33.035493],[98.858728,33.150811],[98.802062,33.270481],[98.759562,33.276985],[98.779888,33.370497],[98.736157,33.406975],[98.742316,33.477887],[98.648077,33.548741],[98.652389,33.595114],[98.622824,33.610067],[98.61728,33.637476],[98.6567,33.64744],[98.582788,33.731595],[98.494092,33.768915],[98.463295,33.848477],[98.407245,33.867362],[98.440506,33.981577],[98.399854,34.085231],[98.206449,34.08424],[98.028442,34.122892],[97.898479,34.209548],[97.8104,34.207568],[97.766668,34.158555],[97.665654,34.126855],[97.70261,34.036644],[97.652719,33.998448],[97.629314,33.919523],[97.395257,33.889224],[97.398336,33.848477],[97.371851,33.842015],[97.422974,33.754984],[97.415583,33.605582],[97.523372,33.577166],[97.511669,33.520805],[97.552321,33.465906],[97.754349,33.409972],[97.676125,33.341004],[97.622538,33.337005],[97.607756,33.263976],[97.487648,33.168346],[97.487032,33.107209],[97.542466,33.035995],[97.499966,33.011408],[97.523988,32.988822],[97.375547,32.956689],[97.347829,32.895907],[97.376163,32.886359],[97.42359,32.70475],[97.48272,32.654377],[97.607756,32.614059],[97.700763,32.53488]]]}}]}